Time(s),Raw_Roll,Raw_Pitch,Smooth_Roll,Smooth_Pitch
358.932,-0.11,-0.31,-0.11,-0.31
358.954,-0.05,-0.42,-0.08,-0.36
358.976,-0.06,-0.25,-0.07,-0.33
358.998,-0.12,-0.17,-0.08,-0.29
359.020,-0.13,-0.37,-0.09,-0.30
359.042,-0.23,-0.46,-0.12,-0.33
359.064,-0.26,-0.36,-0.16,-0.32
359.086,-0.36,-0.34,-0.22,-0.34
359.108,-0.29,-0.37,-0.25,-0.38
359.130,-0.32,-0.33,-0.29,-0.37
359.152,-0.29,-0.31,-0.30,-0.34
359.174,-0.33,-0.34,-0.32,-0.34
359.196,-0.31,-0.22,-0.31,-0.31
359.218,-0.32,-0.26,-0.31,-0.29
359.240,-0.26,-0.43,-0.30,-0.31
359.262,-0.15,-0.29,-0.27,-0.31
359.284,-0.37,-0.34,-0.28,-0.31
359.306,-0.22,-0.39,-0.26,-0.34
359.328,-0.05,-0.41,-0.21,-0.37
359.350,-0.26,-0.40,-0.21,-0.37
359.372,-0.26,-0.41,-0.23,-0.39
359.394,-0.30,-0.34,-0.22,-0.39
359.416,-0.18,-0.22,-0.21,-0.36
359.438,-0.26,-0.21,-0.25,-0.32
359.460,0.03,-0.30,-0.19,-0.30
359.482,-0.10,-0.44,-0.16,-0.30
359.504,-0.31,-0.16,-0.16,-0.27
359.526,-0.25,-0.24,-0.18,-0.27
359.548,-0.17,-0.17,-0.16,-0.26
359.570,-0.19,-0.29,-0.20,-0.26
359.592,-0.13,-0.39,-0.21,-0.25
359.614,-0.19,-0.38,-0.19,-0.29
359.636,-0.14,-0.54,-0.16,-0.35
359.658,-0.23,-0.40,-0.18,-0.40
359.680,-0.06,-0.33,-0.15,-0.41
359.702,-0.17,-0.26,-0.16,-0.38
359.724,-0.22,-0.24,-0.16,-0.35
359.746,-0.16,-0.29,-0.17,-0.30
359.768,-0.09,-0.30,-0.14,-0.28
359.790,-0.08,-0.32,-0.14,-0.28
359.812,-0.23,-0.31,-0.16,-0.29
359.834,-0.30,-0.29,-0.17,-0.30
359.856,-0.26,-0.49,-0.19,-0.34
359.878,-0.27,-0.39,-0.23,-0.36
359.900,-0.22,-0.33,-0.26,-0.36
359.922,-0.21,-0.41,-0.25,-0.38
359.944,-0.25,-0.46,-0.24,-0.42
359.966,-0.20,-0.43,-0.23,-0.40
359.988,-0.21,-0.35,-0.22,-0.40
360.010,-0.09,-0.48,-0.19,-0.43
360.032,-0.13,-0.31,-0.18,-0.41
360.054,-0.20,-0.38,-0.17,-0.39
360.076,-0.31,-0.45,-0.19,-0.39
360.098,-0.28,-0.44,-0.20,-0.41
360.120,-0.17,-0.38,-0.22,-0.39
360.142,-0.12,-0.30,-0.22,-0.39
360.164,-0.28,-0.42,-0.23,-0.40
360.186,-0.16,-0.42,-0.20,-0.39
360.208,-0.16,-0.46,-0.18,-0.40
360.230,-0.11,-0.38,-0.17,-0.40
360.252,-0.21,-0.29,-0.18,-0.39
360.274,-0.14,-0.44,-0.16,-0.40
360.296,-0.21,-0.26,-0.17,-0.37
360.318,-0.23,-0.30,-0.18,-0.33
360.340,-0.38,-0.50,-0.23,-0.36
360.362,-0.26,-0.54,-0.24,-0.41
360.384,-0.32,-0.27,-0.28,-0.37
360.406,-0.34,-0.27,-0.31,-0.38
360.428,-0.15,-0.32,-0.29,-0.38
360.450,-0.27,-0.34,-0.27,-0.35
360.472,-0.26,-0.42,-0.27,-0.32
360.494,-0.14,-0.28,-0.23,-0.33
360.516,-0.04,-0.12,-0.17,-0.30
360.538,-0.37,-0.08,-0.22,-0.25
360.560,-0.18,-0.33,-0.20,-0.25
360.582,-0.14,-0.30,-0.17,-0.22
360.604,-0.17,-0.46,-0.18,-0.26
360.626,-0.19,-0.40,-0.21,-0.31
360.648,-0.02,-0.12,-0.14,-0.32
360.670,-0.13,-0.22,-0.13,-0.30
360.692,-0.13,-0.44,-0.13,-0.33
360.714,-0.24,-0.37,-0.14,-0.31
360.736,-0.31,-0.41,-0.17,-0.31
360.758,-0.24,-0.44,-0.21,-0.38
360.780,-0.08,-0.37,-0.20,-0.41
360.802,-0.29,-0.28,-0.23,-0.37
360.824,-0.30,-0.33,-0.24,-0.37
360.846,-0.28,-0.16,-0.24,-0.32
360.868,-0.21,-0.13,-0.23,-0.25
360.890,-0.25,-0.24,-0.27,-0.23
360.912,-0.24,-0.17,-0.26,-0.21
360.934,-0.14,-0.20,-0.22,-0.18
360.956,-0.24,-0.20,-0.22,-0.19
360.978,-0.22,-0.27,-0.22,-0.22
361.000,-0.22,-0.38,-0.21,-0.24
361.022,-0.07,-0.43,-0.18,-0.30
361.044,-0.12,-0.38,-0.17,-0.33
361.066,-0.07,-0.24,-0.14,-0.34
361.088,-0.26,-0.21,-0.15,-0.33
361.110,-0.08,-0.39,-0.12,-0.33
361.132,-0.21,-0.42,-0.15,-0.33
361.154,-0.32,-0.20,-0.19,-0.29
361.176,-0.30,-0.35,-0.23,-0.31
361.198,-0.21,-0.29,-0.22,-0.33
361.220,-0.30,-0.43,-0.27,-0.34
361.242,-0.44,-0.49,-0.31,-0.35
361.264,-0.20,-0.43,-0.29,-0.40
361.286,-0.19,-0.36,-0.27,-0.40
361.308,-0.14,-0.45,-0.25,-0.43
361.330,-0.20,-0.36,-0.23,-0.42
361.352,-0.11,-0.22,-0.17,-0.36
361.374,-0.09,-0.23,-0.15,-0.32
361.396,-0.07,-0.21,-0.12,-0.29
361.418,-0.09,-0.33,-0.11,-0.27
361.440,-0.10,-0.20,-0.09,-0.24
361.462,-0.26,-0.39,-0.12,-0.27
361.484,-0.24,-0.31,-0.15,-0.29
361.506,-0.29,-0.28,-0.20,-0.30
361.528,-0.27,-0.41,-0.23,-0.32
361.550,-0.28,-0.32,-0.27,-0.34
361.572,-0.26,-0.22,-0.27,-0.31
361.594,-0.20,-0.35,-0.26,-0.32
361.616,-0.13,-0.35,-0.23,-0.33
361.638,-0.13,-0.30,-0.20,-0.31
361.660,-0.16,-0.58,-0.18,-0.36
361.682,-0.01,-0.46,-0.13,-0.41
361.704,-0.10,-0.39,-0.11,-0.42
361.726,-0.15,-0.44,-0.11,-0.43
361.748,-0.08,-0.43,-0.10,-0.46
361.770,-0.08,-0.47,-0.08,-0.44
361.792,-0.23,-0.47,-0.13,-0.44
361.814,-0.17,-0.48,-0.14,-0.46
361.836,-0.27,-0.30,-0.17,-0.43
361.858,-0.13,-0.43,-0.18,-0.43
361.880,-0.18,-0.54,-0.20,-0.44
361.902,-0.29,-0.57,-0.21,-0.46
361.924,-0.30,-0.37,-0.23,-0.44
361.946,-0.33,-0.58,-0.25,-0.50
361.968,-0.16,-0.37,-0.25,-0.49
361.990,-0.19,-0.21,-0.25,-0.42
362.012,-0.20,-0.48,-0.24,-0.40
362.034,-0.11,-0.26,-0.20,-0.38
362.056,-0.10,-0.32,-0.15,-0.33
362.078,-0.16,-0.32,-0.15,-0.32
362.100,-0.25,-0.19,-0.16,-0.31
362.122,-0.30,-0.22,-0.18,-0.26
362.144,-0.29,-0.26,-0.22,-0.26
362.166,-0.41,-0.41,-0.28,-0.28
362.188,-0.38,-0.40,-0.33,-0.30
362.210,-0.18,-0.35,-0.31,-0.33
362.232,-0.25,-0.31,-0.30,-0.35
362.254,-0.20,-0.29,-0.28,-0.35
362.276,-0.21,-0.39,-0.24,-0.35
362.298,-0.28,-0.62,-0.22,-0.39
362.320,-0.26,-0.46,-0.24,-0.41
362.342,-0.29,-0.33,-0.25,-0.42
362.364,-0.34,-0.50,-0.28,-0.46
362.386,-0.32,-0.43,-0.30,-0.47
362.408,-0.36,-0.42,-0.31,-0.43
362.430,-0.28,-0.29,-0.32,-0.39
362.452,-0.15,-0.30,-0.29,-0.39
362.474,-0.17,-0.33,-0.26,-0.35
362.496,-0.12,-0.25,-0.22,-0.32
362.518,0.04,-0.28,-0.14,-0.29
362.540,-0.06,-0.30,-0.09,-0.29
362.562,-0.06,-0.32,-0.07,-0.30
362.584,-0.23,-0.39,-0.09,-0.31
362.606,-0.20,-0.35,-0.10,-0.33
362.628,-0.28,-0.23,-0.17,-0.32
362.650,-0.29,-0.34,-0.21,-0.33
362.672,-0.14,-0.38,-0.23,-0.34
362.694,-0.22,-0.44,-0.23,-0.35
362.716,-0.27,-0.46,-0.24,-0.37
362.738,-0.13,-0.65,-0.21,-0.45
362.760,-0.18,-0.45,-0.19,-0.48
362.782,-0.23,-0.33,-0.21,-0.47
362.804,-0.10,-0.37,-0.18,-0.45
362.826,-0.25,-0.23,-0.18,-0.41
362.848,-0.23,-0.31,-0.20,-0.34
362.870,-0.23,-0.24,-0.21,-0.30
362.892,-0.12,-0.22,-0.19,-0.27
362.914,-0.06,-0.38,-0.18,-0.28
362.936,-0.17,-0.50,-0.16,-0.33
362.958,-0.23,-0.36,-0.16,-0.34
362.980,-0.26,-0.38,-0.17,-0.37
363.002,-0.17,-0.17,-0.18,-0.36
363.024,-0.16,-0.29,-0.20,-0.34
363.046,-0.28,-0.40,-0.22,-0.32
363.068,-0.20,-0.49,-0.21,-0.35
363.090,-0.16,-0.38,-0.19,-0.35
363.112,-0.15,-0.43,-0.19,-0.40
363.134,-0.04,-0.38,-0.17,-0.42
363.156,-0.18,-0.50,-0.15,-0.44
363.178,-0.15,-0.30,-0.14,-0.40
363.200,-0.27,-0.27,-0.16,-0.38
363.222,-0.32,-0.15,-0.19,-0.32
363.244,-0.15,-0.37,-0.21,-0.32
363.266,-0.11,-0.32,-0.20,-0.28
363.288,-0.10,-0.32,-0.19,-0.29
363.310,-0.05,-0.38,-0.15,-0.31
363.332,-0.04,-0.43,-0.09,-0.36
363.354,-0.15,-0.60,-0.09,-0.41
363.376,-0.16,-0.41,-0.10,-0.43
363.398,-0.12,-0.57,-0.10,-0.48
363.420,-0.31,-0.37,-0.16,-0.48
363.442,-0.30,-0.36,-0.21,-0.46
363.464,-0.31,-0.31,-0.24,-0.40
363.486,-0.24,-0.36,-0.26,-0.39
363.508,-0.22,-0.36,-0.28,-0.35
363.530,-0.24,-0.27,-0.26,-0.33
363.552,-0.28,-0.29,-0.26,-0.32
363.574,-0.31,-0.31,-0.26,-0.32
363.596,-0.19,-0.25,-0.25,-0.30
363.618,-0.06,-0.35,-0.22,-0.29
363.640,-0.13,-0.36,-0.19,-0.31
363.662,-0.10,-0.28,-0.16,-0.31
363.684,-0.05,-0.29,-0.11,-0.31
363.706,-0.09,-0.40,-0.09,-0.34
363.728,-0.14,-0.39,-0.10,-0.34
363.750,-0.14,-0.28,-0.10,-0.33
363.772,-0.29,-0.26,-0.14,-0.32
363.794,-0.27,-0.16,-0.19,-0.30
363.816,-0.13,-0.16,-0.19,-0.25
363.838,-0.19,-0.28,-0.20,-0.23
363.860,-0.17,-0.39,-0.21,-0.25
363.882,-0.04,-0.27,-0.16,-0.25
363.904,-0.17,-0.31,-0.14,-0.28
363.926,-0.20,-0.27,-0.15,-0.30
363.948,-0.30,-0.36,-0.18,-0.32
363.970,-0.27,-0.31,-0.20,-0.30
363.992,-0.21,-0.50,-0.23,-0.35
364.014,-0.09,-0.51,-0.21,-0.39
364.036,-0.09,-0.47,-0.19,-0.43
364.058,-0.08,-0.45,-0.15,-0.45
364.080,-0.32,-0.30,-0.16,-0.45
364.102,-0.18,-0.31,-0.15,-0.41
364.124,-0.17,-0.25,-0.17,-0.36
364.146,-0.34,-0.13,-0.22,-0.29
364.168,-0.31,-0.21,-0.26,-0.24
364.190,-0.24,-0.34,-0.25,-0.25
364.212,-0.11,-0.39,-0.23,-0.26
364.234,-0.16,-0.41,-0.23,-0.30
364.256,-0.22,-0.46,-0.21,-0.36
364.278,-0.27,-0.48,-0.20,-0.42
364.300,-0.12,-0.22,-0.18,-0.39
364.322,-0.13,-0.28,-0.18,-0.37
364.344,-0.12,-0.36,-0.17,-0.36
364.366,-0.09,-0.28,-0.15,-0.32
364.388,-0.19,-0.26,-0.13,-0.28
364.410,-0.26,-0.23,-0.16,-0.28
364.432,-0.01,-0.34,-0.13,-0.29
364.454,-0.00,-0.30,-0.11,-0.28
364.476,-0.12,-0.19,-0.12,-0.26
364.498,-0.15,-0.17,-0.11,-0.25
364.520,-0.23,-0.19,-0.10,-0.24
364.542,-0.17,-0.10,-0.13,-0.19
364.564,-0.34,-0.23,-0.20,-0.18
364.586,-0.25,-0.35,-0.23,-0.21
364.608,-0.30,-0.53,-0.26,-0.28
364.630,-0.33,-0.56,-0.28,-0.35
364.652,-0.14,-0.54,-0.27,-0.44
364.674,-0.13,-0.42,-0.23,-0.48
364.696,-0.20,-0.36,-0.22,-0.48
364.718,-0.24,-0.46,-0.21,-0.47
364.740,-0.33,-0.38,-0.21,-0.43
364.762,-0.18,-0.30,-0.22,-0.38
364.784,-0.04,-0.36,-0.20,-0.37
364.806,-0.16,-0.39,-0.19,-0.38
364.828,-0.21,-0.37,-0.18,-0.36
364.850,-0.30,-0.24,-0.18,-0.33
364.872,-0.26,-0.18,-0.19,-0.31
364.894,-0.25,-0.46,-0.24,-0.33
364.916,-0.32,-0.55,-0.27,-0.36
364.938,-0.28,-0.40,-0.28,-0.37
364.960,-0.17,-0.30,-0.26,-0.38
364.982,-0.15,-0.33,-0.23,-0.41
365.004,-0.26,-0.41,-0.24,-0.40
365.026,-0.22,-0.26,-0.22,-0.34
365.048,-0.15,-0.24,-0.19,-0.31
365.070,-0.13,-0.41,-0.18,-0.33
365.092,-0.15,-0.38,-0.18,-0.34
365.114,-0.17,-0.32,-0.16,-0.32
365.136,-0.16,-0.44,-0.15,-0.36
365.158,-0.20,-0.33,-0.16,-0.38
365.180,-0.30,-0.36,-0.20,-0.37
365.202,-0.25,-0.28,-0.22,-0.35
365.224,-0.31,-0.26,-0.24,-0.33
365.246,-0.23,-0.26,-0.26,-0.30
365.268,-0.17,-0.56,-0.25,-0.34
365.290,-0.19,-0.47,-0.23,-0.37
365.312,-0.18,-0.28,-0.22,-0.37
365.334,-0.12,-0.33,-0.18,-0.38
365.356,-0.25,-0.35,-0.18,-0.40
365.378,-0.23,-0.33,-0.19,-0.35
365.400,-0.20,-0.29,-0.20,-0.32
365.422,-0.33,-0.31,-0.23,-0.32
365.444,-0.27,-0.28,-0.26,-0.31
365.466,-0.03,-0.36,-0.21,-0.31
365.488,-0.15,-0.14,-0.20,-0.28
365.510,-0.10,-0.32,-0.18,-0.28
365.532,-0.17,-0.32,-0.14,-0.28
365.554,-0.21,-0.42,-0.13,-0.31
365.576,-0.22,-0.54,-0.17,-0.35
365.598,-0.16,-0.63,-0.17,-0.45
365.620,-0.06,-0.44,-0.16,-0.47
365.642,-0.02,-0.33,-0.13,-0.47
365.664,-0.14,-0.21,-0.12,-0.43
365.686,-0.18,-0.31,-0.11,-0.38
365.708,-0.14,-0.11,-0.11,-0.28
365.730,-0.30,-0.10,-0.16,-0.21
365.752,-0.37,-0.40,-0.23,-0.23
365.774,-0.27,-0.48,-0.25,-0.28
365.796,-0.25,-0.33,-0.27,-0.28
365.818,-0.20,-0.35,-0.28,-0.33
365.840,-0.21,-0.31,-0.26,-0.37
365.862,-0.26,-0.33,-0.24,-0.36
365.884,-0.21,-0.49,-0.23,-0.36
365.906,-0.13,-0.45,-0.20,-0.39
365.928,-0.20,-0.34,-0.20,-0.38
365.950,-0.21,-0.49,-0.20,-0.42
365.972,-0.29,-0.34,-0.21,-0.42
365.994,-0.22,-0.31,-0.21,-0.39
366.016,-0.27,-0.44,-0.24,-0.38
366.038,-0.22,-0.38,-0.24,-0.39
366.060,-0.21,-0.48,-0.24,-0.39
366.082,-0.11,-0.38,-0.21,-0.40
366.104,-0.05,-0.28,-0.17,-0.39
366.126,-0.19,-0.47,-0.16,-0.40
366.148,-0.21,-0.40,-0.15,-0.40
366.170,-0.08,-0.47,-0.13,-0.40
366.192,-0.14,-0.42,-0.13,-0.41
366.214,-0.15,-0.39,-0.15,-0.43
366.236,-0.25,-0.39,-0.17,-0.41
366.258,-0.12,-0.37,-0.15,-0.41
366.280,-0.16,-0.30,-0.16,-0.37
366.302,-0.31,-0.30,-0.20,-0.35
366.324,-0.31,-0.44,-0.23,-0.36
366.346,-0.19,-0.43,-0.22,-0.37
366.368,-0.17,-0.24,-0.23,-0.34
366.390,-0.23,-0.23,-0.24,-0.33
366.412,-0.23,-0.21,-0.23,-0.31
366.434,-0.17,-0.32,-0.20,-0.29
366.456,-0.28,-0.39,-0.22,-0.28
366.478,-0.40,-0.36,-0.26,-0.30
366.500,-0.26,-0.30,-0.27,-0.32
366.522,-0.16,-0.35,-0.25,-0.34
366.544,-0.26,-0.30,-0.27,-0.34
366.566,-0.28,-0.32,-0.27,-0.33
366.588,-0.22,-0.33,-0.24,-0.32
366.610,-0.21,-0.21,-0.23,-0.30
366.632,-0.12,-0.25,-0.22,-0.28
366.654,-0.09,-0.22,-0.18,-0.27
366.676,-0.17,-0.30,-0.16,-0.26
366.698,-0.02,-0.33,-0.12,-0.26
366.720,-0.15,-0.29,-0.11,-0.28
366.742,-0.17,-0.41,-0.12,-0.31
366.764,-0.01,-0.37,-0.10,-0.34
366.786,0.08,-0.34,-0.05,-0.35
366.808,-0.03,-0.31,-0.06,-0.34
366.830,-0.11,-0.37,-0.05,-0.36
366.852,0.02,-0.39,-0.01,-0.36
366.874,-0.11,-0.24,-0.03,-0.33
366.896,-0.24,-0.42,-0.09,-0.35
366.918,-0.11,-0.51,-0.11,-0.39
366.940,-0.10,-0.43,-0.11,-0.40
366.962,-0.13,-0.23,-0.14,-0.37
366.984,-0.23,-0.20,-0.16,-0.36
367.006,-0.13,-0.09,-0.14,-0.29
367.028,-0.10,-0.09,-0.14,-0.21
367.050,-0.13,-0.24,-0.14,-0.17
367.072,-0.06,-0.18,-0.13,-0.16
367.094,-0.24,-0.24,-0.13,-0.17
367.116,-0.20,-0.15,-0.15,-0.18
367.138,-0.20,-0.35,-0.17,-0.23
367.160,-0.09,-0.31,-0.16,-0.25
367.182,-0.14,-0.35,-0.17,-0.28
367.204,-0.27,-0.35,-0.18,-0.30
367.226,-0.36,-0.37,-0.21,-0.35
367.248,-0.31,-0.37,-0.23,-0.35
367.270,-0.28,-0.37,-0.27,-0.36
367.292,-0.41,-0.31,-0.33,-0.35
367.314,-0.43,-0.25,-0.36,-0.33
367.336,-0.26,-0.19,-0.34,-0.30
367.358,-0.15,-0.31,-0.31,-0.29
367.380,-0.20,-0.25,-0.29,-0.26
367.402,-0.31,-0.35,-0.27,-0.27
367.424,-0.20,-0.26,-0.22,-0.27
367.446,-0.18,-0.37,-0.21,-0.31
367.468,-0.15,-0.26,-0.21,-0.30
367.490,-0.28,-0.29,-0.22,-0.31
367.512,-0.33,-0.41,-0.23,-0.32
367.534,-0.27,-0.23,-0.24,-0.31
367.556,-0.21,-0.33,-0.25,-0.30
367.578,-0.34,-0.25,-0.29,-0.30
367.600,-0.13,-0.23,-0.26,-0.29
367.622,-0.10,-0.26,-0.21,-0.26
367.644,-0.12,-0.28,-0.18,-0.27
367.666,-0.12,-0.35,-0.16,-0.27
367.688,-0.25,-0.23,-0.14,-0.27
367.710,-0.25,-0.27,-0.17,-0.28
367.732,-0.27,-0.38,-0.20,-0.30
367.754,-0.26,-0.46,-0.23,-0.34
367.776,-0.19,-0.45,-0.24,-0.36
367.798,-0.16,-0.48,-0.23,-0.41
367.820,-0.13,-0.48,-0.20,-0.45
367.842,-0.16,-0.42,-0.18,-0.46
367.864,-0.16,-0.29,-0.16,-0.42
367.886,0.00,-0.30,-0.12,-0.39
367.908,-0.06,-0.28,-0.10,-0.35
367.930,-0.12,-0.28,-0.10,-0.31
367.952,-0.03,-0.21,-0.07,-0.27
367.974,-0.16,-0.23,-0.07,-0.26
367.996,-0.19,-0.34,-0.11,-0.27
368.018,-0.17,-0.26,-0.13,-0.26
368.040,-0.08,-0.35,-0.13,-0.28
368.062,-0.16,-0.38,-0.15,-0.31
368.084,-0.25,-0.19,-0.17,-0.30
368.106,-0.13,-0.31,-0.16,-0.30
368.128,-0.05,-0.35,-0.13,-0.32
368.150,-0.09,-0.36,-0.14,-0.32
368.172,-0.09,-0.29,-0.12,-0.30
368.194,-0.11,-0.28,-0.09,-0.32
368.216,-0.08,-0.26,-0.08,-0.31
368.238,-0.14,-0.10,-0.10,-0.26
368.260,-0.24,-0.18,-0.13,-0.22
368.282,-0.06,-0.17,-0.13,-0.20
368.304,-0.11,-0.44,-0.13,-0.23
368.326,-0.27,-0.32,-0.16,-0.24
368.348,-0.28,-0.45,-0.19,-0.31
368.370,-0.28,-0.38,-0.20,-0.35
368.392,-0.20,-0.27,-0.23,-0.37
368.414,-0.17,-0.17,-0.24,-0.32
368.436,-0.19,-0.36,-0.22,-0.33
368.458,-0.16,-0.50,-0.20,-0.34
368.480,-0.00,-0.55,-0.14,-0.37
368.502,-0.09,-0.54,-0.12,-0.42
368.524,-0.26,-0.52,-0.14,-0.49
368.546,-0.19,-0.34,-0.14,-0.49
368.568,-0.17,-0.32,-0.14,-0.45
368.590,-0.15,-0.45,-0.17,-0.43
368.612,-0.23,-0.37,-0.20,-0.40
368.634,-0.27,-0.26,-0.20,-0.35
368.656,-0.22,-0.39,-0.21,-0.36
368.678,-0.16,-0.41,-0.21,-0.38
368.700,-0.26,-0.44,-0.23,-0.37
368.722,-0.15,-0.36,-0.21,-0.37
368.744,-0.05,-0.23,-0.17,-0.37
368.766,-0.10,-0.16,-0.14,-0.32
368.788,-0.25,-0.20,-0.16,-0.28
368.810,-0.24,-0.33,-0.16,-0.26
368.832,-0.30,-0.42,-0.19,-0.27
368.854,-0.39,-0.46,-0.26,-0.31
368.876,-0.19,-0.50,-0.27,-0.38
368.898,-0.08,-0.31,-0.24,-0.40
368.920,-0.20,-0.42,-0.23,-0.42
368.942,-0.17,-0.42,-0.21,-0.42
368.964,-0.26,-0.27,-0.18,-0.38
368.986,-0.30,-0.27,-0.20,-0.34
369.008,-0.10,-0.28,-0.21,-0.33
369.030,-0.25,-0.28,-0.22,-0.30
369.052,-0.16,-0.18,-0.21,-0.26
369.074,-0.20,-0.31,-0.20,-0.26
369.096,-0.24,-0.39,-0.19,-0.29
369.118,-0.22,-0.31,-0.21,-0.29
369.140,-0.10,-0.25,-0.18,-0.29
369.162,-0.12,-0.29,-0.18,-0.31
369.184,-0.25,-0.25,-0.19,-0.30
369.206,-0.20,-0.26,-0.18,-0.27
369.228,-0.28,-0.35,-0.19,-0.28
369.250,-0.17,-0.34,-0.20,-0.30
369.272,-0.25,-0.29,-0.23,-0.30
369.294,-0.18,-0.12,-0.22,-0.27
369.316,-0.26,-0.22,-0.23,-0.26
369.338,-0.17,-0.42,-0.21,-0.28
369.360,-0.12,-0.51,-0.20,-0.31
369.382,-0.13,-0.39,-0.17,-0.33
369.404,-0.33,-0.36,-0.20,-0.38
369.426,-0.21,-0.42,-0.19,-0.42
369.448,-0.35,-0.43,-0.23,-0.42
369.470,-0.25,-0.29,-0.25,-0.38
369.492,-0.17,-0.39,-0.26,-0.38
369.514,-0.30,-0.44,-0.26,-0.39
369.536,-0.14,-0.45,-0.24,-0.40
369.558,-0.24,-0.28,-0.22,-0.37
369.580,-0.22,-0.30,-0.21,-0.37
369.602,-0.28,-0.27,-0.24,-0.35
369.624,-0.21,-0.25,-0.22,-0.31
369.646,-0.40,-0.27,-0.27,-0.27
369.668,-0.30,-0.45,-0.28,-0.31
369.690,-0.32,-0.34,-0.30,-0.32
369.712,-0.30,-0.38,-0.31,-0.34
369.734,-0.27,-0.36,-0.32,-0.36
369.756,-0.35,-0.37,-0.31,-0.38
369.778,-0.15,-0.37,-0.28,-0.36
369.800,-0.11,-0.28,-0.24,-0.35
369.822,-0.31,-0.28,-0.24,-0.33
369.844,-0.10,-0.36,-0.20,-0.33
369.866,-0.12,-0.35,-0.16,-0.33
369.888,0.01,-0.35,-0.13,-0.32
369.910,-0.06,-0.34,-0.12,-0.34
369.932,-0.13,-0.38,-0.08,-0.36
369.954,-0.03,-0.44,-0.07,-0.37
369.976,-0.09,-0.38,-0.06,-0.38
369.998,-0.17,-0.33,-0.10,-0.37
370.020,-0.24,-0.40,-0.13,-0.39
370.042,-0.13,-0.39,-0.13,-0.39
370.064,-0.13,-0.38,-0.15,-0.38
370.086,-0.19,-0.52,-0.17,-0.40
370.108,-0.27,-0.41,-0.19,-0.42
370.130,-0.10,-0.41,-0.16,-0.42
370.152,-0.21,-0.45,-0.18,-0.43
370.174,-0.21,-0.43,-0.20,-0.44
370.196,-0.25,-0.30,-0.21,-0.40
370.218,-0.25,-0.25,-0.20,-0.37
370.240,-0.33,-0.19,-0.25,-0.32
370.262,-0.28,-0.18,-0.26,-0.27
370.284,-0.22,-0.39,-0.27,-0.26
370.306,-0.25,-0.37,-0.27,-0.28
370.328,-0.23,-0.46,-0.26,-0.32
370.350,-0.22,-0.39,-0.24,-0.36
370.372,-0.35,-0.44,-0.25,-0.41
370.394,-0.34,-0.30,-0.28,-0.39
370.416,-0.22,-0.36,-0.27,-0.39
370.438,-0.24,-0.29,-0.27,-0.36
370.460,-0.13,-0.36,-0.26,-0.35
370.482,-0.06,-0.35,-0.20,-0.33
370.504,-0.38,-0.37,-0.21,-0.35
370.526,-0.23,-0.45,-0.21,-0.36
370.548,-0.23,-0.46,-0.21,-0.40
370.570,-0.22,-0.30,-0.22,-0.39
370.592,-0.38,-0.25,-0.29,-0.37
370.614,-0.35,-0.26,-0.28,-0.34
370.636,-0.20,-0.32,-0.28,-0.32
370.658,-0.03,-0.34,-0.24,-0.29
370.680,-0.25,-0.39,-0.24,-0.31
370.702,-0.08,-0.38,-0.18,-0.34
370.724,-0.15,-0.17,-0.14,-0.32
370.746,-0.16,-0.26,-0.13,-0.31
370.768,-0.15,-0.14,-0.16,-0.27
370.790,-0.31,-0.30,-0.17,-0.25
370.812,-0.27,-0.25,-0.21,-0.22
370.834,-0.08,-0.31,-0.19,-0.25
370.856,-0.22,-0.32,-0.21,-0.26
370.878,-0.24,-0.34,-0.22,-0.30
370.900,-0.14,-0.45,-0.19,-0.33
370.922,-0.19,-0.37,-0.17,-0.36
370.944,-0.33,-0.27,-0.22,-0.35
370.966,-0.22,-0.23,-0.22,-0.33
370.988,-0.10,-0.39,-0.20,-0.34
371.010,-0.15,-0.37,-0.20,-0.33
371.032,-0.25,-0.43,-0.21,-0.34
371.054,-0.12,-0.46,-0.17,-0.38
371.076,-0.10,-0.35,-0.14,-0.40
371.098,-0.09,-0.32,-0.14,-0.39
371.120,-0.01,-0.26,-0.11,-0.36
371.142,-0.00,-0.28,-0.06,-0.33
371.164,-0.11,-0.25,-0.06,-0.29
371.186,-0.17,-0.38,-0.08,-0.30
371.208,-0.23,-0.29,-0.10,-0.29
371.230,-0.36,-0.37,-0.17,-0.31
371.252,-0.14,-0.51,-0.20,-0.36
371.274,-0.14,-0.48,-0.21,-0.41
371.296,-0.23,-0.37,-0.22,-0.40
371.318,-0.28,-0.33,-0.23,-0.41
371.340,-0.13,-0.39,-0.18,-0.42
371.362,-0.26,-0.33,-0.21,-0.38
371.384,-0.16,-0.39,-0.21,-0.36
371.406,-0.16,-0.39,-0.20,-0.37
371.428,-0.11,-0.29,-0.16,-0.36
371.450,-0.08,-0.48,-0.15,-0.38
371.472,-0.27,-0.43,-0.16,-0.40
371.494,-0.42,-0.39,-0.21,-0.40
371.516,-0.32,-0.41,-0.24,-0.40
371.538,-0.28,-0.45,-0.27,-0.43
371.560,-0.20,-0.19,-0.30,-0.37
371.582,-0.07,-0.23,-0.26,-0.33
371.604,-0.17,-0.30,-0.21,-0.32
371.626,-0.18,-0.20,-0.18,-0.27
371.648,-0.02,-0.29,-0.13,-0.24
371.670,-0.24,-0.30,-0.14,-0.26
371.692,-0.29,-0.20,-0.18,-0.26
371.714,-0.38,-0.22,-0.22,-0.24
371.736,-0.22,-0.18,-0.23,-0.24
371.758,-0.23,-0.40,-0.27,-0.26
371.780,-0.18,-0.52,-0.26,-0.30
371.802,-0.20,-0.37,-0.24,-0.34
371.824,-0.32,-0.28,-0.23,-0.35
371.846,-0.29,-0.36,-0.24,-0.39
371.868,-0.17,-0.39,-0.23,-0.38
371.890,-0.13,-0.47,-0.22,-0.37
371.912,-0.16,-0.37,-0.21,-0.37
371.934,-0.23,-0.24,-0.20,-0.37
371.956,-0.36,-0.21,-0.21,-0.34
371.978,-0.38,-0.52,-0.25,-0.36
372.000,-0.28,-0.44,-0.28,-0.36
372.022,-0.26,-0.23,-0.30,-0.33
372.044,-0.10,-0.52,-0.28,-0.38
372.066,-0.08,-0.33,-0.22,-0.41
372.088,-0.27,-0.20,-0.20,-0.34
372.110,-0.22,-0.33,-0.19,-0.32
372.132,-0.24,-0.11,-0.18,-0.30
372.154,-0.10,-0.17,-0.18,-0.23
372.176,0.02,-0.21,-0.16,-0.20
372.198,-0.03,-0.28,-0.11,-0.22
372.220,-0.00,-0.26,-0.07,-0.21
372.242,0.01,-0.49,-0.02,-0.28
372.264,-0.11,-0.22,-0.02,-0.29
372.286,-0.19,-0.15,-0.06,-0.28
372.308,-0.21,-0.34,-0.10,-0.29
372.330,-0.07,-0.36,-0.11,-0.31
372.352,-0.15,-0.26,-0.15,-0.27
372.374,0.02,-0.26,-0.12,-0.27
372.396,-0.13,-0.34,-0.11,-0.31
372.418,-0.20,-0.27,-0.11,-0.30
372.440,-0.15,-0.21,-0.12,-0.27
372.462,-0.14,-0.21,-0.12,-0.26
372.484,-0.17,-0.35,-0.16,-0.28
372.506,-0.21,-0.36,-0.17,-0.28
372.528,-0.27,-0.28,-0.19,-0.28
372.550,-0.27,-0.36,-0.21,-0.31
372.572,-0.24,-0.16,-0.23,-0.30
372.594,-0.15,-0.23,-0.23,-0.28
372.616,-0.20,-0.38,-0.23,-0.28
372.638,-0.31,-0.31,-0.23,-0.29
372.660,-0.28,-0.37,-0.24,-0.29
372.682,-0.38,-0.49,-0.26,-0.36
372.704,-0.32,-0.48,-0.30,-0.41
372.726,-0.19,-0.45,-0.30,-0.42
372.748,-0.18,-0.37,-0.27,-0.43
372.770,-0.26,-0.28,-0.27,-0.41
372.792,-0.22,-0.26,-0.23,-0.37
372.814,-0.08,-0.34,-0.19,-0.34
372.836,-0.25,-0.23,-0.20,-0.30
372.858,-0.19,-0.30,-0.20,-0.28
372.880,-0.22,-0.34,-0.19,-0.29
372.902,-0.17,-0.27,-0.18,-0.30
372.924,-0.06,-0.37,-0.18,-0.30
372.946,-0.15,-0.33,-0.16,-0.32
372.968,-0.23,-0.37,-0.17,-0.34
372.990,-0.13,-0.39,-0.15,-0.35
373.012,-0.09,-0.38,-0.13,-0.37
373.034,0.04,-0.30,-0.11,-0.35
373.056,-0.05,-0.28,-0.09,-0.34
373.078,-0.15,-0.51,-0.08,-0.37
373.100,-0.24,-0.33,-0.10,-0.36
373.122,-0.24,-0.25,-0.13,-0.33
373.144,-0.18,-0.25,-0.17,-0.32
373.166,-0.15,-0.32,-0.19,-0.33
373.188,-0.11,-0.45,-0.18,-0.32
373.210,-0.02,-0.33,-0.14,-0.32
373.232,-0.14,-0.31,-0.12,-0.33
373.254,-0.17,-0.21,-0.12,-0.32
373.276,-0.23,-0.35,-0.13,-0.33
373.298,-0.24,-0.39,-0.16,-0.32
373.320,-0.24,-0.34,-0.20,-0.32
373.342,-0.19,-0.57,-0.21,-0.37
373.364,-0.18,-0.41,-0.22,-0.41
373.386,-0.20,-0.33,-0.21,-0.41
373.408,-0.20,-0.45,-0.20,-0.42
373.430,-0.22,-0.49,-0.20,-0.45
373.452,-0.18,-0.28,-0.20,-0.39
373.474,-0.35,-0.56,-0.23,-0.42
373.496,-0.38,-0.54,-0.27,-0.46
373.518,-0.32,-0.44,-0.29,-0.46
373.540,-0.19,-0.34,-0.28,-0.43
373.562,-0.11,-0.42,-0.27,-0.46
373.584,-0.01,-0.32,-0.20,-0.41
373.606,-0.10,-0.32,-0.15,-0.37
373.628,-0.09,-0.34,-0.10,-0.35
373.650,-0.18,-0.31,-0.10,-0.34
373.672,-0.06,-0.29,-0.09,-0.32
373.694,-0.10,-0.35,-0.11,-0.32
373.716,-0.00,-0.35,-0.09,-0.33
373.738,-0.14,-0.35,-0.10,-0.33
373.760,-0.20,-0.37,-0.10,-0.34
373.782,-0.23,-0.33,-0.13,-0.35
373.804,-0.30,-0.43,-0.17,-0.37
373.826,-0.16,-0.37,-0.21,-0.37
373.848,-0.13,-0.24,-0.20,-0.35
373.870,0.02,-0.25,-0.16,-0.32
373.892,-0.02,-0.42,-0.12,-0.34
373.914,-0.14,-0.30,-0.09,-0.32
373.936,-0.17,-0.42,-0.09,-0.33
373.958,-0.35,-0.44,-0.13,-0.37
373.980,-0.29,-0.66,-0.19,-0.45
374.002,-0.21,-0.59,-0.23,-0.48
374.024,-0.30,-0.42,-0.26,-0.51
374.046,-0.33,-0.35,-0.30,-0.49
374.068,-0.26,-0.58,-0.28,-0.52
374.090,-0.41,-0.44,-0.30,-0.48
374.112,-0.38,-0.40,-0.34,-0.44
374.134,-0.27,-0.23,-0.33,-0.40
374.156,-0.22,-0.33,-0.31,-0.40
374.178,-0.21,-0.25,-0.30,-0.33
374.200,-0.16,-0.37,-0.25,-0.32
374.222,-0.14,-0.31,-0.20,-0.30
374.244,-0.21,-0.41,-0.19,-0.33
374.266,-0.29,-0.33,-0.20,-0.33
374.288,-0.16,-0.36,-0.19,-0.36
374.310,-0.22,-0.38,-0.20,-0.36
374.332,-0.11,-0.32,-0.20,-0.36
374.354,-0.06,-0.48,-0.17,-0.37
374.376,-0.12,-0.32,-0.13,-0.37
374.398,-0.20,-0.30,-0.14,-0.36
374.420,-0.27,-0.10,-0.15,-0.30
374.442,-0.13,-0.12,-0.16,-0.26
374.464,-0.10,-0.28,-0.16,-0.22
374.486,-0.07,-0.24,-0.15,-0.21
374.508,-0.20,-0.31,-0.15,-0.21
374.530,-0.03,-0.37,-0.11,-0.26
374.552,-0.26,-0.34,-0.13,-0.31
374.574,-0.28,-0.25,-0.17,-0.30
374.596,-0.18,-0.19,-0.19,-0.29
374.618,-0.20,-0.11,-0.19,-0.25
374.640,-0.12,-0.31,-0.21,-0.24
374.662,-0.27,-0.28,-0.21,-0.23
374.684,-0.31,-0.34,-0.22,-0.25
374.706,-0.28,-0.46,-0.24,-0.30
374.728,-0.15,-0.49,-0.23,-0.38
374.750,0.02,-0.36,-0.20,-0.39
374.772,-0.16,-0.21,-0.18,-0.37
374.794,-0.14,-0.33,-0.14,-0.37
374.816,-0.27,-0.31,-0.14,-0.34
374.838,-0.25,-0.36,-0.16,-0.31
374.860,-0.23,-0.24,-0.21,-0.29
374.882,-0.13,-0.29,-0.20,-0.31
374.904,-0.09,-0.14,-0.19,-0.27
374.926,-0.06,-0.14,-0.15,-0.23
374.948,-0.26,-0.36,-0.15,-0.23
374.970,-0.16,-0.36,-0.14,-0.26
374.992,-0.28,-0.25,-0.17,-0.25
375.014,-0.31,-0.39,-0.21,-0.30
375.036,-0.22,-0.46,-0.25,-0.36
375.058,-0.21,-0.54,-0.24,-0.40
375.080,-0.35,-0.31,-0.27,-0.39
375.102,-0.24,-0.27,-0.27,-0.39
375.124,-0.24,-0.34,-0.25,-0.38
375.146,-0.22,-0.39,-0.25,-0.37
375.168,-0.38,-0.42,-0.29,-0.35
375.190,-0.27,-0.33,-0.27,-0.35
375.212,-0.12,-0.49,-0.25,-0.39
375.234,-0.20,-0.26,-0.24,-0.38
375.256,-0.27,-0.28,-0.25,-0.36
375.278,-0.27,-0.45,-0.23,-0.36
375.300,-0.25,-0.45,-0.22,-0.39
375.322,-0.28,-0.35,-0.25,-0.36
375.344,-0.32,-0.31,-0.28,-0.37
375.366,-0.30,-0.26,-0.28,-0.36
375.388,-0.12,-0.25,-0.25,-0.32
375.410,-0.21,-0.25,-0.25,-0.28
375.432,-0.23,-0.30,-0.24,-0.27
375.454,-0.33,-0.18,-0.24,-0.25
375.476,-0.15,-0.36,-0.21,-0.27
375.498,-0.18,-0.35,-0.22,-0.29
375.520,-0.16,-0.32,-0.21,-0.30
375.542,-0.18,-0.34,-0.20,-0.31
375.564,-0.20,-0.32,-0.17,-0.34
375.586,-0.18,-0.26,-0.18,-0.32
375.608,-0.23,-0.46,-0.19,-0.34
375.630,-0.24,-0.50,-0.21,-0.38
375.652,-0.17,-0.59,-0.20,-0.43
375.674,-0.25,-0.53,-0.21,-0.47
375.696,-0.27,-0.43,-0.23,-0.50
375.718,-0.25,-0.37,-0.24,-0.48
375.740,-0.26,-0.26,-0.24,-0.44
375.762,-0.25,-0.41,-0.26,-0.40
375.784,-0.21,-0.42,-0.25,-0.38
375.806,-0.08,-0.46,-0.21,-0.38
375.828,-0.21,-0.35,-0.20,-0.38
375.850,-0.09,-0.37,-0.17,-0.40
375.872,-0.17,-0.43,-0.15,-0.41
375.894,-0.22,-0.35,-0.15,-0.39
375.916,-0.22,-0.27,-0.18,-0.35
375.938,-0.06,-0.36,-0.15,-0.36
375.960,-0.05,-0.23,-0.14,-0.33
375.982,-0.07,-0.29,-0.12,-0.30
376.004,-0.22,-0.18,-0.12,-0.27
376.026,0.01,-0.16,-0.08,-0.24
376.048,-0.16,-0.24,-0.10,-0.22
376.070,-0.23,-0.20,-0.13,-0.21
376.092,-0.12,-0.41,-0.14,-0.24
376.114,-0.14,-0.35,-0.13,-0.27
376.136,-0.32,-0.45,-0.19,-0.33
376.158,-0.33,-0.22,-0.23,-0.33
376.180,-0.29,-0.41,-0.24,-0.37
376.202,-0.22,-0.30,-0.26,-0.35
376.224,-0.30,-0.25,-0.29,-0.33
376.246,-0.21,-0.26,-0.27,-0.29
376.268,-0.17,-0.20,-0.24,-0.28
376.290,-0.08,-0.27,-0.20,-0.26
376.312,-0.09,-0.22,-0.17,-0.24
376.334,-0.19,-0.34,-0.15,-0.26
376.356,-0.20,-0.38,-0.15,-0.28
376.378,-0.16,-0.34,-0.14,-0.31
376.400,-0.12,-0.33,-0.15,-0.32
376.422,-0.13,-0.36,-0.16,-0.35
376.444,-0.20,-0.30,-0.16,-0.34
376.466,-0.24,-0.29,-0.17,-0.32
376.488,-0.27,-0.41,-0.19,-0.34
376.510,-0.07,-0.30,-0.18,-0.33
376.532,-0.13,-0.29,-0.18,-0.32
376.554,-0.06,-0.37,-0.15,-0.33
376.576,-0.21,-0.38,-0.15,-0.35
376.598,-0.31,-0.29,-0.16,-0.33
376.620,-0.23,-0.28,-0.19,-0.32
376.642,-0.09,-0.32,-0.18,-0.33
376.664,-0.09,-0.27,-0.19,-0.31
376.686,-0.21,-0.27,-0.19,-0.29
376.708,-0.11,-0.26,-0.15,-0.28
376.730,-0.08,-0.25,-0.12,-0.27
376.752,-0.15,-0.30,-0.13,-0.27
376.774,-0.08,-0.24,-0.13,-0.26
376.796,-0.18,-0.19,-0.12,-0.25
376.818,-0.05,-0.28,-0.11,-0.25
376.840,-0.02,-0.38,-0.10,-0.28
376.862,-0.17,-0.31,-0.10,-0.28
376.884,0.03,-0.47,-0.08,-0.33
376.906,-0.05,-0.33,-0.05,-0.35
376.928,-0.31,-0.37,-0.10,-0.37
376.950,-0.34,-0.41,-0.17,-0.38
376.972,-0.28,-0.28,-0.19,-0.37
376.994,-0.26,-0.29,-0.25,-0.34
377.016,-0.20,-0.34,-0.28,-0.34
377.038,-0.22,-0.27,-0.26,-0.32
377.060,-0.27,-0.29,-0.25,-0.29
377.082,-0.20,-0.30,-0.23,-0.30
377.104,-0.06,-0.16,-0.19,-0.27
377.126,-0.18,-0.29,-0.19,-0.26
377.148,-0.17,-0.27,-0.18,-0.26
377.170,-0.23,-0.22,-0.17,-0.25
377.192,-0.21,-0.32,-0.17,-0.25
377.214,-0.10,-0.20,-0.18,-0.26
377.236,-0.19,-0.38,-0.18,-0.28
377.258,-0.28,-0.49,-0.20,-0.32
377.280,-0.17,-0.47,-0.19,-0.37
377.302,-0.13,-0.35,-0.17,-0.38
377.324,-0.10,-0.48,-0.17,-0.43
377.346,-0.00,-0.38,-0.14,-0.43
377.368,-0.10,-0.26,-0.10,-0.39
377.390,-0.27,-0.37,-0.12,-0.37
377.412,-0.37,-0.38,-0.17,-0.37
377.434,-0.29,-0.40,-0.21,-0.36
377.456,-0.19,-0.43,-0.24,-0.37
377.478,-0.07,-0.33,-0.24,-0.38
377.500,-0.31,-0.38,-0.25,-0.38
377.522,-0.34,-0.40,-0.24,-0.39
377.544,-0.27,-0.37,-0.24,-0.38
377.566,-0.26,-0.37,-0.25,-0.37
377.588,-0.17,-0.38,-0.27,-0.38
377.610,0.06,-0.37,-0.20,-0.38
377.632,-0.19,-0.14,-0.17,-0.33
377.654,-0.36,-0.21,-0.18,-0.29
377.676,-0.44,-0.33,-0.22,-0.29
377.698,-0.27,-0.55,-0.24,-0.32
377.720,-0.27,-0.49,-0.31,-0.34
377.742,-0.24,-0.43,-0.32,-0.40
377.764,-0.29,-0.35,-0.30,-0.43
377.786,-0.09,-0.43,-0.23,-0.45
377.808,-0.06,-0.45,-0.19,-0.43
377.830,-0.05,-0.38,-0.15,-0.41
377.852,-0.21,-0.41,-0.14,-0.40
377.874,-0.23,-0.42,-0.13,-0.42
377.896,-0.18,-0.25,-0.15,-0.38
377.918,-0.31,-0.45,-0.20,-0.38
377.940,-0.27,-0.37,-0.24,-0.38
377.962,-0.23,-0.29,-0.24,-0.36
377.984,-0.10,-0.41,-0.22,-0.35
378.006,-0.15,-0.33,-0.21,-0.37
378.028,0.03,-0.35,-0.14,-0.35
378.050,-0.08,-0.28,-0.11,-0.33
378.072,-0.26,-0.29,-0.11,-0.33
378.094,-0.20,-0.20,-0.13,-0.29
378.116,-0.30,-0.10,-0.16,-0.24
378.138,-0.27,-0.37,-0.22,-0.25
378.160,-0.03,-0.21,-0.21,-0.23
378.182,-0.18,-0.18,-0.20,-0.21
378.204,-0.21,-0.46,-0.20,-0.26
378.226,-0.16,-0.28,-0.17,-0.30
378.248,-0.20,-0.39,-0.16,-0.30
378.270,-0.21,-0.38,-0.19,-0.34
378.292,-0.17,-0.37,-0.19,-0.38
378.314,-0.19,-0.40,-0.19,-0.36
378.336,-0.25,-0.34,-0.20,-0.38
378.358,-0.25,-0.41,-0.21,-0.38
378.380,-0.43,-0.37,-0.26,-0.38
378.402,-0.37,-0.32,-0.30,-0.37
378.424,-0.33,-0.37,-0.33,-0.36
378.446,-0.15,-0.37,-0.31,-0.37
378.468,-0.30,-0.35,-0.32,-0.36
378.490,-0.48,-0.18,-0.33,-0.32
378.512,-0.38,-0.23,-0.33,-0.30
378.534,-0.31,-0.07,-0.32,-0.24
378.556,-0.39,-0.11,-0.37,-0.19
378.578,-0.27,-0.17,-0.37,-0.15
378.600,-0.15,-0.41,-0.30,-0.20
378.622,-0.08,-0.37,-0.24,-0.23
378.644,-0.19,-0.38,-0.22,-0.29
378.666,-0.10,-0.40,-0.16,-0.35
378.688,-0.15,-0.28,-0.13,-0.37
378.710,-0.20,-0.31,-0.14,-0.35
378.732,-0.25,-0.26,-0.18,-0.33
378.754,-0.21,-0.46,-0.18,-0.34
378.776,-0.19,-0.25,-0.20,-0.31
378.798,0.04,-0.37,-0.16,-0.33
378.820,-0.02,-0.40,-0.13,-0.35
378.842,-0.08,-0.56,-0.09,-0.41
378.864,-0.21,-0.43,-0.09,-0.40
378.886,-0.18,-0.29,-0.09,-0.41
378.908,-0.19,-0.30,-0.14,-0.40
378.930,-0.25,-0.37,-0.18,-0.39
378.952,-0.28,-0.46,-0.22,-0.37
378.974,-0.20,-0.24,-0.22,-0.33
378.996,-0.23,-0.41,-0.23,-0.36
379.018,-0.18,-0.37,-0.23,-0.37
379.040,-0.32,-0.25,-0.24,-0.35
379.062,-0.17,-0.37,-0.22,-0.33
379.084,-0.23,-0.29,-0.23,-0.34
379.106,-0.28,-0.31,-0.24,-0.32
379.128,-0.38,-0.35,-0.28,-0.31
379.150,-0.21,-0.48,-0.25,-0.36
379.172,-0.19,-0.38,-0.26,-0.36
379.194,-0.09,-0.40,-0.23,-0.38
379.216,-0.06,-0.41,-0.19,-0.40
379.238,-0.13,-0.33,-0.14,-0.40
379.260,-0.20,-0.24,-0.13,-0.35
379.282,-0.16,-0.29,-0.13,-0.33
379.304,-0.23,-0.36,-0.16,-0.33
379.326,-0.17,-0.33,-0.18,-0.31
379.348,-0.11,-0.28,-0.17,-0.30
379.370,-0.15,-0.10,-0.16,-0.27
379.392,-0.14,-0.06,-0.16,-0.23
379.414,-0.19,-0.20,-0.15,-0.19
379.436,-0.23,-0.15,-0.16,-0.16
379.458,-0.23,-0.38,-0.19,-0.18
379.480,-0.23,-0.48,-0.20,-0.25
379.502,-0.27,-0.43,-0.23,-0.33
379.524,-0.18,-0.40,-0.23,-0.37
379.546,-0.23,-0.27,-0.23,-0.39
379.568,-0.26,-0.30,-0.23,-0.38
379.590,-0.21,-0.25,-0.23,-0.33
379.612,-0.17,-0.34,-0.21,-0.31
379.634,-0.03,-0.39,-0.18,-0.31
379.656,-0.13,-0.26,-0.16,-0.31
379.678,-0.22,-0.25,-0.15,-0.30
379.700,-0.16,-0.37,-0.14,-0.32
379.722,-0.15,-0.30,-0.14,-0.31
379.744,0.08,-0.38,-0.12,-0.31
379.766,-0.13,-0.40,-0.12,-0.34
379.788,-0.21,-0.37,-0.11,-0.36
379.810,-0.18,-0.36,-0.12,-0.36
379.832,-0.05,-0.14,-0.10,-0.33
379.854,-0.06,-0.28,-0.13,-0.31
379.876,0.01,-0.15,-0.10,-0.26
379.898,-0.03,-0.28,-0.06,-0.24
379.920,-0.13,-0.42,-0.05,-0.25
379.942,-0.19,-0.56,-0.08,-0.34
379.964,-0.24,-0.40,-0.12,-0.36
379.986,-0.18,-0.31,-0.15,-0.39
380.008,-0.22,-0.35,-0.19,-0.41
380.030,-0.33,-0.28,-0.23,-0.38
380.052,-0.30,-0.37,-0.25,-0.34
380.074,-0.23,-0.28,-0.25,-0.32
380.096,-0.41,-0.32,-0.30,-0.32
380.118,-0.33,-0.37,-0.32,-0.32
380.140,-0.32,-0.36,-0.32,-0.34
380.162,-0.30,-0.56,-0.32,-0.38
380.184,0.01,-0.45,-0.27,-0.41
380.206,-0.15,-0.37,-0.22,-0.42
380.228,-0.22,-0.33,-0.20,-0.41
380.250,-0.29,-0.16,-0.19,-0.37
380.272,-0.17,-0.42,-0.16,-0.35
380.294,-0.34,-0.56,-0.23,-0.37
380.316,-0.34,-0.57,-0.27,-0.41
380.338,-0.34,-0.49,-0.30,-0.44
380.360,-0.32,-0.45,-0.30,-0.50
380.382,-0.03,-0.47,-0.27,-0.51
380.404,-0.20,-0.16,-0.25,-0.43
380.426,-0.32,-0.12,-0.24,-0.34
380.448,-0.21,-0.32,-0.22,-0.30
380.470,-0.23,-0.34,-0.20,-0.28
380.492,-0.25,-0.34,-0.24,-0.26
380.514,-0.36,-0.33,-0.27,-0.29
380.536,-0.27,-0.24,-0.26,-0.31
380.558,-0.22,-0.37,-0.27,-0.32
380.580,-0.08,-0.39,-0.24,-0.33
380.602,-0.14,-0.53,-0.21,-0.37
380.624,-0.21,-0.34,-0.18,-0.37
380.646,-0.25,-0.26,-0.18,-0.38
380.668,-0.13,-0.37,-0.16,-0.38
380.690,-0.24,-0.44,-0.19,-0.39
380.712,-0.20,-0.48,-0.21,-0.38
380.734,-0.13,-0.48,-0.19,-0.41
380.756,-0.15,-0.43,-0.17,-0.44
380.778,-0.22,-0.42,-0.19,-0.45
380.800,-0.19,-0.37,-0.18,-0.44
380.822,-0.27,-0.45,-0.19,-0.43
380.844,-0.27,-0.33,-0.22,-0.40
380.866,-0.28,-0.44,-0.25,-0.40
380.888,-0.22,-0.46,-0.25,-0.41
380.910,-0.30,-0.51,-0.27,-0.44
380.932,-0.37,-0.45,-0.29,-0.44
380.954,-0.32,-0.29,-0.30,-0.43
380.976,-0.36,-0.35,-0.31,-0.41
380.998,-0.22,-0.35,-0.31,-0.39
381.020,-0.09,-0.21,-0.27,-0.33
381.042,-0.21,-0.28,-0.24,-0.30
381.064,-0.12,-0.22,-0.20,-0.28
381.086,-0.24,-0.37,-0.18,-0.29
381.108,-0.33,-0.36,-0.20,-0.29
381.130,-0.26,-0.24,-0.23,-0.29
381.152,-0.22,-0.43,-0.23,-0.32
381.174,-0.04,-0.26,-0.22,-0.33
381.196,-0.06,-0.37,-0.18,-0.33
381.218,-0.15,-0.54,-0.15,-0.37
381.240,-0.26,-0.33,-0.15,-0.39
381.262,-0.10,-0.24,-0.12,-0.35
381.284,-0.01,-0.26,-0.12,-0.35
381.306,-0.15,-0.36,-0.13,-0.35
381.328,-0.30,-0.46,-0.16,-0.33
381.350,-0.36,-0.61,-0.18,-0.39
381.372,-0.26,-0.45,-0.22,-0.43
381.394,-0.19,-0.32,-0.25,-0.44
381.416,-0.33,-0.30,-0.29,-0.43
381.438,-0.24,-0.38,-0.28,-0.41
381.460,-0.29,-0.33,-0.26,-0.36
381.482,-0.28,-0.26,-0.27,-0.32
381.504,-0.40,-0.35,-0.31,-0.32
381.526,-0.33,-0.35,-0.31,-0.33
381.548,-0.16,-0.38,-0.29,-0.33
381.570,-0.05,-0.44,-0.24,-0.36
381.592,0.03,-0.43,-0.18,-0.39
381.614,0.01,-0.31,-0.10,-0.38
381.636,-0.12,-0.34,-0.06,-0.38
381.658,-0.22,-0.30,-0.07,-0.36
381.680,-0.10,-0.46,-0.08,-0.37
381.702,-0.02,-0.59,-0.09,-0.40
381.724,-0.01,-0.41,-0.09,-0.42
381.746,-0.11,-0.42,-0.09,-0.44
381.768,-0.24,-0.31,-0.10,-0.44
381.790,-0.11,-0.32,-0.10,-0.41
381.812,-0.07,-0.36,-0.11,-0.36
381.834,-0.06,-0.32,-0.12,-0.35
381.856,-0.27,-0.34,-0.15,-0.33
381.878,-0.27,-0.40,-0.16,-0.35
381.900,-0.28,-0.43,-0.19,-0.37
381.922,-0.26,-0.30,-0.23,-0.36
381.944,-0.12,-0.36,-0.24,-0.37
381.966,-0.14,-0.26,-0.21,-0.35
381.988,-0.27,-0.32,-0.21,-0.33
382.010,-0.11,-0.21,-0.18,-0.29
382.032,-0.25,-0.36,-0.18,-0.30
382.054,-0.07,-0.26,-0.17,-0.28
382.076,-0.09,-0.40,-0.16,-0.31
382.098,-0.15,-0.37,-0.13,-0.32
382.120,-0.14,-0.39,-0.14,-0.36
382.142,-0.10,-0.36,-0.11,-0.36
382.164,-0.06,-0.47,-0.11,-0.40
382.186,-0.27,-0.43,-0.14,-0.40
382.208,-0.14,-0.53,-0.14,-0.44
382.230,-0.14,-0.33,-0.14,-0.42
382.252,-0.21,-0.36,-0.16,-0.42
382.274,-0.19,-0.27,-0.19,-0.38
382.296,-0.30,-0.10,-0.20,-0.32
382.318,-0.25,-0.47,-0.22,-0.31
382.340,-0.20,-0.46,-0.23,-0.33
382.362,-0.04,-0.42,-0.20,-0.34
382.384,0.04,-0.35,-0.15,-0.36
382.406,-0.08,-0.37,-0.11,-0.41
382.428,-0.23,-0.31,-0.10,-0.38
382.450,-0.05,-0.49,-0.07,-0.39
382.472,-0.15,-0.34,-0.09,-0.37
382.494,-0.17,-0.34,-0.14,-0.37
382.516,-0.27,-0.22,-0.17,-0.34
382.538,-0.32,-0.34,-0.19,-0.35
382.560,-0.26,-0.29,-0.23,-0.31
382.582,-0.21,-0.30,-0.25,-0.30
382.604,-0.25,-0.28,-0.26,-0.29
382.626,-0.32,-0.28,-0.27,-0.30
382.648,-0.17,-0.20,-0.24,-0.27
382.670,-0.13,-0.27,-0.22,-0.27
382.692,-0.21,-0.12,-0.22,-0.23
382.714,-0.26,-0.20,-0.22,-0.21
382.736,-0.14,-0.31,-0.18,-0.22
382.758,-0.22,-0.29,-0.19,-0.24
382.780,-0.15,-0.25,-0.20,-0.23
382.802,-0.13,-0.25,-0.18,-0.26
382.824,-0.08,-0.24,-0.14,-0.27
382.846,-0.29,-0.34,-0.17,-0.27
382.868,-0.11,-0.30,-0.15,-0.28
382.890,-0.23,-0.30,-0.17,-0.29
382.912,-0.34,-0.27,-0.21,-0.29
382.934,-0.30,-0.28,-0.25,-0.30
382.956,-0.30,-0.42,-0.26,-0.31
382.978,-0.19,-0.48,-0.27,-0.35
383.000,-0.10,-0.51,-0.25,-0.39
383.022,-0.17,-0.42,-0.21,-0.42
383.044,-0.23,-0.39,-0.20,-0.44
383.066,-0.19,-0.38,-0.18,-0.44
383.088,-0.09,-0.23,-0.16,-0.39
383.110,-0.17,-0.26,-0.17,-0.34
383.132,-0.14,-0.39,-0.16,-0.33
383.154,-0.08,-0.50,-0.13,-0.35
383.176,-0.15,-0.50,-0.13,-0.38
383.198,-0.21,-0.43,-0.15,-0.42
383.220,-0.24,-0.35,-0.16,-0.43
383.242,-0.26,-0.30,-0.19,-0.42
383.264,-0.21,-0.37,-0.21,-0.39
383.286,-0.19,-0.41,-0.22,-0.37
383.308,-0.12,-0.39,-0.20,-0.36
383.330,-0.25,-0.33,-0.21,-0.36
383.352,-0.48,-0.52,-0.25,-0.40
383.374,-0.32,-0.29,-0.27,-0.39
383.396,-0.37,-0.33,-0.31,-0.37
383.418,-0.26,-0.37,-0.34,-0.37
383.440,-0.32,-0.45,-0.35,-0.39
383.462,-0.21,-0.35,-0.30,-0.36
383.484,-0.20,-0.33,-0.27,-0.37
383.506,-0.03,-0.42,-0.20,-0.38
383.528,-0.09,-0.28,-0.17,-0.37
383.550,-0.33,-0.31,-0.17,-0.34
383.572,-0.39,-0.27,-0.21,-0.32
383.594,-0.27,-0.37,-0.22,-0.33
383.616,-0.29,-0.18,-0.27,-0.28
383.638,-0.35,-0.47,-0.33,-0.32
383.660,-0.24,-0.44,-0.31,-0.35
383.682,-0.09,-0.54,-0.25,-0.40
383.704,-0.21,-0.54,-0.24,-0.43
383.726,-0.18,-0.32,-0.21,-0.46
383.748,-0.26,-0.32,-0.20,-0.43
383.770,-0.18,-0.39,-0.18,-0.42
383.792,-0.26,-0.37,-0.22,-0.39
383.814,-0.18,-0.35,-0.21,-0.35
383.836,-0.15,-0.27,-0.21,-0.34
383.858,-0.26,-0.36,-0.21,-0.35
383.880,-0.18,-0.50,-0.21,-0.37
383.902,-0.14,-0.45,-0.18,-0.39
383.924,-0.04,-0.48,-0.15,-0.41
383.946,-0.19,-0.39,-0.16,-0.44
383.968,-0.05,-0.38,-0.12,-0.44
383.990,-0.16,-0.21,-0.12,-0.38
384.012,-0.25,-0.36,-0.14,-0.36
384.034,-0.28,-0.30,-0.19,-0.33
384.056,-0.23,-0.11,-0.19,-0.27
384.078,-0.17,-0.25,-0.22,-0.25
384.100,-0.21,-0.31,-0.23,-0.27
384.122,-0.10,-0.37,-0.20,-0.27
384.144,-0.19,-0.22,-0.18,-0.25
384.166,-0.19,-0.10,-0.17,-0.25
384.188,-0.13,-0.21,-0.16,-0.24
384.210,-0.30,-0.04,-0.18,-0.19
384.232,-0.28,-0.06,-0.22,-0.13
384.254,-0.37,-0.24,-0.25,-0.13
384.276,-0.22,-0.32,-0.26,-0.17
384.298,-0.13,-0.24,-0.26,-0.18
384.320,-0.26,-0.32,-0.25,-0.24
384.342,-0.16,-0.58,-0.23,-0.34
384.364,-0.07,-0.54,-0.17,-0.40
384.386,-0.20,-0.55,-0.16,-0.45
384.408,-0.20,-0.52,-0.18,-0.50
384.430,-0.05,-0.41,-0.14,-0.52
384.452,-0.26,-0.20,-0.16,-0.44
384.474,-0.22,-0.31,-0.19,-0.40
384.496,-0.02,-0.28,-0.15,-0.34
384.518,-0.06,-0.16,-0.12,-0.27
384.540,-0.09,-0.19,-0.13,-0.23
384.562,-0.23,-0.17,-0.12,-0.22
384.584,-0.27,-0.30,-0.13,-0.22
384.606,-0.24,-0.19,-0.18,-0.20
384.628,-0.13,-0.30,-0.19,-0.23
384.650,0.00,-0.36,-0.17,-0.26
384.672,-0.06,-0.37,-0.14,-0.30
384.694,-0.16,-0.46,-0.12,-0.34
384.716,-0.13,-0.44,-0.10,-0.39
384.738,-0.24,-0.37,-0.12,-0.40
384.760,-0.15,-0.31,-0.15,-0.39
384.782,-0.14,-0.26,-0.16,-0.37
384.804,-0.19,-0.23,-0.17,-0.32
384.826,-0.25,-0.24,-0.19,-0.28
384.848,-0.12,-0.28,-0.17,-0.26
384.870,-0.22,-0.32,-0.18,-0.27
384.892,-0.06,-0.26,-0.17,-0.27
384.914,-0.10,-0.35,-0.15,-0.29
384.936,-0.06,-0.24,-0.11,-0.29
384.958,-0.09,-0.34,-0.11,-0.30
384.980,-0.31,-0.35,-0.12,-0.31
385.002,-0.22,-0.38,-0.16,-0.33
385.024,-0.17,-0.28,-0.17,-0.32
385.046,-0.27,-0.48,-0.21,-0.37
385.068,-0.09,-0.43,-0.21,-0.38
385.090,-0.25,-0.45,-0.20,-0.40
385.112,-0.17,-0.47,-0.19,-0.42
385.134,-0.10,-0.41,-0.18,-0.45
385.156,-0.16,-0.25,-0.15,-0.40
385.178,-0.21,-0.41,-0.18,-0.40
385.200,-0.08,-0.37,-0.14,-0.38
385.222,-0.00,-0.19,-0.11,-0.33
385.244,-0.20,-0.21,-0.13,-0.29
385.266,-0.36,-0.33,-0.17,-0.30
385.288,-0.33,-0.20,-0.19,-0.26
385.310,-0.25,-0.60,-0.23,-0.31
385.332,-0.16,-0.46,-0.26,-0.36
385.354,-0.19,-0.40,-0.26,-0.40
385.376,-0.11,-0.26,-0.21,-0.38
385.398,-0.06,-0.37,-0.15,-0.42
385.420,-0.05,-0.27,-0.11,-0.35
385.442,-0.08,-0.37,-0.10,-0.33
385.464,-0.11,-0.51,-0.08,-0.36
385.486,-0.11,-0.44,-0.08,-0.39
385.508,-0.09,-0.33,-0.09,-0.38
385.530,-0.32,-0.41,-0.14,-0.41
385.552,-0.31,-0.31,-0.19,-0.40
385.574,-0.30,-0.27,-0.23,-0.35
385.596,-0.23,-0.16,-0.25,-0.30
385.618,-0.26,-0.03,-0.28,-0.24
385.640,-0.23,-0.18,-0.27,-0.19
385.662,-0.15,-0.31,-0.23,-0.19
385.684,-0.29,-0.20,-0.23,-0.18
385.706,-0.20,-0.29,-0.23,-0.20
385.728,-0.29,-0.47,-0.23,-0.29
385.750,-0.30,-0.43,-0.25,-0.34
385.772,-0.40,-0.38,-0.30,-0.35
385.794,-0.30,-0.25,-0.30,-0.36
385.816,-0.10,-0.20,-0.28,-0.35
385.838,-0.10,-0.34,-0.24,-0.32
385.860,-0.15,-0.37,-0.21,-0.31
385.882,-0.09,-0.33,-0.15,-0.30
385.904,-0.11,-0.09,-0.11,-0.27
385.926,-0.06,-0.09,-0.10,-0.24
385.948,-0.08,-0.22,-0.10,-0.22
385.970,-0.10,-0.06,-0.09,-0.16
385.992,-0.06,-0.22,-0.08,-0.14
386.014,-0.25,-0.34,-0.11,-0.19
386.036,-0.25,-0.42,-0.15,-0.25
386.058,-0.24,-0.36,-0.18,-0.28
386.080,-0.18,-0.31,-0.20,-0.33
386.102,-0.13,-0.40,-0.21,-0.37
386.124,-0.24,-0.45,-0.21,-0.39
386.146,-0.15,-0.41,-0.19,-0.39
386.168,-0.17,-0.41,-0.17,-0.40
386.190,-0.05,-0.28,-0.15,-0.39
386.212,-0.16,-0.37,-0.15,-0.38
386.234,-0.27,-0.32,-0.16,-0.36
386.256,-0.25,-0.27,-0.18,-0.33
386.278,-0.31,-0.34,-0.21,-0.32
386.300,-0.14,-0.31,-0.23,-0.32
386.322,-0.29,-0.21,-0.25,-0.29
386.344,-0.25,-0.39,-0.25,-0.30
386.366,-0.30,-0.26,-0.26,-0.30
386.388,-0.15,-0.40,-0.23,-0.31
386.410,-0.20,-0.31,-0.24,-0.31
386.432,-0.21,-0.30,-0.22,-0.33
386.454,-0.16,-0.28,-0.20,-0.31
386.476,0.01,-0.39,-0.14,-0.34
386.498,0.01,-0.37,-0.11,-0.33
386.520,-0.16,-0.35,-0.10,-0.34
386.542,0.07,-0.35,-0.05,-0.35
386.564,-0.19,-0.35,-0.05,-0.36
386.586,-0.31,-0.37,-0.12,-0.36
386.608,-0.23,-0.42,-0.16,-0.37
386.630,-0.21,-0.51,-0.17,-0.40
386.652,-0.19,-0.50,-0.23,-0.43
386.674,-0.16,-0.40,-0.22,-0.44
386.696,0.04,-0.47,-0.15,-0.46
386.718,-0.01,-0.33,-0.11,-0.44
386.740,-0.24,-0.28,-0.11,-0.40
386.762,-0.29,-0.41,-0.13,-0.38
386.784,-0.33,-0.17,-0.17,-0.33
386.806,-0.38,-0.21,-0.25,-0.28
386.828,-0.33,-0.30,-0.31,-0.27
386.850,-0.19,-0.19,-0.30,-0.26
386.872,-0.07,-0.17,-0.26,-0.21
386.894,-0.17,-0.17,-0.23,-0.21
386.916,-0.04,-0.21,-0.16,-0.21
386.938,-0.10,-0.34,-0.11,-0.22
386.960,-0.22,-0.35,-0.12,-0.25
386.982,-0.34,-0.36,-0.17,-0.29
387.004,-0.25,-0.15,-0.19,-0.28
387.026,-0.14,-0.26,-0.21,-0.29
387.048,-0.13,-0.35,-0.22,-0.29
387.070,-0.14,-0.19,-0.20,-0.26
387.092,-0.08,-0.21,-0.15,-0.23
387.114,-0.09,-0.37,-0.12,-0.28
387.136,-0.13,-0.33,-0.11,-0.29
387.158,-0.17,-0.40,-0.12,-0.30
387.180,-0.15,-0.42,-0.12,-0.35
387.202,-0.16,-0.21,-0.14,-0.35
387.224,-0.03,-0.30,-0.13,-0.33
387.246,-0.11,-0.34,-0.12,-0.33
387.268,-0.21,-0.36,-0.13,-0.33
387.290,-0.18,-0.36,-0.14,-0.31
387.312,-0.15,-0.39,-0.14,-0.35
387.334,-0.15,-0.45,-0.16,-0.38
387.356,-0.11,-0.36,-0.16,-0.38
387.378,-0.01,-0.34,-0.12,-0.38
387.400,-0.01,-0.41,-0.09,-0.39
387.422,0.01,-0.34,-0.05,-0.38
387.444,-0.05,-0.28,-0.03,-0.35
387.466,-0.05,-0.39,-0.02,-0.35
387.488,-0.18,-0.42,-0.06,-0.37
387.510,-0.13,-0.34,-0.08,-0.35
387.532,-0.22,-0.38,-0.13,-0.36
387.554,-0.27,-0.22,-0.17,-0.35
387.576,-0.23,-0.25,-0.21,-0.32
387.598,-0.27,-0.31,-0.22,-0.30
387.620,-0.41,-0.47,-0.28,-0.33
387.642,-0.18,-0.24,-0.27,-0.30
387.664,-0.23,-0.31,-0.26,-0.32
387.686,-0.12,-0.22,-0.24,-0.31
387.708,-0.18,-0.25,-0.22,-0.30
387.730,-0.25,-0.33,-0.19,-0.27
387.752,-0.37,-0.36,-0.23,-0.29
387.774,-0.35,-0.39,-0.25,-0.31
387.796,-0.27,-0.51,-0.28,-0.37
387.818,-0.24,-0.28,-0.30,-0.37
387.840,-0.17,-0.33,-0.28,-0.37
387.862,-0.19,-0.29,-0.24,-0.36
387.884,-0.18,-0.49,-0.21,-0.38
387.906,-0.19,-0.31,-0.19,-0.34
387.928,-0.09,-0.40,-0.16,-0.36
387.950,-0.21,-0.41,-0.17,-0.38
387.972,-0.17,-0.33,-0.17,-0.39
387.994,-0.15,-0.19,-0.16,-0.33
388.016,-0.21,-0.31,-0.17,-0.33
388.038,-0.23,-0.26,-0.19,-0.30
388.060,-0.15,-0.45,-0.18,-0.31
388.082,-0.09,-0.40,-0.17,-0.32
388.104,-0.20,-0.46,-0.18,-0.38
388.126,-0.21,-0.28,-0.18,-0.37
388.148,-0.25,-0.43,-0.18,-0.40
388.170,-0.25,-0.28,-0.20,-0.37
388.192,-0.21,-0.36,-0.22,-0.36
388.214,-0.08,-0.24,-0.20,-0.32
388.236,-0.08,-0.37,-0.17,-0.34
388.258,-0.07,-0.44,-0.14,-0.34
388.280,-0.21,-0.52,-0.13,-0.39
388.302,-0.09,-0.47,-0.11,-0.41
388.324,-0.22,-0.40,-0.13,-0.44
388.346,-0.03,-0.47,-0.12,-0.46
388.368,-0.12,-0.29,-0.13,-0.43
388.390,-0.28,-0.41,-0.15,-0.41
388.412,-0.22,-0.29,-0.17,-0.37
388.434,-0.28,-0.19,-0.19,-0.33
388.456,-0.19,-0.35,-0.22,-0.31
388.478,-0.19,-0.47,-0.23,-0.34
388.500,-0.15,-0.31,-0.21,-0.32
388.522,-0.23,-0.31,-0.21,-0.33
388.544,-0.17,-0.30,-0.19,-0.35
388.566,-0.16,-0.20,-0.18,-0.32
388.588,-0.16,-0.20,-0.17,-0.26
388.610,-0.30,-0.08,-0.20,-0.22
388.632,-0.34,-0.23,-0.23,-0.20
388.654,-0.28,-0.34,-0.25,-0.21
388.676,-0.24,-0.18,-0.26,-0.21
388.698,-0.17,-0.31,-0.27,-0.23
388.720,-0.21,-0.33,-0.25,-0.28
388.742,-0.32,-0.30,-0.24,-0.29
388.764,-0.28,-0.29,-0.24,-0.28
388.786,-0.22,-0.16,-0.24,-0.28
388.808,-0.37,-0.33,-0.28,-0.28
388.830,-0.25,-0.36,-0.29,-0.29
388.852,-0.21,-0.26,-0.27,-0.28
388.874,-0.21,-0.13,-0.25,-0.25
388.896,-0.24,-0.04,-0.26,-0.22
388.918,-0.34,-0.33,-0.25,-0.22
388.940,-0.35,-0.31,-0.27,-0.21
388.962,-0.40,-0.37,-0.31,-0.24
388.984,-0.31,-0.53,-0.33,-0.32
389.006,-0.31,-0.49,-0.34,-0.41
389.028,-0.25,-0.28,-0.32,-0.40
389.050,-0.18,-0.32,-0.29,-0.40
389.072,-0.29,-0.37,-0.27,-0.40
389.094,-0.28,-0.48,-0.26,-0.39
389.116,-0.24,-0.42,-0.25,-0.37
389.138,-0.20,-0.38,-0.24,-0.39
389.160,-0.18,-0.45,-0.24,-0.42
389.182,-0.22,-0.35,-0.22,-0.42
389.204,-0.14,-0.29,-0.20,-0.38
389.226,-0.23,-0.26,-0.19,-0.35
389.248,-0.31,-0.31,-0.22,-0.33
389.270,-0.33,-0.27,-0.25,-0.30
389.292,-0.39,-0.18,-0.28,-0.26
389.314,-0.33,-0.31,-0.32,-0.27
389.336,-0.27,-0.32,-0.33,-0.28
389.358,-0.22,-0.34,-0.31,-0.28
389.380,-0.17,-0.31,-0.28,-0.29
389.402,-0.18,-0.34,-0.23,-0.32
389.424,-0.26,-0.26,-0.22,-0.31
389.446,-0.15,-0.26,-0.20,-0.30
389.468,-0.29,-0.34,-0.21,-0.30
389.490,-0.23,-0.30,-0.22,-0.30
389.512,-0.32,-0.23,-0.25,-0.28
389.534,-0.46,-0.39,-0.29,-0.30
389.556,-0.44,-0.40,-0.35,-0.33
389.578,-0.33,-0.33,-0.36,-0.33
389.600,-0.31,-0.32,-0.37,-0.33
389.622,-0.26,-0.14,-0.36,-0.32
389.644,-0.11,-0.21,-0.29,-0.28
389.666,-0.12,-0.41,-0.23,-0.28
389.688,-0.10,-0.38,-0.18,-0.29
389.710,-0.05,-0.45,-0.13,-0.32
389.732,-0.12,-0.50,-0.10,-0.39
389.754,-0.26,-0.57,-0.13,-0.46
389.776,-0.18,-0.42,-0.14,-0.46
389.798,-0.14,-0.51,-0.15,-0.49
389.820,-0.17,-0.38,-0.17,-0.48
389.842,-0.01,-0.19,-0.15,-0.41
389.864,-0.07,-0.28,-0.11,-0.36
389.886,-0.11,-0.24,-0.10,-0.32
389.908,-0.35,-0.27,-0.14,-0.27
389.930,-0.14,-0.51,-0.14,-0.30
389.952,-0.21,-0.53,-0.18,-0.37
389.974,-0.13,-0.56,-0.19,-0.42
389.996,-0.25,-0.49,-0.22,-0.47
390.018,-0.42,-0.52,-0.23,-0.52
390.040,-0.26,-0.45,-0.25,-0.51
390.062,-0.32,-0.30,-0.28,-0.46
390.084,-0.21,-0.41,-0.29,-0.43
390.106,-0.20,-0.41,-0.28,-0.42
390.128,-0.12,-0.39,-0.22,-0.39
390.150,-0.19,-0.33,-0.21,-0.37
390.172,-0.27,-0.37,-0.20,-0.38
390.194,-0.27,-0.34,-0.21,-0.37
390.216,-0.30,-0.34,-0.23,-0.35
390.238,-0.29,-0.37,-0.26,-0.35
390.260,-0.17,-0.26,-0.26,-0.34
390.282,-0.08,-0.29,-0.22,-0.32
390.304,-0.15,-0.29,-0.20,-0.31
390.326,-0.04,-0.40,-0.15,-0.32
390.348,-0.02,-0.32,-0.09,-0.31
390.370,-0.07,-0.16,-0.07,-0.29
390.392,-0.13,-0.23,-0.08,-0.28
390.414,-0.10,-0.47,-0.07,-0.32
390.436,-0.33,-0.32,-0.13,-0.30
390.458,-0.28,-0.19,-0.18,-0.27
390.480,-0.45,-0.38,-0.26,-0.32
390.502,-0.27,-0.35,-0.29,-0.34
390.524,-0.19,-0.43,-0.30,-0.33
390.546,-0.23,-0.38,-0.28,-0.35
390.568,-0.04,-0.26,-0.24,-0.36
390.590,-0.22,-0.38,-0.19,-0.36
390.612,-0.21,-0.47,-0.18,-0.38
390.634,-0.26,-0.33,-0.19,-0.36
390.656,-0.05,-0.47,-0.16,-0.38
390.678,-0.24,-0.41,-0.20,-0.41
390.700,-0.21,-0.44,-0.19,-0.42
390.722,-0.21,-0.55,-0.19,-0.44
390.744,-0.16,-0.39,-0.17,-0.45
390.766,-0.22,-0.22,-0.21,-0.40
390.788,-0.22,-0.28,-0.20,-0.38
390.810,-0.34,-0.25,-0.23,-0.34
390.832,-0.22,-0.20,-0.23,-0.27
390.854,-0.10,-0.31,-0.22,-0.25
390.876,-0.30,-0.38,-0.24,-0.28
390.898,-0.20,-0.28,-0.23,-0.28
390.920,-0.12,-0.19,-0.19,-0.27
390.942,-0.00,-0.22,-0.14,-0.28
390.964,-0.22,-0.20,-0.17,-0.25
390.986,-0.12,-0.39,-0.13,-0.26
391.008,-0.22,-0.25,-0.14,-0.25
391.030,-0.21,-0.25,-0.15,-0.26
391.052,-0.27,-0.22,-0.21,-0.26
391.074,-0.19,-0.27,-0.20,-0.28
391.096,-0.19,-0.26,-0.22,-0.25
391.118,-0.24,-0.41,-0.22,-0.28
391.140,-0.15,-0.39,-0.21,-0.31
391.162,-0.17,-0.44,-0.19,-0.35
391.184,-0.17,-0.31,-0.18,-0.36
391.206,-0.23,-0.41,-0.19,-0.39
391.228,-0.17,-0.39,-0.18,-0.39
391.250,-0.39,-0.36,-0.23,-0.38
391.272,-0.30,-0.40,-0.25,-0.37
391.294,-0.24,-0.60,-0.27,-0.43
391.316,-0.17,-0.40,-0.25,-0.43
391.338,-0.20,-0.47,-0.26,-0.45
391.360,-0.01,-0.54,-0.18,-0.48
391.382,0.06,-0.55,-0.11,-0.51
391.404,-0.05,-0.43,-0.07,-0.48
391.426,-0.09,-0.48,-0.06,-0.49
391.448,-0.13,-0.56,-0.04,-0.51
391.470,-0.25,-0.47,-0.09,-0.50
391.492,-0.18,-0.24,-0.14,-0.44
391.514,-0.09,-0.26,-0.15,-0.40
391.536,-0.23,-0.12,-0.18,-0.33
391.558,-0.14,-0.25,-0.18,-0.27
391.580,-0.10,-0.18,-0.15,-0.21
391.602,-0.02,-0.41,-0.12,-0.24
391.624,-0.13,-0.47,-0.12,-0.29
391.646,-0.19,-0.42,-0.12,-0.35
391.668,-0.22,-0.49,-0.13,-0.39
391.690,-0.19,-0.37,-0.15,-0.43
391.712,-0.19,-0.32,-0.18,-0.41
391.734,-0.26,-0.41,-0.21,-0.40
391.756,-0.23,-0.37,-0.22,-0.39
391.778,-0.24,-0.32,-0.22,-0.36
391.800,-0.27,-0.25,-0.24,-0.33
391.822,-0.17,-0.27,-0.23,-0.32
391.844,-0.25,-0.32,-0.23,-0.31
391.866,-0.23,-0.25,-0.23,-0.28
391.888,-0.24,-0.28,-0.23,-0.27
391.910,-0.10,-0.29,-0.20,-0.28
391.932,-0.20,-0.53,-0.20,-0.33
391.954,-0.12,-0.40,-0.18,-0.35
391.976,-0.02,-0.39,-0.14,-0.38
391.998,-0.15,-0.46,-0.12,-0.41
392.020,-0.22,-0.41,-0.14,-0.44
392.042,-0.25,-0.24,-0.15,-0.38
392.064,-0.07,-0.41,-0.14,-0.38
392.086,-0.15,-0.33,-0.17,-0.37
392.108,-0.31,-0.34,-0.20,-0.35
392.130,-0.27,-0.16,-0.21,-0.30
392.152,-0.15,-0.29,-0.19,-0.31
392.174,-0.12,-0.37,-0.20,-0.30
392.196,-0.02,-0.44,-0.17,-0.32
392.218,-0.06,-0.33,-0.12,-0.32
392.240,-0.08,-0.36,-0.09,-0.36
392.262,-0.15,-0.40,-0.09,-0.38
392.284,-0.23,-0.37,-0.11,-0.38
392.306,-0.30,-0.46,-0.16,-0.38
392.328,-0.26,-0.44,-0.20,-0.41
392.350,-0.33,-0.38,-0.25,-0.41
392.372,-0.35,-0.47,-0.29,-0.42
392.394,-0.24,-0.30,-0.30,-0.41
392.416,0.03,-0.60,-0.23,-0.44
392.438,-0.17,-0.39,-0.21,-0.43
392.460,-0.15,-0.29,-0.18,-0.41
392.482,0.02,-0.35,-0.10,-0.39
392.504,-0.18,-0.31,-0.09,-0.39
392.526,-0.06,-0.44,-0.11,-0.36
392.548,-0.29,-0.34,-0.13,-0.35
392.570,-0.29,-0.42,-0.16,-0.37
392.592,-0.31,-0.32,-0.23,-0.37
392.614,-0.15,-0.34,-0.22,-0.37
392.636,-0.13,-0.27,-0.23,-0.34
392.658,-0.21,-0.27,-0.22,-0.32
392.680,-0.21,-0.34,-0.20,-0.31
392.702,-0.12,-0.47,-0.16,-0.34
392.724,-0.18,-0.45,-0.17,-0.36
392.746,-0.28,-0.46,-0.20,-0.40
392.768,-0.17,-0.19,-0.19,-0.38
392.790,-0.13,-0.36,-0.18,-0.39
392.812,-0.17,-0.39,-0.19,-0.37
392.834,-0.23,-0.41,-0.20,-0.36
392.856,-0.12,-0.39,-0.16,-0.35
392.878,-0.17,-0.29,-0.16,-0.37
392.900,-0.10,-0.14,-0.16,-0.32
392.922,-0.21,-0.29,-0.17,-0.30
392.944,-0.13,-0.28,-0.15,-0.28
392.966,-0.15,-0.37,-0.15,-0.27
392.988,-0.21,-0.29,-0.16,-0.27
393.010,-0.23,-0.43,-0.19,-0.33
393.032,-0.17,-0.44,-0.18,-0.36
393.054,-0.25,-0.49,-0.20,-0.40
393.076,-0.30,-0.34,-0.23,-0.40
393.098,-0.10,-0.18,-0.21,-0.38
393.120,-0.17,-0.19,-0.20,-0.33
393.142,-0.27,-0.18,-0.22,-0.28
393.164,-0.21,-0.03,-0.21,-0.18
393.186,-0.23,-0.18,-0.20,-0.15
393.208,-0.32,-0.22,-0.24,-0.16
393.230,-0.21,-0.42,-0.25,-0.21
393.252,-0.18,-0.41,-0.23,-0.25
393.274,-0.08,-0.32,-0.20,-0.31
393.296,-0.16,-0.32,-0.19,-0.34
393.318,-0.23,-0.53,-0.17,-0.40
393.340,-0.09,-0.36,-0.15,-0.39
393.362,-0.21,-0.23,-0.15,-0.35
393.384,-0.25,-0.35,-0.19,-0.36
393.406,-0.13,-0.18,-0.18,-0.33
393.428,-0.11,-0.26,-0.16,-0.28
393.450,-0.10,-0.43,-0.16,-0.29
393.472,-0.26,-0.39,-0.17,-0.32
393.494,-0.30,-0.27,-0.18,-0.31
393.516,-0.13,-0.19,-0.18,-0.31
393.538,-0.20,-0.20,-0.20,-0.30
393.560,-0.18,-0.18,-0.21,-0.25
393.582,-0.31,-0.23,-0.22,-0.21
393.604,-0.16,-0.17,-0.20,-0.19
393.626,-0.18,-0.24,-0.21,-0.20
393.648,-0.19,-0.15,-0.20,-0.19
393.670,-0.11,-0.23,-0.19,-0.20
393.692,-0.21,-0.26,-0.17,-0.21
393.714,-0.15,-0.30,-0.17,-0.24
393.736,-0.35,-0.40,-0.20,-0.27
393.758,-0.29,-0.43,-0.22,-0.32
393.780,-0.22,-0.38,-0.24,-0.35
393.802,-0.33,-0.50,-0.27,-0.40
393.824,-0.17,-0.39,-0.27,-0.42
393.846,-0.21,-0.46,-0.24,-0.43
393.868,-0.22,-0.37,-0.23,-0.42
393.890,-0.28,-0.41,-0.24,-0.43
393.912,-0.35,-0.41,-0.25,-0.41
393.934,-0.20,-0.45,-0.25,-0.42
393.956,-0.32,-0.43,-0.27,-0.41
393.978,-0.23,-0.39,-0.28,-0.42
394.000,-0.10,-0.36,-0.24,-0.41
394.022,-0.01,-0.34,-0.17,-0.39
394.044,-0.16,-0.20,-0.16,-0.34
394.066,-0.36,-0.27,-0.17,-0.31
394.088,-0.21,-0.41,-0.17,-0.32
394.110,0.01,-0.46,-0.15,-0.34
394.132,-0.16,-0.24,-0.18,-0.32
394.154,-0.18,-0.33,-0.18,-0.34
394.176,-0.07,-0.35,-0.12,-0.36
394.198,-0.20,-0.41,-0.12,-0.36
394.220,-0.23,-0.46,-0.17,-0.36
394.242,-0.10,-0.39,-0.16,-0.39
394.264,-0.13,-0.17,-0.15,-0.36
394.286,-0.14,-0.20,-0.16,-0.33
394.308,0.07,-0.20,-0.11,-0.28
394.330,-0.16,-0.25,-0.09,-0.24
394.352,-0.12,-0.34,-0.10,-0.23
394.374,-0.11,-0.18,-0.09,-0.23
394.396,-0.06,-0.43,-0.08,-0.28
394.418,0.05,-0.47,-0.08,-0.33
394.440,-0.01,-0.30,-0.05,-0.34
394.462,-0.07,-0.27,-0.04,-0.33
394.484,-0.14,-0.34,-0.05,-0.36
394.506,-0.13,-0.45,-0.06,-0.37
394.528,-0.08,-0.43,-0.09,-0.36
394.550,-0.36,-0.43,-0.16,-0.38
394.572,-0.25,-0.57,-0.19,-0.44
394.594,-0.25,-0.33,-0.21,-0.44
394.616,-0.28,-0.37,-0.24,-0.43
394.638,-0.10,-0.38,-0.25,-0.42
394.660,-0.20,-0.44,-0.22,-0.42
394.682,-0.15,-0.33,-0.20,-0.37
394.704,-0.15,-0.31,-0.18,-0.37
394.726,-0.14,-0.26,-0.15,-0.34
394.748,-0.39,-0.21,-0.21,-0.31
394.770,-0.23,-0.29,-0.21,-0.28
394.792,-0.22,-0.32,-0.23,-0.28
394.814,-0.28,-0.30,-0.25,-0.28
394.836,-0.35,-0.45,-0.29,-0.31
394.858,-0.27,-0.49,-0.27,-0.37
394.880,-0.20,-0.31,-0.26,-0.37
394.902,-0.11,-0.36,-0.24,-0.38
394.924,-0.20,-0.26,-0.23,-0.37
394.946,-0.18,-0.40,-0.19,-0.36
394.968,-0.30,-0.25,-0.20,-0.32
394.990,-0.24,-0.43,-0.21,-0.34
395.012,-0.07,-0.32,-0.20,-0.33
395.034,-0.09,-0.33,-0.18,-0.35
395.056,-0.07,-0.37,-0.15,-0.34
395.078,-0.30,-0.43,-0.15,-0.38
395.100,-0.03,-0.51,-0.11,-0.39
395.122,-0.11,-0.53,-0.12,-0.43
395.144,-0.28,-0.51,-0.16,-0.47
395.166,-0.31,-0.51,-0.21,-0.50
395.188,-0.34,-0.36,-0.21,-0.48
395.210,-0.38,-0.23,-0.28,-0.43
395.232,-0.28,-0.42,-0.32,-0.41
395.254,-0.21,-0.50,-0.30,-0.40
395.276,-0.18,-0.21,-0.28,-0.34
395.298,-0.15,-0.12,-0.24,-0.30
395.320,-0.18,-0.37,-0.20,-0.32
395.342,-0.25,-0.37,-0.19,-0.31
395.364,-0.26,-0.30,-0.20,-0.27
395.386,-0.27,-0.54,-0.22,-0.34
395.408,-0.15,-0.53,-0.22,-0.42
395.430,-0.08,-0.42,-0.20,-0.43
395.452,-0.18,-0.51,-0.19,-0.46
395.474,-0.17,-0.42,-0.17,-0.48
395.496,-0.22,-0.37,-0.16,-0.45
395.518,-0.11,-0.38,-0.15,-0.42
395.540,-0.07,-0.30,-0.15,-0.40
395.562,-0.08,-0.24,-0.13,-0.34
395.584,-0.33,-0.30,-0.16,-0.32
395.606,-0.22,-0.38,-0.16,-0.32
395.628,-0.30,-0.35,-0.20,-0.31
395.650,-0.23,-0.36,-0.23,-0.33
395.672,-0.29,-0.34,-0.27,-0.35
395.694,-0.16,-0.46,-0.24,-0.38
395.716,-0.01,-0.45,-0.20,-0.39
395.738,0.08,-0.26,-0.12,-0.37
395.760,0.00,-0.34,-0.08,-0.37
395.782,-0.18,-0.40,-0.05,-0.38
395.804,-0.12,-0.49,-0.05,-0.39
395.826,-0.07,-0.44,-0.06,-0.39
395.848,-0.10,-0.42,-0.09,-0.42
395.870,-0.23,-0.45,-0.14,-0.44
395.892,-0.45,-0.46,-0.19,-0.45
395.914,-0.31,-0.41,-0.23,-0.44
395.936,-0.23,-0.32,-0.26,-0.41
395.958,-0.26,-0.25,-0.30,-0.38
395.980,-0.13,-0.28,-0.28,-0.34
396.002,-0.11,-0.39,-0.21,-0.33
396.024,-0.18,-0.37,-0.18,-0.32
396.046,-0.14,-0.17,-0.16,-0.29
396.068,-0.16,-0.27,-0.14,-0.30
396.090,-0.25,-0.38,-0.17,-0.32
396.112,-0.21,-0.44,-0.19,-0.33
396.134,-0.28,-0.47,-0.21,-0.35
396.156,-0.09,-0.22,-0.20,-0.36
396.178,-0.08,-0.31,-0.18,-0.36
396.200,-0.18,-0.32,-0.17,-0.35
396.222,-0.16,-0.24,-0.16,-0.31
396.244,-0.05,-0.33,-0.11,-0.28
396.266,-0.15,-0.21,-0.12,-0.28
396.288,-0.06,-0.40,-0.12,-0.30
396.310,0.04,-0.52,-0.08,-0.34
396.332,0.05,-0.48,-0.03,-0.39
396.354,-0.16,-0.45,-0.06,-0.41
396.376,-0.28,-0.37,-0.08,-0.44
396.398,-0.20,-0.20,-0.11,-0.40
396.420,-0.16,-0.25,-0.15,-0.35
396.442,-0.16,-0.27,-0.19,-0.31
396.464,-0.12,-0.38,-0.18,-0.29
396.486,-0.16,-0.37,-0.16,-0.29
396.508,-0.09,-0.41,-0.14,-0.34
396.530,-0.07,-0.28,-0.12,-0.34
396.552,-0.07,-0.30,-0.10,-0.35
396.574,-0.15,-0.39,-0.11,-0.35
396.596,-0.32,-0.39,-0.14,-0.35
396.618,-0.16,-0.53,-0.15,-0.38
396.640,-0.13,-0.33,-0.17,-0.39
396.662,-0.10,-0.32,-0.17,-0.39
396.684,-0.28,-0.33,-0.20,-0.38
396.706,-0.23,-0.40,-0.18,-0.38
396.728,-0.15,-0.31,-0.18,-0.34
396.750,-0.09,-0.22,-0.17,-0.32
396.772,0.00,-0.32,-0.15,-0.32
396.794,-0.10,-0.42,-0.11,-0.33
396.816,-0.06,-0.40,-0.08,-0.33
396.838,-0.01,-0.37,-0.05,-0.35
396.860,0.09,-0.46,-0.02,-0.39
396.882,0.03,-0.41,-0.01,-0.41
396.904,-0.07,-0.27,-0.00,-0.38
396.926,-0.16,-0.36,-0.02,-0.37
396.948,-0.30,-0.36,-0.08,-0.37
396.970,-0.23,-0.31,-0.15,-0.34
396.992,-0.20,-0.47,-0.19,-0.35
397.014,-0.11,-0.37,-0.20,-0.37
397.036,-0.37,-0.33,-0.24,-0.37
397.058,-0.20,-0.35,-0.22,-0.37
397.080,-0.04,-0.28,-0.18,-0.36
397.102,-0.09,-0.36,-0.16,-0.34
397.124,-0.16,-0.46,-0.17,-0.36
397.146,-0.07,-0.31,-0.11,-0.35
397.168,-0.14,-0.28,-0.10,-0.34
397.190,-0.18,-0.18,-0.13,-0.32
397.212,-0.09,-0.41,-0.13,-0.33
397.234,-0.22,-0.50,-0.14,-0.34
397.256,-0.18,-0.35,-0.16,-0.34
397.278,-0.16,-0.44,-0.17,-0.38
397.300,-0.11,-0.45,-0.15,-0.43
397.322,-0.32,-0.28,-0.20,-0.40
397.344,-0.17,-0.34,-0.19,-0.37
397.366,-0.12,-0.34,-0.18,-0.37
397.388,-0.15,-0.37,-0.17,-0.36
397.410,-0.11,-0.53,-0.17,-0.37
397.432,-0.24,-0.34,-0.16,-0.38
397.454,-0.13,-0.28,-0.15,-0.37
397.476,-0.24,-0.35,-0.17,-0.37
397.498,0.03,-0.42,-0.14,-0.38
397.520,-0.04,-0.44,-0.12,-0.37
397.542,-0.15,-0.22,-0.11,-0.34
397.564,-0.23,-0.18,-0.13,-0.32
397.586,-0.11,-0.21,-0.10,-0.29
397.608,-0.16,-0.34,-0.14,-0.28
397.630,-0.18,-0.36,-0.17,-0.26
397.652,-0.29,-0.27,-0.19,-0.27
397.674,-0.16,-0.41,-0.18,-0.32
397.696,-0.15,-0.45,-0.19,-0.37
397.718,-0.16,-0.61,-0.19,-0.42
397.740,-0.22,-0.50,-0.20,-0.45
397.762,-0.22,-0.32,-0.18,-0.46
397.784,-0.16,-0.33,-0.18,-0.44
397.806,-0.16,-0.18,-0.18,-0.39
397.828,-0.29,-0.21,-0.21,-0.31
397.850,-0.31,-0.23,-0.23,-0.25
397.872,-0.28,-0.30,-0.24,-0.25
397.894,-0.29,-0.33,-0.27,-0.25
397.916,-0.16,-0.40,-0.27,-0.29
397.938,-0.31,-0.45,-0.27,-0.34
397.960,-0.23,-0.51,-0.25,-0.40
397.982,-0.14,-0.36,-0.23,-0.41
398.004,-0.26,-0.18,-0.22,-0.38
398.026,-0.11,-0.16,-0.21,-0.33
398.048,-0.21,-0.19,-0.19,-0.28
398.070,-0.25,-0.16,-0.19,-0.21
398.092,-0.20,-0.27,-0.21,-0.19
398.114,-0.13,-0.39,-0.18,-0.23
398.136,-0.16,-0.34,-0.19,-0.27
398.158,-0.06,-0.40,-0.16,-0.31
398.180,-0.13,-0.32,-0.14,-0.34
398.202,-0.25,-0.31,-0.15,-0.35
398.224,-0.18,-0.38,-0.16,-0.35
398.246,-0.14,-0.19,-0.15,-0.32
398.268,-0.18,-0.22,-0.18,-0.28
398.290,-0.16,-0.31,-0.18,-0.28
398.312,-0.13,-0.30,-0.16,-0.28
398.334,-0.28,-0.28,-0.18,-0.26
398.356,-0.28,-0.16,-0.21,-0.25
398.378,-0.31,-0.10,-0.23,-0.23
398.400,-0.14,-0.08,-0.23,-0.18
398.422,-0.21,-0.22,-0.24,-0.17
398.444,-0.20,-0.24,-0.23,-0.16
398.466,-0.25,-0.10,-0.22,-0.15
398.488,-0.36,-0.15,-0.23,-0.16
398.510,-0.23,-0.15,-0.25,-0.17
398.532,-0.19,-0.34,-0.25,-0.20
398.554,-0.14,-0.23,-0.23,-0.19
398.576,-0.10,-0.22,-0.20,-0.22
398.598,-0.19,-0.37,-0.17,-0.26
398.620,-0.17,-0.36,-0.16,-0.30
398.642,-0.19,-0.36,-0.16,-0.31
398.664,-0.11,-0.37,-0.15,-0.34
398.686,-0.13,-0.38,-0.16,-0.37
398.708,-0.14,-0.47,-0.15,-0.39
398.730,-0.05,-0.45,-0.12,-0.41
398.752,-0.06,-0.32,-0.10,-0.40
398.774,-0.02,-0.25,-0.08,-0.37
398.796,-0.00,-0.42,-0.05,-0.38
398.818,-0.22,-0.24,-0.07,-0.34
398.840,-0.17,-0.33,-0.09,-0.31
398.862,-0.23,-0.49,-0.13,-0.35
398.884,-0.17,-0.46,-0.16,-0.39
398.906,-0.15,-0.28,-0.19,-0.36
398.928,-0.23,-0.47,-0.19,-0.41
398.950,-0.28,-0.38,-0.21,-0.42
398.972,-0.27,-0.28,-0.22,-0.37
398.994,-0.17,-0.33,-0.22,-0.35
399.016,-0.21,-0.42,-0.23,-0.38
399.038,-0.18,-0.47,-0.22,-0.38
399.060,-0.18,-0.44,-0.20,-0.39
399.082,-0.06,-0.37,-0.16,-0.41
399.104,-0.30,-0.37,-0.19,-0.41
399.126,-0.29,-0.29,-0.20,-0.39
399.148,-0.17,-0.22,-0.20,-0.34
399.170,-0.14,-0.13,-0.19,-0.28
399.192,-0.15,-0.14,-0.21,-0.23
399.214,-0.16,-0.17,-0.18,-0.19
399.236,-0.18,-0.17,-0.16,-0.17
399.258,-0.24,-0.20,-0.17,-0.16
399.280,-0.12,-0.27,-0.17,-0.19
399.302,-0.12,-0.23,-0.16,-0.21
399.324,-0.18,-0.44,-0.17,-0.26
399.346,-0.15,-0.51,-0.16,-0.33
399.368,-0.20,-0.47,-0.15,-0.38
399.390,-0.24,-0.49,-0.18,-0.43
399.412,-0.05,-0.50,-0.16,-0.48
399.434,-0.15,-0.44,-0.16,-0.48
399.456,-0.25,-0.38,-0.18,-0.46
399.478,-0.18,-0.28,-0.17,-0.42
399.500,-0.27,-0.29,-0.18,-0.38
399.522,-0.21,-0.32,-0.21,-0.34
399.544,-0.33,-0.38,-0.25,-0.33
399.566,-0.29,-0.29,-0.26,-0.31
399.588,-0.07,-0.30,-0.23,-0.32
399.610,-0.09,-0.33,-0.20,-0.32
399.632,-0.10,-0.24,-0.18,-0.31
399.654,-0.15,-0.31,-0.14,-0.29
399.676,-0.11,-0.41,-0.10,-0.32
399.698,-0.30,-0.43,-0.15,-0.34
399.720,-0.20,-0.43,-0.17,-0.36
399.742,-0.30,-0.34,-0.21,-0.38
399.764,-0.27,-0.33,-0.24,-0.39
399.786,-0.41,-0.47,-0.30,-0.40
399.808,-0.42,-0.29,-0.32,-0.37
399.830,-0.21,-0.39,-0.32,-0.36
399.852,-0.20,-0.25,-0.30,-0.35
399.874,-0.28,-0.32,-0.30,-0.34
399.896,-0.27,-0.47,-0.28,-0.34
399.918,-0.07,-0.47,-0.21,-0.38
399.940,-0.05,-0.46,-0.17,-0.39
399.962,-0.27,-0.25,-0.19,-0.39
399.984,-0.26,-0.34,-0.18,-0.40
400.006,-0.29,-0.39,-0.19,-0.38
400.028,-0.20,-0.39,-0.21,-0.37
400.050,-0.38,-0.44,-0.28,-0.36
400.072,-0.34,-0.43,-0.29,-0.40
400.094,-0.28,-0.19,-0.30,-0.37
400.116,-0.14,-0.32,-0.27,-0.35
400.138,-0.15,-0.33,-0.26,-0.34
400.160,-0.16,-0.22,-0.21,-0.30
400.182,-0.22,-0.23,-0.19,-0.26
400.204,-0.21,-0.32,-0.18,-0.28
400.226,-0.18,-0.31,-0.18,-0.28
400.248,-0.20,-0.28,-0.19,-0.27
400.270,-0.11,-0.19,-0.18,-0.27
400.292,-0.23,-0.24,-0.19,-0.27
400.314,-0.17,-0.32,-0.18,-0.27
400.336,-0.26,-0.46,-0.19,-0.30
400.358,-0.15,-0.37,-0.18,-0.32
400.380,-0.09,-0.51,-0.18,-0.38
400.402,-0.15,-0.40,-0.16,-0.41
400.424,-0.13,-0.36,-0.16,-0.42
400.446,-0.21,-0.23,-0.15,-0.37
400.468,-0.21,-0.19,-0.16,-0.34
400.490,-0.18,-0.27,-0.18,-0.29
400.512,-0.11,-0.07,-0.17,-0.22
400.534,-0.19,-0.24,-0.18,-0.20
400.556,-0.16,-0.24,-0.17,-0.20
400.578,-0.22,-0.37,-0.17,-0.24
400.600,-0.24,-0.30,-0.18,-0.24
400.622,-0.16,-0.37,-0.19,-0.30
400.644,-0.20,-0.25,-0.20,-0.31
400.666,-0.27,-0.31,-0.22,-0.32
400.688,-0.20,-0.32,-0.21,-0.31
400.710,-0.28,-0.30,-0.22,-0.31
400.732,-0.22,-0.37,-0.23,-0.31
400.754,-0.19,-0.45,-0.23,-0.35
400.776,-0.18,-0.54,-0.21,-0.40
400.798,-0.21,-0.21,-0.22,-0.37
400.820,-0.17,-0.36,-0.19,-0.39
400.842,-0.11,-0.21,-0.17,-0.35
400.864,-0.32,-0.24,-0.20,-0.31
400.886,-0.26,-0.28,-0.21,-0.26
400.908,-0.30,-0.19,-0.23,-0.26
400.930,-0.10,-0.41,-0.22,-0.27
400.952,-0.24,-0.37,-0.24,-0.30
400.974,-0.27,-0.29,-0.23,-0.31
400.996,-0.20,-0.26,-0.22,-0.30
401.018,-0.30,-0.40,-0.22,-0.35
401.040,-0.18,-0.39,-0.24,-0.34
401.062,-0.16,-0.40,-0.22,-0.35
401.084,-0.12,-0.35,-0.19,-0.36
401.106,-0.05,-0.52,-0.16,-0.41
401.128,-0.19,-0.35,-0.14,-0.40
401.150,-0.04,-0.23,-0.11,-0.37
401.172,-0.02,-0.17,-0.08,-0.32
401.194,-0.18,-0.30,-0.10,-0.31
401.216,-0.11,-0.34,-0.11,-0.28
401.238,-0.16,-0.34,-0.10,-0.28
401.260,-0.35,-0.42,-0.16,-0.31
401.282,-0.32,-0.48,-0.22,-0.38
401.304,-0.25,-0.43,-0.24,-0.40
401.326,-0.08,-0.38,-0.23,-0.41
401.348,-0.19,-0.37,-0.24,-0.42
401.370,-0.30,-0.39,-0.23,-0.41
401.392,-0.27,-0.44,-0.22,-0.40
401.414,-0.28,-0.45,-0.22,-0.41
401.436,-0.36,-0.38,-0.28,-0.41
401.458,-0.20,-0.26,-0.28,-0.38
401.480,-0.18,-0.37,-0.26,-0.38
401.502,-0.19,-0.20,-0.24,-0.33
401.524,-0.19,-0.23,-0.22,-0.29
401.546,-0.24,-0.30,-0.20,-0.27
401.568,-0.11,-0.47,-0.18,-0.31
401.590,-0.24,-0.30,-0.19,-0.30
401.612,-0.32,-0.39,-0.22,-0.34
401.634,-0.35,-0.49,-0.25,-0.39
401.656,-0.27,-0.49,-0.26,-0.43
401.678,-0.27,-0.42,-0.29,-0.42
401.700,-0.35,-0.42,-0.31,-0.44
401.722,-0.28,-0.36,-0.30,-0.44
401.744,-0.19,-0.48,-0.27,-0.43
401.766,-0.38,-0.43,-0.29,-0.42
401.788,-0.28,-0.40,-0.30,-0.42
401.810,-0.31,-0.37,-0.29,-0.41
401.832,-0.16,-0.51,-0.26,-0.44
401.854,-0.19,-0.66,-0.26,-0.47
401.876,-0.04,-0.65,-0.20,-0.52
401.898,-0.23,-0.56,-0.19,-0.55
401.920,-0.11,-0.42,-0.15,-0.56
401.942,-0.34,-0.38,-0.18,-0.53
401.964,-0.25,-0.35,-0.19,-0.47
401.986,-0.13,-0.35,-0.21,-0.41
402.008,-0.18,-0.30,-0.20,-0.36
402.030,-0.15,-0.24,-0.21,-0.32
402.052,-0.09,-0.27,-0.16,-0.30
402.074,-0.14,-0.54,-0.14,-0.34
402.096,-0.17,-0.62,-0.15,-0.39
402.118,0.03,-0.37,-0.10,-0.41
402.140,0.04,-0.28,-0.07,-0.42
402.162,-0.06,-0.34,-0.06,-0.43
402.184,-0.24,-0.41,-0.08,-0.40
402.206,-0.25,-0.36,-0.10,-0.35
402.228,-0.27,-0.26,-0.16,-0.33
402.250,-0.30,-0.37,-0.22,-0.35
402.272,-0.24,-0.28,-0.26,-0.34
402.294,-0.26,-0.33,-0.26,-0.32
402.316,-0.11,-0.46,-0.24,-0.34
402.338,-0.17,-0.36,-0.22,-0.36
402.360,-0.19,-0.31,-0.19,-0.35
402.382,-0.32,-0.39,-0.21,-0.37
402.404,-0.20,-0.27,-0.20,-0.36
402.426,-0.39,-0.22,-0.25,-0.31
402.448,-0.31,-0.48,-0.28,-0.33
402.470,-0.25,-0.42,-0.29,-0.36
402.492,-0.12,-0.50,-0.25,-0.38
402.514,0.01,-0.46,-0.21,-0.42
402.536,0.02,-0.40,-0.13,-0.45
402.558,0.01,-0.39,-0.07,-0.43
402.580,-0.06,-0.29,-0.03,-0.41
402.602,-0.12,-0.33,-0.03,-0.37
402.624,-0.29,-0.30,-0.09,-0.34
402.646,-0.33,-0.40,-0.16,-0.34
402.668,-0.28,-0.14,-0.22,-0.29
402.690,-0.21,-0.42,-0.25,-0.32
402.712,-0.08,-0.34,-0.24,-0.32
402.734,-0.01,-0.27,-0.18,-0.31
402.756,0.00,-0.34,-0.12,-0.30
402.778,-0.02,-0.25,-0.06,-0.32
402.800,-0.05,-0.34,-0.03,-0.31
402.822,-0.04,-0.44,-0.02,-0.33
402.844,-0.10,-0.43,-0.04,-0.36
402.866,-0.14,-0.45,-0.07,-0.38
402.888,-0.33,-0.42,-0.13,-0.42
402.910,-0.33,-0.33,-0.19,-0.41
402.932,-0.25,-0.39,-0.23,-0.40
402.954,-0.42,-0.21,-0.29,-0.36
402.976,-0.32,-0.24,-0.33,-0.32
402.998,-0.21,-0.15,-0.31,-0.26
403.020,-0.08,-0.22,-0.26,-0.24
403.042,-0.13,-0.40,-0.23,-0.24
403.064,-0.15,-0.23,-0.18,-0.25
403.086,-0.14,-0.35,-0.14,-0.27
403.108,-0.01,-0.37,-0.10,-0.31
403.130,-0.04,-0.25,-0.09,-0.32
403.152,-0.14,-0.32,-0.10,-0.30
403.174,-0.19,-0.45,-0.10,-0.35
403.196,-0.25,-0.31,-0.13,-0.34
403.218,-0.10,-0.56,-0.14,-0.38
403.240,-0.19,-0.56,-0.17,-0.44
403.262,-0.19,-0.45,-0.18,-0.47
403.284,-0.21,-0.50,-0.19,-0.48
403.306,-0.09,-0.42,-0.16,-0.50
403.328,-0.14,-0.47,-0.16,-0.48
403.350,-0.18,-0.42,-0.16,-0.45
403.372,-0.07,-0.40,-0.14,-0.44
403.394,-0.15,-0.38,-0.13,-0.42
403.416,-0.26,-0.31,-0.16,-0.40
403.438,-0.27,-0.36,-0.19,-0.37
403.460,-0.25,-0.41,-0.20,-0.37
403.482,-0.14,-0.36,-0.21,-0.36
403.504,-0.27,-0.25,-0.24,-0.34
403.526,-0.20,-0.46,-0.23,-0.37
403.548,-0.15,-0.39,-0.20,-0.37
403.570,-0.16,-0.24,-0.18,-0.34
403.592,-0.24,-0.32,-0.20,-0.33
403.614,-0.11,-0.34,-0.17,-0.35
403.636,-0.08,-0.44,-0.15,-0.35
403.658,-0.04,-0.46,-0.13,-0.36
403.680,-0.06,-0.44,-0.11,-0.40
403.702,-0.00,-0.37,-0.06,-0.41
403.724,-0.14,-0.34,-0.06,-0.41
403.746,-0.20,-0.46,-0.09,-0.41
403.768,-0.31,-0.37,-0.14,-0.40
403.790,-0.16,-0.37,-0.16,-0.38
403.812,-0.08,-0.39,-0.18,-0.39
403.834,-0.17,-0.31,-0.18,-0.38
403.856,-0.27,-0.37,-0.20,-0.36
403.878,-0.13,-0.37,-0.16,-0.36
403.900,-0.06,-0.36,-0.14,-0.36
403.922,-0.09,-0.34,-0.14,-0.35
403.944,-0.24,-0.27,-0.16,-0.34
403.966,-0.21,-0.21,-0.15,-0.31
403.988,-0.21,-0.28,-0.16,-0.29
404.010,-0.11,-0.44,-0.17,-0.31
404.032,-0.17,-0.33,-0.19,-0.31
404.054,-0.14,-0.45,-0.17,-0.34
404.076,-0.24,-0.44,-0.17,-0.39
404.098,-0.14,-0.25,-0.16,-0.38
404.120,-0.12,-0.39,-0.16,-0.37
404.142,-0.15,-0.43,-0.16,-0.39
404.164,-0.25,-0.15,-0.18,-0.33
404.186,-0.25,-0.28,-0.18,-0.30
404.208,-0.29,-0.22,-0.21,-0.29
404.230,-0.33,-0.27,-0.25,-0.27
404.252,-0.19,-0.18,-0.26,-0.22
404.274,-0.13,-0.26,-0.24,-0.24
404.296,-0.12,-0.28,-0.21,-0.24
404.318,-0.25,-0.31,-0.20,-0.26
404.340,-0.31,-0.18,-0.20,-0.24
404.362,-0.09,-0.17,-0.18,-0.24
404.384,-0.04,-0.25,-0.16,-0.24
404.406,-0.08,-0.28,-0.15,-0.24
404.428,-0.04,-0.24,-0.11,-0.22
404.450,-0.04,-0.30,-0.06,-0.25
404.472,-0.11,-0.42,-0.06,-0.30
404.494,-0.27,-0.55,-0.11,-0.36
404.516,-0.28,-0.36,-0.15,-0.37
404.538,-0.14,-0.30,-0.17,-0.39
404.560,-0.18,-0.35,-0.20,-0.40
404.582,-0.12,-0.45,-0.20,-0.40
404.604,-0.13,-0.36,-0.17,-0.36
404.626,-0.06,-0.30,-0.13,-0.35
404.648,-0.15,-0.37,-0.13,-0.37
404.670,-0.07,-0.41,-0.11,-0.38
404.692,-0.20,-0.38,-0.12,-0.36
404.714,-0.14,-0.33,-0.12,-0.36
404.736,-0.18,-0.20,-0.15,-0.34
404.758,-0.29,-0.22,-0.18,-0.31
404.780,-0.19,-0.28,-0.20,-0.28
404.802,-0.33,-0.33,-0.23,-0.27
404.824,-0.28,-0.26,-0.25,-0.26
404.846,-0.30,-0.40,-0.28,-0.30
404.868,-0.23,-0.43,-0.27,-0.34
404.890,-0.22,-0.42,-0.27,-0.37
404.912,-0.24,-0.41,-0.25,-0.38
404.934,-0.08,-0.37,-0.21,-0.41
404.956,-0.15,-0.18,-0.18,-0.36
404.978,-0.22,-0.22,-0.18,-0.32
405.000,-0.20,-0.32,-0.18,-0.30
405.022,-0.17,-0.41,-0.16,-0.30
405.044,-0.11,-0.32,-0.17,-0.29
405.066,-0.22,-0.40,-0.18,-0.33
405.088,-0.11,-0.33,-0.16,-0.36
405.110,-0.05,-0.25,-0.13,-0.34
405.132,-0.08,-0.19,-0.11,-0.30
405.154,-0.03,-0.40,-0.10,-0.31
405.176,-0.09,-0.24,-0.07,-0.28
405.198,0.05,-0.32,-0.04,-0.28
405.220,-0.16,-0.35,-0.06,-0.30
405.242,-0.30,-0.33,-0.11,-0.33
405.264,-0.32,-0.30,-0.16,-0.31
405.286,-0.22,-0.43,-0.19,-0.35
405.308,-0.28,-0.34,-0.26,-0.35
405.330,-0.16,-0.25,-0.26,-0.33
405.352,-0.26,-0.33,-0.25,-0.33
405.374,-0.35,-0.23,-0.25,-0.32
405.396,-0.34,-0.09,-0.28,-0.25
405.418,-0.15,-0.28,-0.25,-0.24
405.440,-0.34,-0.36,-0.29,-0.26
405.462,-0.21,-0.25,-0.28,-0.24
405.484,-0.28,-0.37,-0.26,-0.27
405.506,-0.27,-0.40,-0.25,-0.33
405.528,-0.22,-0.22,-0.26,-0.32
405.550,-0.21,-0.36,-0.24,-0.32
405.572,-0.25,-0.58,-0.25,-0.39
405.594,-0.22,-0.48,-0.23,-0.41
405.616,-0.21,-0.37,-0.22,-0.40
405.638,-0.27,-0.33,-0.23,-0.42
405.660,-0.20,-0.22,-0.23,-0.40
405.682,-0.07,-0.32,-0.19,-0.34
405.704,-0.21,-0.56,-0.19,-0.36
405.726,-0.08,-0.45,-0.17,-0.38
405.748,-0.11,-0.29,-0.13,-0.37
405.770,-0.13,-0.40,-0.12,-0.40
405.792,-0.05,-0.32,-0.12,-0.40
405.814,-0.06,-0.34,-0.09,-0.36
405.836,-0.19,-0.50,-0.11,-0.37
405.858,-0.21,-0.22,-0.13,-0.36
405.880,-0.36,-0.40,-0.17,-0.36
405.902,-0.18,-0.41,-0.20,-0.37
405.924,-0.10,-0.21,-0.21,-0.35
405.946,-0.01,-0.27,-0.17,-0.30
405.968,-0.15,-0.22,-0.16,-0.30
405.990,-0.07,-0.32,-0.10,-0.29
406.012,-0.09,-0.37,-0.08,-0.28
406.034,-0.22,-0.27,-0.11,-0.29
406.056,-0.28,-0.33,-0.16,-0.30
406.078,-0.34,-0.36,-0.20,-0.33
406.100,-0.32,-0.39,-0.25,-0.34
406.122,-0.34,-0.41,-0.30,-0.35
406.144,-0.28,-0.28,-0.31,-0.35
406.166,-0.25,-0.54,-0.31,-0.40
406.188,-0.28,-0.33,-0.29,-0.39
406.210,-0.08,-0.44,-0.25,-0.40
406.232,-0.04,-0.53,-0.19,-0.42
406.254,-0.20,-0.69,-0.17,-0.51
406.276,-0.22,-0.41,-0.16,-0.48
406.298,-0.27,-0.41,-0.16,-0.50
406.320,-0.20,-0.36,-0.19,-0.48
406.342,-0.18,-0.35,-0.21,-0.44
406.364,-0.17,-0.31,-0.21,-0.37
406.386,-0.23,-0.23,-0.21,-0.33
406.408,-0.33,-0.21,-0.22,-0.29
406.430,-0.31,-0.28,-0.24,-0.28
406.452,-0.31,-0.26,-0.27,-0.26
406.474,-0.43,-0.44,-0.32,-0.28
406.496,-0.29,-0.28,-0.33,-0.29
406.518,-0.29,-0.42,-0.33,-0.34
406.540,-0.23,-0.49,-0.31,-0.38
406.562,-0.22,-0.50,-0.29,-0.43
406.584,-0.27,-0.39,-0.26,-0.42
406.606,-0.15,-0.29,-0.23,-0.42
406.628,-0.11,-0.20,-0.20,-0.37
406.650,-0.23,-0.28,-0.20,-0.33
406.672,-0.23,-0.15,-0.20,-0.26
406.694,-0.21,-0.30,-0.19,-0.24
406.716,-0.20,-0.36,-0.20,-0.26
406.738,-0.11,-0.22,-0.20,-0.26
406.760,-0.31,-0.33,-0.21,-0.27
406.782,-0.21,-0.44,-0.21,-0.33
406.804,-0.21,-0.39,-0.21,-0.35
406.826,-0.11,-0.40,-0.19,-0.36
406.848,-0.18,-0.39,-0.20,-0.39
406.870,-0.17,-0.30,-0.18,-0.38
406.892,-0.11,-0.32,-0.16,-0.36
406.914,-0.04,-0.34,-0.12,-0.35
406.936,-0.04,-0.35,-0.11,-0.34
406.958,-0.14,-0.27,-0.10,-0.32
406.980,-0.19,-0.36,-0.10,-0.33
407.002,-0.16,-0.46,-0.11,-0.36
407.024,-0.44,-0.40,-0.19,-0.37
407.046,-0.48,-0.28,-0.28,-0.35
407.068,-0.34,-0.33,-0.32,-0.37
407.090,-0.19,-0.49,-0.32,-0.39
407.112,-0.17,-0.33,-0.32,-0.37
407.134,-0.29,-0.23,-0.29,-0.33
407.156,-0.17,-0.24,-0.23,-0.32
407.178,-0.07,-0.22,-0.18,-0.30
407.200,-0.15,-0.22,-0.17,-0.25
407.222,-0.14,-0.45,-0.16,-0.27
407.244,-0.20,-0.37,-0.15,-0.30
407.266,-0.28,-0.37,-0.17,-0.33
407.288,-0.40,-0.45,-0.23,-0.37
407.310,-0.34,-0.38,-0.27,-0.40
407.332,-0.14,-0.25,-0.27,-0.36
407.354,-0.31,-0.26,-0.29,-0.34
407.376,-0.20,-0.30,-0.28,-0.33
407.398,-0.13,-0.38,-0.22,-0.31
407.420,-0.13,-0.45,-0.18,-0.33
407.442,-0.03,-0.27,-0.16,-0.33
407.464,-0.04,-0.46,-0.11,-0.37
407.486,-0.06,-0.36,-0.08,-0.38
407.508,-0.19,-0.24,-0.09,-0.36
407.530,-0.02,-0.21,-0.07,-0.31
407.552,-0.08,-0.38,-0.08,-0.33
407.574,-0.15,-0.33,-0.10,-0.30
407.596,-0.07,-0.25,-0.10,-0.28
407.618,-0.10,-0.31,-0.08,-0.30
407.640,-0.07,-0.28,-0.09,-0.31
407.662,-0.18,-0.30,-0.11,-0.29
407.684,-0.15,-0.39,-0.11,-0.31
407.706,-0.13,-0.42,-0.13,-0.34
407.728,-0.15,-0.32,-0.14,-0.34
407.750,-0.25,-0.29,-0.17,-0.34
407.772,-0.10,-0.35,-0.16,-0.35
407.794,-0.15,-0.49,-0.16,-0.37
407.816,-0.15,-0.47,-0.16,-0.38
407.838,-0.28,-0.53,-0.19,-0.43
407.860,-0.14,-0.33,-0.16,-0.43
407.882,-0.20,-0.44,-0.18,-0.45
407.904,-0.12,-0.29,-0.18,-0.41
407.926,-0.15,-0.18,-0.18,-0.35
407.948,-0.09,-0.25,-0.14,-0.30
407.970,-0.11,-0.34,-0.13,-0.30
407.992,-0.16,-0.37,-0.13,-0.29
408.014,-0.11,-0.34,-0.12,-0.30
408.036,-0.05,-0.41,-0.10,-0.34
408.058,-0.27,-0.33,-0.14,-0.36
408.080,-0.18,-0.33,-0.15,-0.36
408.102,-0.21,-0.29,-0.16,-0.34
408.124,-0.16,-0.39,-0.17,-0.35
408.146,-0.29,-0.62,-0.22,-0.39
408.168,-0.12,-0.31,-0.19,-0.39
408.190,-0.19,-0.30,-0.19,-0.38
408.212,-0.15,-0.15,-0.18,-0.35
408.234,-0.21,-0.06,-0.19,-0.29
408.256,-0.20,-0.29,-0.17,-0.22
408.278,-0.15,-0.25,-0.18,-0.21
408.300,-0.13,-0.39,-0.17,-0.23
408.322,-0.19,-0.41,-0.18,-0.28
408.344,-0.15,-0.34,-0.16,-0.34
408.366,-0.21,-0.35,-0.17,-0.35
408.388,-0.33,-0.47,-0.20,-0.39
408.410,-0.18,-0.55,-0.21,-0.42
408.432,-0.29,-0.30,-0.23,-0.40
408.454,-0.41,-0.33,-0.28,-0.40
408.476,-0.30,-0.38,-0.30,-0.41
408.498,-0.19,-0.35,-0.27,-0.38
408.520,-0.13,-0.23,-0.26,-0.32
408.542,-0.17,-0.16,-0.24,-0.29
408.564,-0.26,-0.11,-0.21,-0.25
408.586,-0.28,-0.34,-0.21,-0.24
408.608,-0.20,-0.41,-0.21,-0.25
408.630,-0.26,-0.35,-0.23,-0.27
408.652,-0.24,-0.23,-0.25,-0.29
408.674,-0.21,-0.28,-0.24,-0.32
408.696,-0.23,-0.36,-0.23,-0.33
408.718,-0.18,-0.30,-0.22,-0.30
408.740,-0.15,-0.34,-0.20,-0.30
408.762,-0.20,-0.35,-0.19,-0.33
408.784,-0.01,-0.42,-0.15,-0.35
408.806,-0.23,-0.42,-0.15,-0.37
408.828,-0.19,-0.58,-0.16,-0.42
408.850,0.07,-0.31,-0.11,-0.42
408.872,-0.02,-0.38,-0.08,-0.42
408.894,-0.13,-0.43,-0.10,-0.42
408.916,-0.09,-0.50,-0.07,-0.44
408.938,-0.24,-0.36,-0.08,-0.40
408.960,-0.29,-0.45,-0.15,-0.42
408.982,-0.38,-0.37,-0.23,-0.42
409.004,-0.21,-0.49,-0.24,-0.43
409.026,-0.27,-0.34,-0.28,-0.40
409.048,-0.11,-0.32,-0.25,-0.39
409.070,-0.02,-0.38,-0.20,-0.38
409.092,-0.24,-0.39,-0.17,-0.38
409.114,-0.28,-0.32,-0.18,-0.35
409.136,-0.30,-0.32,-0.19,-0.35
409.158,-0.10,-0.32,-0.19,-0.35
409.180,-0.09,-0.45,-0.20,-0.36
409.202,-0.01,-0.35,-0.16,-0.35
409.224,-0.10,-0.32,-0.12,-0.35
409.246,-0.03,-0.45,-0.07,-0.38
409.268,-0.23,-0.41,-0.09,-0.40
409.290,-0.13,-0.31,-0.10,-0.37
409.312,-0.13,-0.40,-0.12,-0.38
409.334,-0.14,-0.54,-0.13,-0.42
409.356,-0.05,-0.40,-0.14,-0.41
409.378,-0.06,-0.12,-0.10,-0.35
409.400,-0.07,-0.33,-0.09,-0.36
409.422,-0.12,-0.33,-0.09,-0.34
409.444,-0.06,-0.45,-0.07,-0.33
409.466,-0.11,-0.46,-0.08,-0.34
409.488,-0.20,-0.22,-0.11,-0.36
409.510,-0.12,-0.19,-0.12,-0.33
409.532,-0.26,-0.37,-0.15,-0.34
409.554,-0.09,-0.46,-0.16,-0.34
409.576,-0.09,-0.42,-0.15,-0.33
409.598,-0.08,-0.41,-0.13,-0.37
409.620,-0.06,-0.31,-0.12,-0.39
409.642,-0.09,-0.33,-0.08,-0.39
409.664,-0.07,-0.29,-0.08,-0.35
409.686,-0.18,-0.23,-0.10,-0.31
409.708,-0.09,-0.13,-0.10,-0.26
409.730,-0.13,-0.17,-0.11,-0.23
409.752,-0.16,-0.41,-0.13,-0.25
409.774,-0.21,-0.33,-0.15,-0.25
409.796,-0.27,-0.27,-0.17,-0.26
409.818,-0.19,-0.35,-0.19,-0.31
409.840,-0.19,-0.42,-0.20,-0.36
409.862,-0.21,-0.35,-0.21,-0.34
409.884,-0.12,-0.51,-0.20,-0.38
409.906,-0.10,-0.55,-0.16,-0.44
409.928,-0.11,-0.34,-0.15,-0.43
409.950,-0.14,-0.25,-0.14,-0.40
409.972,-0.21,-0.32,-0.14,-0.39
409.994,-0.23,-0.46,-0.16,-0.38
410.016,-0.16,-0.32,-0.17,-0.34
410.038,-0.17,-0.24,-0.18,-0.32
410.060,-0.14,-0.38,-0.18,-0.34
410.082,-0.26,-0.46,-0.19,-0.37
410.104,-0.15,-0.65,-0.18,-0.41
410.126,-0.21,-0.65,-0.19,-0.48
410.148,-0.22,-0.50,-0.20,-0.53
410.170,-0.15,-0.27,-0.20,-0.51
410.192,-0.13,-0.48,-0.17,-0.51
410.214,-0.19,-0.45,-0.18,-0.47
410.236,-0.10,-0.41,-0.16,-0.42
410.258,-0.17,-0.27,-0.15,-0.38
410.280,-0.28,-0.16,-0.17,-0.35
410.302,-0.18,-0.33,-0.18,-0.32
410.324,-0.28,-0.22,-0.20,-0.28
410.346,-0.14,-0.25,-0.21,-0.25
410.368,-0.25,-0.25,-0.23,-0.24
410.390,-0.32,-0.32,-0.23,-0.27
410.412,-0.24,-0.42,-0.25,-0.29
410.434,-0.33,-0.42,-0.26,-0.33
410.456,-0.26,-0.35,-0.28,-0.35
410.478,-0.28,-0.52,-0.29,-0.41
410.500,-0.15,-0.36,-0.25,-0.41
410.522,-0.22,-0.44,-0.25,-0.42
410.544,-0.26,-0.33,-0.23,-0.40
410.566,-0.25,-0.34,-0.23,-0.40
410.588,-0.25,-0.31,-0.23,-0.36
410.610,-0.08,-0.18,-0.21,-0.32
410.632,-0.01,-0.31,-0.17,-0.29
410.654,0.13,-0.36,-0.09,-0.30
410.676,0.07,-0.40,-0.03,-0.31
410.698,-0.13,-0.21,-0.00,-0.29
410.720,-0.11,-0.33,-0.01,-0.32
410.742,-0.04,-0.36,-0.02,-0.33
410.764,-0.12,-0.35,-0.07,-0.33
410.786,-0.15,-0.35,-0.11,-0.32
410.808,-0.10,-0.38,-0.10,-0.35
410.830,-0.02,-0.43,-0.09,-0.37
410.852,-0.08,-0.32,-0.09,-0.37
410.874,-0.04,-0.31,-0.08,-0.36
410.896,-0.09,-0.28,-0.07,-0.34
410.918,-0.15,-0.36,-0.08,-0.34
410.940,-0.25,-0.39,-0.12,-0.33
410.962,-0.07,-0.25,-0.12,-0.32
410.984,-0.16,-0.34,-0.14,-0.32
411.006,-0.15,-0.38,-0.16,-0.34
411.028,-0.17,-0.37,-0.16,-0.35
411.050,-0.14,-0.39,-0.14,-0.35
411.072,-0.19,-0.21,-0.16,-0.34
411.094,-0.14,-0.13,-0.16,-0.30
411.116,-0.17,-0.29,-0.16,-0.28
411.138,-0.20,-0.30,-0.17,-0.26
411.160,-0.13,-0.47,-0.17,-0.28
411.182,-0.17,-0.40,-0.16,-0.32
411.204,-0.26,-0.52,-0.19,-0.40
411.226,-0.32,-0.29,-0.22,-0.40
411.248,-0.25,-0.37,-0.23,-0.41
411.270,-0.14,-0.54,-0.23,-0.42
411.292,-0.09,-0.42,-0.21,-0.43
411.314,-0.20,-0.31,-0.20,-0.39
411.336,-0.15,-0.34,-0.17,-0.40
411.358,-0.01,-0.38,-0.12,-0.40
411.380,-0.12,-0.46,-0.11,-0.38
411.402,-0.31,-0.42,-0.16,-0.38
411.424,-0.18,-0.45,-0.15,-0.41
411.446,-0.23,-0.48,-0.17,-0.44
411.468,-0.28,-0.33,-0.22,-0.43
411.490,-0.24,-0.31,-0.25,-0.40
411.512,-0.33,-0.38,-0.25,-0.39
411.534,-0.34,-0.41,-0.28,-0.38
411.556,-0.38,-0.39,-0.31,-0.36
411.578,-0.34,-0.52,-0.33,-0.40
411.600,-0.30,-0.28,-0.34,-0.40
411.622,-0.32,-0.48,-0.34,-0.42
411.644,-0.30,-0.43,-0.33,-0.42
411.666,-0.12,-0.33,-0.28,-0.41
411.688,-0.15,-0.30,-0.24,-0.36
411.710,-0.20,-0.29,-0.22,-0.37
411.732,-0.16,-0.44,-0.19,-0.36
411.754,-0.16,-0.43,-0.16,-0.36
411.776,-0.18,-0.41,-0.17,-0.37
411.798,-0.23,-0.36,-0.19,-0.39
411.820,-0.06,-0.33,-0.16,-0.39
411.842,-0.12,-0.25,-0.15,-0.36
411.864,-0.09,-0.47,-0.14,-0.36
411.886,-0.23,-0.34,-0.15,-0.35
411.908,-0.13,-0.32,-0.13,-0.34
411.930,-0.00,-0.37,-0.11,-0.35
411.952,0.04,-0.45,-0.08,-0.39
411.974,-0.09,-0.35,-0.08,-0.37
411.996,-0.07,-0.28,-0.05,-0.35
412.018,-0.10,-0.37,-0.04,-0.36
412.040,-0.11,-0.40,-0.07,-0.37
412.062,-0.20,-0.36,-0.11,-0.35
412.084,-0.19,-0.36,-0.13,-0.35
412.106,-0.02,-0.22,-0.12,-0.34
412.128,-0.01,-0.28,-0.11,-0.32
412.150,0.00,-0.41,-0.08,-0.33
412.172,-0.06,-0.52,-0.06,-0.36
412.194,-0.11,-0.40,-0.04,-0.37
412.216,-0.27,-0.31,-0.09,-0.38
412.238,-0.18,-0.32,-0.12,-0.39
412.260,-0.29,-0.36,-0.18,-0.38
412.282,-0.25,-0.42,-0.22,-0.36
412.304,-0.18,-0.38,-0.23,-0.36
412.326,-0.16,-0.32,-0.21,-0.36
412.348,-0.19,-0.29,-0.21,-0.35
412.370,-0.04,-0.20,-0.16,-0.32
412.392,-0.23,-0.27,-0.16,-0.29
412.414,-0.18,-0.30,-0.16,-0.28
412.436,-0.11,-0.21,-0.15,-0.25
412.458,-0.10,-0.18,-0.13,-0.23
412.480,-0.16,-0.17,-0.16,-0.23
412.502,-0.26,-0.27,-0.16,-0.23
412.524,-0.19,-0.32,-0.16,-0.23
412.546,-0.31,-0.28,-0.20,-0.24
412.568,-0.25,-0.49,-0.23,-0.31
412.590,-0.08,-0.53,-0.22,-0.38
412.612,-0.00,-0.46,-0.17,-0.42
412.634,0.03,-0.34,-0.12,-0.42
412.656,-0.06,-0.29,-0.07,-0.42
412.678,-0.11,-0.40,-0.04,-0.40
412.700,-0.14,-0.40,-0.06,-0.38
412.722,-0.17,-0.40,-0.09,-0.37
412.744,-0.14,-0.33,-0.12,-0.36
412.766,-0.12,-0.52,-0.14,-0.41
412.788,-0.21,-0.60,-0.16,-0.45
412.810,-0.33,-0.45,-0.19,-0.46
412.832,-0.20,-0.11,-0.20,-0.40
412.854,-0.21,-0.39,-0.21,-0.41
412.876,-0.09,-0.43,-0.21,-0.40
412.898,-0.00,-0.32,-0.17,-0.34
412.920,-0.20,-0.24,-0.14,-0.30
412.942,-0.25,-0.36,-0.15,-0.35
412.964,-0.17,-0.26,-0.14,-0.32
412.986,-0.25,-0.36,-0.17,-0.31
413.008,-0.18,-0.41,-0.21,-0.33
413.030,-0.29,-0.22,-0.23,-0.32
413.052,-0.22,-0.41,-0.22,-0.33
413.074,-0.32,-0.40,-0.25,-0.36
413.096,-0.34,-0.25,-0.27,-0.34
413.118,-0.23,-0.26,-0.28,-0.31
413.140,-0.12,-0.37,-0.25,-0.34
413.162,-0.22,-0.28,-0.25,-0.31
413.184,-0.17,-0.39,-0.22,-0.31
413.206,-0.05,-0.43,-0.16,-0.35
413.228,-0.12,-0.36,-0.14,-0.37
413.250,-0.27,-0.44,-0.17,-0.38
413.272,-0.29,-0.37,-0.18,-0.40
413.294,-0.28,-0.60,-0.20,-0.44
413.316,-0.17,-0.38,-0.23,-0.43
413.338,-0.16,-0.54,-0.23,-0.47
413.360,-0.09,-0.40,-0.20,-0.46
413.382,-0.27,-0.48,-0.19,-0.48
413.404,-0.15,-0.49,-0.17,-0.46
413.426,-0.22,-0.19,-0.18,-0.42
413.448,-0.06,-0.22,-0.16,-0.36
413.470,-0.14,-0.14,-0.17,-0.30
413.492,-0.12,-0.26,-0.14,-0.26
413.514,-0.03,-0.36,-0.11,-0.23
413.536,-0.20,-0.32,-0.11,-0.26
413.558,-0.02,-0.34,-0.10,-0.28
413.580,-0.18,-0.39,-0.11,-0.33
413.602,-0.20,-0.44,-0.13,-0.37
413.624,-0.09,-0.37,-0.14,-0.37
413.646,-0.06,-0.21,-0.11,-0.35
413.668,-0.19,-0.42,-0.14,-0.37
413.690,-0.12,-0.44,-0.13,-0.38
413.712,-0.08,-0.53,-0.11,-0.39
413.734,-0.12,-0.37,-0.11,-0.39
413.756,-0.22,-0.29,-0.15,-0.41
413.778,-0.17,-0.17,-0.14,-0.36
413.800,-0.27,-0.23,-0.17,-0.32
413.822,-0.18,-0.34,-0.19,-0.28
413.844,-0.25,-0.47,-0.22,-0.30
413.866,-0.22,-0.37,-0.22,-0.32
413.888,-0.28,-0.37,-0.24,-0.36
413.910,-0.15,-0.37,-0.22,-0.38
413.932,-0.21,-0.26,-0.22,-0.37
413.954,-0.13,-0.25,-0.20,-0.32
413.976,-0.23,-0.10,-0.20,-0.27
413.998,-0.19,-0.15,-0.18,-0.23
414.020,-0.22,-0.23,-0.20,-0.20
414.042,-0.19,-0.25,-0.19,-0.20
414.064,-0.08,-0.27,-0.18,-0.20
414.086,-0.16,-0.30,-0.17,-0.24
414.108,-0.14,-0.34,-0.16,-0.28
414.130,-0.16,-0.30,-0.15,-0.29
414.152,0.02,-0.21,-0.10,-0.28
414.174,-0.04,-0.39,-0.10,-0.31
414.196,-0.18,-0.24,-0.10,-0.30
414.218,-0.20,-0.27,-0.11,-0.28
414.240,-0.17,-0.36,-0.11,-0.29
414.262,-0.18,-0.32,-0.15,-0.32
414.284,-0.19,-0.36,-0.18,-0.31
414.306,-0.22,-0.21,-0.19,-0.30
414.328,-0.31,-0.24,-0.21,-0.30
414.350,-0.16,-0.35,-0.21,-0.30
414.372,-0.34,-0.40,-0.24,-0.31
414.394,-0.09,-0.35,-0.22,-0.31
414.416,-0.06,-0.35,-0.19,-0.34
414.438,-0.19,-0.32,-0.17,-0.35
414.460,-0.27,-0.42,-0.19,-0.37
414.482,-0.35,-0.30,-0.19,-0.35
414.504,-0.03,-0.47,-0.18,-0.37
414.526,-0.09,-0.42,-0.19,-0.39
414.548,-0.22,-0.35,-0.19,-0.39
414.570,-0.19,-0.25,-0.18,-0.36
414.592,-0.08,-0.33,-0.12,-0.36
414.614,-0.05,-0.36,-0.13,-0.34
414.636,-0.13,-0.35,-0.13,-0.33
414.658,-0.27,-0.34,-0.14,-0.33
414.680,-0.18,-0.38,-0.14,-0.35
414.702,-0.24,-0.38,-0.17,-0.36
414.724,-0.19,-0.27,-0.20,-0.34
414.746,-0.20,-0.34,-0.22,-0.34
414.768,-0.16,-0.41,-0.19,-0.36
414.790,-0.27,-0.38,-0.21,-0.36
414.812,-0.12,-0.33,-0.19,-0.35
414.834,-0.20,-0.42,-0.19,-0.38
414.856,-0.16,-0.42,-0.18,-0.39
414.878,-0.21,-0.13,-0.19,-0.34
414.900,-0.16,-0.18,-0.17,-0.30
414.922,-0.14,-0.17,-0.17,-0.26
414.944,-0.19,-0.11,-0.17,-0.20
414.966,-0.20,-0.07,-0.18,-0.13
414.988,-0.18,-0.37,-0.17,-0.18
415.010,-0.28,-0.31,-0.20,-0.21
415.032,-0.39,-0.48,-0.25,-0.27
415.054,-0.20,-0.43,-0.25,-0.33
415.076,-0.17,-0.52,-0.24,-0.42
415.098,-0.19,-0.41,-0.25,-0.43
415.120,-0.24,-0.33,-0.24,-0.43
415.142,-0.20,-0.45,-0.20,-0.43
415.164,-0.28,-0.39,-0.22,-0.42
415.186,-0.37,-0.39,-0.26,-0.39
415.208,-0.13,-0.32,-0.24,-0.38
415.230,-0.24,-0.33,-0.24,-0.38
415.252,-0.20,-0.33,-0.24,-0.35
415.274,-0.27,-0.36,-0.24,-0.35
415.296,-0.15,-0.42,-0.20,-0.35
415.318,-0.23,-0.30,-0.22,-0.35
415.340,-0.18,-0.21,-0.21,-0.32
415.362,-0.21,-0.25,-0.21,-0.31
415.384,-0.23,-0.31,-0.20,-0.30
415.406,-0.28,-0.37,-0.23,-0.29
415.428,-0.17,-0.40,-0.21,-0.31
415.450,-0.25,-0.33,-0.23,-0.33
415.472,-0.19,-0.41,-0.22,-0.36
415.494,-0.15,-0.35,-0.21,-0.37
415.516,-0.09,-0.46,-0.17,-0.39
415.538,-0.05,-0.41,-0.15,-0.39
415.560,-0.13,-0.35,-0.12,-0.40
415.582,-0.26,-0.37,-0.14,-0.39
415.604,-0.42,-0.42,-0.19,-0.40
415.626,-0.22,-0.38,-0.22,-0.39
415.648,-0.20,-0.43,-0.25,-0.39
415.670,-0.35,-0.30,-0.29,-0.38
415.692,-0.20,-0.30,-0.28,-0.37
415.714,-0.23,-0.33,-0.24,-0.35
415.736,-0.21,-0.35,-0.24,-0.34
415.758,-0.19,-0.41,-0.24,-0.34
415.780,-0.08,-0.41,-0.18,-0.36
415.802,-0.07,-0.39,-0.16,-0.38
415.824,-0.18,-0.39,-0.15,-0.39
415.846,-0.09,-0.22,-0.12,-0.36
415.868,-0.09,-0.33,-0.10,-0.35
415.890,-0.23,-0.36,-0.13,-0.34
415.912,-0.26,-0.23,-0.17,-0.31
415.934,-0.12,-0.29,-0.16,-0.29
415.956,-0.18,-0.28,-0.18,-0.30
415.978,-0.22,-0.18,-0.20,-0.27
416.000,-0.39,-0.38,-0.23,-0.27
416.022,-0.26,-0.44,-0.23,-0.31
416.044,-0.27,-0.34,-0.26,-0.32
416.066,-0.20,-0.50,-0.27,-0.37
416.088,-0.25,-0.54,-0.27,-0.44
416.110,-0.28,-0.39,-0.25,-0.44
416.132,-0.37,-0.50,-0.27,-0.45
416.154,-0.41,-0.53,-0.30,-0.49
416.176,-0.28,-0.42,-0.32,-0.48
416.198,-0.15,-0.35,-0.30,-0.44
416.220,-0.11,-0.30,-0.26,-0.42
416.242,-0.09,-0.27,-0.21,-0.37
416.264,-0.07,-0.31,-0.14,-0.33
416.286,-0.24,-0.33,-0.13,-0.31
416.308,-0.24,-0.22,-0.15,-0.29
416.330,-0.15,-0.27,-0.16,-0.28
416.352,-0.17,-0.45,-0.17,-0.32
416.374,-0.15,-0.37,-0.19,-0.33
416.396,-0.23,-0.33,-0.19,-0.33
416.418,-0.19,-0.30,-0.18,-0.34
416.440,-0.24,-0.26,-0.20,-0.34
416.462,-0.21,-0.10,-0.20,-0.27
416.484,-0.28,-0.25,-0.23,-0.25
416.506,-0.21,-0.33,-0.23,-0.25
416.528,-0.29,-0.23,-0.25,-0.23
416.550,-0.23,-0.18,-0.24,-0.22
416.572,-0.28,-0.20,-0.26,-0.24
416.594,-0.31,-0.18,-0.26,-0.22
416.616,-0.18,-0.31,-0.26,-0.22
416.638,-0.09,-0.23,-0.22,-0.22
416.660,-0.19,-0.29,-0.21,-0.24
416.682,-0.15,-0.37,-0.18,-0.28
416.704,-0.23,-0.19,-0.17,-0.28
416.726,-0.22,-0.31,-0.18,-0.28
416.748,-0.31,-0.45,-0.22,-0.32
416.770,-0.29,-0.48,-0.24,-0.36
416.792,-0.29,-0.45,-0.27,-0.38
416.814,-0.20,-0.33,-0.26,-0.40
416.836,-0.14,-0.31,-0.25,-0.40
416.858,-0.08,-0.34,-0.20,-0.38
416.880,-0.21,-0.42,-0.18,-0.37
416.902,-0.12,-0.38,-0.15,-0.36
416.924,-0.12,-0.44,-0.13,-0.38
416.946,-0.14,-0.34,-0.13,-0.38
416.968,-0.02,-0.29,-0.12,-0.37
416.990,-0.10,-0.31,-0.10,-0.35
417.012,-0.23,-0.19,-0.12,-0.31
417.034,-0.21,-0.37,-0.14,-0.30
417.056,-0.26,-0.29,-0.16,-0.29
417.078,-0.10,-0.17,-0.18,-0.27
417.100,-0.21,-0.34,-0.20,-0.27
417.122,-0.24,-0.31,-0.20,-0.30
417.144,-0.30,-0.28,-0.22,-0.28
417.166,-0.18,-0.27,-0.21,-0.27
417.188,-0.12,-0.18,-0.21,-0.28
417.210,-0.14,-0.15,-0.20,-0.24
417.232,-0.18,-0.38,-0.18,-0.25
417.254,-0.27,-0.42,-0.18,-0.28
417.276,-0.12,-0.32,-0.17,-0.29
417.298,-0.25,-0.48,-0.19,-0.35
417.320,-0.19,-0.43,-0.20,-0.41
417.342,-0.16,-0.43,-0.20,-0.42
417.364,-0.06,-0.31,-0.16,-0.39
417.386,-0.18,-0.28,-0.17,-0.39
417.408,-0.09,-0.27,-0.14,-0.34
417.430,-0.24,-0.44,-0.15,-0.35
417.452,-0.27,-0.42,-0.17,-0.34
417.474,-0.16,-0.33,-0.19,-0.35
417.496,-0.05,-0.33,-0.16,-0.36
417.518,-0.12,-0.51,-0.17,-0.41
417.540,-0.11,-0.50,-0.14,-0.42
417.562,-0.27,-0.40,-0.14,-0.41
417.584,-0.19,-0.42,-0.15,-0.43
417.606,-0.18,-0.44,-0.17,-0.45
417.628,-0.36,-0.47,-0.22,-0.45
417.650,-0.27,-0.44,-0.25,-0.43
417.672,-0.29,-0.39,-0.26,-0.43
417.694,-0.21,-0.44,-0.26,-0.44
417.716,-0.11,-0.50,-0.25,-0.45
417.738,-0.02,-0.46,-0.18,-0.45
417.760,-0.28,-0.42,-0.18,-0.44
417.782,-0.29,-0.35,-0.18,-0.43
417.804,-0.27,-0.32,-0.19,-0.41
417.826,-0.32,-0.22,-0.24,-0.35
417.848,-0.35,-0.43,-0.30,-0.35
417.870,-0.33,-0.29,-0.31,-0.32
417.892,-0.15,-0.20,-0.28,-0.29
417.914,-0.21,-0.28,-0.27,-0.28
417.936,-0.10,-0.44,-0.23,-0.33
417.958,-0.09,-0.45,-0.18,-0.33
417.980,-0.15,-0.39,-0.14,-0.35
418.002,-0.22,-0.29,-0.15,-0.37
418.024,-0.38,-0.20,-0.19,-0.35
418.046,-0.25,-0.14,-0.22,-0.29
418.068,-0.24,-0.15,-0.25,-0.23
418.090,-0.30,-0.20,-0.28,-0.20
418.112,-0.18,-0.37,-0.27,-0.21
418.134,-0.41,-0.15,-0.28,-0.20
418.156,-0.31,-0.34,-0.29,-0.24
418.178,-0.21,-0.33,-0.28,-0.28
418.200,-0.17,-0.42,-0.26,-0.32
418.222,-0.10,-0.40,-0.24,-0.33
418.244,-0.14,-0.44,-0.19,-0.39
418.266,-0.04,-0.50,-0.13,-0.42
418.288,-0.25,-0.50,-0.14,-0.45
418.310,-0.36,-0.29,-0.18,-0.43
418.332,-0.35,-0.27,-0.23,-0.40
418.354,-0.26,-0.34,-0.25,-0.38
418.376,-0.13,-0.26,-0.27,-0.33
418.398,-0.34,-0.30,-0.29,-0.29
418.420,-0.27,-0.27,-0.27,-0.29
418.442,-0.18,-0.24,-0.24,-0.28
418.464,0.05,-0.39,-0.17,-0.29
418.486,-0.15,-0.39,-0.18,-0.32
418.508,-0.11,-0.39,-0.13,-0.34
418.530,-0.15,-0.34,-0.11,-0.35
418.552,-0.16,-0.34,-0.10,-0.37
418.574,-0.14,-0.47,-0.14,-0.39
418.596,-0.01,-0.36,-0.11,-0.38
418.618,-0.16,-0.35,-0.12,-0.37
418.640,-0.23,-0.49,-0.14,-0.40
418.662,-0.21,-0.53,-0.15,-0.44
418.684,-0.27,-0.53,-0.18,-0.45
418.706,-0.21,-0.29,-0.22,-0.44
418.728,-0.26,-0.46,-0.24,-0.46
418.750,-0.39,-0.36,-0.27,-0.43
418.773,-0.38,-0.41,-0.30,-0.41
418.795,-0.20,-0.28,-0.29,-0.36
418.817,-0.24,-0.21,-0.29,-0.34
418.839,-0.29,-0.28,-0.30,-0.31
418.861,-0.20,-0.30,-0.26,-0.30
418.883,-0.31,-0.31,-0.25,-0.28
418.905,-0.11,-0.21,-0.23,-0.26
418.927,-0.24,-0.30,-0.23,-0.28
418.949,-0.32,-0.31,-0.24,-0.29
418.971,-0.41,-0.30,-0.28,-0.29
418.993,-0.37,-0.34,-0.29,-0.29
419.015,-0.28,-0.27,-0.32,-0.30
419.037,-0.28,-0.26,-0.33,-0.30
419.059,-0.31,-0.25,-0.33,-0.28
419.081,-0.28,-0.39,-0.30,-0.30
419.103,-0.10,-0.42,-0.25,-0.32
419.125,-0.17,-0.36,-0.23,-0.34
419.147,-0.02,-0.47,-0.18,-0.38
419.169,-0.17,-0.39,-0.15,-0.41
419.191,-0.26,-0.43,-0.14,-0.41
419.213,-0.18,-0.40,-0.16,-0.41
419.235,-0.16,-0.31,-0.16,-0.40
419.257,-0.23,-0.37,-0.20,-0.38
419.279,-0.21,-0.21,-0.21,-0.34
419.301,-0.23,-0.24,-0.20,-0.31
419.323,-0.19,-0.23,-0.20,-0.27
419.345,-0.19,-0.31,-0.21,-0.27
419.367,-0.21,-0.29,-0.21,-0.26
419.389,-0.16,-0.26,-0.20,-0.27
419.411,-0.13,-0.24,-0.18,-0.27
419.433,-0.07,-0.23,-0.15,-0.27
419.455,-0.23,-0.29,-0.16,-0.26
419.477,-0.20,-0.38,-0.16,-0.28
419.499,-0.17,-0.36,-0.16,-0.30
419.521,-0.04,-0.42,-0.14,-0.34
419.543,-0.12,-0.41,-0.15,-0.37
419.565,-0.12,-0.40,-0.13,-0.39
419.587,-0.15,-0.35,-0.12,-0.39
419.609,-0.12,-0.20,-0.11,-0.36
419.631,-0.18,-0.20,-0.14,-0.31
419.653,-0.00,-0.29,-0.11,-0.29
419.675,-0.07,-0.29,-0.10,-0.27
419.697,-0.12,-0.27,-0.10,-0.25
419.719,-0.01,-0.35,-0.08,-0.28
419.741,-0.13,-0.28,-0.07,-0.30
419.763,-0.28,-0.30,-0.12,-0.30
419.785,-0.41,-0.28,-0.19,-0.30
419.807,-0.32,-0.23,-0.23,-0.29
419.829,-0.20,-0.24,-0.27,-0.27
419.851,-0.31,-0.24,-0.30,-0.26
419.873,-0.40,-0.36,-0.33,-0.27
419.895,-0.40,-0.38,-0.33,-0.29
419.917,-0.27,-0.40,-0.32,-0.32
419.939,-0.15,-0.26,-0.31,-0.33
419.961,-0.02,-0.33,-0.25,-0.35
419.983,-0.21,-0.33,-0.21,-0.34
420.005,-0.18,-0.20,-0.17,-0.30
420.027,-0.23,-0.28,-0.16,-0.28
420.049,-0.18,-0.30,-0.16,-0.29
420.071,-0.21,-0.23,-0.20,-0.27
420.093,-0.17,-0.22,-0.19,-0.25
420.115,-0.18,-0.16,-0.19,-0.24
420.137,-0.32,-0.18,-0.21,-0.22
420.159,-0.31,-0.30,-0.24,-0.22
420.181,-0.34,-0.20,-0.26,-0.21
420.203,-0.15,-0.29,-0.26,-0.23
420.225,-0.05,-0.25,-0.23,-0.24
420.247,-0.02,-0.27,-0.17,-0.26
420.269,-0.10,-0.47,-0.13,-0.30
420.291,-0.18,-0.43,-0.10,-0.34
420.313,-0.22,-0.45,-0.11,-0.37
420.335,-0.22,-0.40,-0.15,-0.40
420.357,-0.19,-0.38,-0.18,-0.43
420.379,-0.18,-0.37,-0.20,-0.41
420.401,-0.23,-0.28,-0.21,-0.38
420.423,-0.43,-0.17,-0.25,-0.32
420.445,-0.17,-0.42,-0.24,-0.32
420.467,-0.20,-0.40,-0.24,-0.33
420.489,-0.16,-0.33,-0.24,-0.32
420.511,-0.08,-0.26,-0.21,-0.32
420.533,-0.04,-0.43,-0.13,-0.37
420.555,-0.19,-0.31,-0.13,-0.35
420.577,-0.20,-0.55,-0.13,-0.38
420.599,-0.10,-0.44,-0.12,-0.40
420.621,-0.30,-0.39,-0.17,-0.42
420.643,-0.10,-0.38,-0.18,-0.41
420.665,-0.09,-0.43,-0.16,-0.44
420.687,-0.08,-0.33,-0.13,-0.39
420.709,-0.18,-0.35,-0.15,-0.38
420.731,-0.10,-0.27,-0.11,-0.35
420.753,-0.19,-0.32,-0.13,-0.34
420.775,-0.21,-0.44,-0.15,-0.34
420.797,-0.21,-0.29,-0.18,-0.33
420.819,-0.18,-0.33,-0.18,-0.33
420.841,-0.22,-0.25,-0.20,-0.33
420.863,-0.16,-0.38,-0.20,-0.34
420.885,-0.21,-0.47,-0.20,-0.34
420.907,-0.15,-0.20,-0.18,-0.33
420.929,-0.20,-0.29,-0.19,-0.32
420.951,-0.15,-0.16,-0.17,-0.30
420.973,-0.12,-0.19,-0.17,-0.26
420.995,-0.13,-0.20,-0.15,-0.21
421.017,-0.20,-0.14,-0.16,-0.20
421.039,-0.08,-0.22,-0.14,-0.18
421.061,-0.31,-0.40,-0.17,-0.23
421.083,-0.26,-0.36,-0.20,-0.26
421.105,-0.27,-0.41,-0.22,-0.31
421.127,-0.17,-0.42,-0.22,-0.36
421.149,0.02,-0.37,-0.20,-0.39
421.171,-0.07,-0.30,-0.15,-0.37
421.193,-0.22,-0.29,-0.14,-0.36
421.215,-0.08,-0.43,-0.10,-0.36
421.237,-0.13,-0.28,-0.10,-0.33
421.259,-0.30,-0.38,-0.16,-0.34
421.281,-0.24,-0.22,-0.19,-0.32
421.303,-0.13,-0.05,-0.18,-0.27
421.325,-0.21,-0.25,-0.20,-0.24
421.347,-0.21,-0.13,-0.22,-0.21
421.369,-0.25,-0.31,-0.21,-0.19
421.391,-0.13,-0.38,-0.19,-0.22
421.413,-0.15,-0.21,-0.19,-0.26
421.435,-0.10,-0.22,-0.17,-0.25
421.457,-0.06,-0.40,-0.14,-0.30
421.479,-0.08,-0.34,-0.10,-0.31
421.501,-0.09,-0.41,-0.10,-0.32
421.523,-0.22,-0.44,-0.11,-0.36
421.545,-0.16,-0.29,-0.12,-0.38
421.567,-0.01,-0.11,-0.11,-0.32
421.589,0.02,-0.28,-0.09,-0.31
421.611,-0.08,-0.27,-0.09,-0.28
421.633,-0.10,-0.41,-0.07,-0.27
421.655,-0.25,-0.57,-0.08,-0.33
421.677,-0.12,-0.52,-0.11,-0.41
421.699,-0.08,-0.26,-0.13,-0.41
421.721,-0.22,-0.32,-0.15,-0.42
421.743,-0.21,-0.48,-0.18,-0.43
421.765,-0.17,-0.36,-0.16,-0.39
421.787,-0.17,-0.30,-0.17,-0.34
421.809,-0.11,-0.30,-0.18,-0.35
421.831,-0.16,-0.37,-0.16,-0.36
421.853,-0.23,-0.28,-0.17,-0.32
421.875,-0.20,-0.44,-0.17,-0.34
421.897,-0.08,-0.28,-0.16,-0.33
421.919,-0.01,-0.36,-0.14,-0.35
421.941,-0.02,-0.40,-0.11,-0.35
421.963,-0.14,-0.23,-0.09,-0.34
421.985,-0.15,-0.36,-0.08,-0.33
422.007,-0.11,-0.31,-0.09,-0.33
422.029,-0.34,-0.23,-0.15,-0.31
422.051,-0.29,-0.46,-0.21,-0.32
422.073,-0.37,-0.40,-0.25,-0.35
422.095,-0.44,-0.42,-0.31,-0.36
422.117,-0.22,-0.37,-0.33,-0.38
422.139,-0.22,-0.41,-0.31,-0.41
422.161,-0.19,-0.38,-0.29,-0.40
422.183,-0.29,-0.53,-0.27,-0.42
422.205,-0.16,-0.65,-0.22,-0.47
422.227,-0.27,-0.51,-0.23,-0.50
422.249,-0.16,-0.44,-0.21,-0.50
422.271,-0.16,-0.36,-0.21,-0.50
422.293,-0.31,-0.33,-0.21,-0.46
422.315,-0.31,-0.34,-0.24,-0.40
422.337,-0.31,-0.26,-0.25,-0.35
422.359,-0.25,-0.26,-0.27,-0.31
422.381,-0.22,-0.29,-0.28,-0.30
422.403,-0.19,-0.31,-0.26,-0.29
422.425,-0.23,-0.37,-0.24,-0.30
422.447,-0.07,-0.13,-0.19,-0.27
422.469,-0.24,-0.20,-0.19,-0.26
422.491,-0.20,-0.20,-0.19,-0.24
422.513,-0.23,-0.20,-0.19,-0.22
422.535,-0.12,-0.29,-0.17,-0.20
422.557,-0.24,-0.31,-0.21,-0.24
422.579,-0.15,-0.28,-0.19,-0.26
422.601,-0.14,-0.28,-0.18,-0.27
422.623,-0.08,-0.38,-0.15,-0.31
422.645,-0.09,-0.34,-0.14,-0.32
422.667,-0.13,-0.43,-0.12,-0.34
422.689,-0.14,-0.45,-0.12,-0.38
422.711,-0.06,-0.30,-0.10,-0.38
422.733,-0.21,-0.30,-0.13,-0.36
422.755,-0.07,-0.22,-0.12,-0.34
422.777,-0.11,-0.20,-0.12,-0.29
422.799,-0.16,-0.35,-0.12,-0.27
422.821,-0.20,-0.44,-0.15,-0.30
422.843,-0.20,-0.37,-0.15,-0.32
422.865,-0.17,-0.29,-0.17,-0.33
422.887,-0.29,-0.41,-0.20,-0.37
422.909,-0.20,-0.30,-0.21,-0.36
422.931,-0.23,-0.37,-0.22,-0.35
422.953,-0.27,-0.39,-0.23,-0.35
422.975,-0.21,-0.39,-0.24,-0.37
422.997,-0.16,-0.34,-0.21,-0.36
423.019,-0.23,-0.32,-0.22,-0.36
423.041,-0.08,-0.43,-0.19,-0.37
423.063,-0.24,-0.36,-0.18,-0.37
423.085,-0.27,-0.34,-0.20,-0.36
423.107,-0.14,-0.45,-0.19,-0.38
423.129,-0.13,-0.51,-0.17,-0.42
423.151,-0.15,-0.31,-0.19,-0.39
423.173,-0.32,-0.28,-0.20,-0.38
423.195,-0.10,-0.55,-0.17,-0.42
423.217,-0.20,-0.50,-0.18,-0.43
423.239,-0.16,-0.39,-0.19,-0.41
423.261,-0.11,-0.28,-0.18,-0.40
423.283,-0.11,-0.41,-0.14,-0.43
423.305,-0.18,-0.41,-0.15,-0.40
423.327,-0.02,-0.22,-0.12,-0.34
423.349,-0.10,-0.32,-0.10,-0.33
423.371,-0.19,-0.24,-0.12,-0.32
423.393,-0.04,-0.23,-0.11,-0.28
423.415,-0.10,-0.31,-0.09,-0.26
423.437,-0.09,-0.30,-0.10,-0.28
423.459,-0.06,-0.39,-0.10,-0.29
423.481,-0.08,-0.35,-0.07,-0.32
423.503,-0.09,-0.40,-0.08,-0.35
423.525,-0.11,-0.44,-0.09,-0.38
423.547,-0.13,-0.50,-0.09,-0.42
423.569,-0.07,-0.24,-0.10,-0.39
423.591,-0.11,-0.27,-0.10,-0.37
423.613,-0.18,-0.31,-0.12,-0.35
423.635,-0.17,-0.30,-0.13,-0.32
423.657,-0.07,-0.25,-0.12,-0.27
423.679,-0.27,-0.42,-0.16,-0.31
423.701,-0.22,-0.36,-0.18,-0.33
423.723,-0.22,-0.45,-0.19,-0.36
423.745,-0.34,-0.41,-0.22,-0.38
423.767,-0.27,-0.36,-0.26,-0.40
423.789,-0.21,-0.41,-0.25,-0.40
423.811,-0.13,-0.50,-0.23,-0.43
423.833,-0.15,-0.42,-0.22,-0.42
423.855,-0.10,-0.33,-0.17,-0.40
423.877,-0.29,-0.27,-0.18,-0.39
423.899,-0.29,-0.26,-0.19,-0.36
423.921,-0.32,-0.34,-0.23,-0.32
423.943,-0.31,-0.54,-0.26,-0.35
423.965,-0.30,-0.46,-0.30,-0.37
423.987,-0.28,-0.27,-0.30,-0.37
424.009,-0.27,-0.34,-0.30,-0.39
424.031,-0.25,-0.27,-0.28,-0.38
424.053,-0.16,-0.17,-0.25,-0.30
424.075,-0.18,-0.20,-0.23,-0.25
424.097,-0.05,-0.18,-0.18,-0.23
424.119,-0.10,-0.27,-0.15,-0.22
424.141,-0.23,-0.39,-0.14,-0.24
424.163,-0.38,-0.42,-0.19,-0.29
424.185,-0.09,-0.30,-0.17,-0.31
424.207,-0.13,-0.36,-0.19,-0.35
424.229,-0.23,-0.51,-0.21,-0.40
424.251,-0.20,-0.51,-0.21,-0.42
424.273,-0.15,-0.43,-0.16,-0.42
424.295,0.10,-0.46,-0.12,-0.45
424.317,-0.13,-0.34,-0.12,-0.45
424.339,-0.16,-0.24,-0.11,-0.40
424.361,-0.09,-0.25,-0.09,-0.34
424.383,-0.03,-0.34,-0.06,-0.33
424.405,-0.19,-0.34,-0.12,-0.30
424.427,-0.16,-0.43,-0.13,-0.32
424.449,-0.14,-0.27,-0.12,-0.33
424.471,-0.15,-0.39,-0.13,-0.35
424.493,-0.22,-0.45,-0.17,-0.38
424.515,-0.26,-0.29,-0.19,-0.37
424.537,-0.34,-0.47,-0.22,-0.37
424.559,-0.21,-0.20,-0.24,-0.36
424.581,-0.16,-0.29,-0.24,-0.34
424.603,-0.11,-0.27,-0.22,-0.30
424.625,-0.09,-0.26,-0.18,-0.30
424.647,-0.10,-0.21,-0.13,-0.25
424.669,-0.13,-0.32,-0.12,-0.27
424.691,-0.25,-0.46,-0.14,-0.30
424.713,-0.29,-0.65,-0.17,-0.38
424.735,-0.28,-0.43,-0.21,-0.41
424.757,-0.39,-0.42,-0.27,-0.46
424.779,-0.30,-0.42,-0.30,-0.48
424.801,-0.24,-0.60,-0.30,-0.50
424.823,-0.23,-0.40,-0.29,-0.45
424.845,-0.09,-0.49,-0.25,-0.47
424.867,-0.17,-0.39,-0.21,-0.46
424.889,-0.10,-0.49,-0.17,-0.47
424.911,-0.36,-0.33,-0.19,-0.42
424.933,-0.32,-0.47,-0.21,-0.43
424.955,-0.23,-0.43,-0.24,-0.42
424.977,-0.21,-0.40,-0.24,-0.42
424.999,-0.14,-0.41,-0.25,-0.41
425.021,-0.18,-0.44,-0.22,-0.43
425.043,-0.12,-0.28,-0.18,-0.39
425.065,-0.16,-0.21,-0.16,-0.35
425.087,-0.30,-0.40,-0.18,-0.35
425.109,-0.09,-0.41,-0.17,-0.35
425.131,-0.15,-0.38,-0.16,-0.34
425.153,-0.07,-0.26,-0.15,-0.33
425.175,-0.13,-0.34,-0.15,-0.36
425.197,-0.36,-0.29,-0.16,-0.34
425.219,-0.26,-0.17,-0.19,-0.29
425.241,-0.23,-0.32,-0.21,-0.28
425.263,-0.31,-0.16,-0.26,-0.26
425.285,-0.25,-0.39,-0.28,-0.27
425.307,-0.20,-0.47,-0.25,-0.30
425.329,-0.20,-0.30,-0.24,-0.33
425.351,-0.27,-0.25,-0.25,-0.31
425.373,-0.06,-0.19,-0.20,-0.32
425.395,-0.16,-0.40,-0.18,-0.32
425.417,-0.21,-0.60,-0.18,-0.35
425.439,-0.07,-0.46,-0.15,-0.38
425.461,0.01,-0.51,-0.10,-0.43
425.483,-0.10,-0.28,-0.11,-0.45
425.505,-0.13,-0.13,-0.10,-0.40
425.527,-0.19,-0.19,-0.10,-0.31
425.549,-0.13,-0.10,-0.11,-0.24
425.571,-0.13,-0.19,-0.14,-0.18
425.593,-0.10,-0.26,-0.14,-0.17
425.615,-0.16,-0.37,-0.14,-0.22
425.637,-0.19,-0.25,-0.14,-0.23
425.659,-0.36,-0.40,-0.19,-0.29
425.681,-0.31,-0.36,-0.22,-0.33
425.703,-0.30,-0.28,-0.26,-0.33
425.725,-0.19,-0.42,-0.27,-0.34
425.747,-0.30,-0.30,-0.29,-0.35
425.769,-0.27,-0.23,-0.27,-0.32
425.791,-0.15,-0.34,-0.24,-0.31
425.813,-0.12,-0.36,-0.21,-0.33
425.835,-0.16,-0.32,-0.20,-0.31
425.857,-0.10,-0.39,-0.16,-0.33
425.879,-0.16,-0.23,-0.14,-0.33
425.901,-0.17,-0.23,-0.14,-0.31
425.923,-0.21,-0.34,-0.16,-0.30
425.945,-0.12,-0.35,-0.15,-0.31
425.967,-0.15,-0.51,-0.16,-0.33
425.989,-0.33,-0.30,-0.20,-0.35
426.011,-0.25,-0.28,-0.21,-0.36
426.033,-0.27,-0.31,-0.22,-0.35
426.055,-0.38,-0.32,-0.28,-0.34
426.077,-0.20,-0.26,-0.29,-0.29
426.099,-0.16,-0.37,-0.25,-0.31
426.121,-0.13,-0.47,-0.23,-0.35
426.143,-0.05,-0.45,-0.18,-0.37
426.165,-0.27,-0.39,-0.16,-0.39
426.187,-0.31,-0.45,-0.18,-0.43
426.209,-0.19,-0.49,-0.19,-0.45
426.231,-0.11,-0.34,-0.19,-0.42
426.253,-0.15,-0.43,-0.21,-0.42
426.275,-0.18,-0.27,-0.19,-0.40
426.297,-0.27,-0.33,-0.18,-0.37
426.319,-0.39,-0.33,-0.22,-0.34
426.341,-0.48,-0.31,-0.29,-0.33
426.363,-0.33,-0.36,-0.33,-0.32
426.385,-0.10,-0.26,-0.31,-0.32
426.407,-0.07,-0.35,-0.27,-0.32
426.429,-0.22,-0.40,-0.24,-0.34
426.451,-0.16,-0.35,-0.18,-0.34
426.473,-0.26,-0.26,-0.16,-0.32
426.495,-0.14,-0.23,-0.17,-0.32
426.517,-0.18,-0.18,-0.19,-0.28
426.539,-0.30,-0.34,-0.21,-0.27
426.561,-0.24,-0.29,-0.22,-0.26
426.583,-0.38,-0.24,-0.25,-0.26
426.605,-0.29,-0.20,-0.28,-0.25
426.627,-0.15,-0.14,-0.27,-0.24
426.649,-0.27,-0.28,-0.27,-0.23
426.671,-0.11,-0.13,-0.24,-0.20
426.693,-0.20,-0.07,-0.20,-0.16
426.715,-0.08,-0.11,-0.16,-0.15
426.737,-0.13,-0.23,-0.16,-0.16
426.759,-0.19,-0.24,-0.14,-0.16
426.781,-0.15,-0.12,-0.15,-0.15
426.803,-0.06,-0.23,-0.12,-0.19
426.825,-0.09,-0.36,-0.12,-0.24
426.847,-0.15,-0.16,-0.13,-0.22
426.869,-0.20,-0.15,-0.13,-0.20
426.891,-0.13,-0.28,-0.13,-0.24
426.913,-0.18,-0.30,-0.15,-0.25
426.935,-0.36,-0.28,-0.20,-0.23
426.957,-0.24,-0.24,-0.22,-0.25
426.979,-0.07,-0.30,-0.20,-0.28
427.001,-0.20,-0.50,-0.21,-0.32
427.023,-0.13,-0.47,-0.20,-0.36
427.045,-0.30,-0.19,-0.19,-0.34
427.067,-0.28,-0.36,-0.20,-0.36
427.089,-0.28,-0.36,-0.24,-0.38
427.111,-0.19,-0.36,-0.24,-0.35
427.133,-0.24,-0.31,-0.26,-0.32
427.155,-0.02,-0.30,-0.20,-0.34
427.177,-0.07,-0.47,-0.16,-0.36
427.199,-0.21,-0.48,-0.15,-0.38
427.221,-0.15,-0.48,-0.14,-0.41
427.243,-0.13,-0.44,-0.12,-0.43
427.265,-0.12,-0.38,-0.14,-0.45
427.287,-0.23,-0.31,-0.17,-0.42
427.309,-0.18,-0.37,-0.16,-0.40
427.331,-0.07,-0.33,-0.15,-0.37
427.353,-0.20,-0.35,-0.16,-0.35
427.375,-0.10,-0.32,-0.16,-0.34
427.397,-0.11,-0.27,-0.13,-0.33
427.419,-0.10,-0.43,-0.12,-0.34
427.441,-0.12,-0.42,-0.13,-0.36
427.463,-0.26,-0.54,-0.14,-0.40
427.485,-0.21,-0.50,-0.16,-0.43
427.507,-0.25,-0.43,-0.19,-0.46
427.529,-0.27,-0.38,-0.22,-0.45
427.551,-0.33,-0.46,-0.26,-0.46
427.573,-0.43,-0.24,-0.30,-0.40
427.595,-0.39,-0.21,-0.33,-0.34
427.617,-0.28,-0.17,-0.34,-0.29
427.639,-0.17,-0.14,-0.32,-0.24
427.661,-0.13,-0.36,-0.28,-0.22
427.683,-0.21,-0.31,-0.24,-0.24
427.705,-0.31,-0.36,-0.22,-0.27
427.727,-0.27,-0.37,-0.22,-0.31
427.749,-0.12,-0.36,-0.21,-0.35
427.771,-0.22,-0.54,-0.23,-0.39
427.793,-0.08,-0.49,-0.20,-0.42
427.815,-0.21,-0.52,-0.18,-0.46
427.837,-0.22,-0.28,-0.17,-0.44
427.859,-0.33,-0.44,-0.21,-0.45
427.881,-0.12,-0.47,-0.19,-0.44
427.903,0.06,-0.34,-0.16,-0.41
427.925,-0.03,-0.18,-0.13,-0.34
427.947,-0.10,-0.19,-0.10,-0.32
427.969,-0.19,-0.24,-0.08,-0.28
427.991,-0.23,-0.23,-0.10,-0.24
428.013,-0.14,-0.41,-0.14,-0.25
428.035,-0.14,-0.36,-0.16,-0.29
428.057,-0.23,-0.16,-0.19,-0.28
428.079,-0.31,-0.10,-0.21,-0.25
428.101,-0.19,-0.38,-0.20,-0.28
428.123,-0.07,-0.28,-0.19,-0.26
428.145,-0.09,-0.52,-0.18,-0.29
428.167,-0.25,-0.34,-0.18,-0.32
428.189,-0.27,-0.51,-0.17,-0.41
428.211,-0.19,-0.32,-0.17,-0.39
428.233,-0.18,-0.39,-0.20,-0.42
428.255,-0.21,-0.41,-0.22,-0.39
428.277,-0.23,-0.31,-0.22,-0.39
428.299,-0.15,-0.36,-0.19,-0.36
428.321,-0.20,-0.42,-0.19,-0.38
428.343,-0.15,-0.33,-0.19,-0.37
428.365,-0.22,-0.40,-0.19,-0.36
428.387,-0.23,-0.39,-0.19,-0.38
428.409,-0.07,-0.27,-0.17,-0.36
428.431,-0.21,-0.37,-0.18,-0.35
428.453,-0.18,-0.49,-0.18,-0.38
428.475,-0.12,-0.31,-0.16,-0.37
428.497,-0.13,-0.23,-0.14,-0.33
428.519,-0.10,-0.48,-0.15,-0.38
428.541,-0.09,-0.68,-0.12,-0.44
428.563,-0.11,-0.51,-0.11,-0.44
428.585,-0.04,-0.39,-0.09,-0.46
428.607,-0.11,-0.30,-0.09,-0.47
428.629,-0.23,-0.34,-0.12,-0.44
428.651,-0.13,-0.41,-0.12,-0.39
428.673,-0.12,-0.38,-0.13,-0.36
428.695,-0.18,-0.40,-0.15,-0.37
428.717,-0.23,-0.29,-0.18,-0.36
428.739,-0.22,-0.27,-0.18,-0.35
428.761,-0.09,-0.32,-0.17,-0.33
428.783,-0.03,-0.40,-0.15,-0.34
428.805,-0.14,-0.43,-0.14,-0.34
428.827,-0.30,-0.38,-0.16,-0.36
428.849,-0.24,-0.32,-0.16,-0.37
428.871,-0.15,-0.33,-0.17,-0.37
428.893,-0.20,-0.20,-0.21,-0.33
428.915,-0.16,-0.26,-0.21,-0.30
428.937,-0.19,-0.48,-0.19,-0.32
428.959,-0.26,-0.52,-0.19,-0.36
428.981,-0.22,-0.24,-0.21,-0.34
429.003,-0.26,-0.25,-0.22,-0.35
429.025,-0.21,-0.33,-0.23,-0.36
429.047,-0.28,-0.09,-0.25,-0.29
429.069,-0.17,-0.27,-0.23,-0.24
429.091,-0.33,-0.18,-0.25,-0.22
429.113,-0.40,-0.24,-0.28,-0.22
429.135,-0.27,-0.19,-0.29,-0.19
429.157,-0.28,-0.24,-0.29,-0.22
429.179,-0.34,-0.16,-0.32,-0.20
429.201,-0.38,-0.28,-0.33,-0.22
429.223,-0.14,-0.28,-0.28,-0.23
429.245,-0.14,-0.19,-0.26,-0.23
429.267,-0.15,-0.23,-0.23,-0.23
429.289,-0.13,-0.30,-0.19,-0.26
429.311,-0.13,-0.36,-0.14,-0.27
429.333,-0.13,-0.33,-0.14,-0.28
429.355,-0.21,-0.17,-0.15,-0.28
429.377,-0.23,-0.38,-0.17,-0.31
429.399,-0.27,-0.49,-0.19,-0.35
429.421,-0.23,-0.37,-0.21,-0.35
429.443,-0.19,-0.32,-0.23,-0.35
429.465,-0.16,-0.21,-0.22,-0.35
429.487,-0.19,-0.15,-0.21,-0.31
429.509,-0.30,-0.26,-0.21,-0.26
429.531,-0.36,-0.23,-0.24,-0.23
429.553,-0.34,-0.16,-0.27,-0.20
429.575,-0.30,-0.26,-0.30,-0.21
429.597,-0.36,-0.33,-0.33,-0.25
429.619,-0.27,-0.33,-0.33,-0.26
429.641,-0.06,-0.47,-0.27,-0.31
429.663,-0.08,-0.33,-0.21,-0.34
429.685,-0.14,-0.27,-0.18,-0.35
429.707,-0.14,-0.46,-0.14,-0.37
429.729,-0.19,-0.44,-0.12,-0.39
429.751,-0.21,-0.26,-0.15,-0.35
429.773,-0.21,-0.46,-0.18,-0.38
429.795,-0.14,-0.55,-0.18,-0.43
429.817,-0.30,-0.41,-0.21,-0.42
429.839,-0.25,-0.20,-0.22,-0.38
429.861,-0.20,-0.33,-0.22,-0.39
429.883,-0.15,-0.28,-0.21,-0.35
429.905,0.03,-0.30,-0.17,-0.30
429.927,-0.31,-0.48,-0.18,-0.32
429.949,-0.33,-0.29,-0.19,-0.34
429.971,-0.23,-0.48,-0.20,-0.37
429.993,-0.24,-0.50,-0.22,-0.41
430.015,-0.22,-0.18,-0.27,-0.39
430.037,-0.26,-0.21,-0.26,-0.33
430.059,-0.15,-0.38,-0.22,-0.35
430.081,-0.08,-0.28,-0.19,-0.31
430.103,-0.25,-0.27,-0.19,-0.26
430.125,-0.25,-0.32,-0.20,-0.29
430.147,-0.15,-0.26,-0.18,-0.30
430.169,-0.11,-0.24,-0.17,-0.27
430.191,-0.32,-0.45,-0.22,-0.31
430.213,-0.06,-0.43,-0.18,-0.34
430.235,-0.28,-0.36,-0.18,-0.35
430.257,-0.20,-0.40,-0.19,-0.38
430.279,-0.10,-0.39,-0.19,-0.41
430.301,-0.19,-0.41,-0.17,-0.40
430.323,-0.12,-0.27,-0.18,-0.37
430.345,-0.18,-0.39,-0.16,-0.37
430.367,-0.02,-0.25,-0.12,-0.34
430.389,0.00,-0.17,-0.10,-0.30
430.411,-0.08,-0.15,-0.08,-0.25
430.433,-0.09,-0.30,-0.07,-0.25
430.455,-0.07,-0.40,-0.05,-0.25
430.477,-0.08,-0.29,-0.06,-0.26
430.499,-0.20,-0.29,-0.10,-0.29
430.521,-0.17,-0.29,-0.12,-0.31
430.543,-0.11,-0.21,-0.13,-0.30
430.565,-0.21,-0.26,-0.15,-0.27
430.587,-0.10,-0.39,-0.16,-0.29
430.609,-0.15,-0.30,-0.15,-0.29
430.631,-0.21,-0.37,-0.16,-0.31
430.653,-0.07,-0.39,-0.15,-0.34
430.675,-0.13,-0.26,-0.13,-0.34
430.697,-0.19,-0.29,-0.15,-0.32
430.719,-0.10,-0.33,-0.14,-0.33
430.741,-0.19,-0.18,-0.14,-0.29
430.763,0.02,-0.34,-0.12,-0.28
430.785,0.02,-0.28,-0.09,-0.28
430.807,0.01,-0.19,-0.05,-0.26
430.829,-0.06,-0.23,-0.04,-0.24
430.851,-0.11,-0.31,-0.02,-0.27
430.873,-0.07,-0.34,-0.04,-0.27
430.895,-0.13,-0.43,-0.07,-0.30
430.917,-0.31,-0.39,-0.14,-0.34
430.939,-0.27,-0.35,-0.18,-0.36
430.961,-0.10,-0.36,-0.18,-0.37
430.983,-0.15,-0.34,-0.19,-0.37
431.005,-0.23,-0.25,-0.21,-0.34
431.027,-0.14,-0.27,-0.18,-0.31
431.049,-0.03,-0.36,-0.13,-0.32
431.071,-0.06,-0.48,-0.12,-0.34
431.093,0.02,-0.22,-0.09,-0.32
431.115,-0.08,-0.22,-0.06,-0.31
431.137,-0.25,-0.23,-0.08,-0.30
431.159,-0.30,-0.27,-0.13,-0.28
431.181,-0.16,-0.32,-0.15,-0.25
431.203,0.05,-0.42,-0.15,-0.29
431.225,-0.28,-0.42,-0.19,-0.33
431.247,-0.20,-0.33,-0.18,-0.35
431.269,-0.25,-0.48,-0.17,-0.39
431.291,-0.14,-0.38,-0.16,-0.41
431.313,-0.19,-0.13,-0.21,-0.35
431.335,-0.24,-0.23,-0.20,-0.31
431.357,-0.27,-0.35,-0.22,-0.31
431.379,-0.24,-0.33,-0.22,-0.28
431.401,-0.37,-0.29,-0.26,-0.27
431.423,-0.16,-0.24,-0.26,-0.29
431.445,-0.35,-0.17,-0.28,-0.28
431.467,-0.27,-0.35,-0.28,-0.28
431.489,-0.29,-0.45,-0.29,-0.30
431.511,-0.29,-0.31,-0.27,-0.30
431.533,-0.21,-0.38,-0.28,-0.33
431.555,-0.23,-0.48,-0.26,-0.39
431.577,-0.19,-0.39,-0.24,-0.40
431.599,-0.20,-0.33,-0.22,-0.38
431.621,-0.20,-0.41,-0.21,-0.40
431.643,-0.22,-0.45,-0.21,-0.41
431.665,-0.18,-0.28,-0.20,-0.37
431.687,-0.29,-0.12,-0.22,-0.32
431.709,-0.21,-0.16,-0.22,-0.28
431.731,-0.23,-0.12,-0.23,-0.23
431.753,-0.24,-0.27,-0.23,-0.19
431.775,-0.14,-0.40,-0.22,-0.21
431.797,-0.27,-0.24,-0.22,-0.24
431.819,-0.26,-0.37,-0.23,-0.28
431.841,-0.09,-0.51,-0.20,-0.36
431.863,-0.19,-0.41,-0.19,-0.39
431.885,-0.33,-0.35,-0.23,-0.38
431.907,-0.33,-0.27,-0.24,-0.38
431.929,-0.15,-0.21,-0.22,-0.35
431.951,-0.12,-0.31,-0.22,-0.31
431.973,-0.08,-0.21,-0.20,-0.27
431.995,-0.14,-0.26,-0.16,-0.25
432.017,-0.31,-0.20,-0.16,-0.24
432.039,-0.22,-0.36,-0.17,-0.27
432.061,-0.36,-0.39,-0.22,-0.28
432.083,-0.22,-0.36,-0.25,-0.31
432.105,-0.25,-0.39,-0.27,-0.34
432.127,-0.26,-0.20,-0.26,-0.34
432.149,-0.23,-0.27,-0.26,-0.32
432.171,-0.19,-0.31,-0.23,-0.31
432.193,-0.15,-0.21,-0.22,-0.28
432.215,-0.24,-0.21,-0.21,-0.24
432.237,-0.15,-0.36,-0.19,-0.27
432.259,-0.21,-0.51,-0.19,-0.32
432.281,-0.25,-0.54,-0.20,-0.37
432.303,-0.29,-0.46,-0.23,-0.42
432.325,-0.12,-0.30,-0.20,-0.43
432.347,-0.10,-0.23,-0.19,-0.41
432.369,-0.19,-0.21,-0.19,-0.35
432.391,-0.25,-0.27,-0.19,-0.29
432.413,-0.26,-0.25,-0.18,-0.25
432.435,-0.23,-0.19,-0.21,-0.23
432.457,-0.23,-0.31,-0.23,-0.25
432.479,-0.10,-0.43,-0.21,-0.29
432.501,-0.25,-0.32,-0.21,-0.30
432.523,-0.23,-0.34,-0.21,-0.32
432.545,-0.09,-0.13,-0.18,-0.31
432.567,-0.03,-0.10,-0.14,-0.26
432.589,-0.19,-0.15,-0.16,-0.21
432.611,-0.17,-0.24,-0.14,-0.19
432.633,-0.16,-0.30,-0.13,-0.18
432.655,-0.20,-0.41,-0.15,-0.24
432.677,-0.15,-0.31,-0.17,-0.28
432.699,-0.05,-0.41,-0.15,-0.33
432.721,-0.13,-0.20,-0.14,-0.33
432.743,-0.18,-0.31,-0.14,-0.33
432.765,-0.20,-0.43,-0.14,-0.33
432.787,-0.10,-0.49,-0.13,-0.37
432.809,-0.29,-0.41,-0.18,-0.37
432.831,-0.25,-0.20,-0.20,-0.37
432.853,-0.21,-0.30,-0.21,-0.37
432.875,-0.23,-0.16,-0.22,-0.31
432.897,-0.20,-0.31,-0.24,-0.28
432.919,-0.27,-0.16,-0.23,-0.23
432.941,-0.30,-0.33,-0.24,-0.25
432.963,-0.24,-0.44,-0.25,-0.28
432.985,-0.20,-0.32,-0.24,-0.31
433.007,-0.34,-0.24,-0.27,-0.30
433.029,-0.33,-0.26,-0.28,-0.32
433.051,-0.18,-0.19,-0.26,-0.29
433.073,-0.20,-0.15,-0.25,-0.23
433.095,-0.14,-0.27,-0.24,-0.22
433.117,-0.22,-0.21,-0.21,-0.22
433.139,-0.34,-0.20,-0.22,-0.20
433.161,-0.11,-0.17,-0.20,-0.20
433.183,-0.22,-0.26,-0.21,-0.22
433.205,-0.31,-0.25,-0.24,-0.22
433.227,-0.21,-0.27,-0.24,-0.23
433.249,-0.23,-0.35,-0.22,-0.26
433.271,-0.19,-0.34,-0.23,-0.29
433.293,-0.22,-0.31,-0.23,-0.30
433.315,-0.34,-0.29,-0.24,-0.31
433.337,-0.32,-0.23,-0.26,-0.30
433.359,-0.27,-0.39,-0.27,-0.31
433.381,-0.19,-0.45,-0.27,-0.33
433.403,-0.25,-0.32,-0.27,-0.34
433.425,-0.30,-0.31,-0.27,-0.34
433.447,-0.22,-0.52,-0.25,-0.40
433.469,-0.13,-0.40,-0.22,-0.40
433.491,-0.22,-0.41,-0.22,-0.39
433.513,-0.23,-0.51,-0.22,-0.43
433.535,-0.29,-0.49,-0.22,-0.47
433.557,-0.08,-0.28,-0.19,-0.42
433.579,-0.22,-0.41,-0.21,-0.42
433.601,-0.14,-0.50,-0.19,-0.44
433.623,-0.12,-0.61,-0.17,-0.46
433.645,-0.05,-0.56,-0.12,-0.47
433.667,-0.16,-0.50,-0.14,-0.52
433.689,-0.15,-0.39,-0.12,-0.51
433.711,-0.20,-0.33,-0.14,-0.48
433.733,-0.09,-0.17,-0.13,-0.39
433.755,-0.11,-0.13,-0.14,-0.30
433.777,-0.06,-0.29,-0.12,-0.26
433.799,-0.04,-0.47,-0.10,-0.28
433.821,-0.05,-0.29,-0.07,-0.27
433.843,-0.09,-0.21,-0.07,-0.28
433.865,-0.09,-0.27,-0.07,-0.31
433.887,-0.13,-0.10,-0.08,-0.27
433.909,-0.12,-0.27,-0.10,-0.23
433.931,-0.26,-0.08,-0.14,-0.19
433.953,-0.33,-0.25,-0.19,-0.19
433.975,-0.40,-0.38,-0.25,-0.22
433.997,-0.35,-0.56,-0.29,-0.31
434.019,-0.35,-0.33,-0.34,-0.32
434.041,-0.34,-0.32,-0.35,-0.37
434.063,-0.35,-0.40,-0.36,-0.40
434.085,-0.27,-0.39,-0.33,-0.40
434.107,-0.24,-0.43,-0.31,-0.37
434.129,-0.27,-0.42,-0.29,-0.39
434.151,-0.23,-0.41,-0.27,-0.41
434.173,-0.28,-0.56,-0.26,-0.44
434.195,-0.26,-0.51,-0.26,-0.47
434.217,-0.20,-0.55,-0.25,-0.49
434.239,-0.04,-0.33,-0.20,-0.47
434.261,-0.07,-0.44,-0.17,-0.48
434.283,-0.06,-0.33,-0.13,-0.43
434.305,-0.10,-0.21,-0.09,-0.37
434.327,-0.06,-0.23,-0.07,-0.31
434.349,0.01,-0.42,-0.06,-0.33
434.371,-0.05,-0.46,-0.05,-0.33
434.393,-0.16,-0.43,-0.07,-0.35
434.415,-0.21,-0.26,-0.09,-0.36
434.437,-0.26,-0.29,-0.13,-0.37
434.459,-0.33,-0.37,-0.20,-0.36
434.481,-0.23,-0.39,-0.24,-0.35
434.503,-0.17,-0.52,-0.24,-0.37
434.525,-0.19,-0.57,-0.24,-0.43
434.547,-0.30,-0.43,-0.24,-0.46
434.569,-0.32,-0.42,-0.24,-0.47
434.591,-0.22,-0.24,-0.24,-0.44
434.613,-0.22,-0.10,-0.25,-0.35
434.635,-0.11,-0.20,-0.23,-0.28
434.657,-0.09,-0.29,-0.19,-0.25
434.679,-0.15,-0.34,-0.16,-0.23
434.701,-0.14,-0.40,-0.14,-0.27
434.723,-0.24,-0.41,-0.15,-0.33
434.745,-0.11,-0.63,-0.15,-0.41
434.767,-0.08,-0.44,-0.14,-0.44
434.789,-0.01,-0.34,-0.12,-0.44
434.811,-0.18,-0.20,-0.12,-0.40
434.833,-0.26,-0.15,-0.13,-0.35
434.855,-0.22,-0.16,-0.15,-0.26
434.877,-0.10,-0.29,-0.15,-0.23
434.899,-0.21,-0.35,-0.19,-0.23
434.921,-0.12,-0.36,-0.18,-0.26
434.943,-0.18,-0.38,-0.17,-0.31
434.965,-0.10,-0.41,-0.14,-0.36
434.987,-0.20,-0.32,-0.16,-0.36
435.009,-0.20,-0.43,-0.16,-0.38
435.031,-0.13,-0.31,-0.16,-0.37
435.053,-0.01,-0.34,-0.13,-0.36
435.075,-0.14,-0.36,-0.14,-0.35
435.097,-0.16,-0.28,-0.13,-0.34
435.119,-0.19,-0.20,-0.13,-0.30
435.141,-0.19,-0.17,-0.14,-0.27
435.163,-0.13,-0.23,-0.16,-0.25
435.185,-0.04,-0.38,-0.14,-0.25
435.207,-0.19,-0.30,-0.15,-0.26
435.229,-0.19,-0.28,-0.15,-0.27
435.251,-0.20,-0.25,-0.15,-0.29
435.273,-0.17,-0.32,-0.16,-0.31
435.295,-0.25,-0.28,-0.20,-0.29
435.317,-0.19,-0.16,-0.20,-0.26
435.339,-0.15,-0.31,-0.19,-0.26
435.361,-0.27,-0.50,-0.21,-0.31
435.383,-0.28,-0.52,-0.23,-0.35
435.405,-0.24,-0.51,-0.23,-0.40
435.427,-0.25,-0.42,-0.24,-0.45
435.449,-0.22,-0.42,-0.25,-0.47
435.471,-0.12,-0.45,-0.22,-0.46
435.493,-0.08,-0.45,-0.18,-0.45
435.515,-0.17,-0.25,-0.17,-0.40
435.537,-0.27,-0.25,-0.17,-0.36
435.559,-0.13,-0.48,-0.15,-0.38
435.581,-0.23,-0.36,-0.18,-0.36
435.603,-0.19,-0.28,-0.20,-0.32
435.625,-0.24,-0.36,-0.21,-0.35
435.647,-0.15,-0.30,-0.19,-0.36
435.669,-0.19,-0.21,-0.20,-0.30
435.691,-0.30,-0.18,-0.21,-0.27
435.713,-0.30,-0.30,-0.24,-0.27
435.735,-0.18,-0.21,-0.22,-0.24
435.757,-0.32,-0.27,-0.26,-0.23
435.779,-0.18,-0.09,-0.26,-0.21
435.801,-0.19,-0.12,-0.23,-0.20
435.823,-0.18,-0.36,-0.21,-0.21
435.845,-0.10,-0.37,-0.19,-0.24
435.867,-0.21,-0.27,-0.17,-0.24
435.889,-0.30,-0.44,-0.20,-0.31
435.911,-0.42,-0.58,-0.24,-0.40
435.933,-0.35,-0.46,-0.28,-0.42
435.955,-0.30,-0.45,-0.32,-0.44
435.977,-0.28,-0.34,-0.33,-0.45
435.999,-0.28,-0.32,-0.33,-0.43
436.021,-0.30,-0.39,-0.30,-0.39
436.043,-0.25,-0.52,-0.28,-0.40
436.065,-0.21,-0.47,-0.26,-0.41
436.087,-0.18,-0.27,-0.24,-0.39
436.109,-0.21,-0.21,-0.23,-0.37
436.131,-0.29,-0.32,-0.23,-0.36
436.153,-0.24,-0.30,-0.23,-0.31
436.175,-0.23,-0.42,-0.23,-0.30
436.197,-0.20,-0.48,-0.23,-0.35
436.219,-0.20,-0.46,-0.23,-0.40
436.241,-0.18,-0.53,-0.21,-0.44
436.263,-0.37,-0.41,-0.24,-0.46
436.285,-0.31,-0.28,-0.25,-0.43
436.307,-0.26,-0.26,-0.26,-0.39
436.329,-0.15,-0.31,-0.25,-0.36
436.351,-0.11,-0.35,-0.24,-0.32
436.373,-0.13,-0.29,-0.19,-0.30
436.395,-0.17,-0.28,-0.16,-0.30
436.417,-0.15,-0.29,-0.14,-0.30
436.439,-0.19,-0.33,-0.15,-0.31
436.461,-0.22,-0.28,-0.17,-0.29
436.483,-0.30,-0.34,-0.21,-0.30
436.505,-0.38,-0.22,-0.25,-0.29
436.527,-0.35,-0.31,-0.29,-0.30
436.549,-0.25,-0.28,-0.30,-0.29
436.571,-0.30,-0.34,-0.32,-0.30
436.593,-0.12,-0.27,-0.28,-0.28
436.615,-0.27,-0.34,-0.26,-0.31
436.637,-0.30,-0.22,-0.25,-0.29
436.659,-0.14,-0.41,-0.23,-0.32
436.681,-0.23,-0.32,-0.21,-0.31
436.703,-0.38,-0.41,-0.26,-0.34
436.725,-0.28,-0.40,-0.27,-0.35
436.747,-0.36,-0.32,-0.28,-0.37
436.769,-0.16,-0.36,-0.28,-0.36
436.791,-0.04,-0.34,-0.24,-0.37
436.813,0.08,-0.37,-0.15,-0.36
436.835,0.05,-0.45,-0.09,-0.37
436.857,-0.08,-0.41,-0.03,-0.39
436.879,-0.15,-0.29,-0.03,-0.37
436.901,-0.17,-0.15,-0.05,-0.33
436.923,-0.21,-0.31,-0.11,-0.32
436.945,-0.30,-0.37,-0.18,-0.31
436.967,-0.30,-0.30,-0.23,-0.28
436.989,-0.08,-0.31,-0.21,-0.29
437.011,-0.19,-0.54,-0.22,-0.37
437.033,-0.15,-0.51,-0.20,-0.41
437.055,-0.02,-0.47,-0.15,-0.43
437.077,-0.24,-0.34,-0.14,-0.43
437.099,-0.29,-0.35,-0.18,-0.44
437.121,-0.42,-0.31,-0.22,-0.40
437.143,-0.23,-0.40,-0.24,-0.37
437.165,-0.30,-0.40,-0.30,-0.36
437.187,-0.27,-0.49,-0.30,-0.39
437.209,-0.10,-0.34,-0.26,-0.39
437.231,-0.19,-0.47,-0.22,-0.42
437.253,-0.33,-0.36,-0.24,-0.41
437.275,-0.22,-0.56,-0.22,-0.44
437.297,-0.21,-0.35,-0.21,-0.42
437.319,-0.25,-0.40,-0.24,-0.43
437.341,-0.37,-0.19,-0.28,-0.37
437.363,-0.41,-0.38,-0.29,-0.38
437.385,-0.26,-0.49,-0.30,-0.36
437.407,-0.26,-0.41,-0.31,-0.37
437.429,-0.27,-0.27,-0.31,-0.35
437.451,-0.27,-0.41,-0.29,-0.39
437.473,-0.34,-0.45,-0.28,-0.41
437.495,-0.36,-0.37,-0.30,-0.38
437.517,-0.25,-0.48,-0.30,-0.40
437.539,-0.35,-0.47,-0.31,-0.44
437.561,-0.47,-0.22,-0.35,-0.40
437.583,-0.38,-0.23,-0.36,-0.35
437.605,-0.22,-0.41,-0.33,-0.36
437.627,-0.08,-0.32,-0.30,-0.33
437.649,0.04,-0.29,-0.22,-0.29
437.671,-0.09,-0.26,-0.15,-0.30
437.693,-0.07,-0.28,-0.08,-0.31
437.715,-0.04,-0.27,-0.05,-0.28
437.737,-0.13,-0.30,-0.06,-0.28
437.759,-0.21,-0.42,-0.11,-0.31
437.781,-0.16,-0.38,-0.12,-0.33
437.803,-0.08,-0.42,-0.12,-0.36
437.825,-0.24,-0.50,-0.16,-0.40
437.847,-0.12,-0.50,-0.16,-0.44
437.869,-0.15,-0.37,-0.15,-0.43
437.891,-0.18,-0.34,-0.15,-0.43
437.913,-0.19,-0.43,-0.18,-0.43
437.935,-0.13,-0.41,-0.15,-0.41
437.957,-0.25,-0.45,-0.18,-0.40
437.979,-0.26,-0.37,-0.20,-0.40
438.001,-0.16,-0.40,-0.20,-0.41
438.023,-0.22,-0.47,-0.20,-0.42
438.045,-0.14,-0.29,-0.21,-0.40
438.067,-0.06,-0.26,-0.17,-0.36
438.089,-0.23,-0.11,-0.16,-0.31
438.111,-0.15,-0.11,-0.16,-0.25
438.133,-0.11,-0.12,-0.14,-0.18
438.155,-0.24,-0.09,-0.16,-0.14
438.177,-0.26,-0.13,-0.20,-0.11
438.199,-0.13,-0.07,-0.18,-0.10
438.221,-0.21,-0.31,-0.19,-0.14
438.243,-0.19,-0.25,-0.21,-0.17
438.265,-0.02,-0.29,-0.16,-0.21
438.287,-0.18,-0.34,-0.15,-0.25
438.309,-0.07,-0.23,-0.13,-0.28
438.331,-0.19,-0.28,-0.13,-0.28
438.353,-0.17,-0.26,-0.13,-0.28
438.375,-0.25,-0.18,-0.17,-0.26
438.397,-0.27,-0.13,-0.19,-0.22
438.419,-0.20,-0.16,-0.22,-0.20
438.441,-0.04,-0.05,-0.19,-0.16
438.463,-0.13,-0.36,-0.18,-0.18
438.485,-0.23,-0.46,-0.17,-0.23
438.507,-0.18,-0.35,-0.16,-0.28
438.529,-0.27,-0.47,-0.17,-0.34
438.551,-0.19,-0.49,-0.20,-0.43
438.573,-0.21,-0.39,-0.22,-0.43
438.595,-0.21,-0.54,-0.21,-0.45
438.617,-0.26,-0.51,-0.23,-0.48
438.639,-0.21,-0.48,-0.22,-0.48
438.661,-0.26,-0.32,-0.23,-0.45
438.683,-0.20,-0.29,-0.23,-0.43
438.705,-0.29,-0.34,-0.24,-0.39
438.727,-0.45,-0.33,-0.28,-0.35
438.749,-0.31,-0.39,-0.30,-0.33
438.771,-0.15,-0.16,-0.28,-0.30
438.793,-0.35,-0.30,-0.31,-0.30
438.815,-0.43,-0.41,-0.34,-0.32
438.837,-0.41,-0.48,-0.33,-0.35
438.859,-0.42,-0.45,-0.35,-0.36
438.881,-0.32,-0.55,-0.39,-0.44
438.903,-0.15,-0.53,-0.35,-0.48
438.925,-0.14,-0.48,-0.29,-0.50
438.947,-0.06,-0.23,-0.22,-0.45
438.969,-0.20,-0.35,-0.17,-0.43
438.991,-0.00,-0.47,-0.11,-0.41
439.013,-0.18,-0.58,-0.12,-0.42
439.035,-0.28,-0.40,-0.14,-0.41
439.057,-0.03,-0.37,-0.14,-0.43
439.079,-0.07,-0.32,-0.11,-0.43
439.101,-0.25,-0.40,-0.16,-0.41
439.123,-0.20,-0.37,-0.17,-0.37
439.145,-0.37,-0.23,-0.18,-0.34
439.167,-0.36,-0.35,-0.25,-0.33
439.189,-0.57,-0.41,-0.35,-0.35
439.211,-0.46,-0.34,-0.39,-0.34
439.233,-0.29,-0.36,-0.41,-0.34
439.255,-0.16,-0.20,-0.37,-0.33
439.277,-0.06,-0.19,-0.31,-0.30
439.299,-0.21,-0.18,-0.24,-0.25
439.321,-0.17,-0.42,-0.18,-0.27
439.343,-0.24,-0.31,-0.17,-0.26
439.365,-0.22,-0.45,-0.18,-0.31
439.387,-0.14,-0.25,-0.20,-0.32
439.409,-0.06,-0.16,-0.17,-0.32
439.431,-0.12,-0.34,-0.16,-0.30
439.453,-0.15,-0.39,-0.14,-0.32
439.475,-0.20,-0.36,-0.13,-0.30
439.497,-0.01,-0.57,-0.11,-0.36
439.519,-0.23,-0.19,-0.14,-0.37
439.541,-0.22,-0.37,-0.16,-0.38
439.563,-0.21,-0.39,-0.17,-0.38
439.585,-0.19,-0.34,-0.17,-0.37
439.607,-0.10,-0.20,-0.19,-0.30
439.629,-0.10,-0.25,-0.16,-0.31
439.651,-0.17,-0.32,-0.15,-0.30
439.673,-0.25,-0.47,-0.16,-0.32
439.695,-0.32,-0.27,-0.19,-0.30
439.717,-0.17,-0.41,-0.20,-0.34
439.739,-0.21,-0.25,-0.22,-0.34
439.761,-0.17,-0.27,-0.22,-0.33
439.783,-0.19,-0.34,-0.21,-0.31
439.805,-0.21,-0.36,-0.19,-0.33
439.827,-0.37,-0.28,-0.23,-0.30
439.849,-0.25,-0.47,-0.24,-0.34
439.871,-0.05,-0.31,-0.21,-0.35
439.893,-0.16,-0.25,-0.21,-0.33
439.915,-0.29,-0.24,-0.22,-0.31
439.937,-0.22,-0.33,-0.19,-0.32
439.959,-0.25,-0.28,-0.19,-0.28
439.981,-0.34,-0.37,-0.25,-0.29
440.003,-0.16,-0.42,-0.25,-0.33
440.025,-0.28,-0.27,-0.25,-0.33
440.047,-0.14,-0.26,-0.23,-0.32
440.069,-0.27,-0.32,-0.24,-0.33
440.091,-0.08,-0.37,-0.19,-0.33
440.113,-0.19,-0.36,-0.19,-0.32
440.135,-0.21,-0.26,-0.18,-0.31
440.157,-0.16,-0.25,-0.18,-0.31
440.179,-0.28,-0.26,-0.18,-0.30
440.201,-0.15,-0.38,-0.20,-0.30
440.223,-0.22,-0.46,-0.20,-0.32
440.245,-0.35,-0.60,-0.23,-0.39
440.267,-0.32,-0.52,-0.26,-0.44
440.289,-0.18,-0.48,-0.24,-0.49
440.311,-0.17,-0.36,-0.25,-0.48
440.333,-0.14,-0.36,-0.23,-0.46
440.355,-0.19,-0.27,-0.20,-0.40
440.377,-0.11,-0.24,-0.16,-0.34
440.399,-0.23,-0.25,-0.17,-0.30
440.421,-0.19,-0.22,-0.17,-0.27
440.443,-0.25,-0.08,-0.19,-0.21
440.465,-0.37,0.00,-0.23,-0.16
440.487,-0.35,-0.14,-0.28,-0.14
440.509,-0.35,-0.04,-0.30,-0.10
440.531,-0.36,-0.08,-0.34,-0.07
440.553,-0.46,-0.11,-0.38,-0.07
440.575,-0.20,-0.16,-0.34,-0.11
440.597,-0.25,-0.14,-0.32,-0.11
440.619,-0.25,-0.14,-0.30,-0.13
440.641,-0.10,-0.21,-0.25,-0.15
440.663,-0.25,-0.17,-0.21,-0.16
440.685,-0.24,-0.33,-0.22,-0.20
440.707,-0.18,-0.38,-0.20,-0.25
440.729,-0.26,-0.43,-0.21,-0.30
440.751,-0.23,-0.37,-0.23,-0.34
440.773,-0.23,-0.41,-0.23,-0.38
440.795,-0.17,-0.21,-0.21,-0.36
440.817,-0.18,-0.36,-0.21,-0.36
440.839,-0.22,-0.29,-0.21,-0.33
440.861,-0.23,-0.31,-0.21,-0.32
440.883,-0.16,-0.41,-0.19,-0.32
440.905,-0.02,-0.30,-0.16,-0.33
440.927,-0.11,-0.16,-0.15,-0.29
440.949,-0.30,-0.11,-0.16,-0.26
440.971,-0.19,-0.26,-0.16,-0.25
440.993,-0.28,-0.36,-0.18,-0.24
441.015,-0.25,-0.45,-0.23,-0.27
441.037,-0.23,-0.39,-0.25,-0.31
441.059,-0.15,-0.34,-0.22,-0.36
441.081,-0.09,-0.52,-0.20,-0.41
441.103,-0.28,-0.39,-0.20,-0.42
441.125,-0.10,-0.22,-0.17,-0.37
441.147,-0.27,-0.42,-0.18,-0.38
441.169,-0.23,-0.31,-0.19,-0.37
441.191,-0.28,-0.33,-0.23,-0.33
441.213,-0.22,-0.36,-0.22,-0.33
441.235,-0.23,-0.31,-0.25,-0.35
441.257,-0.17,-0.38,-0.23,-0.34
441.279,-0.27,-0.21,-0.23,-0.32
441.301,-0.35,-0.36,-0.25,-0.32
441.323,-0.32,-0.28,-0.27,-0.31
441.345,-0.26,-0.21,-0.27,-0.29
441.367,-0.17,-0.39,-0.27,-0.29
441.389,-0.06,-0.40,-0.23,-0.33
441.411,-0.08,-0.12,-0.18,-0.28
441.433,-0.17,-0.16,-0.15,-0.26
441.455,-0.15,-0.20,-0.13,-0.25
441.477,-0.19,-0.22,-0.13,-0.22
441.499,-0.18,-0.37,-0.15,-0.21
441.521,-0.10,-0.28,-0.16,-0.25
441.543,-0.09,-0.35,-0.14,-0.28
441.565,-0.25,-0.23,-0.16,-0.29
441.587,-0.38,-0.28,-0.20,-0.30
441.609,-0.23,-0.23,-0.21,-0.27
441.631,-0.23,-0.49,-0.24,-0.32
441.653,-0.12,-0.43,-0.24,-0.33
441.675,-0.10,-0.36,-0.21,-0.36
441.697,-0.18,-0.49,-0.17,-0.40
441.719,-0.24,-0.43,-0.17,-0.44
441.741,-0.36,-0.45,-0.20,-0.43
441.763,-0.23,-0.55,-0.22,-0.46
441.785,-0.21,-0.49,-0.24,-0.48
441.807,-0.30,-0.45,-0.27,-0.47
441.829,-0.26,-0.50,-0.27,-0.49
441.851,-0.19,-0.33,-0.24,-0.46
441.873,-0.21,-0.22,-0.23,-0.40
441.895,-0.18,-0.32,-0.23,-0.36
441.917,-0.26,-0.23,-0.22,-0.32
441.939,-0.25,-0.29,-0.22,-0.28
441.961,-0.17,-0.18,-0.21,-0.25
441.983,-0.12,-0.22,-0.20,-0.25
442.005,0.01,-0.28,-0.16,-0.24
442.027,-0.04,-0.33,-0.11,-0.26
442.049,-0.10,-0.54,-0.08,-0.31
442.071,-0.12,-0.52,-0.07,-0.38
442.093,-0.11,-0.39,-0.07,-0.41
442.115,-0.09,-0.43,-0.09,-0.44
442.137,-0.04,-0.51,-0.09,-0.48
442.159,-0.02,-0.48,-0.08,-0.47
442.181,-0.08,-0.46,-0.07,-0.45
442.203,-0.18,-0.09,-0.08,-0.39
442.225,-0.15,-0.11,-0.09,-0.33
442.247,-0.09,-0.26,-0.10,-0.28
442.269,-0.12,-0.26,-0.12,-0.24
442.291,-0.06,-0.42,-0.12,-0.23
442.313,-0.23,-0.36,-0.13,-0.28
442.335,-0.21,-0.35,-0.14,-0.33
442.357,-0.31,-0.28,-0.19,-0.33
442.379,-0.17,-0.25,-0.20,-0.33
442.401,-0.25,-0.24,-0.23,-0.30
442.423,-0.12,-0.38,-0.21,-0.30
442.445,-0.12,-0.40,-0.19,-0.31
442.467,-0.35,-0.38,-0.20,-0.33
442.489,-0.30,-0.43,-0.23,-0.37
442.511,-0.19,-0.27,-0.22,-0.37
442.533,-0.31,-0.29,-0.25,-0.35
442.555,-0.27,-0.24,-0.28,-0.32
442.577,-0.16,-0.39,-0.25,-0.32
442.599,0.02,-0.34,-0.18,-0.31
442.621,-0.18,-0.24,-0.18,-0.30
442.643,-0.19,-0.30,-0.16,-0.30
442.665,-0.11,-0.35,-0.12,-0.32
442.687,-0.06,-0.31,-0.10,-0.31
442.709,-0.18,-0.26,-0.14,-0.29
442.731,-0.15,-0.28,-0.14,-0.30
442.753,-0.21,-0.32,-0.14,-0.30
442.775,-0.26,-0.30,-0.17,-0.29
442.797,-0.16,-0.15,-0.19,-0.26
442.819,-0.18,-0.24,-0.19,-0.26
442.841,-0.00,-0.34,-0.16,-0.27
442.863,-0.18,-0.25,-0.16,-0.26
442.885,-0.18,-0.38,-0.14,-0.27
442.907,-0.23,-0.40,-0.15,-0.32
442.929,-0.27,-0.37,-0.17,-0.35
442.951,-0.20,-0.32,-0.21,-0.34
442.973,-0.28,-0.41,-0.23,-0.38
442.995,-0.16,-0.41,-0.23,-0.38
443.017,-0.12,-0.37,-0.21,-0.38
443.039,-0.02,-0.32,-0.16,-0.37
443.061,-0.12,-0.35,-0.14,-0.37
443.083,-0.27,-0.43,-0.14,-0.38
443.105,-0.05,-0.23,-0.12,-0.34
443.127,-0.11,-0.12,-0.11,-0.29
443.149,-0.04,-0.14,-0.12,-0.25
443.171,-0.13,-0.28,-0.12,-0.24
443.193,-0.14,-0.34,-0.09,-0.22
443.215,-0.02,-0.40,-0.09,-0.26
443.237,-0.10,-0.39,-0.09,-0.31
443.259,-0.15,-0.29,-0.11,-0.34
443.281,-0.26,-0.30,-0.13,-0.34
443.303,-0.24,-0.31,-0.15,-0.34
443.325,-0.32,-0.39,-0.21,-0.34
443.347,-0.10,-0.34,-0.21,-0.33
443.369,-0.27,-0.32,-0.24,-0.33
443.391,-0.04,-0.41,-0.19,-0.35
443.413,-0.24,-0.47,-0.19,-0.39
443.435,-0.16,-0.36,-0.16,-0.38
443.457,-0.20,-0.33,-0.18,-0.38
443.479,-0.12,-0.38,-0.15,-0.39
443.501,-0.11,-0.25,-0.17,-0.36
443.523,-0.22,-0.40,-0.16,-0.34
443.545,-0.20,-0.31,-0.17,-0.33
443.567,-0.24,-0.29,-0.18,-0.33
443.589,-0.06,-0.35,-0.17,-0.32
443.611,-0.03,-0.31,-0.15,-0.33
443.633,-0.12,-0.21,-0.13,-0.29
443.655,-0.22,-0.28,-0.13,-0.29
443.677,-0.03,-0.44,-0.09,-0.32
443.699,-0.08,-0.36,-0.10,-0.32
443.721,-0.18,-0.38,-0.13,-0.33
443.743,-0.06,-0.42,-0.11,-0.38
443.765,-0.13,-0.43,-0.10,-0.41
443.787,-0.10,-0.35,-0.11,-0.39
443.809,-0.07,-0.29,-0.11,-0.37
443.831,-0.12,-0.27,-0.10,-0.35
443.853,-0.09,-0.46,-0.10,-0.36
443.875,-0.22,-0.44,-0.12,-0.36
443.897,-0.12,-0.37,-0.12,-0.37
443.919,-0.17,-0.36,-0.14,-0.38
443.941,-0.10,-0.42,-0.14,-0.41
443.963,-0.22,-0.41,-0.17,-0.40
443.985,-0.27,-0.34,-0.18,-0.38
444.007,-0.23,-0.38,-0.20,-0.38
444.029,-0.25,-0.39,-0.21,-0.39
444.051,-0.29,-0.41,-0.25,-0.39
444.073,-0.25,-0.39,-0.26,-0.38
444.095,-0.12,-0.29,-0.23,-0.37
444.117,-0.24,-0.24,-0.23,-0.34
444.139,-0.22,-0.23,-0.22,-0.31
444.161,-0.35,-0.20,-0.24,-0.27
444.183,-0.32,-0.40,-0.25,-0.27
444.205,-0.32,-0.52,-0.29,-0.32
444.227,-0.40,-0.48,-0.32,-0.37
444.249,-0.23,-0.57,-0.32,-0.43
444.271,-0.24,-0.56,-0.30,-0.51
444.293,-0.35,-0.43,-0.31,-0.51
444.315,-0.42,-0.58,-0.33,-0.52
444.337,-0.31,-0.43,-0.31,-0.51
444.359,-0.28,-0.50,-0.32,-0.50
444.381,-0.26,-0.33,-0.32,-0.45
444.403,-0.21,-0.40,-0.30,-0.45
444.425,-0.26,-0.23,-0.26,-0.38
444.447,-0.21,-0.36,-0.24,-0.36
444.469,-0.14,-0.35,-0.22,-0.33
444.491,-0.32,-0.24,-0.23,-0.32
444.513,-0.28,-0.24,-0.24,-0.28
444.535,-0.23,-0.00,-0.24,-0.24
444.557,-0.26,-0.27,-0.25,-0.22
444.579,-0.25,-0.25,-0.27,-0.20
444.601,-0.29,-0.21,-0.26,-0.19
444.623,-0.22,-0.29,-0.25,-0.20
444.645,-0.14,-0.32,-0.23,-0.27
444.667,-0.33,-0.33,-0.25,-0.28
444.689,-0.22,-0.25,-0.24,-0.28
444.711,-0.18,-0.30,-0.22,-0.30
444.733,-0.09,-0.49,-0.19,-0.34
444.755,-0.19,-0.39,-0.20,-0.35
444.777,-0.21,-0.49,-0.18,-0.38
444.799,-0.09,-0.47,-0.15,-0.43
444.821,-0.14,-0.30,-0.14,-0.43
444.843,-0.13,-0.27,-0.15,-0.38
444.865,-0.12,-0.46,-0.14,-0.40
444.887,-0.16,-0.43,-0.13,-0.39
444.909,0.02,-0.46,-0.11,-0.38
444.931,-0.11,-0.37,-0.10,-0.40
444.953,-0.28,-0.43,-0.13,-0.43
444.975,-0.32,-0.57,-0.17,-0.45
444.997,-0.23,-0.41,-0.18,-0.45
445.019,-0.28,-0.38,-0.24,-0.43
445.041,-0.20,-0.44,-0.26,-0.45
445.063,-0.12,-0.33,-0.23,-0.43
445.085,-0.13,-0.19,-0.19,-0.35
445.107,-0.17,-0.20,-0.18,-0.31
445.129,-0.12,-0.34,-0.15,-0.30
445.151,-0.09,-0.41,-0.13,-0.29
445.173,-0.11,-0.31,-0.12,-0.29
445.195,-0.09,-0.30,-0.12,-0.31
445.217,-0.20,-0.46,-0.12,-0.36
445.239,-0.18,-0.46,-0.13,-0.39
445.261,-0.10,-0.30,-0.14,-0.37
445.283,-0.16,-0.27,-0.15,-0.36
445.305,-0.17,-0.47,-0.16,-0.39
445.327,-0.13,-0.47,-0.15,-0.39
445.349,-0.22,-0.53,-0.16,-0.41
445.371,-0.29,-0.34,-0.19,-0.42
445.393,-0.13,-0.41,-0.19,-0.44
445.415,-0.07,-0.43,-0.17,-0.44
445.437,-0.15,-0.21,-0.17,-0.38
445.459,-0.13,-0.34,-0.15,-0.35
445.481,-0.16,-0.26,-0.13,-0.33
445.503,-0.22,-0.35,-0.15,-0.32
445.525,-0.16,-0.34,-0.16,-0.30
445.547,-0.39,-0.19,-0.21,-0.30
445.569,-0.32,-0.29,-0.25,-0.29
445.591,-0.27,-0.30,-0.27,-0.29
445.613,-0.19,-0.31,-0.27,-0.29
445.635,-0.32,-0.31,-0.30,-0.28
445.657,-0.26,-0.26,-0.27,-0.29
445.679,-0.26,-0.29,-0.26,-0.29
445.701,-0.27,-0.31,-0.26,-0.30
445.723,-0.28,-0.38,-0.28,-0.31
445.745,-0.31,-0.44,-0.28,-0.34
445.767,-0.25,-0.56,-0.27,-0.40
445.789,-0.27,-0.32,-0.28,-0.40
445.811,-0.21,-0.34,-0.26,-0.41
445.833,-0.29,-0.36,-0.27,-0.40
445.855,-0.22,-0.24,-0.25,-0.36
445.877,-0.19,-0.44,-0.24,-0.34
445.899,-0.08,-0.39,-0.20,-0.35
445.921,-0.12,-0.36,-0.18,-0.36
445.943,-0.17,-0.24,-0.16,-0.33
445.965,-0.17,-0.31,-0.15,-0.35
445.987,-0.02,-0.14,-0.11,-0.29
446.009,-0.13,-0.24,-0.12,-0.26
446.031,-0.12,-0.30,-0.12,-0.25
446.053,-0.02,-0.34,-0.09,-0.27
446.075,-0.06,-0.50,-0.07,-0.30
446.097,-0.21,-0.58,-0.11,-0.39
446.119,-0.20,-0.29,-0.12,-0.40
446.141,-0.24,-0.05,-0.15,-0.35
446.163,-0.22,-0.21,-0.19,-0.33
446.185,-0.17,-0.40,-0.21,-0.31
446.207,-0.19,-0.38,-0.20,-0.27
446.229,-0.25,-0.15,-0.21,-0.24
446.251,-0.30,-0.22,-0.23,-0.27
446.273,-0.23,-0.43,-0.23,-0.32
446.295,-0.23,-0.49,-0.24,-0.33
446.317,-0.25,-0.62,-0.25,-0.38
446.339,-0.25,-0.62,-0.25,-0.48
446.361,-0.12,-0.31,-0.22,-0.49
446.383,-0.03,-0.32,-0.18,-0.47
446.405,0.02,-0.25,-0.13,-0.42
446.427,0.03,-0.35,-0.07,-0.37
446.449,-0.19,-0.32,-0.06,-0.31
446.471,-0.20,-0.36,-0.07,-0.32
446.493,-0.15,-0.42,-0.10,-0.34
446.515,-0.02,-0.51,-0.11,-0.39
446.537,-0.16,-0.34,-0.14,-0.39
446.559,-0.18,-0.31,-0.14,-0.39
446.581,-0.24,-0.43,-0.15,-0.40
446.603,-0.25,-0.52,-0.17,-0.42
446.625,-0.18,-0.53,-0.20,-0.43
446.647,-0.18,-0.47,-0.21,-0.45
446.669,-0.21,-0.42,-0.21,-0.47
446.691,-0.27,-0.34,-0.22,-0.46
446.713,-0.33,-0.34,-0.23,-0.42
446.735,-0.24,-0.32,-0.25,-0.38
446.757,-0.30,-0.27,-0.27,-0.34
446.779,-0.29,-0.42,-0.29,-0.34
446.801,-0.41,-0.55,-0.31,-0.38
446.823,-0.37,-0.55,-0.32,-0.42
446.845,-0.31,-0.53,-0.34,-0.46
446.867,-0.13,-0.50,-0.30,-0.51
446.889,-0.04,-0.53,-0.25,-0.53
446.911,-0.16,-0.40,-0.20,-0.50
446.933,-0.15,-0.51,-0.16,-0.49
446.955,-0.15,-0.47,-0.13,-0.48
446.977,-0.21,-0.37,-0.14,-0.46
446.999,-0.19,-0.34,-0.17,-0.42
447.021,-0.20,-0.32,-0.18,-0.40
447.043,-0.15,-0.23,-0.18,-0.35
447.065,-0.37,-0.39,-0.22,-0.33
447.087,-0.46,-0.39,-0.27,-0.33
447.109,-0.35,-0.35,-0.31,-0.34
447.131,-0.37,-0.50,-0.34,-0.37
447.153,-0.29,-0.44,-0.37,-0.41
447.175,-0.24,-0.33,-0.34,-0.40
447.197,-0.18,-0.37,-0.29,-0.40
447.219,-0.17,-0.38,-0.25,-0.40
447.241,-0.27,-0.31,-0.23,-0.37
447.263,-0.20,-0.22,-0.21,-0.32
447.285,-0.18,-0.20,-0.20,-0.30
447.307,-0.21,-0.26,-0.21,-0.27
447.329,-0.14,-0.42,-0.20,-0.28
447.351,-0.26,-0.32,-0.20,-0.28
447.373,-0.12,-0.18,-0.18,-0.28
447.395,-0.24,-0.13,-0.19,-0.26
447.417,-0.37,-0.25,-0.23,-0.26
447.439,-0.25,-0.17,-0.25,-0.21
447.461,-0.29,-0.23,-0.25,-0.19
447.483,-0.30,-0.47,-0.29,-0.25
447.505,-0.22,-0.42,-0.29,-0.31
447.527,-0.20,-0.23,-0.25,-0.30
447.549,-0.16,-0.17,-0.23,-0.30
447.571,-0.30,-0.30,-0.24,-0.32
447.593,-0.31,-0.47,-0.24,-0.32
447.615,-0.20,-0.41,-0.23,-0.32
447.637,-0.29,-0.44,-0.25,-0.36
447.659,-0.19,-0.41,-0.26,-0.41
447.681,-0.16,-0.43,-0.23,-0.43
447.703,-0.20,-0.36,-0.21,-0.41
447.725,-0.13,-0.21,-0.19,-0.37
447.747,-0.12,-0.40,-0.16,-0.36
447.769,-0.15,-0.34,-0.15,-0.35
447.791,-0.26,-0.47,-0.17,-0.36
447.813,-0.26,-0.57,-0.18,-0.40
447.835,-0.15,-0.47,-0.19,-0.45
447.857,-0.13,-0.27,-0.19,-0.42
447.879,-0.01,-0.33,-0.16,-0.42
447.901,-0.11,-0.59,-0.13,-0.45
447.923,-0.13,-0.36,-0.11,-0.40
447.945,-0.08,-0.32,-0.09,-0.37
447.967,-0.08,-0.37,-0.08,-0.39
447.989,-0.32,-0.39,-0.14,-0.41
448.011,-0.23,-0.40,-0.17,-0.37
448.033,-0.23,-0.30,-0.19,-0.36
448.055,-0.16,-0.30,-0.20,-0.35
448.077,-0.18,-0.25,-0.22,-0.33
448.099,-0.18,-0.42,-0.20,-0.33
448.121,-0.13,-0.42,-0.18,-0.34
448.143,-0.13,-0.46,-0.16,-0.37
448.165,-0.05,-0.44,-0.13,-0.40
448.187,-0.04,-0.30,-0.11,-0.41
448.209,-0.13,-0.29,-0.10,-0.38
448.231,-0.16,-0.36,-0.10,-0.37
448.253,-0.21,-0.41,-0.12,-0.36
448.275,-0.16,-0.36,-0.14,-0.34
448.297,-0.12,-0.30,-0.16,-0.34
448.319,-0.20,-0.43,-0.17,-0.37
448.341,-0.36,-0.40,-0.21,-0.38
448.363,-0.30,-0.32,-0.23,-0.36
448.385,-0.10,-0.25,-0.22,-0.34
448.407,0.00,-0.37,-0.19,-0.35
448.429,-0.17,-0.41,-0.19,-0.35
448.451,-0.19,-0.34,-0.15,-0.34
448.473,-0.14,-0.39,-0.12,-0.35
448.495,-0.04,-0.30,-0.11,-0.36
448.517,-0.06,-0.50,-0.12,-0.39
448.539,-0.18,-0.47,-0.12,-0.40
448.561,-0.26,-0.63,-0.14,-0.46
448.583,-0.33,-0.49,-0.17,-0.48
448.605,-0.15,-0.38,-0.20,-0.49
448.627,-0.38,-0.42,-0.26,-0.48
448.649,-0.24,-0.38,-0.27,-0.46
448.671,-0.15,-0.37,-0.25,-0.41
448.693,-0.10,-0.27,-0.20,-0.36
448.715,-0.10,-0.30,-0.19,-0.35
448.737,-0.16,-0.23,-0.15,-0.31
448.759,-0.15,-0.09,-0.13,-0.25
448.781,-0.29,-0.11,-0.16,-0.20
448.803,-0.23,-0.12,-0.19,-0.17
448.825,-0.19,-0.13,-0.20,-0.14
448.847,-0.18,-0.44,-0.21,-0.18
448.869,-0.15,-0.45,-0.21,-0.25
448.891,-0.20,-0.57,-0.19,-0.34
448.913,-0.06,-0.47,-0.16,-0.41
448.935,-0.08,-0.38,-0.13,-0.46
448.957,-0.17,-0.33,-0.13,-0.44
448.979,-0.18,-0.25,-0.14,-0.40
449.001,-0.25,-0.40,-0.15,-0.37
449.023,-0.18,-0.45,-0.17,-0.36
449.045,-0.14,-0.32,-0.18,-0.35
449.067,-0.23,-0.22,-0.20,-0.33
449.089,-0.08,-0.27,-0.18,-0.33
449.111,-0.20,-0.34,-0.17,-0.32
449.133,-0.13,-0.23,-0.16,-0.28
449.155,-0.30,-0.27,-0.19,-0.27
449.177,-0.25,-0.25,-0.19,-0.27
449.199,-0.38,-0.39,-0.25,-0.30
449.221,-0.37,-0.51,-0.29,-0.33
449.243,-0.27,-0.50,-0.31,-0.38
449.265,-0.35,-0.53,-0.32,-0.44
449.287,-0.41,-0.46,-0.36,-0.48
449.309,-0.37,-0.42,-0.35,-0.48
449.331,-0.39,-0.33,-0.36,-0.45
449.353,-0.11,-0.30,-0.33,-0.41
449.375,-0.04,-0.31,-0.26,-0.36
449.397,0.01,-0.27,-0.18,-0.33
449.419,-0.08,-0.18,-0.12,-0.28
449.441,-0.04,-0.24,-0.05,-0.26
449.463,-0.11,-0.26,-0.05,-0.25
449.485,-0.09,-0.22,-0.06,-0.23
449.507,-0.16,-0.42,-0.10,-0.26
449.529,-0.17,-0.40,-0.11,-0.31
449.551,-0.14,-0.42,-0.13,-0.34
449.573,-0.23,-0.31,-0.16,-0.35
449.595,-0.11,-0.38,-0.16,-0.39
449.617,-0.25,-0.37,-0.18,-0.38
449.639,-0.22,-0.22,-0.19,-0.34
449.661,-0.18,-0.21,-0.20,-0.30
449.683,-0.15,-0.26,-0.18,-0.29
449.705,-0.03,-0.28,-0.17,-0.27
449.727,0.09,-0.42,-0.10,-0.28
449.749,-0.02,-0.30,-0.06,-0.29
449.771,-0.04,-0.48,-0.03,-0.35
449.794,-0.16,-0.46,-0.03,-0.39
449.816,-0.13,-0.41,-0.05,-0.41
449.838,-0.03,-0.37,-0.08,-0.40
449.860,-0.06,-0.35,-0.08,-0.41
449.882,0.01,-0.21,-0.07,-0.36
449.904,-0.06,-0.14,-0.05,-0.30
449.926,-0.24,-0.09,-0.08,-0.23
449.948,-0.11,-0.17,-0.09,-0.19
449.970,-0.13,-0.21,-0.11,-0.16
449.992,-0.23,-0.38,-0.15,-0.20
450.014,-0.17,-0.27,-0.18,-0.22
450.036,-0.14,-0.35,-0.16,-0.28
450.058,-0.23,-0.40,-0.18,-0.32
450.080,-0.24,-0.52,-0.20,-0.38
450.102,-0.22,-0.27,-0.20,-0.36
450.124,-0.22,-0.30,-0.21,-0.37
450.146,-0.38,-0.47,-0.26,-0.39
450.168,-0.15,-0.43,-0.24,-0.40
450.190,-0.12,-0.29,-0.22,-0.35
450.212,-0.12,-0.31,-0.20,-0.36
450.234,-0.22,-0.23,-0.20,-0.35
450.256,-0.27,-0.34,-0.18,-0.32
450.278,-0.39,-0.57,-0.22,-0.35
450.300,-0.25,-0.32,-0.25,-0.35
450.322,-0.12,-0.43,-0.25,-0.38
450.344,-0.16,-0.43,-0.24,-0.42
450.366,-0.28,-0.38,-0.24,-0.43
450.388,-0.20,-0.50,-0.20,-0.41
450.410,-0.27,-0.46,-0.21,-0.44
450.432,-0.23,-0.27,-0.23,-0.41
450.454,-0.15,-0.24,-0.23,-0.37
450.476,-0.29,-0.27,-0.23,-0.35
450.498,-0.19,-0.30,-0.23,-0.31
450.520,-0.16,-0.31,-0.20,-0.28
450.542,-0.26,-0.31,-0.21,-0.29
450.564,-0.24,-0.34,-0.23,-0.31
450.586,-0.28,-0.29,-0.23,-0.31
450.608,-0.32,-0.30,-0.25,-0.31
450.630,-0.32,-0.36,-0.28,-0.32
450.652,-0.26,-0.40,-0.28,-0.34
450.674,-0.19,-0.36,-0.27,-0.34
450.696,-0.14,-0.29,-0.25,-0.34
450.718,-0.14,-0.21,-0.21,-0.32
450.740,-0.27,-0.16,-0.20,-0.28
450.762,-0.36,-0.15,-0.22,-0.23
450.784,-0.29,-0.25,-0.24,-0.21
450.806,-0.28,-0.19,-0.27,-0.19
450.828,-0.26,-0.40,-0.29,-0.23
450.850,-0.26,-0.43,-0.29,-0.28
450.872,-0.24,-0.33,-0.27,-0.32
450.894,-0.27,-0.26,-0.26,-0.32
450.916,-0.15,-0.33,-0.24,-0.35
450.938,-0.03,-0.45,-0.19,-0.36
450.960,-0.07,-0.44,-0.15,-0.36
450.982,-0.23,-0.45,-0.15,-0.39
451.004,-0.13,-0.48,-0.12,-0.43
451.026,-0.09,-0.32,-0.11,-0.43
451.048,-0.10,-0.37,-0.12,-0.41
451.070,-0.06,-0.43,-0.12,-0.41
451.092,-0.07,-0.51,-0.09,-0.42
451.114,-0.05,-0.35,-0.07,-0.40
451.136,-0.04,-0.31,-0.06,-0.39
451.158,-0.17,-0.27,-0.08,-0.37
451.180,-0.16,-0.28,-0.10,-0.34
451.202,-0.14,-0.31,-0.11,-0.30
451.224,-0.12,-0.37,-0.13,-0.31
451.246,-0.13,-0.32,-0.14,-0.31
451.268,-0.00,-0.13,-0.11,-0.28
451.290,-0.06,-0.18,-0.09,-0.26
451.312,-0.15,-0.38,-0.09,-0.28
451.334,-0.24,-0.35,-0.12,-0.27
451.356,-0.19,-0.47,-0.13,-0.30
451.378,-0.19,-0.43,-0.17,-0.36
451.400,-0.02,-0.32,-0.16,-0.39
451.422,0.03,-0.31,-0.12,-0.38
451.444,-0.20,-0.33,-0.11,-0.37
451.466,-0.28,-0.38,-0.13,-0.35
451.488,-0.16,-0.55,-0.13,-0.38
451.510,-0.11,-0.44,-0.14,-0.40
451.532,-0.17,-0.34,-0.18,-0.41
451.554,-0.17,-0.20,-0.18,-0.38
451.576,-0.18,-0.31,-0.16,-0.37
451.598,-0.12,-0.27,-0.15,-0.31
451.620,-0.14,-0.43,-0.16,-0.31
451.642,-0.34,-0.42,-0.19,-0.33
451.664,-0.20,-0.34,-0.20,-0.35
451.686,-0.17,-0.12,-0.19,-0.32
451.708,-0.11,-0.21,-0.19,-0.30
451.730,-0.06,-0.28,-0.18,-0.27
451.752,-0.13,-0.22,-0.13,-0.23
451.774,-0.19,-0.12,-0.13,-0.19
451.796,-0.20,-0.12,-0.14,-0.19
451.818,-0.11,-0.28,-0.14,-0.20
451.840,-0.03,-0.28,-0.13,-0.20
451.862,-0.15,-0.36,-0.14,-0.23
451.884,-0.14,-0.37,-0.13,-0.28
451.906,-0.22,-0.26,-0.13,-0.31
451.928,-0.10,-0.34,-0.13,-0.32
451.950,-0.14,-0.34,-0.15,-0.33
451.972,-0.15,-0.40,-0.15,-0.34
451.994,-0.05,-0.39,-0.13,-0.35
452.016,-0.23,-0.31,-0.13,-0.36
452.038,-0.21,-0.25,-0.16,-0.34
452.060,-0.20,-0.38,-0.17,-0.35
452.082,-0.25,-0.36,-0.19,-0.34
452.104,-0.10,-0.33,-0.20,-0.33
452.126,-0.17,-0.20,-0.19,-0.30
452.148,-0.21,-0.28,-0.19,-0.31
452.170,-0.15,-0.29,-0.18,-0.29
452.192,-0.24,-0.32,-0.17,-0.28
452.214,-0.15,-0.31,-0.18,-0.28
452.236,-0.26,-0.18,-0.20,-0.28
452.258,-0.30,-0.33,-0.22,-0.29
452.280,-0.14,-0.37,-0.22,-0.30
452.302,-0.10,-0.31,-0.19,-0.30
452.324,-0.13,-0.20,-0.19,-0.28
452.346,-0.21,-0.24,-0.18,-0.29
452.368,-0.19,-0.30,-0.15,-0.28
452.390,-0.34,-0.33,-0.19,-0.28
452.412,-0.35,-0.33,-0.24,-0.28
452.434,-0.23,-0.26,-0.26,-0.29
452.456,-0.30,-0.38,-0.28,-0.32
452.478,-0.27,-0.54,-0.30,-0.37
452.500,-0.32,-0.41,-0.29,-0.38
452.522,-0.21,-0.28,-0.27,-0.37
452.544,-0.22,-0.49,-0.26,-0.42
452.566,-0.05,-0.34,-0.21,-0.41
452.588,-0.12,-0.23,-0.18,-0.35
452.610,-0.18,-0.21,-0.16,-0.31
452.632,-0.19,-0.42,-0.15,-0.34
452.654,-0.24,-0.40,-0.16,-0.32
452.676,-0.13,-0.37,-0.17,-0.33
452.698,-0.34,-0.38,-0.22,-0.36
452.720,-0.39,-0.22,-0.26,-0.36
452.742,-0.20,-0.35,-0.26,-0.34
452.764,-0.09,-0.32,-0.23,-0.33
452.786,-0.30,-0.41,-0.26,-0.34
452.808,-0.40,-0.41,-0.28,-0.34
452.830,-0.20,-0.34,-0.24,-0.37
452.852,-0.22,-0.52,-0.24,-0.40
452.874,0.04,-0.31,-0.22,-0.40
452.896,-0.10,-0.41,-0.18,-0.40
452.918,-0.28,-0.28,-0.15,-0.37
452.940,-0.15,-0.34,-0.14,-0.37
452.962,-0.18,-0.40,-0.13,-0.35
452.984,-0.26,-0.36,-0.19,-0.36
453.006,-0.09,-0.26,-0.19,-0.33
453.028,-0.14,-0.32,-0.16,-0.34
453.050,-0.29,-0.17,-0.19,-0.30
453.072,-0.23,-0.30,-0.20,-0.28
453.094,-0.02,-0.32,-0.15,-0.27
453.116,-0.13,-0.45,-0.16,-0.31
453.138,-0.18,-0.48,-0.17,-0.34
453.160,-0.23,-0.45,-0.16,-0.40
453.182,-0.27,-0.53,-0.17,-0.45
453.204,-0.25,-0.50,-0.21,-0.48
453.226,-0.21,-0.49,-0.23,-0.49
453.248,-0.30,-0.35,-0.25,-0.46
453.270,-0.22,-0.45,-0.25,-0.46
453.292,-0.12,-0.33,-0.22,-0.42
453.314,-0.19,-0.41,-0.21,-0.41
453.336,-0.02,-0.37,-0.17,-0.38
453.358,-0.20,-0.39,-0.15,-0.39
453.380,-0.28,-0.50,-0.16,-0.40
453.402,-0.30,-0.48,-0.20,-0.43
453.424,-0.23,-0.35,-0.21,-0.42
453.446,-0.22,-0.30,-0.25,-0.40
453.468,-0.27,-0.37,-0.26,-0.40
453.490,-0.28,-0.27,-0.26,-0.35
453.512,-0.31,-0.43,-0.26,-0.34
453.534,-0.30,-0.26,-0.28,-0.33
453.556,-0.42,-0.41,-0.32,-0.35
453.578,-0.20,-0.22,-0.30,-0.32
453.600,-0.09,-0.29,-0.26,-0.32
453.622,-0.18,-0.37,-0.24,-0.31
453.644,-0.08,-0.46,-0.19,-0.35
453.666,-0.17,-0.30,-0.14,-0.33
453.688,-0.11,-0.48,-0.13,-0.38
453.710,-0.13,-0.26,-0.13,-0.37
453.732,-0.10,-0.41,-0.12,-0.38
453.754,-0.09,-0.47,-0.12,-0.38
453.776,0.03,-0.37,-0.08,-0.40
453.798,-0.05,-0.39,-0.07,-0.38
453.820,-0.11,-0.46,-0.06,-0.42
453.842,-0.23,-0.40,-0.09,-0.42
453.864,-0.10,-0.41,-0.09,-0.41
453.886,-0.10,-0.45,-0.12,-0.42
453.908,-0.10,-0.40,-0.13,-0.42
453.930,-0.17,-0.31,-0.14,-0.39
453.952,-0.10,-0.39,-0.11,-0.39
453.974,0.04,-0.31,-0.09,-0.37
453.996,-0.03,-0.39,-0.07,-0.36
454.018,0.02,-0.26,-0.05,-0.33
454.040,0.03,-0.35,-0.01,-0.34
454.062,-0.07,-0.34,-0.00,-0.33
454.084,-0.25,-0.41,-0.06,-0.35
454.106,-0.30,-0.40,-0.11,-0.35
454.128,-0.37,-0.41,-0.19,-0.38
454.150,-0.20,-0.23,-0.24,-0.36
454.172,-0.00,-0.27,-0.22,-0.34
454.194,-0.12,-0.30,-0.20,-0.32
454.216,-0.20,-0.51,-0.18,-0.34
454.238,-0.35,-0.50,-0.17,-0.36
454.260,-0.27,-0.43,-0.19,-0.40
454.282,-0.31,-0.35,-0.25,-0.42
454.304,-0.30,-0.36,-0.29,-0.43
454.326,-0.09,-0.31,-0.26,-0.39
454.348,-0.12,-0.27,-0.22,-0.34
454.370,-0.20,-0.44,-0.20,-0.35
454.392,-0.23,-0.28,-0.19,-0.33
454.414,-0.30,-0.15,-0.19,-0.29
454.436,-0.37,-0.20,-0.24,-0.27
454.458,-0.13,-0.20,-0.25,-0.25
454.480,-0.13,-0.24,-0.23,-0.21
454.502,-0.30,-0.30,-0.25,-0.22
454.524,-0.24,-0.58,-0.23,-0.30
454.546,-0.17,-0.47,-0.19,-0.36
454.568,-0.11,-0.55,-0.19,-0.43
454.590,-0.16,-0.52,-0.20,-0.48
454.612,-0.27,-0.48,-0.19,-0.52
454.634,-0.05,-0.46,-0.15,-0.50
454.656,-0.04,-0.28,-0.13,-0.46
454.678,-0.08,-0.47,-0.12,-0.44
454.700,-0.03,-0.42,-0.09,-0.42
454.722,-0.21,-0.33,-0.08,-0.39
454.744,-0.07,-0.28,-0.09,-0.36
454.766,-0.18,-0.31,-0.11,-0.36
454.788,-0.18,-0.37,-0.13,-0.34
454.810,-0.19,-0.30,-0.17,-0.32
454.832,-0.40,-0.39,-0.20,-0.33
454.854,-0.25,-0.42,-0.24,-0.36
454.876,-0.30,-0.48,-0.26,-0.39
454.898,-0.24,-0.24,-0.28,-0.37
454.920,-0.08,-0.30,-0.25,-0.37
454.942,-0.15,-0.32,-0.20,-0.35
454.964,-0.26,-0.33,-0.21,-0.33
454.986,-0.33,-0.42,-0.21,-0.32
455.008,-0.26,-0.42,-0.22,-0.36
455.030,-0.18,-0.32,-0.24,-0.36
455.052,-0.33,-0.37,-0.27,-0.37
455.074,-0.27,-0.40,-0.27,-0.39
455.096,-0.10,-0.35,-0.23,-0.37
455.118,-0.10,-0.40,-0.20,-0.37
455.140,-0.05,-0.45,-0.17,-0.39
455.162,-0.21,-0.43,-0.15,-0.41
455.184,-0.21,-0.43,-0.13,-0.41
455.206,-0.28,-0.45,-0.17,-0.43
455.228,-0.15,-0.39,-0.18,-0.43
455.250,-0.06,-0.21,-0.18,-0.38
455.272,-0.12,-0.30,-0.16,-0.36
455.294,-0.09,-0.35,-0.14,-0.34
455.316,-0.20,-0.37,-0.12,-0.32
455.338,-0.16,-0.40,-0.13,-0.33
455.360,-0.20,-0.35,-0.15,-0.35
455.382,-0.14,-0.37,-0.16,-0.37
455.404,-0.34,-0.37,-0.21,-0.37
455.426,-0.21,-0.44,-0.21,-0.39
455.448,-0.10,-0.39,-0.20,-0.38
455.470,-0.10,-0.29,-0.18,-0.37
455.492,-0.19,-0.20,-0.19,-0.34
455.514,-0.24,-0.18,-0.17,-0.30
455.536,-0.26,-0.25,-0.18,-0.26
455.558,-0.25,-0.29,-0.21,-0.24
455.580,-0.23,-0.25,-0.23,-0.23
455.602,-0.13,-0.33,-0.22,-0.26
455.624,-0.11,-0.22,-0.20,-0.27
455.646,-0.33,-0.21,-0.21,-0.26
455.668,-0.34,-0.20,-0.23,-0.24
455.690,-0.33,-0.24,-0.25,-0.24
455.712,-0.16,-0.32,-0.25,-0.24
455.734,-0.24,-0.34,-0.28,-0.26
455.756,-0.06,-0.36,-0.23,-0.29
455.778,0.03,-0.36,-0.15,-0.32
455.800,-0.14,-0.30,-0.11,-0.34
455.822,-0.07,-0.27,-0.10,-0.33
455.844,-0.19,-0.24,-0.09,-0.31
455.866,-0.26,-0.10,-0.13,-0.25
455.888,-0.30,-0.20,-0.19,-0.22
455.910,-0.34,-0.20,-0.23,-0.20
455.932,-0.10,-0.36,-0.24,-0.22
455.954,-0.22,-0.25,-0.24,-0.22
455.976,-0.26,-0.15,-0.24,-0.23
455.998,-0.27,-0.27,-0.24,-0.25
456.020,-0.20,-0.35,-0.21,-0.28
456.042,-0.22,-0.40,-0.23,-0.28
456.064,-0.28,-0.45,-0.25,-0.32
456.086,-0.15,-0.38,-0.22,-0.37
456.108,-0.05,-0.27,-0.18,-0.37
456.130,-0.08,-0.48,-0.16,-0.40
456.152,-0.21,-0.31,-0.15,-0.38
456.174,-0.16,-0.37,-0.13,-0.36
456.196,-0.27,-0.45,-0.15,-0.38
456.218,-0.21,-0.43,-0.19,-0.41
456.240,-0.18,-0.50,-0.21,-0.41
456.262,-0.20,-0.48,-0.20,-0.45
456.284,-0.11,-0.45,-0.19,-0.46
456.306,-0.21,-0.41,-0.18,-0.45
456.328,-0.25,-0.50,-0.19,-0.47
456.350,-0.12,-0.36,-0.18,-0.44
456.372,-0.20,-0.30,-0.18,-0.40
456.394,-0.12,-0.35,-0.18,-0.38
456.416,-0.12,-0.52,-0.16,-0.41
456.438,-0.19,-0.43,-0.15,-0.39
456.460,-0.09,-0.35,-0.14,-0.39
456.482,-0.15,-0.38,-0.13,-0.41
456.504,-0.24,-0.31,-0.16,-0.40
456.526,-0.27,-0.31,-0.19,-0.36
456.548,-0.39,-0.23,-0.23,-0.32
456.570,-0.19,-0.23,-0.25,-0.29
456.592,-0.31,-0.42,-0.28,-0.30
456.614,-0.53,-0.40,-0.34,-0.32
456.636,-0.35,-0.52,-0.35,-0.36
456.658,-0.26,-0.52,-0.33,-0.42
456.680,-0.18,-0.52,-0.33,-0.48
456.702,-0.15,-0.57,-0.29,-0.51
456.724,-0.20,-0.45,-0.23,-0.52
456.746,-0.22,-0.43,-0.20,-0.50
456.768,-0.16,-0.52,-0.18,-0.50
456.790,-0.11,-0.49,-0.17,-0.49
456.812,-0.14,-0.43,-0.17,-0.46
456.834,-0.17,-0.35,-0.16,-0.44
456.856,-0.23,-0.45,-0.16,-0.45
456.878,-0.23,-0.39,-0.18,-0.42
456.900,-0.24,-0.28,-0.20,-0.38
456.922,-0.28,-0.33,-0.23,-0.36
456.944,-0.30,-0.32,-0.26,-0.35
456.966,-0.24,-0.29,-0.26,-0.32
456.988,-0.12,-0.42,-0.24,-0.33
457.010,-0.11,-0.49,-0.21,-0.37
457.032,-0.21,-0.31,-0.20,-0.37
457.054,-0.38,-0.44,-0.21,-0.39
457.076,-0.46,-0.39,-0.26,-0.41
457.098,-0.26,-0.23,-0.28,-0.37
457.120,-0.32,-0.38,-0.33,-0.35
457.142,-0.32,-0.56,-0.35,-0.40
457.164,-0.33,-0.45,-0.34,-0.40
457.186,-0.21,-0.46,-0.29,-0.42
457.208,-0.18,-0.44,-0.27,-0.46
457.230,-0.23,-0.41,-0.25,-0.46
457.252,-0.27,-0.27,-0.24,-0.41
457.274,-0.16,-0.41,-0.21,-0.40
457.296,-0.24,-0.49,-0.22,-0.40
457.318,-0.21,-0.60,-0.22,-0.44
457.340,-0.06,-0.40,-0.19,-0.43
457.362,0.07,-0.43,-0.12,-0.47
457.384,-0.09,-0.44,-0.11,-0.47
457.406,-0.11,-0.37,-0.08,-0.45
457.428,-0.19,-0.37,-0.08,-0.40
457.450,-0.23,-0.31,-0.11,-0.38
457.472,-0.24,-0.41,-0.17,-0.38
457.494,-0.26,-0.48,-0.21,-0.39
457.516,-0.17,-0.38,-0.22,-0.39
457.538,-0.15,-0.40,-0.21,-0.40
457.560,-0.29,-0.27,-0.22,-0.39
457.582,-0.13,-0.22,-0.20,-0.35
457.604,-0.19,-0.22,-0.19,-0.30
457.626,-0.14,-0.36,-0.18,-0.29
457.648,-0.23,-0.36,-0.20,-0.29
457.670,-0.28,-0.27,-0.19,-0.29
457.692,-0.28,-0.43,-0.22,-0.33
457.714,-0.33,-0.45,-0.25,-0.37
457.736,-0.34,-0.24,-0.29,-0.35
457.758,-0.41,-0.32,-0.33,-0.34
457.780,-0.17,-0.38,-0.31,-0.36
457.802,-0.31,-0.28,-0.31,-0.33
457.824,-0.21,-0.24,-0.29,-0.29
457.846,-0.12,-0.34,-0.24,-0.31
457.868,-0.07,-0.21,-0.18,-0.29
457.890,-0.19,-0.34,-0.18,-0.28
457.912,-0.20,-0.39,-0.16,-0.30
457.934,-0.07,-0.32,-0.13,-0.32
457.956,-0.16,-0.31,-0.14,-0.31
457.978,-0.19,-0.24,-0.16,-0.32
458.000,-0.27,-0.25,-0.18,-0.30
458.022,-0.10,-0.45,-0.16,-0.31
458.044,0.02,-0.25,-0.14,-0.30
458.066,-0.03,-0.20,-0.11,-0.28
458.088,0.06,-0.27,-0.06,-0.28
458.110,0.04,-0.37,-0.00,-0.31
458.132,-0.18,-0.31,-0.02,-0.28
458.154,-0.14,-0.26,-0.05,-0.28
458.176,-0.12,-0.32,-0.07,-0.31
458.198,-0.19,-0.41,-0.12,-0.33
458.220,-0.22,-0.35,-0.17,-0.33
458.242,-0.20,-0.22,-0.17,-0.31
458.264,-0.16,-0.25,-0.18,-0.31
458.286,-0.23,-0.26,-0.20,-0.30
458.308,-0.28,-0.31,-0.22,-0.28
458.330,-0.21,-0.37,-0.22,-0.28
458.352,-0.04,-0.49,-0.18,-0.34
458.374,0.01,-0.50,-0.15,-0.39
458.396,-0.28,-0.37,-0.16,-0.41
458.418,-0.28,-0.51,-0.16,-0.45
458.440,-0.23,-0.39,-0.16,-0.45
458.462,-0.04,-0.25,-0.16,-0.40
458.484,-0.06,-0.16,-0.18,-0.34
458.506,0.01,-0.33,-0.12,-0.33
458.528,0.08,-0.44,-0.05,-0.31
458.550,-0.02,-0.57,-0.01,-0.35
458.572,0.02,-0.53,0.01,-0.41
458.594,-0.14,-0.45,-0.01,-0.46
458.616,-0.09,-0.38,-0.03,-0.47
458.638,-0.17,-0.50,-0.08,-0.49
458.660,-0.11,-0.30,-0.10,-0.43
458.682,-0.05,-0.42,-0.11,-0.41
458.704,-0.13,-0.30,-0.11,-0.38
458.726,-0.14,-0.36,-0.12,-0.38
458.748,-0.26,-0.37,-0.14,-0.35
458.770,-0.20,-0.38,-0.16,-0.37
458.792,-0.02,-0.33,-0.15,-0.35
458.814,-0.03,-0.31,-0.13,-0.35
458.836,-0.19,-0.42,-0.14,-0.36
458.858,-0.09,-0.28,-0.11,-0.34
458.880,-0.15,-0.28,-0.10,-0.32
458.902,-0.14,-0.29,-0.12,-0.32
458.924,-0.10,-0.22,-0.13,-0.30
458.946,-0.25,-0.21,-0.15,-0.26
458.968,-0.23,-0.29,-0.17,-0.26
458.990,-0.20,-0.23,-0.18,-0.25
459.012,-0.21,-0.32,-0.20,-0.25
459.034,-0.29,-0.54,-0.24,-0.32
459.056,-0.11,-0.44,-0.21,-0.36
459.078,-0.16,-0.59,-0.19,-0.42
459.100,-0.16,-0.57,-0.19,-0.49
459.122,-0.22,-0.43,-0.19,-0.51
459.144,-0.23,-0.36,-0.18,-0.48
459.166,-0.24,-0.46,-0.20,-0.48
459.188,-0.23,-0.51,-0.22,-0.47
459.210,-0.19,-0.27,-0.22,-0.41
459.232,-0.17,-0.29,-0.21,-0.38
459.254,-0.15,-0.56,-0.20,-0.42
459.276,-0.04,-0.49,-0.16,-0.42
459.298,-0.18,-0.46,-0.15,-0.41
459.320,-0.20,-0.46,-0.15,-0.45
459.342,-0.39,-0.68,-0.19,-0.53
459.364,-0.38,-0.54,-0.24,-0.53
459.386,-0.26,-0.47,-0.28,-0.52
459.408,-0.27,-0.40,-0.30,-0.51
459.430,-0.32,-0.36,-0.32,-0.49
459.452,-0.24,-0.41,-0.29,-0.44
459.474,-0.11,-0.37,-0.24,-0.40
459.496,-0.21,-0.28,-0.23,-0.36
459.518,-0.05,-0.23,-0.19,-0.33
459.540,-0.11,-0.28,-0.14,-0.31
459.562,-0.14,-0.26,-0.12,-0.28
459.584,-0.15,-0.31,-0.13,-0.27
459.606,-0.31,-0.25,-0.15,-0.27
459.628,-0.28,-0.32,-0.20,-0.28
459.650,-0.20,-0.36,-0.22,-0.30
459.672,-0.16,-0.50,-0.22,-0.35
459.694,-0.13,-0.39,-0.22,-0.36
459.716,-0.16,-0.36,-0.19,-0.39
459.738,-0.13,-0.30,-0.16,-0.38
459.760,-0.04,-0.31,-0.12,-0.37
459.782,-0.13,-0.33,-0.12,-0.34
459.804,-0.15,-0.50,-0.12,-0.36
459.826,-0.19,-0.45,-0.13,-0.38
459.848,-0.26,-0.39,-0.15,-0.40
459.870,-0.22,-0.43,-0.19,-0.42
459.892,-0.13,-0.50,-0.19,-0.45
459.914,-0.08,-0.56,-0.18,-0.47
459.936,0.03,-0.54,-0.13,-0.48
459.958,0.01,-0.62,-0.08,-0.53
459.980,-0.08,-0.29,-0.05,-0.50
460.002,-0.26,-0.32,-0.08,-0.47
460.024,-0.18,-0.31,-0.10,-0.42
460.046,-0.16,-0.46,-0.13,-0.40
460.068,-0.20,-0.59,-0.18,-0.39
460.090,-0.23,-0.49,-0.21,-0.43
460.112,-0.20,-0.51,-0.19,-0.47
460.134,-0.24,-0.20,-0.21,-0.45
460.156,-0.25,-0.37,-0.22,-0.43
460.178,-0.18,-0.47,-0.22,-0.41
460.200,-0.23,-0.47,-0.22,-0.40
460.222,-0.15,-0.29,-0.21,-0.36
460.244,-0.19,-0.31,-0.20,-0.38
460.266,-0.31,-0.31,-0.21,-0.37
460.288,-0.34,-0.36,-0.24,-0.35
460.310,-0.30,-0.25,-0.26,-0.30
460.332,-0.42,-0.26,-0.31,-0.30
460.354,-0.29,-0.27,-0.33,-0.29
460.376,-0.40,-0.31,-0.35,-0.29
460.398,-0.30,-0.49,-0.34,-0.32
460.420,-0.26,-0.46,-0.33,-0.36
460.442,-0.19,-0.46,-0.29,-0.40
460.464,-0.09,-0.43,-0.25,-0.43
460.486,-0.15,-0.32,-0.20,-0.43
460.508,-0.26,-0.33,-0.19,-0.40
460.530,-0.23,-0.38,-0.18,-0.38
460.552,-0.12,-0.31,-0.17,-0.35
460.574,-0.09,-0.19,-0.17,-0.31
460.596,-0.18,-0.22,-0.18,-0.29
460.618,-0.38,-0.25,-0.20,-0.27
460.640,-0.37,-0.34,-0.23,-0.26
460.662,-0.27,-0.39,-0.26,-0.28
460.684,-0.29,-0.04,-0.30,-0.25
460.706,-0.26,-0.15,-0.31,-0.23
460.728,-0.28,-0.16,-0.29,-0.22
460.750,-0.24,-0.19,-0.27,-0.19
460.772,-0.25,-0.30,-0.26,-0.17
460.794,-0.24,-0.47,-0.25,-0.25
460.816,-0.17,-0.27,-0.24,-0.28
460.838,-0.23,-0.29,-0.23,-0.30
460.860,-0.24,-0.40,-0.23,-0.35
460.882,-0.26,-0.23,-0.23,-0.33
460.904,-0.04,-0.35,-0.19,-0.31
460.926,-0.17,-0.30,-0.19,-0.31
460.948,-0.18,-0.32,-0.18,-0.32
460.970,-0.13,-0.38,-0.16,-0.32
460.992,-0.21,-0.26,-0.15,-0.32
461.014,-0.13,-0.41,-0.16,-0.33
461.036,-0.19,-0.49,-0.17,-0.37
461.058,-0.13,-0.37,-0.16,-0.38
461.080,-0.13,-0.40,-0.16,-0.39
461.102,-0.12,-0.35,-0.14,-0.40
461.124,-0.06,-0.27,-0.13,-0.38
461.146,-0.27,-0.37,-0.14,-0.35
461.168,-0.17,-0.27,-0.15,-0.33
461.190,-0.21,-0.19,-0.17,-0.29
461.212,-0.17,-0.21,-0.18,-0.26
461.234,-0.17,-0.22,-0.20,-0.25
461.256,-0.21,-0.27,-0.19,-0.23
461.278,-0.17,-0.29,-0.19,-0.24
461.300,-0.10,-0.43,-0.16,-0.28
461.322,-0.21,-0.37,-0.17,-0.32
461.344,-0.16,-0.51,-0.17,-0.37
461.366,-0.18,-0.28,-0.16,-0.38
461.388,-0.10,-0.33,-0.15,-0.38
461.410,-0.19,-0.24,-0.17,-0.35
461.432,-0.19,-0.30,-0.16,-0.33
461.454,-0.37,-0.36,-0.21,-0.30
461.476,-0.27,-0.33,-0.22,-0.31
461.498,-0.19,-0.39,-0.24,-0.32
461.520,-0.32,-0.29,-0.27,-0.33
461.542,-0.16,-0.44,-0.26,-0.36
461.564,-0.32,-0.43,-0.25,-0.38
461.586,-0.24,-0.26,-0.25,-0.36
461.608,-0.11,-0.49,-0.23,-0.38
461.630,-0.21,-0.47,-0.21,-0.42
461.652,-0.18,-0.38,-0.21,-0.41
461.674,-0.23,-0.32,-0.19,-0.38
461.696,-0.02,-0.25,-0.15,-0.38
461.718,-0.21,-0.35,-0.17,-0.35
461.740,-0.22,-0.29,-0.17,-0.32
461.762,-0.08,-0.45,-0.15,-0.33
461.784,-0.07,-0.46,-0.12,-0.36
461.806,-0.13,-0.31,-0.14,-0.37
461.828,-0.08,-0.48,-0.12,-0.40
461.850,-0.22,-0.45,-0.12,-0.43
461.872,-0.18,-0.47,-0.14,-0.43
461.894,-0.06,-0.37,-0.13,-0.42
461.916,-0.08,-0.50,-0.12,-0.45
461.938,-0.05,-0.55,-0.12,-0.47
461.960,-0.14,-0.43,-0.10,-0.46
461.982,-0.17,-0.41,-0.10,-0.45
462.004,-0.07,-0.57,-0.10,-0.49
462.026,-0.14,-0.56,-0.11,-0.50
462.048,-0.29,-0.53,-0.16,-0.50
462.070,-0.32,-0.44,-0.20,-0.50
462.092,-0.25,-0.29,-0.21,-0.48
462.114,-0.22,-0.53,-0.24,-0.47
462.136,-0.31,-0.43,-0.28,-0.44
462.158,-0.19,-0.30,-0.26,-0.40
462.180,-0.13,-0.34,-0.22,-0.38
462.202,0.00,-0.28,-0.17,-0.38
462.224,-0.06,-0.28,-0.14,-0.33
462.246,-0.19,-0.36,-0.11,-0.31
462.268,-0.15,-0.44,-0.11,-0.34
462.290,-0.20,-0.32,-0.12,-0.34
462.312,-0.22,-0.23,-0.16,-0.33
462.334,-0.16,-0.25,-0.18,-0.32
462.356,-0.23,-0.18,-0.19,-0.28
462.378,-0.35,-0.26,-0.23,-0.25
462.400,-0.28,-0.22,-0.25,-0.23
462.422,-0.26,-0.15,-0.26,-0.21
462.444,-0.28,-0.16,-0.28,-0.19
462.466,-0.31,-0.24,-0.30,-0.21
462.488,-0.34,-0.24,-0.29,-0.20
462.510,-0.24,-0.40,-0.29,-0.24
462.532,-0.07,-0.43,-0.25,-0.29
462.554,-0.25,-0.40,-0.24,-0.34
462.576,-0.29,-0.37,-0.24,-0.37
462.598,-0.23,-0.39,-0.22,-0.40
462.620,-0.22,-0.33,-0.21,-0.38
462.642,-0.21,-0.46,-0.24,-0.39
462.664,-0.17,-0.35,-0.22,-0.38
462.686,-0.13,-0.28,-0.19,-0.36
462.708,-0.10,-0.18,-0.17,-0.32
462.730,-0.25,-0.35,-0.17,-0.32
462.752,-0.40,-0.49,-0.21,-0.33
462.774,-0.22,-0.39,-0.22,-0.34
462.796,-0.21,-0.27,-0.24,-0.34
462.818,-0.13,-0.32,-0.24,-0.36
462.840,-0.21,-0.14,-0.23,-0.32
462.862,-0.21,-0.24,-0.20,-0.27
462.884,-0.10,-0.29,-0.17,-0.25
462.906,-0.13,-0.29,-0.16,-0.26
462.928,-0.16,-0.41,-0.16,-0.27
462.950,-0.24,-0.27,-0.17,-0.30
462.972,-0.20,-0.30,-0.17,-0.31
462.994,-0.11,-0.39,-0.17,-0.33
463.016,-0.20,-0.38,-0.18,-0.35
463.038,-0.13,-0.23,-0.18,-0.31
463.060,-0.25,-0.17,-0.18,-0.29
463.082,-0.25,-0.11,-0.19,-0.26
463.104,-0.22,-0.06,-0.21,-0.19
463.126,-0.28,-0.25,-0.23,-0.16
463.148,-0.31,-0.31,-0.26,-0.18
463.170,-0.33,-0.17,-0.28,-0.18
463.192,-0.29,-0.36,-0.29,-0.23
463.214,-0.15,-0.50,-0.27,-0.32
463.236,-0.20,-0.37,-0.26,-0.34
463.258,-0.16,-0.31,-0.23,-0.34
463.280,-0.20,-0.47,-0.20,-0.40
463.302,-0.31,-0.37,-0.20,-0.40
463.324,-0.31,-0.44,-0.24,-0.39
463.346,-0.33,-0.43,-0.26,-0.40
463.368,-0.21,-0.37,-0.27,-0.42
463.390,-0.24,-0.38,-0.28,-0.40
463.412,-0.25,-0.26,-0.27,-0.38
463.434,-0.06,-0.37,-0.22,-0.36
463.456,-0.23,-0.34,-0.20,-0.34
463.478,-0.25,-0.34,-0.21,-0.34
463.500,-0.31,-0.28,-0.22,-0.32
463.522,-0.25,-0.23,-0.22,-0.31
463.544,-0.30,-0.28,-0.27,-0.29
463.566,-0.21,-0.26,-0.26,-0.28
463.588,-0.24,-0.37,-0.26,-0.28
463.610,-0.36,-0.25,-0.27,-0.28
463.632,-0.30,-0.17,-0.28,-0.27
463.654,-0.19,-0.24,-0.26,-0.26
463.676,-0.21,-0.26,-0.26,-0.26
463.698,-0.12,-0.32,-0.24,-0.25
463.720,-0.21,-0.28,-0.21,-0.25
463.742,-0.20,-0.35,-0.19,-0.29
463.764,-0.20,-0.37,-0.19,-0.32
463.786,-0.12,-0.38,-0.17,-0.34
463.808,-0.07,-0.29,-0.16,-0.33
463.830,-0.17,-0.26,-0.15,-0.33
463.852,-0.06,-0.33,-0.12,-0.33
463.874,-0.19,-0.35,-0.12,-0.32
463.896,-0.21,-0.27,-0.14,-0.30
463.918,-0.16,-0.43,-0.16,-0.33
463.940,-0.22,-0.55,-0.17,-0.39
463.962,-0.26,-0.53,-0.21,-0.43
463.984,-0.30,-0.50,-0.23,-0.46
464.006,-0.27,-0.49,-0.24,-0.50
464.028,-0.32,-0.52,-0.27,-0.52
464.050,-0.28,-0.35,-0.29,-0.48
464.072,-0.25,-0.34,-0.28,-0.44
464.094,-0.29,-0.20,-0.28,-0.38
464.116,-0.16,-0.39,-0.26,-0.36
464.138,-0.15,-0.25,-0.23,-0.31
464.160,-0.15,-0.40,-0.20,-0.32
464.182,-0.03,-0.32,-0.16,-0.31
464.204,-0.11,-0.36,-0.12,-0.34
464.226,-0.23,-0.34,-0.13,-0.33
464.248,-0.02,-0.36,-0.11,-0.36
464.270,-0.01,-0.21,-0.08,-0.32
464.292,-0.05,-0.34,-0.08,-0.32
464.314,0.00,-0.25,-0.06,-0.30
464.336,-0.26,-0.25,-0.07,-0.28
464.358,-0.29,-0.28,-0.12,-0.27
464.380,-0.32,-0.38,-0.18,-0.30
464.402,-0.29,-0.51,-0.23,-0.33
464.424,-0.26,-0.59,-0.28,-0.40
464.446,-0.21,-0.51,-0.27,-0.45
464.468,-0.20,-0.26,-0.26,-0.45
464.490,-0.11,-0.36,-0.21,-0.45
464.512,-0.21,-0.25,-0.20,-0.39
464.534,-0.16,-0.36,-0.18,-0.35
464.556,-0.31,-0.25,-0.20,-0.30
464.578,-0.29,-0.50,-0.22,-0.34
464.600,-0.18,-0.39,-0.23,-0.35
464.622,-0.17,-0.45,-0.22,-0.39
464.644,-0.18,-0.47,-0.23,-0.41
464.666,-0.20,-0.53,-0.20,-0.47
464.688,-0.19,-0.61,-0.18,-0.49
464.710,-0.06,-0.36,-0.16,-0.48
464.732,-0.08,-0.40,-0.14,-0.47
464.754,-0.14,-0.46,-0.13,-0.47
464.776,-0.18,-0.28,-0.13,-0.42
464.798,-0.32,-0.30,-0.16,-0.36
464.820,-0.22,-0.38,-0.19,-0.36
464.842,-0.23,-0.23,-0.22,-0.33
464.864,-0.31,-0.26,-0.25,-0.29
464.886,-0.27,-0.42,-0.27,-0.32
464.908,-0.24,-0.28,-0.25,-0.31
464.930,-0.31,-0.30,-0.27,-0.30
464.952,-0.27,-0.50,-0.28,-0.35
464.974,-0.22,-0.52,-0.26,-0.40
464.996,-0.15,-0.58,-0.24,-0.44
465.018,-0.09,-0.49,-0.21,-0.48
465.040,-0.23,-0.39,-0.19,-0.50
465.062,-0.12,-0.37,-0.16,-0.47
465.084,-0.12,-0.24,-0.14,-0.41
465.106,-0.17,-0.26,-0.15,-0.35
465.128,-0.18,-0.31,-0.16,-0.31
465.150,-0.12,-0.11,-0.14,-0.26
465.172,-0.03,-0.42,-0.12,-0.27
465.194,-0.07,-0.32,-0.11,-0.28
465.216,-0.27,-0.26,-0.13,-0.28
465.238,-0.16,-0.28,-0.13,-0.28
465.260,-0.17,-0.47,-0.14,-0.35
465.282,-0.32,-0.53,-0.20,-0.37
465.304,-0.15,-0.55,-0.21,-0.42
465.326,-0.23,-0.56,-0.21,-0.48
465.348,-0.22,-0.36,-0.22,-0.49
465.370,-0.17,-0.27,-0.22,-0.45
465.392,-0.21,-0.38,-0.20,-0.42
465.414,-0.27,-0.13,-0.22,-0.34
465.436,-0.13,-0.33,-0.20,-0.29
465.458,-0.01,-0.39,-0.16,-0.30
465.480,-0.15,-0.32,-0.15,-0.31
465.502,0.06,-0.45,-0.10,-0.32
465.524,-0.15,-0.39,-0.08,-0.38
465.546,-0.26,-0.31,-0.10,-0.37
465.568,-0.26,-0.25,-0.15,-0.34
465.590,-0.28,-0.37,-0.18,-0.35
465.612,-0.27,-0.36,-0.24,-0.34
465.634,-0.24,-0.26,-0.26,-0.31
465.656,-0.21,-0.25,-0.25,-0.30
465.678,-0.18,-0.29,-0.24,-0.31
465.700,-0.11,-0.44,-0.20,-0.32
465.722,-0.07,-0.38,-0.16,-0.32
465.744,-0.15,-0.41,-0.14,-0.35
465.766,-0.23,-0.36,-0.15,-0.38
465.788,-0.18,-0.29,-0.15,-0.38
465.810,-0.22,-0.35,-0.17,-0.36
465.832,-0.12,-0.32,-0.18,-0.35
465.854,-0.16,-0.38,-0.18,-0.34
465.876,-0.20,-0.33,-0.18,-0.33
465.898,-0.31,-0.31,-0.20,-0.34
465.920,-0.12,-0.32,-0.18,-0.33
465.942,-0.18,-0.23,-0.19,-0.31
465.964,-0.22,-0.24,-0.21,-0.29
465.986,-0.19,-0.26,-0.20,-0.27
466.008,-0.25,-0.24,-0.19,-0.26
466.030,-0.04,-0.53,-0.18,-0.30
466.052,-0.13,-0.40,-0.17,-0.33
466.074,-0.13,-0.31,-0.15,-0.35
466.096,-0.25,-0.28,-0.16,-0.35
466.118,-0.20,-0.24,-0.15,-0.35
466.140,-0.16,-0.36,-0.17,-0.32
466.162,-0.27,-0.39,-0.20,-0.32
466.184,-0.30,-0.41,-0.24,-0.34
466.206,-0.24,-0.32,-0.23,-0.34
466.228,-0.15,-0.40,-0.22,-0.38
466.250,-0.18,-0.37,-0.23,-0.38
466.272,-0.19,-0.29,-0.21,-0.36
466.294,-0.13,-0.31,-0.18,-0.34
466.316,-0.11,-0.42,-0.15,-0.36
466.338,-0.08,-0.33,-0.14,-0.34
466.360,-0.16,-0.31,-0.13,-0.33
466.382,-0.19,-0.26,-0.13,-0.33
466.404,-0.30,-0.38,-0.17,-0.34
466.426,-0.20,-0.31,-0.19,-0.32
466.448,-0.16,-0.42,-0.20,-0.34
466.470,-0.13,-0.38,-0.20,-0.35
466.492,-0.16,-0.56,-0.19,-0.41
466.514,-0.13,-0.59,-0.16,-0.45
466.536,-0.12,-0.53,-0.14,-0.50
466.558,-0.29,-0.60,-0.17,-0.53
466.580,-0.19,-0.61,-0.18,-0.58
466.602,-0.20,-0.51,-0.19,-0.57
466.624,-0.16,-0.44,-0.19,-0.54
466.646,-0.24,-0.47,-0.22,-0.53
466.668,-0.16,-0.44,-0.19,-0.49
466.690,-0.15,-0.39,-0.18,-0.45
466.712,-0.23,-0.30,-0.19,-0.41
466.734,-0.36,-0.37,-0.23,-0.39
466.756,-0.26,-0.46,-0.23,-0.39
466.778,-0.22,-0.33,-0.24,-0.37
466.800,-0.22,-0.50,-0.26,-0.39
466.822,-0.19,-0.51,-0.25,-0.43
466.844,-0.23,-0.40,-0.22,-0.44
466.866,-0.17,-0.46,-0.21,-0.44
466.888,-0.10,-0.57,-0.18,-0.49
466.910,0.04,-0.45,-0.13,-0.48
466.932,-0.12,-0.45,-0.12,-0.47
466.954,-0.16,-0.42,-0.10,-0.47
466.976,-0.27,-0.40,-0.12,-0.46
466.998,-0.36,-0.33,-0.17,-0.41
467.020,-0.32,-0.33,-0.25,-0.39
467.042,-0.30,-0.16,-0.28,-0.33
467.064,-0.10,-0.31,-0.27,-0.31
467.086,-0.21,-0.29,-0.26,-0.28
467.108,-0.27,-0.28,-0.24,-0.27
467.130,-0.26,-0.24,-0.23,-0.26
467.152,-0.20,-0.33,-0.21,-0.29
467.174,-0.22,-0.23,-0.23,-0.27
467.196,-0.14,-0.39,-0.22,-0.29
467.218,-0.10,-0.29,-0.18,-0.30
467.240,-0.24,-0.19,-0.18,-0.29
467.262,-0.31,-0.23,-0.20,-0.27
467.284,-0.30,-0.23,-0.22,-0.27
467.306,-0.32,-0.31,-0.25,-0.25
467.328,-0.22,-0.23,-0.28,-0.24
467.350,-0.23,-0.22,-0.28,-0.24
467.372,-0.06,-0.23,-0.23,-0.24
467.394,-0.04,-0.25,-0.17,-0.25
467.416,-0.05,-0.17,-0.12,-0.22
467.438,-0.11,-0.28,-0.10,-0.23
467.460,-0.30,-0.24,-0.11,-0.23
467.482,-0.34,-0.31,-0.17,-0.25
467.504,-0.23,-0.35,-0.21,-0.27
467.526,-0.31,-0.32,-0.26,-0.30
467.548,-0.38,-0.39,-0.31,-0.32
467.570,-0.32,-0.41,-0.32,-0.36
467.592,-0.30,-0.27,-0.31,-0.35
467.614,-0.26,-0.30,-0.31,-0.34
467.636,-0.38,-0.35,-0.33,-0.34
467.658,-0.23,-0.30,-0.30,-0.33
467.680,-0.25,-0.20,-0.28,-0.28
467.702,-0.13,-0.15,-0.25,-0.26
467.724,-0.24,-0.08,-0.25,-0.22
467.746,-0.31,-0.16,-0.23,-0.18
467.768,-0.14,-0.18,-0.21,-0.15
467.790,-0.22,-0.32,-0.21,-0.18
467.812,-0.32,-0.34,-0.25,-0.22
467.834,-0.33,-0.39,-0.26,-0.28
467.856,-0.22,-0.27,-0.25,-0.30
467.878,-0.28,-0.27,-0.27,-0.32
467.900,-0.34,-0.19,-0.30,-0.29
467.922,-0.27,-0.36,-0.29,-0.30
467.944,-0.23,-0.32,-0.27,-0.28
467.966,-0.13,-0.40,-0.25,-0.31
467.988,-0.17,-0.30,-0.23,-0.31
468.010,-0.27,-0.19,-0.21,-0.31
468.032,-0.14,-0.31,-0.19,-0.30
468.054,-0.12,-0.19,-0.17,-0.28
468.076,-0.16,-0.09,-0.17,-0.22
468.098,-0.09,-0.22,-0.16,-0.20
468.120,-0.14,-0.19,-0.13,-0.20
468.142,-0.37,-0.31,-0.18,-0.20
468.164,-0.24,-0.44,-0.20,-0.25
468.186,-0.03,-0.46,-0.17,-0.32
468.208,-0.20,-0.34,-0.20,-0.35
468.230,-0.15,-0.42,-0.20,-0.39
468.252,-0.23,-0.55,-0.17,-0.44
468.274,-0.25,-0.39,-0.17,-0.43
468.296,-0.21,-0.27,-0.21,-0.39
468.318,-0.32,-0.33,-0.23,-0.39
468.340,-0.39,-0.42,-0.28,-0.39
468.362,-0.25,-0.39,-0.28,-0.36
468.384,-0.08,-0.49,-0.25,-0.38
468.406,-0.19,-0.30,-0.25,-0.39
468.428,-0.28,-0.17,-0.24,-0.35
468.450,-0.32,-0.32,-0.22,-0.33
468.472,-0.30,-0.37,-0.23,-0.33
468.494,-0.25,-0.29,-0.27,-0.29
468.516,-0.23,-0.26,-0.28,-0.28
468.538,-0.18,-0.32,-0.26,-0.31
468.560,-0.17,-0.25,-0.23,-0.30
468.582,-0.23,-0.24,-0.21,-0.27
468.604,-0.20,-0.26,-0.20,-0.27
468.626,-0.16,-0.21,-0.19,-0.26
468.648,-0.19,-0.30,-0.19,-0.25
468.670,-0.18,-0.27,-0.19,-0.26
468.692,-0.12,-0.21,-0.17,-0.25
468.714,-0.19,-0.36,-0.17,-0.27
468.736,-0.18,-0.26,-0.17,-0.28
468.758,-0.28,-0.37,-0.19,-0.29
468.780,-0.29,-0.50,-0.21,-0.34
468.802,-0.40,-0.44,-0.27,-0.39
468.824,-0.15,-0.26,-0.26,-0.37
468.846,-0.25,-0.38,-0.27,-0.39
468.868,-0.18,-0.50,-0.25,-0.42
468.890,-0.23,-0.59,-0.24,-0.43
468.912,-0.16,-0.44,-0.19,-0.43
468.934,-0.30,-0.44,-0.22,-0.47
468.956,-0.18,-0.40,-0.21,-0.47
468.978,-0.08,-0.34,-0.19,-0.44
469.000,-0.36,-0.37,-0.22,-0.40
469.022,-0.35,-0.40,-0.25,-0.39
469.044,-0.47,-0.40,-0.29,-0.38
469.066,-0.31,-0.40,-0.31,-0.38
469.088,-0.33,-0.40,-0.36,-0.39
469.110,-0.31,-0.25,-0.35,-0.37
469.132,-0.32,-0.10,-0.35,-0.31
469.154,-0.29,-0.27,-0.31,-0.28
469.176,-0.24,-0.33,-0.30,-0.27
469.198,-0.07,-0.29,-0.25,-0.25
469.220,0.00,-0.33,-0.18,-0.26
469.242,-0.14,-0.44,-0.15,-0.33
469.264,-0.08,-0.39,-0.11,-0.36
469.286,-0.24,-0.32,-0.11,-0.35
469.308,-0.20,-0.31,-0.13,-0.36
469.330,-0.33,-0.19,-0.20,-0.33
469.352,-0.17,-0.18,-0.20,-0.28
469.374,-0.15,-0.23,-0.22,-0.25
469.396,-0.19,-0.24,-0.21,-0.23
469.418,-0.13,-0.28,-0.19,-0.22
469.440,-0.15,-0.22,-0.16,-0.23
469.462,-0.18,-0.30,-0.16,-0.25
469.484,-0.27,-0.41,-0.18,-0.29
469.506,-0.16,-0.28,-0.18,-0.30
469.528,-0.21,-0.14,-0.19,-0.27
469.550,-0.01,-0.21,-0.17,-0.27
469.572,-0.02,-0.47,-0.13,-0.30
469.594,-0.15,-0.46,-0.11,-0.31
469.616,-0.02,-0.44,-0.08,-0.34
469.638,-0.08,-0.37,-0.06,-0.39
469.660,-0.14,-0.35,-0.08,-0.42
469.682,-0.12,-0.28,-0.10,-0.38
469.704,-0.21,-0.40,-0.11,-0.37
469.726,-0.03,-0.36,-0.12,-0.35
469.748,0.02,-0.39,-0.10,-0.36
469.770,-0.32,-0.32,-0.13,-0.35
469.792,-0.21,-0.31,-0.15,-0.36
469.814,-0.20,-0.20,-0.15,-0.32
469.836,-0.29,-0.25,-0.20,-0.29
469.858,-0.26,-0.26,-0.26,-0.27
469.880,-0.30,-0.39,-0.25,-0.28
469.902,-0.32,-0.45,-0.27,-0.31
469.924,-0.17,-0.50,-0.27,-0.37
469.946,-0.29,-0.49,-0.27,-0.42
469.968,-0.24,-0.44,-0.26,-0.45
469.990,-0.26,-0.47,-0.26,-0.47
470.012,-0.24,-0.42,-0.24,-0.46
470.034,-0.18,-0.29,-0.24,-0.42
470.056,-0.23,-0.36,-0.23,-0.40
470.078,-0.28,-0.45,-0.24,-0.40
470.100,-0.21,-0.49,-0.23,-0.40
470.122,-0.09,-0.41,-0.20,-0.40
470.144,-0.14,-0.34,-0.19,-0.41
470.166,-0.09,-0.37,-0.16,-0.41
470.188,-0.20,-0.31,-0.15,-0.38
470.210,-0.23,-0.31,-0.15,-0.35
470.232,-0.29,-0.18,-0.19,-0.30
470.254,-0.27,-0.40,-0.22,-0.31
470.276,-0.11,-0.35,-0.22,-0.31
470.298,-0.04,-0.30,-0.19,-0.31
470.320,-0.06,-0.41,-0.15,-0.33
470.342,-0.15,-0.35,-0.13,-0.36
470.364,-0.18,-0.32,-0.11,-0.35
470.386,-0.19,-0.50,-0.12,-0.38
470.408,-0.15,-0.58,-0.15,-0.43
470.430,-0.17,-0.39,-0.17,-0.43
470.452,-0.29,-0.28,-0.20,-0.41
470.474,-0.23,-0.46,-0.21,-0.44
470.496,-0.14,-0.34,-0.20,-0.41
470.518,-0.32,-0.36,-0.23,-0.37
470.540,-0.11,-0.50,-0.22,-0.39
470.562,-0.34,-0.36,-0.23,-0.40
470.584,-0.26,-0.40,-0.23,-0.39
470.606,-0.25,-0.40,-0.26,-0.40
470.628,-0.27,-0.33,-0.25,-0.40
470.650,-0.15,-0.27,-0.25,-0.35
470.672,-0.15,-0.33,-0.22,-0.35
470.694,-0.15,-0.36,-0.19,-0.34
470.716,-0.17,-0.39,-0.18,-0.34
470.738,-0.11,-0.45,-0.15,-0.36
470.760,-0.04,-0.44,-0.12,-0.39
470.782,-0.06,-0.30,-0.11,-0.39
470.804,-0.17,-0.26,-0.11,-0.37
470.826,-0.17,-0.23,-0.11,-0.34
470.848,-0.11,-0.31,-0.11,-0.31
470.870,-0.18,-0.31,-0.14,-0.28
470.892,-0.12,-0.42,-0.15,-0.31
470.914,-0.06,-0.26,-0.13,-0.31
470.936,-0.13,-0.29,-0.12,-0.32
470.958,-0.12,-0.22,-0.12,-0.30
470.980,-0.12,-0.08,-0.11,-0.25
471.002,-0.06,-0.22,-0.10,-0.21
471.024,-0.25,-0.18,-0.14,-0.20
471.046,-0.05,-0.11,-0.12,-0.16
471.068,-0.18,-0.09,-0.13,-0.14
471.090,-0.15,-0.23,-0.14,-0.17
471.112,-0.07,-0.24,-0.14,-0.17
471.134,-0.19,-0.34,-0.13,-0.20
471.156,-0.24,-0.45,-0.17,-0.27
471.178,-0.13,-0.55,-0.16,-0.36
471.200,-0.10,-0.47,-0.15,-0.41
471.222,-0.12,-0.42,-0.16,-0.45
471.244,-0.23,-0.43,-0.16,-0.46
471.266,-0.23,-0.41,-0.16,-0.46
471.288,-0.18,-0.24,-0.17,-0.39
471.310,-0.28,-0.26,-0.21,-0.35
471.332,-0.20,-0.21,-0.22,-0.31
471.354,-0.20,-0.20,-0.22,-0.26
471.376,-0.04,-0.19,-0.18,-0.22
471.398,-0.14,-0.34,-0.17,-0.24
471.420,-0.23,-0.42,-0.16,-0.27
471.442,-0.13,-0.38,-0.15,-0.31
471.464,-0.30,-0.39,-0.17,-0.34
471.486,-0.12,-0.20,-0.18,-0.35
471.508,-0.31,-0.19,-0.22,-0.32
471.530,-0.31,-0.31,-0.23,-0.29
471.552,-0.20,-0.23,-0.25,-0.26
471.574,-0.24,-0.33,-0.24,-0.25
471.596,-0.12,-0.34,-0.24,-0.28
471.618,-0.05,-0.31,-0.18,-0.30
471.640,-0.07,-0.29,-0.14,-0.30
471.662,-0.26,-0.41,-0.15,-0.34
471.684,-0.08,-0.38,-0.12,-0.35
471.706,-0.01,-0.40,-0.09,-0.36
471.728,-0.06,-0.34,-0.10,-0.36
471.750,-0.14,-0.45,-0.11,-0.40
471.772,-0.20,-0.32,-0.10,-0.38
471.794,-0.19,-0.34,-0.12,-0.37
471.816,-0.07,-0.46,-0.13,-0.38
471.838,-0.03,-0.39,-0.13,-0.39
471.860,-0.14,-0.32,-0.13,-0.37
471.882,-0.30,-0.28,-0.15,-0.36
471.904,-0.26,-0.32,-0.16,-0.35
471.926,-0.33,-0.42,-0.21,-0.35
471.948,-0.12,-0.33,-0.23,-0.33
471.970,-0.22,-0.28,-0.25,-0.33
471.992,-0.21,-0.38,-0.23,-0.35
472.014,-0.20,-0.47,-0.22,-0.38
472.036,-0.19,-0.40,-0.19,-0.37
472.058,-0.28,-0.20,-0.22,-0.35
472.080,-0.33,-0.27,-0.24,-0.34
472.102,-0.09,-0.25,-0.22,-0.32
472.124,-0.10,-0.32,-0.20,-0.29
472.146,-0.12,-0.28,-0.18,-0.26
472.168,-0.15,-0.47,-0.16,-0.32
472.190,-0.10,-0.51,-0.11,-0.37
472.212,-0.10,-0.31,-0.11,-0.38
472.234,-0.16,-0.29,-0.13,-0.37
472.256,-0.16,-0.25,-0.13,-0.37
472.278,-0.20,-0.25,-0.14,-0.32
472.300,-0.29,-0.27,-0.18,-0.27
472.322,-0.30,-0.28,-0.22,-0.27
472.344,-0.30,-0.36,-0.25,-0.28
472.366,-0.34,-0.19,-0.29,-0.27
472.388,-0.21,-0.28,-0.29,-0.28
472.410,-0.14,-0.43,-0.26,-0.31
472.432,-0.36,-0.25,-0.27,-0.30
472.454,-0.36,-0.39,-0.28,-0.31
472.476,-0.11,-0.25,-0.24,-0.32
472.498,-0.24,-0.38,-0.24,-0.34
472.520,-0.20,-0.32,-0.25,-0.32
472.542,-0.15,-0.34,-0.21,-0.34
472.564,-0.22,-0.40,-0.18,-0.34
472.586,-0.13,-0.32,-0.19,-0.35
472.608,-0.17,-0.46,-0.17,-0.37
472.630,-0.17,-0.41,-0.17,-0.39
472.652,-0.24,-0.45,-0.19,-0.41
472.674,-0.19,-0.40,-0.18,-0.41
472.696,-0.06,-0.30,-0.17,-0.40
472.718,-0.10,-0.19,-0.15,-0.35
472.740,-0.23,-0.18,-0.16,-0.30
472.762,-0.28,-0.32,-0.17,-0.28
472.784,-0.18,-0.25,-0.17,-0.25
472.806,-0.29,-0.13,-0.22,-0.21
472.828,-0.15,-0.23,-0.23,-0.22
472.850,-0.14,-0.37,-0.21,-0.26
472.872,-0.24,-0.21,-0.20,-0.24
472.894,-0.12,-0.24,-0.19,-0.24
472.916,-0.12,-0.25,-0.15,-0.26
472.938,-0.31,-0.48,-0.19,-0.31
472.960,-0.24,-0.28,-0.21,-0.29
472.982,-0.27,-0.43,-0.21,-0.34
473.004,-0.11,-0.39,-0.21,-0.37
473.026,-0.07,-0.47,-0.20,-0.41
473.048,0.01,-0.53,-0.14,-0.42
473.070,-0.16,-0.37,-0.12,-0.44
473.092,-0.23,-0.24,-0.11,-0.40
473.114,-0.21,-0.19,-0.13,-0.36
473.136,-0.21,-0.23,-0.16,-0.31
473.158,-0.24,-0.33,-0.21,-0.27
473.180,-0.22,-0.33,-0.22,-0.26
473.202,-0.21,-0.09,-0.22,-0.23
473.224,-0.23,-0.17,-0.22,-0.23
473.246,-0.26,-0.25,-0.23,-0.23
473.268,-0.17,-0.33,-0.22,-0.23
473.290,-0.16,-0.49,-0.21,-0.27
473.312,-0.09,-0.40,-0.18,-0.33
473.334,-0.30,-0.38,-0.20,-0.37
473.356,-0.35,-0.34,-0.21,-0.39
473.378,-0.30,-0.28,-0.24,-0.38
473.400,-0.09,-0.32,-0.23,-0.34
473.422,-0.15,-0.31,-0.24,-0.33
473.444,-0.00,-0.27,-0.18,-0.30
473.466,-0.14,-0.15,-0.14,-0.27
473.488,-0.30,-0.31,-0.14,-0.27
473.510,-0.34,-0.21,-0.19,-0.25
473.532,-0.28,-0.19,-0.21,-0.23
473.554,-0.34,-0.28,-0.28,-0.23
473.576,-0.33,-0.18,-0.32,-0.23
473.598,-0.23,-0.33,-0.30,-0.24
473.620,-0.09,-0.60,-0.25,-0.32
473.642,-0.19,-0.45,-0.24,-0.37
473.664,-0.20,-0.43,-0.21,-0.40
473.686,-0.24,-0.41,-0.19,-0.44
473.708,-0.21,-0.44,-0.19,-0.47
473.730,-0.22,-0.44,-0.21,-0.43
473.752,-0.23,-0.30,-0.22,-0.40
473.774,-0.20,-0.35,-0.22,-0.39
473.796,-0.09,-0.26,-0.19,-0.36
473.818,-0.11,-0.34,-0.17,-0.34
473.840,-0.19,-0.31,-0.16,-0.31
473.862,-0.24,-0.34,-0.17,-0.32
473.884,-0.19,-0.45,-0.16,-0.34
473.906,-0.07,-0.28,-0.16,-0.34
473.928,-0.22,-0.34,-0.18,-0.34
473.950,-0.17,-0.44,-0.18,-0.37
473.972,-0.23,-0.40,-0.18,-0.38
473.994,-0.20,-0.41,-0.18,-0.37
474.016,-0.29,-0.30,-0.22,-0.38
474.038,-0.12,-0.29,-0.20,-0.37
474.060,-0.23,-0.46,-0.21,-0.37
474.082,-0.26,-0.24,-0.22,-0.34
474.104,-0.26,-0.35,-0.23,-0.33
474.126,-0.31,-0.25,-0.24,-0.32
474.148,-0.39,-0.07,-0.29,-0.27
474.170,-0.39,-0.20,-0.32,-0.22
474.192,-0.32,-0.25,-0.33,-0.22
474.214,-0.37,-0.34,-0.36,-0.22
474.236,-0.37,-0.34,-0.37,-0.24
474.258,-0.25,-0.25,-0.34,-0.28
474.280,-0.31,-0.34,-0.32,-0.30
474.302,-0.23,-0.37,-0.31,-0.33
474.324,-0.17,-0.48,-0.27,-0.36
474.346,-0.28,-0.19,-0.25,-0.33
474.368,-0.14,-0.32,-0.23,-0.34
474.390,-0.22,-0.42,-0.21,-0.36
474.412,-0.22,-0.46,-0.21,-0.37
474.434,-0.19,-0.41,-0.21,-0.36
474.456,-0.09,-0.45,-0.17,-0.41
474.478,-0.24,-0.24,-0.19,-0.40
474.500,-0.21,-0.29,-0.19,-0.37
474.522,-0.11,-0.37,-0.17,-0.35
474.544,-0.13,-0.45,-0.16,-0.36
474.566,-0.06,-0.39,-0.15,-0.35
474.588,-0.01,-0.31,-0.10,-0.36
474.610,-0.02,-0.29,-0.07,-0.36
474.632,-0.04,-0.20,-0.05,-0.33
474.654,-0.15,-0.31,-0.06,-0.30
474.676,-0.16,-0.22,-0.08,-0.27
474.698,-0.29,-0.24,-0.13,-0.25
474.720,-0.23,-0.25,-0.17,-0.24
474.742,-0.22,-0.20,-0.21,-0.24
474.764,-0.18,-0.25,-0.22,-0.23
474.786,-0.37,-0.19,-0.26,-0.23
474.808,-0.21,-0.15,-0.24,-0.21
474.830,-0.12,-0.20,-0.22,-0.20
474.852,-0.30,-0.34,-0.24,-0.23
474.874,-0.32,-0.38,-0.26,-0.25
474.896,-0.17,-0.37,-0.22,-0.29
474.918,-0.18,-0.41,-0.22,-0.34
474.940,-0.29,-0.30,-0.25,-0.36
474.962,-0.29,-0.29,-0.25,-0.35
474.984,-0.22,-0.36,-0.23,-0.35
475.006,-0.19,-0.52,-0.23,-0.38
475.028,-0.12,-0.47,-0.22,-0.39
475.050,-0.14,-0.56,-0.19,-0.44
475.072,-0.21,-0.46,-0.18,-0.47
475.094,-0.18,-0.34,-0.17,-0.47
475.116,-0.21,-0.36,-0.17,-0.44
475.138,-0.16,-0.33,-0.18,-0.41
475.160,-0.05,-0.30,-0.16,-0.36
475.182,-0.13,-0.32,-0.15,-0.33
475.204,-0.15,-0.47,-0.14,-0.36
475.226,-0.09,-0.52,-0.12,-0.39
475.248,-0.17,-0.48,-0.12,-0.42
475.270,0.00,-0.45,-0.11,-0.45
475.292,-0.11,-0.43,-0.10,-0.47
475.314,-0.12,-0.30,-0.10,-0.44
475.336,0.02,-0.33,-0.08,-0.40
475.358,0.03,-0.33,-0.04,-0.37
475.380,-0.15,-0.38,-0.07,-0.35
475.402,-0.25,-0.36,-0.09,-0.34
475.424,-0.11,-0.30,-0.09,-0.34
475.446,-0.13,-0.50,-0.12,-0.37
475.468,-0.12,-0.49,-0.15,-0.41
475.490,-0.32,-0.54,-0.19,-0.44
475.512,-0.38,-0.38,-0.21,-0.44
475.534,-0.28,-0.42,-0.25,-0.47
475.556,-0.15,-0.40,-0.25,-0.45
475.578,-0.17,-0.28,-0.26,-0.40
475.600,-0.15,-0.37,-0.23,-0.37
475.622,-0.11,-0.25,-0.17,-0.34
475.644,-0.16,-0.40,-0.15,-0.34
475.666,-0.16,-0.34,-0.15,-0.33
475.688,-0.05,-0.50,-0.13,-0.37
475.710,-0.01,-0.43,-0.10,-0.38
475.732,-0.19,-0.48,-0.11,-0.43
475.754,-0.01,-0.29,-0.08,-0.41
475.776,-0.22,-0.16,-0.10,-0.37
475.798,-0.18,-0.27,-0.12,-0.33
475.820,-0.23,-0.47,-0.17,-0.33
475.842,-0.32,-0.27,-0.19,-0.29
475.864,-0.28,-0.48,-0.25,-0.33
475.886,-0.13,-0.36,-0.23,-0.37
475.908,-0.23,-0.20,-0.24,-0.36
475.930,-0.30,-0.24,-0.25,-0.31
475.952,-0.40,-0.41,-0.27,-0.34
475.974,-0.31,-0.58,-0.27,-0.36
475.996,-0.31,-0.59,-0.31,-0.40
476.018,-0.31,-0.50,-0.33,-0.46
476.040,-0.36,-0.34,-0.34,-0.48
476.062,-0.43,-0.46,-0.34,-0.49
476.084,-0.22,-0.39,-0.33,-0.46
476.106,-0.12,-0.27,-0.29,-0.39
476.128,-0.25,-0.37,-0.28,-0.37
476.150,-0.30,-0.46,-0.26,-0.39
476.172,-0.23,-0.31,-0.22,-0.36
476.194,-0.12,-0.32,-0.20,-0.35
476.216,-0.03,-0.33,-0.19,-0.36
476.238,-0.23,-0.36,-0.18,-0.36
476.260,-0.10,-0.36,-0.14,-0.34
476.282,-0.21,-0.23,-0.14,-0.32
476.304,-0.30,-0.18,-0.17,-0.29
476.326,-0.16,-0.31,-0.20,-0.29
476.348,-0.27,-0.35,-0.21,-0.29
476.370,-0.18,-0.33,-0.22,-0.28
476.392,-0.34,-0.33,-0.25,-0.30
476.414,-0.18,-0.51,-0.23,-0.37
476.436,-0.10,-0.40,-0.21,-0.38
476.458,-0.11,-0.39,-0.18,-0.39
476.480,-0.11,-0.32,-0.17,-0.39
476.502,-0.13,-0.38,-0.13,-0.40
476.524,-0.09,-0.36,-0.11,-0.37
476.546,-0.25,-0.24,-0.14,-0.34
476.568,-0.34,-0.37,-0.18,-0.33
476.590,-0.27,-0.32,-0.22,-0.33
476.612,-0.27,-0.39,-0.24,-0.34
476.634,-0.20,-0.30,-0.27,-0.32
476.656,-0.28,-0.21,-0.27,-0.32
476.678,-0.21,-0.32,-0.25,-0.31
476.700,-0.25,-0.50,-0.24,-0.34
476.722,-0.27,-0.26,-0.24,-0.32
476.744,-0.23,-0.24,-0.25,-0.31
476.766,-0.21,-0.28,-0.23,-0.32
476.788,-0.27,-0.41,-0.25,-0.34
476.810,-0.19,-0.44,-0.23,-0.33
476.832,-0.12,-0.32,-0.20,-0.34
476.854,-0.04,-0.34,-0.17,-0.36
476.876,-0.22,-0.39,-0.17,-0.38
476.898,-0.13,-0.52,-0.14,-0.40
476.920,-0.27,-0.59,-0.16,-0.43
476.942,-0.19,-0.55,-0.17,-0.48
476.964,-0.15,-0.44,-0.19,-0.50
476.986,-0.04,-0.38,-0.16,-0.50
477.008,-0.14,-0.31,-0.16,-0.45
477.030,-0.27,-0.28,-0.16,-0.39
477.052,-0.22,-0.27,-0.16,-0.34
477.074,-0.20,-0.31,-0.17,-0.31
477.096,-0.26,-0.30,-0.22,-0.29
477.118,-0.12,-0.32,-0.21,-0.30
477.140,-0.06,-0.30,-0.17,-0.30
477.162,-0.04,-0.35,-0.14,-0.32
477.184,-0.03,-0.38,-0.10,-0.33
477.206,-0.28,-0.31,-0.11,-0.33
477.228,-0.36,-0.25,-0.15,-0.32
477.250,-0.43,-0.13,-0.23,-0.28
477.272,-0.27,-0.28,-0.27,-0.27
477.294,-0.29,-0.18,-0.33,-0.23
477.316,-0.20,-0.22,-0.31,-0.21
477.338,-0.06,-0.30,-0.25,-0.22
477.360,-0.08,-0.26,-0.18,-0.25
477.382,-0.12,-0.34,-0.15,-0.26
477.404,-0.31,-0.40,-0.15,-0.30
477.426,-0.19,-0.32,-0.15,-0.32
477.448,-0.30,-0.34,-0.20,-0.33
477.470,-0.37,-0.29,-0.26,-0.34
477.492,-0.33,-0.07,-0.30,-0.28
477.514,-0.22,-0.26,-0.28,-0.26
477.536,-0.14,-0.16,-0.27,-0.22
477.558,-0.08,-0.33,-0.23,-0.22
477.580,-0.14,-0.38,-0.18,-0.24
477.602,-0.20,-0.39,-0.16,-0.30
477.624,-0.27,-0.54,-0.17,-0.36
477.646,-0.24,-0.53,-0.19,-0.43
477.668,-0.08,-0.48,-0.19,-0.46
477.690,-0.10,-0.41,-0.18,-0.47
477.712,-0.15,-0.41,-0.17,-0.47
477.734,-0.10,-0.54,-0.13,-0.47
477.756,-0.07,-0.51,-0.10,-0.47
477.778,-0.22,-0.41,-0.13,-0.46
477.800,-0.26,-0.44,-0.16,-0.46
477.822,-0.32,-0.40,-0.19,-0.46
477.844,-0.22,-0.34,-0.22,-0.42
477.866,-0.31,-0.26,-0.27,-0.37
477.888,-0.29,-0.40,-0.28,-0.37
477.910,-0.38,-0.52,-0.30,-0.38
477.932,-0.37,-0.34,-0.31,-0.37
477.954,-0.23,-0.29,-0.32,-0.36
477.976,-0.10,-0.23,-0.27,-0.36
477.998,-0.10,-0.30,-0.24,-0.34
478.020,-0.16,-0.25,-0.19,-0.28
478.042,-0.29,-0.49,-0.18,-0.31
478.064,-0.35,-0.38,-0.20,-0.33
478.086,-0.49,-0.26,-0.28,-0.34
478.108,-0.48,-0.36,-0.35,-0.35
478.130,-0.25,-0.28,-0.37,-0.35
478.152,-0.20,-0.22,-0.35,-0.30
478.174,-0.18,-0.48,-0.32,-0.32
478.196,-0.15,-0.38,-0.25,-0.34
478.218,-0.20,-0.38,-0.20,-0.35
478.240,-0.31,-0.33,-0.21,-0.36
478.262,-0.29,-0.32,-0.23,-0.38
478.284,-0.27,-0.51,-0.24,-0.38
478.306,-0.21,-0.53,-0.26,-0.41
478.328,-0.25,-0.54,-0.27,-0.45
478.350,-0.26,-0.46,-0.26,-0.47
478.372,-0.20,-0.42,-0.24,-0.49
478.394,-0.16,-0.37,-0.22,-0.46
478.416,-0.11,-0.45,-0.20,-0.45
478.438,-0.18,-0.37,-0.18,-0.41
478.460,-0.15,-0.51,-0.16,-0.42
478.482,-0.11,-0.44,-0.14,-0.43
478.504,-0.16,-0.32,-0.14,-0.42
478.526,-0.24,-0.38,-0.17,-0.40
478.548,-0.22,-0.19,-0.18,-0.37
478.570,-0.25,-0.23,-0.20,-0.31
478.592,-0.32,-0.34,-0.24,-0.29
478.614,-0.24,-0.37,-0.25,-0.30
478.636,-0.15,-0.27,-0.24,-0.28
478.658,-0.20,-0.34,-0.23,-0.31
478.680,-0.29,-0.37,-0.24,-0.34
478.702,-0.31,-0.21,-0.24,-0.31
478.724,-0.25,-0.39,-0.24,-0.32
478.746,-0.24,-0.38,-0.26,-0.34
478.768,-0.02,-0.40,-0.22,-0.35
478.790,-0.21,-0.44,-0.21,-0.36
478.812,-0.17,-0.47,-0.18,-0.42
478.834,-0.21,-0.37,-0.17,-0.41
478.856,-0.14,-0.37,-0.15,-0.41
478.878,-0.10,-0.57,-0.17,-0.44
478.900,-0.22,-0.42,-0.17,-0.44
478.922,-0.42,-0.42,-0.22,-0.43
478.944,-0.22,-0.48,-0.22,-0.45
478.966,-0.17,-0.52,-0.23,-0.48
478.988,-0.09,-0.36,-0.22,-0.44
479.010,-0.11,-0.38,-0.20,-0.43
479.032,-0.18,-0.32,-0.15,-0.41
479.054,-0.08,-0.31,-0.13,-0.38
479.076,-0.08,-0.34,-0.11,-0.34
479.098,-0.35,-0.29,-0.16,-0.33
479.120,-0.33,-0.16,-0.20,-0.28
479.142,-0.29,-0.27,-0.23,-0.27
479.164,-0.27,-0.20,-0.26,-0.25
479.186,-0.27,-0.19,-0.30,-0.22
479.208,-0.24,-0.31,-0.28,-0.23
479.230,-0.23,-0.40,-0.26,-0.27
479.252,-0.10,-0.43,-0.22,-0.31
479.274,0.01,-0.36,-0.17,-0.34
479.296,0.04,-0.50,-0.10,-0.40
479.318,-0.03,-0.42,-0.06,-0.42
479.340,-0.02,-0.34,-0.02,-0.41
479.362,-0.29,-0.60,-0.06,-0.44
479.384,-0.22,-0.44,-0.10,-0.46
479.406,-0.14,-0.32,-0.14,-0.42
479.428,-0.06,-0.30,-0.15,-0.40
479.450,-0.21,-0.37,-0.18,-0.41
479.472,-0.29,-0.33,-0.18,-0.35
479.494,-0.22,-0.34,-0.18,-0.33
479.516,-0.20,-0.28,-0.20,-0.32
479.538,-0.12,-0.24,-0.21,-0.31
479.560,-0.11,-0.30,-0.19,-0.30
479.582,-0.11,-0.36,-0.15,-0.30
479.604,-0.18,-0.30,-0.14,-0.30
479.626,-0.08,-0.25,-0.12,-0.29
479.648,-0.08,-0.29,-0.11,-0.30
479.670,-0.20,-0.36,-0.13,-0.31
479.692,-0.27,-0.46,-0.16,-0.33
479.714,-0.28,-0.40,-0.18,-0.35
479.736,-0.24,-0.23,-0.21,-0.35
479.758,-0.35,-0.30,-0.27,-0.35
479.780,-0.33,-0.27,-0.29,-0.33
479.802,-0.25,-0.36,-0.29,-0.31
479.824,-0.16,-0.17,-0.27,-0.27
479.846,-0.11,-0.25,-0.24,-0.27
479.868,-0.11,-0.34,-0.19,-0.28
479.890,-0.09,-0.38,-0.14,-0.30
479.912,-0.16,-0.48,-0.13,-0.32
479.934,-0.18,-0.49,-0.13,-0.39
479.956,-0.14,-0.42,-0.14,-0.42
479.978,-0.25,-0.49,-0.16,-0.45
480.000,-0.33,-0.39,-0.21,-0.45
480.022,-0.25,-0.36,-0.23,-0.43
480.044,-0.24,-0.24,-0.24,-0.38
480.066,-0.22,-0.31,-0.26,-0.36
480.088,-0.31,-0.27,-0.27,-0.31
480.110,-0.37,-0.20,-0.28,-0.28
480.132,-0.29,-0.24,-0.29,-0.25
480.154,-0.22,-0.29,-0.28,-0.26
480.176,-0.31,-0.44,-0.30,-0.29
480.198,-0.40,-0.41,-0.32,-0.32
480.220,-0.33,-0.47,-0.31,-0.37
480.242,-0.42,-0.52,-0.34,-0.43
480.264,-0.34,-0.32,-0.36,-0.43
480.286,-0.16,-0.42,-0.33,-0.43
480.308,-0.29,-0.32,-0.31,-0.41
480.330,-0.28,-0.20,-0.30,-0.36
480.352,-0.24,-0.25,-0.26,-0.30
480.374,-0.27,-0.26,-0.25,-0.29
480.396,-0.32,-0.35,-0.28,-0.28
480.418,-0.15,-0.51,-0.25,-0.31
480.440,-0.13,-0.40,-0.22,-0.35
480.462,-0.27,-0.28,-0.23,-0.36
480.484,-0.25,-0.36,-0.22,-0.38
480.506,-0.19,-0.43,-0.20,-0.40
480.528,-0.29,-0.34,-0.23,-0.36
480.550,-0.15,-0.41,-0.23,-0.36
480.572,-0.24,-0.37,-0.22,-0.38
480.594,-0.39,-0.20,-0.25,-0.35
480.616,-0.33,-0.26,-0.28,-0.32
480.638,-0.19,-0.42,-0.26,-0.33
480.660,-0.34,-0.31,-0.30,-0.31
480.682,-0.29,-0.49,-0.31,-0.34
480.704,-0.24,-0.55,-0.28,-0.41
480.726,-0.23,-0.52,-0.26,-0.46
480.748,-0.13,-0.44,-0.25,-0.46
480.770,-0.14,-0.30,-0.21,-0.46
480.792,-0.21,-0.39,-0.19,-0.44
480.814,-0.13,-0.30,-0.17,-0.39
480.836,-0.10,-0.32,-0.14,-0.35
480.858,-0.12,-0.36,-0.14,-0.33
480.880,-0.09,-0.35,-0.13,-0.34
480.902,-0.19,-0.49,-0.13,-0.36
480.924,-0.16,-0.50,-0.13,-0.40
480.946,-0.16,-0.43,-0.14,-0.43
480.968,-0.15,-0.19,-0.15,-0.39
480.990,-0.20,-0.28,-0.17,-0.38
481.012,-0.25,-0.40,-0.18,-0.36
481.034,-0.39,-0.47,-0.23,-0.35
481.056,-0.40,-0.40,-0.28,-0.35
481.078,-0.26,-0.34,-0.30,-0.38
481.100,-0.17,-0.24,-0.29,-0.37
481.122,-0.14,-0.39,-0.27,-0.37
481.144,-0.11,-0.43,-0.22,-0.36
481.166,-0.13,-0.36,-0.16,-0.35
481.188,-0.03,-0.28,-0.12,-0.34
481.210,-0.23,-0.37,-0.13,-0.37
481.232,-0.32,-0.50,-0.16,-0.39
481.254,-0.25,-0.39,-0.19,-0.38
481.276,-0.19,-0.40,-0.20,-0.39
481.298,-0.26,-0.46,-0.25,-0.42
481.320,-0.20,-0.50,-0.24,-0.45
481.342,-0.10,-0.35,-0.20,-0.42
481.364,-0.15,-0.39,-0.18,-0.42
481.386,-0.18,-0.56,-0.18,-0.45
481.408,-0.08,-0.57,-0.14,-0.47
481.430,-0.12,-0.40,-0.13,-0.45
481.452,-0.18,-0.33,-0.14,-0.45
481.474,-0.15,-0.31,-0.14,-0.43
481.496,-0.09,-0.43,-0.12,-0.41
481.518,-0.23,-0.31,-0.15,-0.36
481.540,-0.26,-0.35,-0.18,-0.35
481.562,-0.38,-0.26,-0.22,-0.33
481.584,-0.22,-0.37,-0.24,-0.34
481.606,-0.08,-0.54,-0.23,-0.37
481.628,-0.10,-0.33,-0.21,-0.37
481.650,-0.16,-0.33,-0.19,-0.37
481.672,-0.19,-0.44,-0.15,-0.40
481.694,-0.14,-0.45,-0.13,-0.42
481.716,-0.20,-0.41,-0.16,-0.39
481.738,-0.10,-0.43,-0.16,-0.41
481.760,-0.11,-0.35,-0.15,-0.42
481.782,-0.27,-0.35,-0.16,-0.40
481.804,-0.29,-0.27,-0.19,-0.36
481.826,-0.22,-0.29,-0.20,-0.34
481.848,-0.27,-0.32,-0.23,-0.32
481.870,-0.37,-0.48,-0.28,-0.34
481.892,-0.31,-0.50,-0.29,-0.37
481.914,-0.23,-0.24,-0.28,-0.37
481.936,-0.26,-0.29,-0.29,-0.37
481.958,-0.30,-0.11,-0.29,-0.32
481.980,-0.23,-0.24,-0.27,-0.28
482.002,-0.14,-0.36,-0.23,-0.25
482.024,-0.19,-0.29,-0.22,-0.26
482.046,-0.29,-0.26,-0.23,-0.25
482.068,-0.26,-0.32,-0.22,-0.29
482.090,-0.15,-0.29,-0.21,-0.30
482.112,-0.12,-0.45,-0.20,-0.32
482.134,-0.15,-0.44,-0.19,-0.35
482.156,-0.18,-0.16,-0.17,-0.33
482.178,-0.17,-0.24,-0.15,-0.32
482.200,-0.22,-0.38,-0.17,-0.33
482.222,-0.08,-0.40,-0.16,-0.32
482.244,-0.03,-0.51,-0.14,-0.34
482.266,-0.13,-0.30,-0.13,-0.37
482.288,-0.09,-0.40,-0.11,-0.40
482.310,-0.13,-0.38,-0.09,-0.40
482.332,-0.28,-0.36,-0.13,-0.39
482.354,-0.37,-0.38,-0.20,-0.36
482.376,-0.26,-0.43,-0.23,-0.39
482.398,-0.23,-0.35,-0.25,-0.38
482.420,-0.18,-0.27,-0.26,-0.36
482.442,-0.12,-0.24,-0.23,-0.33
482.464,-0.16,-0.24,-0.19,-0.31
482.486,-0.37,-0.42,-0.21,-0.30
482.508,-0.35,-0.46,-0.24,-0.33
482.530,-0.24,-0.51,-0.25,-0.37
482.552,-0.08,-0.42,-0.24,-0.41
482.574,0.02,-0.40,-0.20,-0.44
482.596,-0.06,-0.29,-0.14,-0.42
482.618,0.05,-0.35,-0.06,-0.39
482.640,-0.13,-0.49,-0.04,-0.39
482.662,-0.18,-0.36,-0.06,-0.38
482.684,-0.25,-0.36,-0.11,-0.37
482.706,-0.18,-0.29,-0.14,-0.37
482.728,-0.18,-0.42,-0.18,-0.38
482.750,-0.17,-0.41,-0.19,-0.37
482.772,-0.18,-0.32,-0.19,-0.36
482.794,-0.17,-0.30,-0.18,-0.35
482.816,-0.38,-0.41,-0.22,-0.37
482.838,-0.26,-0.42,-0.23,-0.37
482.860,-0.09,-0.32,-0.22,-0.35
482.882,-0.12,-0.23,-0.20,-0.34
482.904,-0.08,-0.34,-0.19,-0.34
482.926,-0.08,-0.44,-0.13,-0.35
482.948,0.01,-0.36,-0.07,-0.34
482.970,-0.15,-0.30,-0.08,-0.33
482.992,-0.15,-0.25,-0.09,-0.34
483.014,-0.10,-0.34,-0.09,-0.34
483.036,-0.22,-0.22,-0.12,-0.29
483.058,-0.19,-0.34,-0.16,-0.29
483.080,-0.19,-0.30,-0.17,-0.29
483.102,-0.16,-0.40,-0.17,-0.32
483.124,-0.10,-0.24,-0.17,-0.30
483.146,-0.16,-0.27,-0.16,-0.31
483.168,-0.22,-0.40,-0.17,-0.32
483.190,-0.10,-0.36,-0.15,-0.33
483.212,-0.13,-0.44,-0.14,-0.34
483.234,-0.13,-0.50,-0.15,-0.39
483.256,-0.14,-0.54,-0.14,-0.45
483.278,-0.43,-0.41,-0.19,-0.45
483.300,-0.20,-0.47,-0.21,-0.47
483.322,-0.35,-0.44,-0.25,-0.47
483.344,-0.16,-0.46,-0.26,-0.46
483.366,-0.31,-0.40,-0.29,-0.44
483.388,-0.29,-0.51,-0.26,-0.46
483.410,-0.24,-0.39,-0.27,-0.44
483.432,-0.24,-0.41,-0.25,-0.43
483.454,-0.22,-0.39,-0.26,-0.42
483.476,-0.26,-0.25,-0.25,-0.39
483.498,-0.11,-0.38,-0.21,-0.36
483.520,-0.23,-0.33,-0.21,-0.35
483.542,-0.38,-0.38,-0.24,-0.35
483.564,-0.30,-0.48,-0.26,-0.36
483.586,-0.20,-0.54,-0.24,-0.42
483.608,-0.20,-0.45,-0.26,-0.44
483.630,-0.18,-0.37,-0.25,-0.44
483.652,-0.20,-0.43,-0.22,-0.45
483.674,-0.15,-0.44,-0.19,-0.45
483.696,-0.26,-0.49,-0.20,-0.44
483.718,-0.25,-0.52,-0.21,-0.45
483.740,-0.28,-0.43,-0.23,-0.46
483.762,-0.14,-0.47,-0.22,-0.47
483.784,-0.12,-0.29,-0.21,-0.44
483.806,-0.16,-0.21,-0.19,-0.38
483.828,-0.22,-0.24,-0.18,-0.33
483.850,-0.44,-0.28,-0.22,-0.30
483.872,-0.29,-0.48,-0.25,-0.30
483.894,-0.23,-0.64,-0.27,-0.37
483.916,-0.25,-0.52,-0.29,-0.43
483.938,-0.14,-0.43,-0.27,-0.47
483.960,-0.16,-0.42,-0.21,-0.50
483.982,-0.21,-0.38,-0.20,-0.48
484.004,-0.26,-0.36,-0.20,-0.42
484.026,-0.24,-0.39,-0.20,-0.40
484.048,-0.31,-0.36,-0.24,-0.38
484.070,-0.30,-0.30,-0.26,-0.36
484.092,-0.30,-0.29,-0.28,-0.34
484.114,-0.21,-0.44,-0.27,-0.36
484.136,-0.05,-0.41,-0.23,-0.36
484.158,-0.11,-0.36,-0.19,-0.36
484.180,-0.24,-0.35,-0.18,-0.37
484.202,-0.12,-0.35,-0.15,-0.38
484.224,-0.06,-0.35,-0.12,-0.36
484.246,-0.09,-0.42,-0.12,-0.37
484.268,-0.22,-0.37,-0.15,-0.37
484.290,-0.12,-0.32,-0.12,-0.36
484.312,-0.17,-0.33,-0.13,-0.36
484.334,-0.11,-0.30,-0.14,-0.35
484.356,-0.12,-0.16,-0.15,-0.30
484.378,-0.25,-0.34,-0.15,-0.29
484.400,-0.20,-0.30,-0.17,-0.29
484.422,-0.22,-0.22,-0.18,-0.26
484.444,-0.20,-0.28,-0.20,-0.26
484.466,-0.07,-0.35,-0.19,-0.30
484.488,-0.13,-0.30,-0.16,-0.29
484.510,-0.16,-0.29,-0.16,-0.29
484.532,-0.15,-0.33,-0.14,-0.31
484.554,-0.10,-0.36,-0.12,-0.33
484.576,-0.01,-0.35,-0.11,-0.33
484.598,-0.09,-0.24,-0.10,-0.31
484.620,-0.19,-0.41,-0.11,-0.34
484.642,-0.15,-0.42,-0.11,-0.36
484.664,-0.06,-0.39,-0.10,-0.36
484.686,-0.19,-0.46,-0.14,-0.38
484.708,-0.25,-0.51,-0.17,-0.44
484.730,-0.28,-0.42,-0.19,-0.44
484.752,-0.36,-0.31,-0.23,-0.42
484.774,-0.34,-0.41,-0.28,-0.42
484.796,-0.20,-0.39,-0.29,-0.41
484.818,-0.27,-0.52,-0.29,-0.41
484.840,-0.28,-0.37,-0.29,-0.40
484.862,-0.21,-0.35,-0.26,-0.41
484.884,-0.22,-0.44,-0.24,-0.41
484.906,-0.29,-0.38,-0.25,-0.41
484.928,-0.21,-0.27,-0.24,-0.36
484.950,-0.24,-0.40,-0.23,-0.37
484.972,-0.16,-0.38,-0.22,-0.37
484.994,-0.16,-0.53,-0.21,-0.39
485.016,-0.22,-0.35,-0.20,-0.39
485.038,-0.12,-0.44,-0.18,-0.42
485.060,-0.07,-0.50,-0.15,-0.44
485.082,-0.17,-0.45,-0.15,-0.45
485.104,-0.15,-0.62,-0.15,-0.47
485.126,-0.32,-0.54,-0.17,-0.51
485.148,-0.20,-0.45,-0.18,-0.51
485.170,-0.13,-0.35,-0.19,-0.48
485.192,-0.21,-0.45,-0.20,-0.48
485.214,-0.17,-0.45,-0.21,-0.45
485.236,-0.30,-0.37,-0.20,-0.41
485.258,-0.27,-0.30,-0.22,-0.38
485.280,-0.13,-0.32,-0.22,-0.38
485.302,-0.13,-0.31,-0.20,-0.35
485.324,-0.12,-0.31,-0.19,-0.32
485.346,-0.13,-0.35,-0.16,-0.32
485.368,-0.23,-0.46,-0.15,-0.35
485.390,-0.31,-0.30,-0.18,-0.35
485.412,-0.18,-0.14,-0.19,-0.31
485.434,-0.19,-0.15,-0.21,-0.28
485.456,-0.04,-0.28,-0.19,-0.27
485.478,-0.20,-0.36,-0.18,-0.25
485.500,-0.36,-0.29,-0.19,-0.24
485.522,-0.33,-0.41,-0.22,-0.30
485.544,-0.22,-0.30,-0.23,-0.33
485.566,-0.19,-0.51,-0.26,-0.37
485.588,-0.10,-0.34,-0.24,-0.37
485.610,-0.02,-0.41,-0.17,-0.39
485.632,-0.12,-0.39,-0.13,-0.39
485.654,-0.23,-0.45,-0.13,-0.42
485.676,-0.19,-0.42,-0.13,-0.40
485.698,-0.18,-0.41,-0.15,-0.42
485.720,-0.18,-0.45,-0.18,-0.42
485.742,-0.22,-0.39,-0.20,-0.42
485.764,-0.24,-0.38,-0.20,-0.41
485.786,-0.28,-0.43,-0.22,-0.41
485.808,-0.26,-0.52,-0.24,-0.43
485.830,-0.14,-0.37,-0.23,-0.42
485.852,-0.22,-0.43,-0.23,-0.43
485.874,-0.19,-0.40,-0.22,-0.43
485.896,-0.16,-0.42,-0.19,-0.43
485.918,-0.18,-0.36,-0.18,-0.40
485.940,-0.06,-0.24,-0.16,-0.37
485.962,-0.16,-0.38,-0.15,-0.36
485.984,-0.28,-0.37,-0.17,-0.35
486.006,-0.32,-0.46,-0.20,-0.36
486.028,-0.19,-0.27,-0.20,-0.34
486.050,-0.10,-0.35,-0.21,-0.37
486.072,-0.07,-0.23,-0.19,-0.34
486.094,-0.16,-0.40,-0.17,-0.34
486.116,-0.29,-0.40,-0.16,-0.33
486.138,-0.34,-0.43,-0.19,-0.36
486.160,-0.24,-0.23,-0.22,-0.34
486.182,-0.29,-0.40,-0.26,-0.37
486.204,-0.25,-0.43,-0.28,-0.38
486.226,-0.09,-0.51,-0.24,-0.40
486.248,-0.02,-0.32,-0.18,-0.38
486.270,-0.07,-0.29,-0.14,-0.39
486.292,-0.06,-0.17,-0.10,-0.34
486.314,-0.15,-0.29,-0.08,-0.32
486.336,-0.28,-0.15,-0.12,-0.24
486.358,-0.11,-0.26,-0.13,-0.23
486.380,-0.03,-0.13,-0.13,-0.20
486.402,0.04,-0.14,-0.11,-0.19
486.424,-0.09,-0.29,-0.09,-0.19
486.446,-0.11,-0.32,-0.06,-0.23
486.468,-0.20,-0.26,-0.08,-0.23
486.490,-0.21,-0.35,-0.11,-0.27
486.512,-0.16,-0.24,-0.15,-0.29
486.534,-0.06,-0.39,-0.15,-0.31
486.556,-0.06,-0.48,-0.14,-0.34
486.578,-0.03,-0.31,-0.10,-0.35
486.600,-0.01,-0.29,-0.06,-0.34
486.622,-0.12,-0.42,-0.06,-0.38
486.644,-0.28,-0.39,-0.10,-0.38
486.666,-0.17,-0.57,-0.12,-0.40
486.688,-0.21,-0.47,-0.16,-0.43
486.710,-0.32,-0.40,-0.22,-0.45
486.732,-0.30,-0.52,-0.26,-0.47
486.754,-0.29,-0.46,-0.26,-0.48
486.776,-0.32,-0.54,-0.29,-0.48
486.798,-0.22,-0.51,-0.29,-0.49
486.820,-0.25,-0.45,-0.28,-0.50
486.842,-0.10,-0.53,-0.24,-0.50
486.864,-0.22,-0.48,-0.22,-0.50
486.886,-0.17,-0.40,-0.19,-0.47
486.908,-0.19,-0.50,-0.19,-0.47
486.930,-0.12,-0.35,-0.16,-0.45
486.952,-0.17,-0.34,-0.17,-0.41
486.974,-0.14,-0.24,-0.16,-0.37
486.996,-0.21,-0.15,-0.17,-0.32
487.018,-0.06,-0.36,-0.14,-0.29
487.040,-0.25,-0.32,-0.17,-0.28
487.062,-0.22,-0.20,-0.18,-0.25
487.084,-0.17,-0.31,-0.18,-0.27
487.106,-0.10,-0.45,-0.16,-0.33
487.128,-0.05,-0.59,-0.16,-0.37
487.150,-0.08,-0.33,-0.12,-0.38
487.172,-0.27,-0.31,-0.13,-0.40
487.194,-0.28,-0.54,-0.16,-0.44
487.216,-0.21,-0.57,-0.18,-0.47
487.238,-0.23,-0.38,-0.21,-0.43
487.260,-0.20,-0.59,-0.24,-0.48
487.282,-0.33,-0.52,-0.25,-0.52
487.304,-0.47,-0.41,-0.29,-0.49
487.326,-0.31,-0.33,-0.31,-0.45
487.348,-0.31,-0.37,-0.32,-0.44
487.370,-0.17,-0.28,-0.32,-0.38
487.392,-0.15,-0.35,-0.28,-0.35
487.414,-0.22,-0.26,-0.23,-0.32
487.436,-0.15,-0.34,-0.20,-0.32
487.458,-0.08,-0.41,-0.15,-0.33
487.480,-0.19,-0.35,-0.16,-0.34
487.502,-0.25,-0.22,-0.18,-0.32
487.524,-0.29,-0.16,-0.19,-0.30
487.546,-0.24,-0.34,-0.21,-0.30
487.568,-0.22,-0.35,-0.24,-0.28
487.590,-0.12,-0.11,-0.22,-0.24
487.612,-0.09,-0.21,-0.19,-0.23
487.634,-0.07,-0.13,-0.15,-0.23
487.656,-0.11,-0.36,-0.12,-0.23
487.678,-0.22,-0.21,-0.12,-0.20
487.700,-0.30,-0.37,-0.16,-0.26
487.722,-0.35,-0.32,-0.21,-0.28
487.744,-0.25,-0.35,-0.25,-0.32
487.766,-0.19,-0.17,-0.26,-0.28
487.788,-0.10,-0.20,-0.24,-0.28
487.810,-0.26,-0.27,-0.23,-0.26
487.832,-0.14,-0.47,-0.19,-0.29
487.854,-0.08,-0.37,-0.15,-0.30
487.876,-0.27,-0.46,-0.17,-0.35
487.898,-0.37,-0.43,-0.22,-0.40
487.920,-0.30,-0.36,-0.23,-0.42
487.942,-0.25,-0.30,-0.25,-0.38
487.964,-0.25,-0.32,-0.29,-0.37
487.986,-0.36,-0.32,-0.31,-0.35
488.008,-0.15,-0.47,-0.26,-0.35
488.030,-0.27,-0.40,-0.26,-0.36
488.052,-0.29,-0.24,-0.26,-0.35
488.074,-0.20,-0.31,-0.25,-0.35
488.096,-0.20,-0.51,-0.22,-0.39
488.118,-0.31,-0.46,-0.25,-0.38
488.140,-0.22,-0.24,-0.24,-0.35
488.162,-0.25,-0.19,-0.24,-0.34
488.184,-0.16,-0.19,-0.23,-0.32
488.206,-0.10,-0.27,-0.21,-0.27
488.228,-0.20,-0.36,-0.19,-0.25
488.250,-0.13,-0.20,-0.17,-0.24
488.272,-0.18,-0.28,-0.15,-0.26
488.294,-0.24,-0.38,-0.17,-0.30
488.316,-0.15,-0.42,-0.18,-0.33
488.338,-0.16,-0.32,-0.17,-0.32
488.360,-0.38,-0.23,-0.22,-0.33
488.382,-0.22,-0.28,-0.23,-0.33
488.404,-0.13,-0.17,-0.21,-0.28
488.426,-0.19,-0.23,-0.22,-0.25
488.448,-0.28,-0.31,-0.24,-0.24
488.470,-0.34,-0.41,-0.23,-0.28
488.492,-0.28,-0.37,-0.24,-0.30
488.514,-0.20,-0.35,-0.26,-0.33
488.536,-0.27,-0.34,-0.27,-0.36
488.558,-0.33,-0.36,-0.28,-0.37
488.580,-0.24,-0.25,-0.26,-0.33
488.602,-0.31,-0.37,-0.27,-0.33
488.624,-0.40,-0.33,-0.31,-0.33
488.646,-0.28,-0.28,-0.31,-0.32
488.668,-0.20,-0.37,-0.29,-0.32
488.690,-0.31,-0.24,-0.30,-0.32
488.712,-0.27,-0.23,-0.29,-0.29
488.734,-0.17,-0.25,-0.25,-0.27
488.756,-0.17,-0.32,-0.22,-0.28
488.778,-0.21,-0.45,-0.23,-0.30
488.800,-0.27,-0.31,-0.22,-0.31
488.822,-0.15,-0.25,-0.19,-0.32
488.844,-0.22,-0.27,-0.20,-0.32
488.866,-0.29,-0.22,-0.23,-0.30
488.888,-0.26,-0.35,-0.24,-0.28
488.910,-0.11,-0.28,-0.21,-0.27
488.932,-0.15,-0.25,-0.21,-0.27
488.954,-0.11,-0.30,-0.18,-0.28
488.976,-0.17,-0.27,-0.16,-0.29
488.998,-0.23,-0.23,-0.15,-0.27
489.020,-0.27,-0.38,-0.19,-0.29
489.042,-0.09,-0.53,-0.17,-0.34
489.064,-0.27,-0.55,-0.21,-0.39
489.086,-0.29,-0.28,-0.23,-0.39
489.108,-0.20,-0.38,-0.22,-0.42
489.130,-0.20,-0.22,-0.21,-0.39
489.152,-0.13,-0.29,-0.22,-0.34
489.174,-0.22,-0.44,-0.21,-0.32
489.196,-0.25,-0.53,-0.20,-0.37
489.218,-0.25,-0.49,-0.21,-0.39
489.240,-0.24,-0.60,-0.22,-0.47
489.262,-0.28,-0.34,-0.25,-0.48
489.284,-0.13,-0.25,-0.23,-0.44
489.306,-0.22,-0.28,-0.22,-0.39
489.328,-0.10,-0.47,-0.19,-0.39
489.350,-0.13,-0.31,-0.17,-0.33
489.372,-0.08,-0.39,-0.13,-0.34
489.394,-0.14,-0.39,-0.13,-0.37
489.416,-0.26,-0.19,-0.14,-0.35
489.438,-0.33,-0.39,-0.19,-0.33
489.460,-0.33,-0.47,-0.23,-0.37
489.482,-0.28,-0.31,-0.27,-0.35
489.504,-0.18,-0.38,-0.28,-0.35
489.526,-0.11,-0.27,-0.25,-0.36
489.548,-0.14,-0.36,-0.21,-0.36
489.570,-0.16,-0.41,-0.17,-0.35
489.592,-0.14,-0.44,-0.15,-0.37
489.614,-0.19,-0.54,-0.15,-0.40
489.636,-0.05,-0.32,-0.14,-0.41
489.658,-0.19,-0.29,-0.15,-0.40
489.680,-0.11,-0.20,-0.14,-0.36
489.702,-0.14,-0.17,-0.14,-0.30
489.724,-0.29,-0.37,-0.16,-0.27
489.746,-0.17,-0.31,-0.18,-0.27
489.768,-0.34,-0.45,-0.21,-0.30
489.790,-0.40,-0.32,-0.27,-0.32
489.812,-0.26,-0.46,-0.29,-0.38
489.834,-0.24,-0.42,-0.28,-0.39
489.856,-0.15,-0.21,-0.28,-0.37
489.878,-0.24,-0.38,-0.26,-0.36
489.900,-0.17,-0.45,-0.21,-0.38
489.922,-0.02,-0.38,-0.16,-0.37
489.944,-0.30,-0.52,-0.18,-0.39
489.966,-0.21,-0.37,-0.19,-0.42
489.988,-0.29,-0.24,-0.20,-0.39
490.010,-0.16,-0.49,-0.20,-0.40
490.032,-0.20,-0.23,-0.23,-0.37
490.054,-0.17,-0.21,-0.21,-0.31
490.076,-0.35,-0.34,-0.23,-0.30
490.098,-0.20,-0.36,-0.22,-0.33
490.120,-0.09,-0.37,-0.20,-0.30
490.142,-0.17,-0.43,-0.20,-0.34
490.164,-0.26,-0.34,-0.21,-0.37
490.186,-0.11,-0.39,-0.17,-0.38
490.208,-0.31,-0.31,-0.19,-0.37
490.230,-0.29,-0.28,-0.23,-0.35
490.252,-0.22,-0.23,-0.24,-0.31
490.274,-0.23,-0.32,-0.23,-0.31
490.296,-0.31,-0.33,-0.27,-0.29
490.318,-0.27,-0.36,-0.26,-0.30
490.340,-0.29,-0.22,-0.26,-0.29
490.362,-0.42,-0.23,-0.30,-0.29
490.384,-0.27,-0.31,-0.31,-0.29
490.406,-0.27,-0.29,-0.30,-0.28
490.428,-0.26,-0.41,-0.30,-0.29
490.450,-0.27,-0.24,-0.30,-0.30
490.472,-0.30,-0.23,-0.27,-0.30
490.494,-0.26,-0.41,-0.27,-0.32
490.516,-0.22,-0.40,-0.26,-0.34
490.538,-0.10,-0.31,-0.23,-0.32
490.560,-0.06,-0.46,-0.19,-0.36
490.582,-0.28,-0.53,-0.18,-0.42
490.604,-0.21,-0.31,-0.17,-0.40
490.626,-0.24,-0.34,-0.18,-0.39
490.648,-0.31,-0.51,-0.22,-0.43
490.670,-0.28,-0.18,-0.26,-0.37
490.692,-0.23,-0.26,-0.25,-0.32
490.714,-0.01,-0.30,-0.21,-0.32
490.736,-0.09,-0.30,-0.18,-0.31
490.758,-0.09,-0.40,-0.14,-0.29
490.780,-0.07,-0.31,-0.10,-0.31
490.802,0.00,-0.23,-0.05,-0.31
490.824,-0.02,-0.36,-0.05,-0.32
490.846,-0.22,-0.36,-0.08,-0.33
490.868,-0.29,-0.28,-0.12,-0.31
490.890,-0.26,-0.28,-0.16,-0.30
490.912,-0.21,-0.31,-0.20,-0.32
490.934,-0.19,-0.42,-0.23,-0.33
490.956,-0.13,-0.52,-0.22,-0.36
490.978,-0.14,-0.56,-0.19,-0.42
491.000,-0.20,-0.56,-0.17,-0.47
491.022,-0.23,-0.48,-0.18,-0.51
491.044,-0.15,-0.33,-0.17,-0.49
491.066,-0.05,-0.39,-0.15,-0.46
491.088,-0.14,-0.39,-0.15,-0.43
491.110,-0.17,-0.25,-0.15,-0.37
491.132,-0.11,-0.18,-0.12,-0.31
491.154,-0.08,-0.42,-0.11,-0.33
491.176,-0.27,-0.32,-0.15,-0.31
491.198,-0.24,-0.23,-0.17,-0.28
491.220,-0.30,-0.32,-0.20,-0.29
491.242,-0.30,-0.26,-0.24,-0.31
491.264,-0.29,-0.32,-0.28,-0.29
491.286,-0.19,-0.16,-0.26,-0.26
491.308,-0.17,-0.20,-0.25,-0.25
491.330,-0.18,-0.27,-0.23,-0.24
491.352,-0.22,-0.27,-0.21,-0.24
491.374,-0.20,-0.30,-0.19,-0.24
491.396,-0.13,-0.45,-0.18,-0.30
491.418,-0.09,-0.42,-0.16,-0.34
491.440,-0.19,-0.33,-0.17,-0.35
491.462,-0.20,-0.36,-0.16,-0.37
491.484,-0.14,-0.15,-0.15,-0.34
491.506,-0.06,-0.10,-0.14,-0.27
491.528,-0.13,-0.30,-0.14,-0.25
491.550,-0.14,-0.39,-0.13,-0.26
491.572,-0.04,-0.39,-0.10,-0.27
491.594,-0.12,-0.32,-0.10,-0.30
491.616,-0.12,-0.35,-0.11,-0.35
491.638,-0.24,-0.61,-0.13,-0.41
491.660,-0.20,-0.38,-0.14,-0.41
491.682,-0.27,-0.39,-0.19,-0.41
491.704,-0.26,-0.49,-0.22,-0.44
491.726,-0.26,-0.44,-0.25,-0.46
491.748,-0.11,-0.37,-0.22,-0.41
491.770,-0.18,-0.29,-0.22,-0.40
491.792,-0.17,-0.30,-0.20,-0.38
491.814,-0.15,-0.36,-0.17,-0.35
491.836,-0.18,-0.34,-0.16,-0.33
491.858,-0.12,-0.34,-0.16,-0.33
491.880,-0.25,-0.47,-0.17,-0.36
491.902,-0.25,-0.48,-0.19,-0.40
491.924,-0.25,-0.38,-0.21,-0.40
491.946,-0.27,-0.14,-0.23,-0.36
491.968,-0.26,-0.27,-0.26,-0.35
491.990,-0.10,-0.15,-0.23,-0.28
492.012,-0.22,-0.16,-0.22,-0.22
492.034,-0.22,-0.28,-0.21,-0.20
492.056,-0.28,-0.32,-0.22,-0.24
492.078,-0.28,-0.44,-0.22,-0.27
492.100,-0.24,-0.44,-0.25,-0.33
492.122,-0.42,-0.36,-0.29,-0.37
492.144,-0.31,-0.46,-0.31,-0.40
492.166,-0.33,-0.44,-0.32,-0.43
492.188,-0.45,-0.49,-0.35,-0.44
492.210,-0.18,-0.34,-0.34,-0.42
492.232,-0.25,-0.27,-0.30,-0.40
492.254,-0.20,-0.28,-0.28,-0.36
492.276,-0.14,-0.29,-0.24,-0.33
492.298,-0.21,-0.38,-0.20,-0.31
492.320,-0.25,-0.41,-0.21,-0.33
492.342,-0.33,-0.43,-0.23,-0.36
492.364,-0.06,-0.29,-0.20,-0.36
492.386,-0.19,-0.25,-0.21,-0.35
492.408,-0.26,-0.28,-0.22,-0.33
492.430,-0.18,-0.26,-0.20,-0.30
492.452,-0.29,-0.22,-0.20,-0.26
492.474,-0.21,-0.30,-0.23,-0.26
492.496,-0.18,-0.20,-0.22,-0.25
492.518,-0.26,-0.21,-0.22,-0.24
492.540,-0.25,-0.19,-0.24,-0.22
492.562,-0.09,-0.15,-0.20,-0.21
492.584,-0.07,-0.27,-0.17,-0.20
492.606,-0.15,-0.30,-0.16,-0.22
492.628,-0.16,-0.33,-0.14,-0.25
492.650,-0.04,-0.35,-0.10,-0.28
492.672,-0.21,-0.39,-0.13,-0.33
492.695,-0.27,-0.33,-0.17,-0.34
492.717,-0.32,-0.37,-0.20,-0.35
492.739,-0.17,-0.34,-0.20,-0.36
492.761,-0.22,-0.42,-0.24,-0.37
492.783,-0.23,-0.43,-0.24,-0.38
492.805,-0.24,-0.32,-0.24,-0.38
492.827,-0.21,-0.33,-0.21,-0.37
492.849,-0.10,-0.32,-0.20,-0.36
492.871,-0.14,-0.21,-0.18,-0.32
492.893,-0.17,-0.17,-0.17,-0.27
492.915,-0.16,-0.24,-0.16,-0.25
492.937,-0.10,-0.29,-0.13,-0.25
492.959,-0.03,-0.05,-0.12,-0.19
492.981,-0.23,-0.20,-0.14,-0.19
493.003,-0.28,-0.38,-0.16,-0.23
493.025,-0.34,-0.33,-0.20,-0.25
493.047,-0.19,-0.20,-0.21,-0.23
493.069,-0.16,-0.15,-0.24,-0.25
493.091,-0.11,-0.24,-0.22,-0.26
493.113,-0.05,-0.24,-0.17,-0.23
493.135,-0.08,-0.32,-0.12,-0.23
493.157,-0.11,-0.33,-0.10,-0.26
493.179,-0.06,-0.41,-0.08,-0.31
493.201,-0.14,-0.38,-0.09,-0.34
493.223,-0.17,-0.54,-0.11,-0.40
493.245,-0.27,-0.48,-0.15,-0.43
493.267,-0.12,-0.34,-0.15,-0.43
493.289,-0.09,-0.23,-0.16,-0.39
493.311,-0.15,-0.20,-0.16,-0.36
493.333,-0.26,-0.20,-0.18,-0.29
493.355,-0.18,-0.15,-0.16,-0.22
493.377,-0.25,-0.30,-0.19,-0.22
493.399,-0.20,-0.23,-0.21,-0.22
493.421,-0.21,-0.39,-0.22,-0.25
493.443,-0.20,-0.20,-0.21,-0.25
493.465,-0.16,-0.32,-0.20,-0.29
493.487,-0.16,-0.31,-0.19,-0.29
493.509,-0.07,-0.44,-0.16,-0.33
493.531,-0.21,-0.34,-0.16,-0.32
493.553,-0.06,-0.43,-0.13,-0.37
493.575,-0.09,-0.56,-0.12,-0.42
493.597,-0.19,-0.44,-0.12,-0.44
493.619,-0.20,-0.36,-0.15,-0.43
493.641,-0.24,-0.41,-0.16,-0.44
493.663,-0.30,-0.38,-0.20,-0.43
493.685,-0.30,-0.35,-0.25,-0.39
493.707,-0.35,-0.39,-0.28,-0.38
493.729,-0.18,-0.36,-0.27,-0.38
493.751,-0.22,-0.34,-0.27,-0.36
493.773,-0.22,-0.43,-0.25,-0.37
493.795,-0.16,-0.40,-0.23,-0.38
493.817,-0.07,-0.30,-0.17,-0.37
493.839,-0.14,-0.38,-0.16,-0.37
493.861,-0.28,-0.44,-0.17,-0.39
493.883,-0.20,-0.46,-0.17,-0.40
493.905,-0.17,-0.43,-0.17,-0.40
493.927,-0.14,-0.37,-0.19,-0.42
493.949,-0.23,-0.47,-0.20,-0.43
493.971,-0.23,-0.33,-0.19,-0.41
493.993,-0.27,-0.40,-0.21,-0.40
494.015,-0.13,-0.47,-0.20,-0.41
494.037,-0.22,-0.46,-0.22,-0.43
494.059,-0.25,-0.34,-0.22,-0.40
494.081,-0.21,-0.34,-0.22,-0.40
494.103,-0.26,-0.22,-0.21,-0.37
494.125,-0.20,-0.43,-0.23,-0.36
494.147,-0.18,-0.25,-0.22,-0.32
494.169,-0.21,-0.38,-0.21,-0.32
494.191,-0.27,-0.39,-0.22,-0.33
494.213,-0.32,-0.33,-0.24,-0.36
494.235,-0.21,-0.36,-0.24,-0.34
494.257,-0.22,-0.73,-0.25,-0.44
494.279,-0.16,-0.41,-0.24,-0.44
494.301,-0.38,-0.49,-0.26,-0.46
494.323,-0.32,-0.73,-0.26,-0.54
494.345,-0.28,-0.44,-0.27,-0.56
494.367,-0.21,-0.43,-0.27,-0.50
494.389,-0.15,-0.37,-0.27,-0.49
494.411,-0.27,-0.49,-0.25,-0.49
494.433,-0.19,-0.42,-0.22,-0.43
494.455,-0.21,-0.53,-0.21,-0.45
494.477,-0.14,-0.44,-0.19,-0.45
494.499,-0.08,-0.37,-0.18,-0.45
494.521,-0.16,-0.41,-0.16,-0.43
494.543,-0.21,-0.52,-0.16,-0.45
494.565,-0.01,-0.45,-0.12,-0.44
494.587,-0.24,-0.37,-0.14,-0.42
494.609,-0.30,-0.32,-0.18,-0.41
494.631,-0.30,-0.33,-0.21,-0.40
494.653,-0.09,-0.34,-0.19,-0.36
494.675,-0.08,-0.37,-0.20,-0.35
494.697,-0.11,-0.46,-0.18,-0.36
494.719,-0.16,-0.31,-0.15,-0.36
494.741,-0.27,-0.44,-0.14,-0.38
494.763,-0.12,-0.25,-0.15,-0.37
494.785,-0.17,-0.31,-0.17,-0.35
494.807,-0.30,-0.32,-0.20,-0.33
494.829,-0.21,-0.38,-0.21,-0.34
494.851,-0.23,-0.47,-0.21,-0.35
494.873,-0.14,-0.26,-0.21,-0.35
494.895,-0.14,-0.28,-0.20,-0.34
494.917,-0.16,-0.22,-0.18,-0.32
494.939,-0.24,-0.32,-0.18,-0.31
494.961,-0.14,-0.24,-0.16,-0.26
494.983,-0.18,-0.28,-0.17,-0.27
495.005,-0.19,-0.34,-0.18,-0.28
495.027,-0.07,-0.38,-0.16,-0.31
495.049,-0.02,-0.36,-0.12,-0.32
495.071,-0.11,-0.24,-0.11,-0.32
495.093,-0.21,-0.19,-0.12,-0.30
495.115,-0.27,-0.37,-0.14,-0.31
495.137,-0.23,-0.37,-0.17,-0.31
495.159,-0.28,-0.26,-0.22,-0.29
495.181,-0.20,-0.34,-0.24,-0.31
495.203,-0.21,-0.30,-0.24,-0.33
495.225,-0.17,-0.22,-0.22,-0.30
495.247,-0.01,-0.30,-0.17,-0.28
495.269,-0.17,-0.35,-0.15,-0.30
495.291,-0.18,-0.34,-0.15,-0.30
495.313,-0.09,-0.35,-0.12,-0.31
495.335,-0.00,-0.26,-0.09,-0.32
495.357,-0.16,-0.35,-0.12,-0.33
495.379,-0.19,-0.27,-0.12,-0.31
495.401,-0.15,-0.33,-0.12,-0.31
495.423,-0.18,-0.30,-0.14,-0.30
495.445,-0.38,-0.33,-0.21,-0.32
495.467,-0.25,-0.18,-0.23,-0.28
495.489,-0.34,-0.21,-0.26,-0.27
495.511,-0.23,-0.21,-0.28,-0.25
495.533,-0.41,-0.35,-0.32,-0.26
495.555,-0.25,-0.50,-0.30,-0.29
495.577,-0.24,-0.31,-0.29,-0.32
495.599,-0.33,-0.34,-0.29,-0.34
495.621,-0.25,-0.26,-0.30,-0.35
495.643,-0.12,-0.19,-0.24,-0.32
495.665,-0.11,-0.34,-0.21,-0.29
495.687,-0.17,-0.43,-0.20,-0.31
495.709,-0.09,-0.42,-0.15,-0.33
495.731,-0.25,-0.32,-0.15,-0.34
495.753,-0.29,-0.36,-0.18,-0.37
495.775,-0.23,-0.41,-0.21,-0.39
495.797,-0.08,-0.42,-0.19,-0.39
495.819,0.01,-0.39,-0.17,-0.38
495.841,-0.02,-0.38,-0.12,-0.39
495.863,-0.04,-0.42,-0.07,-0.40
495.885,-0.26,-0.47,-0.08,-0.42
495.907,-0.31,-0.46,-0.12,-0.42
495.929,-0.30,-0.39,-0.19,-0.42
495.951,-0.13,-0.36,-0.21,-0.42
495.973,-0.24,-0.23,-0.25,-0.38
495.995,-0.03,-0.27,-0.20,-0.34
496.017,-0.18,-0.34,-0.18,-0.32
496.039,-0.07,-0.40,-0.13,-0.32
496.061,0.00,-0.46,-0.10,-0.34
496.083,-0.03,-0.57,-0.06,-0.41
496.105,-0.12,-0.35,-0.08,-0.42
496.127,-0.18,-0.11,-0.08,-0.38
496.149,-0.12,-0.28,-0.09,-0.35
496.171,-0.03,-0.30,-0.10,-0.32
496.193,-0.15,-0.27,-0.12,-0.26
496.215,-0.15,-0.48,-0.13,-0.29
496.237,-0.14,-0.42,-0.12,-0.35
496.259,-0.24,-0.28,-0.14,-0.35
496.281,-0.31,-0.27,-0.20,-0.34
496.303,-0.16,-0.39,-0.20,-0.37
496.325,-0.22,-0.28,-0.21,-0.33
496.347,-0.14,-0.28,-0.21,-0.30
496.369,-0.23,-0.41,-0.21,-0.33
496.391,-0.24,-0.46,-0.20,-0.36
496.413,-0.05,-0.45,-0.18,-0.38
496.435,-0.12,-0.46,-0.16,-0.41
496.457,-0.12,-0.44,-0.15,-0.44
496.479,-0.18,-0.47,-0.14,-0.46
496.501,-0.28,-0.48,-0.15,-0.46
496.523,-0.28,-0.44,-0.20,-0.46
496.545,-0.22,-0.45,-0.22,-0.46
496.567,-0.21,-0.56,-0.23,-0.48
496.589,-0.26,-0.52,-0.25,-0.49
496.611,-0.23,-0.44,-0.24,-0.48
496.633,-0.32,-0.47,-0.25,-0.49
496.655,-0.26,-0.55,-0.26,-0.51
496.677,-0.21,-0.37,-0.26,-0.47
496.699,-0.18,-0.47,-0.24,-0.46
496.721,-0.09,-0.52,-0.21,-0.48
496.743,-0.07,-0.49,-0.16,-0.48
496.765,-0.19,-0.26,-0.15,-0.42
496.787,-0.08,-0.26,-0.12,-0.40
496.809,-0.07,-0.14,-0.10,-0.33
496.831,-0.19,-0.10,-0.12,-0.25
496.853,-0.27,-0.25,-0.16,-0.20
496.875,-0.20,-0.37,-0.16,-0.22
496.897,-0.04,-0.31,-0.15,-0.23
496.919,-0.25,-0.25,-0.19,-0.26
496.941,-0.29,-0.20,-0.21,-0.28
496.963,-0.31,-0.29,-0.22,-0.28
496.985,-0.28,-0.45,-0.23,-0.30
497.007,-0.09,-0.52,-0.24,-0.34
497.029,-0.02,-0.52,-0.20,-0.40
497.051,-0.09,-0.43,-0.16,-0.44
497.073,-0.15,-0.41,-0.13,-0.47
497.095,-0.18,-0.27,-0.11,-0.43
497.117,-0.13,-0.36,-0.11,-0.40
497.139,-0.14,-0.23,-0.14,-0.34
497.161,-0.19,-0.35,-0.16,-0.32
497.183,-0.12,-0.37,-0.15,-0.32
497.205,-0.07,-0.42,-0.13,-0.35
497.227,-0.19,-0.38,-0.14,-0.35
497.249,-0.25,-0.29,-0.16,-0.36
497.271,-0.19,-0.33,-0.16,-0.36
497.293,-0.29,-0.44,-0.20,-0.37
497.315,-0.23,-0.54,-0.23,-0.40
497.337,-0.21,-0.58,-0.23,-0.44
497.359,-0.19,-0.64,-0.22,-0.51
497.381,-0.20,-0.42,-0.22,-0.52
497.403,-0.22,-0.38,-0.21,-0.51
497.425,-0.27,-0.40,-0.22,-0.48
497.447,-0.21,-0.41,-0.22,-0.45
497.469,-0.12,-0.21,-0.20,-0.36
497.491,-0.06,-0.24,-0.18,-0.33
497.513,-0.25,-0.16,-0.18,-0.28
497.535,-0.14,-0.31,-0.16,-0.27
497.557,-0.27,-0.17,-0.17,-0.22
497.579,-0.10,-0.28,-0.16,-0.23
497.601,-0.14,-0.19,-0.18,-0.22
497.623,-0.05,-0.20,-0.14,-0.23
497.645,-0.22,-0.24,-0.16,-0.22
497.667,-0.30,-0.37,-0.16,-0.26
497.689,-0.27,-0.35,-0.20,-0.27
497.711,-0.26,-0.44,-0.22,-0.32
497.733,-0.24,-0.42,-0.26,-0.36
497.755,-0.27,-0.36,-0.27,-0.39
497.777,-0.30,-0.53,-0.27,-0.42
497.799,-0.24,-0.58,-0.26,-0.47
497.821,-0.26,-0.38,-0.26,-0.45
497.843,-0.35,-0.34,-0.28,-0.44
497.865,-0.23,-0.43,-0.28,-0.45
497.887,-0.13,-0.33,-0.24,-0.41
497.909,-0.14,-0.21,-0.22,-0.34
497.931,-0.06,-0.33,-0.18,-0.33
497.953,-0.08,-0.54,-0.13,-0.37
497.975,-0.18,-0.26,-0.12,-0.33
497.997,-0.13,-0.28,-0.12,-0.32
498.019,-0.08,-0.17,-0.11,-0.32
498.041,-0.28,-0.17,-0.15,-0.28
498.063,-0.27,-0.21,-0.19,-0.22
498.085,-0.36,-0.41,-0.22,-0.25
498.107,-0.22,-0.46,-0.24,-0.28
498.129,-0.13,-0.46,-0.25,-0.34
498.151,-0.06,-0.35,-0.21,-0.38
498.173,-0.06,-0.42,-0.17,-0.42
498.195,-0.03,-0.50,-0.10,-0.44
498.217,-0.01,-0.57,-0.06,-0.46
498.239,-0.20,-0.39,-0.07,-0.45
498.261,-0.18,-0.30,-0.10,-0.44
498.283,-0.27,-0.36,-0.14,-0.42
498.305,-0.30,-0.25,-0.19,-0.37
498.327,-0.31,-0.11,-0.25,-0.28
498.349,-0.10,-0.19,-0.23,-0.24
498.371,-0.16,-0.23,-0.23,-0.23
498.393,-0.11,-0.23,-0.20,-0.20
498.415,-0.13,-0.30,-0.16,-0.21
498.437,-0.29,-0.37,-0.16,-0.26
498.459,-0.26,-0.24,-0.19,-0.27
498.481,-0.41,-0.27,-0.24,-0.28
498.503,-0.42,-0.19,-0.30,-0.27
498.525,-0.41,-0.39,-0.36,-0.29
498.547,-0.44,-0.31,-0.39,-0.28
498.569,-0.40,-0.37,-0.42,-0.31
498.591,-0.42,-0.50,-0.42,-0.35
498.613,-0.19,-0.40,-0.37,-0.39
498.635,-0.33,-0.32,-0.36,-0.38
498.657,-0.25,-0.43,-0.32,-0.40
498.679,-0.23,-0.52,-0.28,-0.43
498.701,-0.12,-0.43,-0.22,-0.42
498.723,-0.20,-0.38,-0.23,-0.42
498.745,-0.16,-0.36,-0.19,-0.42
498.767,-0.35,-0.30,-0.21,-0.40
498.789,-0.30,-0.42,-0.23,-0.38
498.811,-0.17,-0.40,-0.24,-0.37
498.833,-0.20,-0.53,-0.24,-0.40
498.855,-0.30,-0.32,-0.26,-0.39
498.877,-0.16,-0.31,-0.23,-0.40
498.899,-0.23,-0.54,-0.21,-0.42
498.921,-0.12,-0.48,-0.20,-0.44
498.943,-0.15,-0.26,-0.19,-0.38
498.965,-0.15,-0.23,-0.16,-0.36
498.987,0.04,-0.36,-0.12,-0.37
499.009,0.00,-0.21,-0.08,-0.31
499.031,0.05,-0.36,-0.04,-0.28
499.053,-0.12,-0.35,-0.04,-0.30
499.075,-0.25,-0.44,-0.06,-0.34
499.097,-0.14,-0.51,-0.09,-0.37
499.119,-0.20,-0.35,-0.13,-0.40
499.141,-0.14,-0.36,-0.17,-0.40
499.163,-0.19,-0.20,-0.18,-0.37
499.185,-0.25,-0.39,-0.18,-0.36
499.207,-0.20,-0.32,-0.20,-0.32
499.229,-0.06,-0.24,-0.17,-0.30
499.251,-0.02,-0.27,-0.14,-0.28
499.273,-0.17,-0.18,-0.14,-0.28
499.295,-0.19,-0.17,-0.13,-0.24
499.317,-0.29,-0.27,-0.15,-0.23
499.339,-0.34,-0.31,-0.20,-0.24
499.361,-0.25,-0.25,-0.25,-0.24
499.383,-0.32,-0.34,-0.28,-0.27
499.405,-0.18,-0.43,-0.28,-0.32
499.427,-0.23,-0.46,-0.26,-0.36
499.449,-0.19,-0.44,-0.23,-0.38
499.471,-0.21,-0.37,-0.23,-0.41
499.493,-0.10,-0.28,-0.18,-0.40
499.515,-0.00,-0.31,-0.15,-0.37
499.537,-0.18,-0.27,-0.14,-0.33
499.559,-0.08,-0.27,-0.11,-0.30
499.581,-0.26,-0.12,-0.12,-0.25
499.603,-0.25,-0.39,-0.15,-0.27
499.625,-0.30,-0.47,-0.21,-0.30
499.647,-0.28,-0.29,-0.23,-0.31
499.669,-0.29,-0.32,-0.28,-0.32
499.691,-0.29,-0.29,-0.28,-0.35
499.713,-0.29,-0.38,-0.29,-0.35
499.735,-0.22,-0.33,-0.27,-0.32
499.757,-0.22,-0.31,-0.26,-0.33
499.779,-0.28,-0.42,-0.26,-0.35
499.801,-0.35,-0.24,-0.27,-0.34
499.823,-0.30,-0.38,-0.27,-0.34
499.845,-0.28,-0.47,-0.29,-0.36
499.867,-0.23,-0.40,-0.29,-0.38
499.889,-0.24,-0.21,-0.28,-0.34
499.911,-0.17,-0.28,-0.24,-0.35
499.933,-0.12,-0.23,-0.21,-0.32
499.955,-0.20,-0.36,-0.19,-0.30
499.977,-0.24,-0.29,-0.19,-0.27
499.999,-0.25,-0.35,-0.20,-0.30
500.021,-0.21,-0.30,-0.20,-0.31
500.043,-0.19,-0.30,-0.22,-0.32
500.065,-0.20,-0.25,-0.22,-0.30
500.087,-0.06,-0.45,-0.18,-0.33
500.109,-0.22,-0.42,-0.18,-0.34
500.131,-0.23,-0.52,-0.18,-0.39
500.153,-0.25,-0.30,-0.19,-0.39
500.175,-0.11,-0.42,-0.17,-0.42
500.197,-0.13,-0.35,-0.19,-0.40
500.219,-0.23,-0.24,-0.19,-0.37
500.241,-0.12,-0.24,-0.17,-0.31
500.263,-0.11,-0.36,-0.14,-0.32
500.285,-0.12,-0.22,-0.14,-0.28
500.307,-0.03,-0.47,-0.12,-0.31
500.329,0.05,-0.31,-0.07,-0.32
500.351,0.10,-0.37,-0.02,-0.35
500.373,0.02,-0.29,0.00,-0.33
500.395,-0.04,-0.39,0.02,-0.37
500.417,-0.03,-0.50,0.02,-0.37
500.439,-0.13,-0.34,-0.02,-0.38
500.461,-0.30,-0.38,-0.10,-0.38
500.483,-0.25,-0.38,-0.15,-0.40
500.505,-0.34,-0.25,-0.21,-0.37
500.527,-0.06,-0.29,-0.22,-0.33
500.549,-0.06,-0.37,-0.20,-0.33
500.571,-0.14,-0.24,-0.17,-0.31
500.593,-0.25,-0.26,-0.17,-0.28
500.615,-0.23,-0.14,-0.15,-0.26
500.637,-0.30,-0.29,-0.20,-0.26
500.659,-0.28,-0.13,-0.24,-0.21
500.681,-0.20,-0.16,-0.25,-0.20
500.703,-0.24,-0.19,-0.25,-0.18
500.725,-0.24,-0.28,-0.25,-0.21
500.747,-0.12,-0.40,-0.22,-0.23
500.769,-0.09,-0.32,-0.18,-0.27
500.791,-0.05,-0.22,-0.15,-0.28
500.813,-0.15,-0.36,-0.13,-0.32
500.835,-0.16,-0.43,-0.11,-0.35
500.857,-0.13,-0.51,-0.12,-0.37
500.879,-0.09,-0.58,-0.12,-0.42
500.901,-0.13,-0.53,-0.13,-0.48
500.923,-0.16,-0.50,-0.13,-0.51
500.945,-0.11,-0.41,-0.12,-0.51
500.967,-0.17,-0.31,-0.13,-0.47
500.989,-0.16,-0.38,-0.15,-0.43
501.011,-0.09,-0.31,-0.14,-0.38
501.033,-0.22,-0.37,-0.15,-0.36
501.055,-0.09,-0.33,-0.15,-0.34
501.077,-0.08,-0.28,-0.13,-0.33
501.099,-0.10,-0.34,-0.12,-0.33
501.121,-0.20,-0.34,-0.14,-0.33
501.143,-0.16,-0.23,-0.13,-0.30
501.165,-0.10,-0.38,-0.13,-0.31
501.187,-0.20,-0.25,-0.15,-0.31
501.209,-0.05,-0.24,-0.14,-0.29
501.231,-0.09,-0.34,-0.12,-0.29
501.253,-0.04,-0.46,-0.10,-0.33
501.275,-0.07,-0.37,-0.09,-0.33
501.297,-0.13,-0.42,-0.08,-0.37
501.319,-0.14,-0.38,-0.09,-0.39
501.341,-0.10,-0.15,-0.10,-0.36
501.363,-0.03,-0.28,-0.09,-0.32
501.385,-0.17,-0.35,-0.11,-0.32
501.407,-0.23,-0.33,-0.13,-0.30
501.429,-0.17,-0.34,-0.14,-0.29
501.451,0.01,-0.43,-0.12,-0.35
501.473,-0.09,-0.26,-0.13,-0.34
501.495,-0.12,-0.34,-0.12,-0.34
501.517,-0.14,-0.25,-0.10,-0.32
501.539,-0.15,-0.30,-0.10,-0.32
501.561,-0.23,-0.36,-0.15,-0.30
501.583,-0.15,-0.48,-0.16,-0.35
501.605,-0.12,-0.39,-0.16,-0.36
501.627,-0.24,-0.51,-0.18,-0.41
501.649,-0.17,-0.33,-0.18,-0.41
501.671,-0.18,-0.31,-0.17,-0.40
501.693,-0.22,-0.29,-0.19,-0.37
501.715,-0.35,-0.29,-0.23,-0.35
501.737,-0.25,-0.35,-0.23,-0.31
501.759,-0.31,-0.48,-0.26,-0.34
501.781,-0.28,-0.50,-0.28,-0.38
501.803,-0.22,-0.41,-0.28,-0.41
501.825,-0.19,-0.43,-0.25,-0.43
501.847,-0.17,-0.49,-0.23,-0.46
501.869,-0.24,-0.26,-0.22,-0.42
501.891,-0.26,-0.34,-0.22,-0.39
501.913,-0.10,-0.49,-0.19,-0.40
501.935,-0.24,-0.40,-0.20,-0.40
501.957,-0.27,-0.22,-0.22,-0.34
501.979,-0.29,-0.46,-0.23,-0.38
502.001,-0.26,-0.30,-0.23,-0.37
502.023,-0.33,-0.37,-0.28,-0.35
502.045,-0.29,-0.32,-0.29,-0.33
502.067,-0.49,-0.32,-0.33,-0.35
502.089,-0.41,-0.46,-0.36,-0.35
502.111,-0.33,-0.53,-0.37,-0.40
502.133,-0.26,-0.35,-0.36,-0.40
502.155,-0.17,-0.33,-0.33,-0.40
502.177,-0.05,-0.40,-0.24,-0.41
502.199,-0.04,-0.42,-0.17,-0.41
502.221,-0.14,-0.31,-0.13,-0.36
502.243,-0.08,-0.39,-0.10,-0.37
502.265,0.01,-0.15,-0.06,-0.33
502.287,-0.09,-0.31,-0.07,-0.32
502.309,-0.08,-0.45,-0.08,-0.32
502.331,0.01,-0.38,-0.05,-0.34
502.353,-0.04,-0.18,-0.04,-0.29
502.375,-0.19,-0.27,-0.08,-0.32
502.397,-0.00,-0.49,-0.06,-0.35
502.419,-0.01,-0.34,-0.05,-0.33
502.441,-0.03,-0.51,-0.05,-0.36
502.463,-0.06,-0.45,-0.06,-0.41
502.485,-0.07,-0.45,-0.03,-0.45
502.507,-0.10,-0.22,-0.05,-0.39
502.529,-0.25,-0.39,-0.10,-0.40
502.551,-0.08,-0.32,-0.11,-0.37
502.573,-0.09,-0.31,-0.12,-0.34
502.595,-0.14,-0.15,-0.13,-0.28
502.617,-0.02,-0.27,-0.12,-0.29
502.639,-0.00,-0.26,-0.07,-0.26
502.661,-0.08,-0.40,-0.07,-0.28
502.683,-0.31,-0.51,-0.11,-0.32
502.705,-0.32,-0.38,-0.15,-0.36
502.727,-0.20,-0.37,-0.18,-0.38
502.749,-0.05,-0.24,-0.19,-0.38
502.771,-0.20,-0.38,-0.22,-0.38
502.793,-0.36,-0.35,-0.23,-0.34
502.815,-0.27,-0.45,-0.22,-0.36
502.837,-0.26,-0.37,-0.23,-0.36
502.859,-0.21,-0.49,-0.26,-0.41
502.881,-0.28,-0.38,-0.28,-0.41
502.903,-0.24,-0.37,-0.25,-0.41
502.925,-0.27,-0.42,-0.25,-0.41
502.947,-0.35,-0.33,-0.27,-0.40
502.969,-0.13,-0.27,-0.25,-0.35
502.991,-0.17,-0.23,-0.23,-0.32
503.013,-0.11,-0.40,-0.21,-0.33
503.035,-0.00,-0.40,-0.15,-0.33
503.057,-0.19,-0.34,-0.12,-0.33
503.079,-0.29,-0.39,-0.15,-0.35
503.101,-0.29,-0.33,-0.18,-0.37
503.123,-0.25,-0.40,-0.20,-0.37
503.145,-0.33,-0.50,-0.27,-0.39
503.167,-0.28,-0.39,-0.29,-0.40
503.189,-0.23,-0.41,-0.28,-0.41
503.211,-0.19,-0.31,-0.26,-0.40
503.233,-0.26,-0.28,-0.26,-0.38
503.255,-0.24,-0.37,-0.24,-0.35
503.277,-0.22,-0.37,-0.23,-0.35
503.299,-0.09,-0.29,-0.20,-0.32
503.321,-0.16,-0.48,-0.19,-0.36
503.343,-0.17,-0.33,-0.18,-0.37
503.365,-0.21,-0.31,-0.17,-0.36
503.387,-0.22,-0.44,-0.17,-0.37
503.409,-0.12,-0.43,-0.18,-0.40
503.431,-0.06,-0.20,-0.16,-0.34
503.453,-0.02,-0.26,-0.13,-0.33
503.475,-0.17,-0.33,-0.12,-0.33
503.497,-0.04,-0.41,-0.08,-0.33
503.519,-0.21,-0.43,-0.10,-0.33
503.541,-0.16,-0.39,-0.12,-0.36
503.563,-0.36,-0.39,-0.19,-0.39
503.585,-0.25,-0.21,-0.20,-0.37
503.607,-0.28,-0.34,-0.25,-0.35
503.629,-0.14,-0.38,-0.24,-0.34
503.651,-0.15,-0.33,-0.24,-0.33
503.673,-0.20,-0.25,-0.20,-0.30
503.695,-0.21,-0.19,-0.20,-0.30
503.717,-0.25,-0.32,-0.19,-0.29
503.739,-0.21,-0.36,-0.20,-0.29
503.761,-0.26,-0.43,-0.23,-0.31
503.783,-0.18,-0.32,-0.22,-0.32
503.805,-0.34,-0.31,-0.25,-0.35
503.827,-0.23,-0.35,-0.24,-0.35
503.849,-0.30,-0.27,-0.26,-0.34
503.871,-0.37,-0.31,-0.28,-0.31
503.893,-0.15,-0.41,-0.28,-0.33
503.915,-0.17,-0.25,-0.24,-0.32
503.937,-0.12,-0.42,-0.22,-0.33
503.959,-0.19,-0.27,-0.20,-0.33
503.981,-0.22,-0.20,-0.17,-0.31
504.003,-0.32,-0.25,-0.20,-0.28
504.025,-0.18,-0.28,-0.21,-0.28
504.047,-0.24,-0.28,-0.23,-0.26
504.069,-0.37,-0.34,-0.27,-0.27
504.091,-0.22,-0.34,-0.27,-0.30
504.113,-0.06,-0.28,-0.21,-0.30
504.135,-0.19,-0.20,-0.22,-0.29
504.157,-0.28,-0.23,-0.22,-0.28
504.179,-0.32,-0.47,-0.21,-0.30
504.201,-0.38,-0.48,-0.25,-0.33
504.223,-0.28,-0.56,-0.29,-0.39
504.245,-0.16,-0.37,-0.28,-0.42
504.267,-0.26,-0.34,-0.28,-0.44
504.289,-0.09,-0.36,-0.23,-0.42
504.311,-0.04,-0.41,-0.17,-0.41
504.333,0.01,-0.34,-0.11,-0.36
504.355,-0.09,-0.30,-0.09,-0.35
504.377,-0.04,-0.29,-0.05,-0.34
504.399,-0.13,-0.29,-0.06,-0.33
504.421,-0.15,-0.34,-0.08,-0.31
504.443,-0.16,-0.30,-0.11,-0.30
504.465,-0.25,-0.38,-0.15,-0.32
504.487,-0.34,-0.44,-0.21,-0.35
504.509,-0.26,-0.41,-0.23,-0.37
504.531,-0.29,-0.32,-0.26,-0.37
504.553,-0.38,-0.38,-0.30,-0.39
504.575,-0.24,-0.41,-0.30,-0.39
504.597,-0.37,-0.35,-0.31,-0.37
504.619,-0.27,-0.17,-0.31,-0.33
504.641,-0.20,-0.23,-0.29,-0.31
504.663,-0.00,-0.27,-0.22,-0.29
504.685,-0.17,-0.31,-0.20,-0.27
504.707,-0.10,-0.33,-0.15,-0.26
504.729,-0.03,-0.13,-0.10,-0.25
504.751,-0.10,-0.16,-0.08,-0.24
504.773,-0.21,-0.12,-0.12,-0.21
504.795,-0.19,-0.27,-0.13,-0.20
504.817,-0.10,-0.16,-0.13,-0.17
504.839,-0.17,-0.34,-0.15,-0.21
504.861,-0.18,-0.26,-0.17,-0.23
504.883,-0.14,-0.16,-0.16,-0.24
504.905,-0.25,-0.33,-0.17,-0.25
504.927,-0.16,-0.42,-0.18,-0.30
504.949,-0.13,-0.37,-0.17,-0.31
504.971,-0.00,-0.44,-0.14,-0.34
504.993,-0.20,-0.54,-0.15,-0.42
505.015,-0.10,-0.37,-0.12,-0.43
505.037,-0.21,-0.45,-0.13,-0.43
505.059,-0.22,-0.35,-0.15,-0.43
505.081,-0.16,-0.39,-0.18,-0.42
505.103,-0.06,-0.38,-0.15,-0.39
505.125,-0.15,-0.20,-0.16,-0.35
505.147,-0.17,-0.25,-0.15,-0.31
505.169,-0.27,-0.44,-0.16,-0.33
505.191,-0.18,-0.32,-0.17,-0.32
505.213,-0.18,-0.40,-0.19,-0.32
505.235,-0.28,-0.32,-0.22,-0.35
505.257,-0.19,-0.22,-0.22,-0.34
505.279,-0.20,-0.35,-0.21,-0.32
505.301,-0.33,-0.27,-0.24,-0.31
505.323,-0.19,-0.27,-0.24,-0.29
505.345,-0.11,-0.43,-0.20,-0.31
505.367,-0.12,-0.28,-0.19,-0.32
505.389,-0.22,-0.18,-0.19,-0.29
505.411,-0.17,-0.27,-0.16,-0.29
505.433,-0.36,-0.29,-0.20,-0.29
505.455,-0.41,-0.31,-0.26,-0.27
505.477,-0.26,-0.45,-0.28,-0.30
505.499,-0.22,-0.37,-0.28,-0.34
505.521,-0.13,-0.52,-0.28,-0.39
505.543,-0.08,-0.43,-0.22,-0.42
505.565,-0.06,-0.34,-0.15,-0.42
505.587,-0.10,-0.39,-0.12,-0.41
505.609,-0.16,-0.26,-0.11,-0.39
505.631,-0.12,-0.49,-0.10,-0.38
505.653,-0.10,-0.26,-0.11,-0.35
505.675,-0.07,-0.33,-0.11,-0.35
505.697,-0.13,-0.33,-0.12,-0.33
505.719,-0.20,-0.29,-0.12,-0.34
505.741,-0.27,-0.29,-0.15,-0.30
505.763,-0.30,-0.26,-0.19,-0.30
505.785,-0.21,-0.43,-0.22,-0.32
505.807,-0.16,-0.44,-0.23,-0.34
505.829,-0.17,-0.38,-0.22,-0.36
505.851,-0.13,-0.20,-0.19,-0.34
505.873,-0.09,-0.36,-0.15,-0.36
505.895,-0.23,-0.40,-0.16,-0.36
505.917,-0.26,-0.21,-0.18,-0.31
505.939,-0.24,-0.25,-0.19,-0.28
505.961,-0.22,-0.29,-0.21,-0.30
505.983,-0.21,-0.31,-0.23,-0.29
506.005,-0.16,-0.22,-0.22,-0.26
506.027,-0.07,-0.14,-0.18,-0.24
506.049,-0.18,-0.20,-0.17,-0.23
506.071,-0.04,-0.20,-0.13,-0.21
506.093,-0.09,-0.14,-0.11,-0.18
506.115,-0.16,-0.20,-0.11,-0.18
506.137,-0.19,-0.32,-0.13,-0.21
506.159,-0.15,-0.30,-0.13,-0.23
506.181,-0.17,-0.32,-0.15,-0.26
506.203,-0.22,-0.18,-0.18,-0.26
506.225,-0.27,-0.22,-0.20,-0.27
506.247,-0.20,-0.19,-0.20,-0.24
506.269,-0.29,-0.15,-0.23,-0.21
506.291,-0.06,-0.16,-0.21,-0.18
506.313,-0.11,-0.39,-0.19,-0.22
506.335,-0.09,-0.28,-0.15,-0.23
506.357,-0.11,-0.42,-0.13,-0.28
506.379,-0.18,-0.36,-0.11,-0.32
506.401,-0.12,-0.34,-0.12,-0.36
506.423,-0.11,-0.47,-0.12,-0.37
506.445,-0.15,-0.44,-0.13,-0.41
506.467,-0.15,-0.22,-0.14,-0.37
506.489,-0.22,-0.20,-0.15,-0.33
506.511,-0.22,-0.38,-0.17,-0.34
506.533,-0.31,-0.41,-0.21,-0.33
506.555,-0.26,-0.36,-0.23,-0.31
506.577,-0.21,-0.38,-0.24,-0.35
506.599,-0.09,-0.49,-0.22,-0.40
506.621,-0.06,-0.41,-0.19,-0.41
506.643,-0.06,-0.37,-0.14,-0.40
506.665,-0.13,-0.21,-0.11,-0.37
506.687,-0.12,-0.29,-0.09,-0.35
506.709,-0.17,-0.35,-0.11,-0.33
506.731,-0.18,-0.23,-0.13,-0.29
506.753,-0.01,-0.33,-0.12,-0.28
506.775,-0.10,-0.29,-0.12,-0.30
506.797,-0.20,-0.39,-0.13,-0.32
506.819,-0.26,-0.56,-0.15,-0.36
506.841,-0.15,-0.25,-0.14,-0.36
506.863,-0.21,-0.40,-0.18,-0.38
506.885,-0.13,-0.53,-0.19,-0.43
506.907,-0.12,-0.33,-0.17,-0.41
506.929,-0.19,-0.36,-0.16,-0.37
506.951,-0.17,-0.32,-0.16,-0.39
506.973,-0.34,-0.22,-0.19,-0.35
506.995,-0.21,-0.25,-0.21,-0.30
507.017,-0.22,-0.25,-0.23,-0.28
507.039,-0.18,-0.28,-0.22,-0.26
507.061,-0.24,-0.38,-0.24,-0.28
507.083,-0.20,-0.22,-0.21,-0.28
507.105,-0.13,-0.43,-0.19,-0.31
507.127,-0.37,-0.42,-0.22,-0.35
507.149,-0.24,-0.47,-0.24,-0.38
507.171,-0.32,-0.45,-0.25,-0.40
507.193,-0.21,-0.33,-0.25,-0.42
507.215,-0.20,-0.19,-0.27,-0.37
507.237,-0.18,-0.24,-0.23,-0.34
507.259,-0.22,-0.19,-0.23,-0.28
507.281,-0.22,-0.25,-0.21,-0.24
507.303,-0.21,-0.33,-0.21,-0.24
507.325,-0.11,-0.36,-0.19,-0.27
507.347,-0.23,-0.37,-0.20,-0.30
507.369,-0.12,-0.42,-0.18,-0.35
507.391,-0.17,-0.25,-0.17,-0.35
507.413,-0.16,-0.45,-0.16,-0.37
507.435,-0.21,-0.35,-0.18,-0.37
507.457,-0.18,-0.24,-0.17,-0.34
507.479,-0.28,-0.28,-0.20,-0.31
507.501,-0.11,-0.23,-0.19,-0.31
507.523,-0.29,-0.25,-0.21,-0.27
507.545,-0.14,-0.35,-0.20,-0.27
507.567,-0.20,-0.41,-0.20,-0.30
507.589,-0.19,-0.50,-0.19,-0.35
507.611,-0.21,-0.57,-0.21,-0.42
507.633,-0.17,-0.38,-0.18,-0.44
507.655,-0.21,-0.43,-0.20,-0.46
507.677,-0.14,-0.40,-0.18,-0.46
507.699,-0.32,-0.62,-0.21,-0.48
507.721,-0.29,-0.59,-0.23,-0.48
507.743,-0.15,-0.57,-0.22,-0.52
507.765,-0.15,-0.57,-0.21,-0.55
507.787,-0.15,-0.49,-0.21,-0.57
507.809,-0.11,-0.39,-0.17,-0.52
507.831,-0.13,-0.33,-0.14,-0.47
507.853,-0.21,-0.30,-0.15,-0.42
507.875,-0.24,-0.33,-0.17,-0.37
507.897,-0.21,-0.47,-0.18,-0.36
507.919,-0.19,-0.47,-0.20,-0.38
507.941,-0.10,-0.67,-0.19,-0.45
507.963,-0.16,-0.55,-0.18,-0.50
507.985,-0.18,-0.34,-0.17,-0.50
508.007,-0.06,-0.46,-0.14,-0.50
508.029,-0.07,-0.49,-0.11,-0.50
508.051,-0.19,-0.28,-0.13,-0.42
508.073,-0.20,-0.37,-0.14,-0.39
508.095,-0.16,-0.20,-0.14,-0.36
508.117,-0.22,-0.28,-0.17,-0.32
508.139,-0.17,-0.33,-0.19,-0.29
508.161,-0.08,-0.27,-0.17,-0.29
508.183,-0.25,-0.32,-0.18,-0.28
508.205,-0.31,-0.43,-0.21,-0.33
508.227,-0.11,-0.24,-0.18,-0.32
508.249,-0.18,-0.39,-0.19,-0.33
508.271,-0.29,-0.25,-0.23,-0.33
508.293,-0.27,-0.44,-0.23,-0.35
508.315,-0.32,-0.37,-0.23,-0.34
508.337,-0.22,-0.42,-0.26,-0.37
508.359,-0.17,-0.35,-0.25,-0.37
508.381,-0.11,-0.25,-0.22,-0.37
508.403,-0.12,-0.33,-0.19,-0.34
508.425,-0.11,-0.17,-0.15,-0.30
508.447,-0.05,-0.33,-0.11,-0.29
508.469,0.11,-0.27,-0.06,-0.27
508.491,-0.16,-0.44,-0.07,-0.31
508.513,-0.05,-0.28,-0.05,-0.30
508.535,-0.04,-0.27,-0.04,-0.32
508.557,-0.16,-0.30,-0.06,-0.31
508.579,-0.22,-0.27,-0.13,-0.31
508.601,-0.33,-0.27,-0.16,-0.28
508.623,-0.31,-0.42,-0.21,-0.31
508.645,-0.31,-0.31,-0.27,-0.31
508.667,-0.28,-0.43,-0.29,-0.34
508.689,-0.17,-0.38,-0.28,-0.36
508.711,-0.22,-0.25,-0.26,-0.36
508.733,-0.31,-0.26,-0.26,-0.33
508.755,-0.30,-0.36,-0.26,-0.34
508.777,-0.25,-0.22,-0.25,-0.29
508.799,-0.15,-0.35,-0.25,-0.29
508.821,-0.03,-0.53,-0.21,-0.34
508.843,-0.01,-0.46,-0.15,-0.38
508.865,-0.33,-0.39,-0.15,-0.39
508.887,-0.22,-0.40,-0.15,-0.43
508.909,-0.19,-0.34,-0.16,-0.42
508.931,-0.28,-0.32,-0.21,-0.38
508.953,-0.33,-0.32,-0.27,-0.35
508.975,-0.22,-0.22,-0.25,-0.32
508.997,-0.22,-0.27,-0.25,-0.29
509.019,-0.21,-0.35,-0.25,-0.30
509.041,-0.17,-0.55,-0.23,-0.34
509.063,-0.19,-0.55,-0.20,-0.39
509.085,-0.17,-0.48,-0.19,-0.44
509.107,-0.08,-0.48,-0.16,-0.48
509.129,-0.20,-0.37,-0.16,-0.49
509.151,-0.27,-0.38,-0.18,-0.45
509.173,-0.31,-0.45,-0.21,-0.43
509.195,-0.32,-0.20,-0.24,-0.38
509.217,-0.44,-0.23,-0.31,-0.33
509.239,-0.37,-0.23,-0.34,-0.30
509.261,-0.42,-0.26,-0.37,-0.27
509.283,-0.32,-0.30,-0.37,-0.24
509.305,-0.32,-0.32,-0.37,-0.27
509.327,-0.32,-0.11,-0.35,-0.24
509.349,-0.05,-0.29,-0.29,-0.26
509.371,-0.04,-0.28,-0.21,-0.26
509.393,-0.09,-0.37,-0.16,-0.27
509.415,-0.12,-0.29,-0.12,-0.27
509.437,-0.10,-0.43,-0.08,-0.33
509.459,-0.18,-0.40,-0.11,-0.35
509.481,-0.16,-0.40,-0.13,-0.38
509.503,-0.09,-0.35,-0.13,-0.37
509.525,-0.15,-0.34,-0.14,-0.38
509.547,-0.21,-0.25,-0.16,-0.35
509.569,-0.15,-0.35,-0.15,-0.34
509.591,-0.28,-0.26,-0.18,-0.31
509.613,-0.32,-0.35,-0.22,-0.31
509.635,-0.26,-0.34,-0.24,-0.31
509.657,-0.27,-0.32,-0.26,-0.32
509.679,-0.33,-0.24,-0.29,-0.30
509.701,-0.20,-0.31,-0.28,-0.31
509.723,-0.21,-0.24,-0.25,-0.29
509.745,-0.25,-0.29,-0.25,-0.28
509.767,-0.05,-0.49,-0.21,-0.31
509.789,0.01,-0.41,-0.14,-0.35
509.811,-0.08,-0.44,-0.12,-0.37
509.833,-0.16,-0.53,-0.11,-0.43
509.855,-0.35,-0.55,-0.13,-0.48
509.877,-0.21,-0.49,-0.16,-0.48
509.899,-0.28,-0.12,-0.22,-0.43
509.921,-0.39,-0.20,-0.28,-0.38
509.943,-0.21,-0.37,-0.29,-0.35
509.965,-0.26,-0.48,-0.27,-0.33
509.987,-0.19,-0.46,-0.27,-0.33
510.009,-0.15,-0.28,-0.24,-0.36
510.031,-0.19,-0.49,-0.20,-0.42
510.053,-0.18,-0.45,-0.19,-0.43
510.075,-0.26,-0.35,-0.19,-0.41
510.097,-0.18,-0.41,-0.19,-0.40
510.119,-0.08,-0.36,-0.18,-0.41
510.141,-0.14,-0.34,-0.17,-0.38
510.163,-0.02,-0.22,-0.14,-0.34
510.185,-0.08,-0.28,-0.10,-0.32
510.207,-0.24,-0.31,-0.11,-0.30
510.229,-0.33,-0.18,-0.16,-0.27
510.251,-0.32,-0.30,-0.20,-0.26
510.273,-0.26,-0.33,-0.25,-0.28
510.295,-0.31,-0.20,-0.29,-0.26
510.317,-0.30,-0.28,-0.30,-0.26
510.339,-0.21,-0.35,-0.28,-0.29
510.361,-0.09,-0.28,-0.23,-0.29
510.383,-0.06,-0.32,-0.19,-0.29
510.405,-0.02,-0.31,-0.14,-0.31
510.427,-0.11,-0.57,-0.10,-0.37
510.449,-0.13,-0.31,-0.08,-0.36
510.471,-0.26,-0.42,-0.12,-0.39
510.493,-0.36,-0.32,-0.18,-0.39
510.515,-0.21,-0.32,-0.21,-0.39
510.537,-0.24,-0.21,-0.24,-0.32
510.559,-0.14,-0.16,-0.24,-0.29
510.581,-0.22,-0.16,-0.23,-0.23
510.603,-0.15,-0.36,-0.19,-0.24
510.625,-0.16,-0.39,-0.18,-0.26
510.647,-0.13,-0.35,-0.16,-0.28
510.669,-0.31,-0.36,-0.19,-0.32
510.691,-0.04,-0.47,-0.16,-0.39
510.713,-0.01,-0.44,-0.13,-0.40
510.735,-0.08,-0.41,-0.11,-0.41
510.757,-0.17,-0.39,-0.12,-0.41
510.779,-0.18,-0.41,-0.10,-0.42
510.801,-0.16,-0.34,-0.12,-0.40
510.823,-0.18,-0.33,-0.15,-0.38
510.845,-0.14,-0.35,-0.17,-0.36
510.867,-0.09,-0.19,-0.15,-0.32
510.889,-0.17,-0.40,-0.15,-0.32
510.911,-0.10,-0.36,-0.14,-0.33
510.933,-0.19,-0.38,-0.14,-0.34
510.955,-0.27,-0.36,-0.16,-0.34
510.977,-0.32,-0.30,-0.21,-0.36
510.999,-0.22,-0.15,-0.22,-0.31
511.021,-0.24,-0.29,-0.25,-0.30
511.043,-0.29,-0.19,-0.27,-0.26
511.065,-0.28,-0.22,-0.27,-0.23
511.087,-0.09,-0.34,-0.22,-0.24
511.109,-0.11,-0.37,-0.20,-0.28
511.131,-0.03,-0.26,-0.16,-0.28
511.153,-0.15,-0.42,-0.13,-0.32
511.175,-0.14,-0.46,-0.10,-0.37
511.197,-0.13,-0.44,-0.11,-0.39
511.219,-0.10,-0.49,-0.11,-0.41
511.241,-0.25,-0.49,-0.15,-0.46
511.263,-0.32,-0.47,-0.19,-0.47
511.285,-0.39,-0.42,-0.24,-0.46
511.307,-0.23,-0.30,-0.26,-0.43
511.329,-0.24,-0.23,-0.29,-0.38
511.351,-0.23,-0.22,-0.28,-0.33
511.373,-0.42,-0.28,-0.30,-0.29
511.395,-0.44,-0.25,-0.31,-0.26
511.417,-0.40,-0.35,-0.35,-0.27
511.439,-0.27,-0.35,-0.35,-0.29
511.461,-0.35,-0.36,-0.38,-0.32
511.483,-0.30,-0.48,-0.35,-0.36
511.505,-0.27,-0.42,-0.32,-0.39
511.527,-0.31,-0.39,-0.30,-0.40
511.549,-0.41,-0.28,-0.33,-0.39
511.571,-0.39,-0.32,-0.34,-0.38
511.593,-0.21,-0.34,-0.32,-0.35
511.615,-0.27,-0.25,-0.32,-0.32
511.637,-0.27,-0.41,-0.31,-0.32
511.659,-0.19,-0.36,-0.27,-0.34
511.681,-0.29,-0.40,-0.25,-0.35
511.703,-0.32,-0.32,-0.27,-0.35
511.725,-0.26,-0.39,-0.27,-0.38
511.747,-0.30,-0.31,-0.27,-0.36
511.769,-0.21,-0.32,-0.28,-0.35
511.791,-0.27,-0.28,-0.27,-0.32
511.813,-0.18,-0.29,-0.24,-0.32
511.835,-0.13,-0.32,-0.22,-0.30
511.857,-0.08,-0.35,-0.17,-0.31
511.879,0.02,-0.23,-0.13,-0.29
511.901,-0.09,-0.15,-0.09,-0.27
511.923,-0.20,-0.39,-0.10,-0.29
511.945,-0.11,-0.39,-0.09,-0.30
511.967,-0.19,-0.40,-0.11,-0.31
511.989,-0.14,-0.35,-0.15,-0.34
512.011,-0.25,-0.30,-0.18,-0.37
512.033,-0.11,-0.31,-0.16,-0.35
512.055,-0.02,-0.21,-0.14,-0.31
512.077,-0.09,-0.11,-0.12,-0.26
512.099,-0.19,-0.17,-0.13,-0.22
512.121,-0.25,-0.42,-0.13,-0.24
512.143,-0.14,-0.40,-0.14,-0.26
512.165,-0.11,-0.48,-0.16,-0.32
512.187,-0.26,-0.46,-0.19,-0.39
512.209,-0.21,-0.51,-0.19,-0.45
512.231,-0.25,-0.39,-0.19,-0.45
512.253,-0.20,-0.37,-0.21,-0.44
512.275,-0.26,-0.52,-0.24,-0.45
512.297,-0.17,-0.41,-0.22,-0.44
512.319,-0.08,-0.44,-0.19,-0.43
512.341,0.00,-0.47,-0.14,-0.44
512.363,-0.11,-0.47,-0.12,-0.46
512.385,-0.01,-0.28,-0.07,-0.41
512.407,-0.19,-0.19,-0.08,-0.37
512.429,-0.06,-0.34,-0.07,-0.35
512.451,-0.20,-0.25,-0.11,-0.31
512.473,-0.18,-0.25,-0.13,-0.26
512.495,-0.15,-0.30,-0.16,-0.27
512.517,-0.23,-0.36,-0.16,-0.30
512.539,-0.21,-0.36,-0.19,-0.30
512.561,-0.18,-0.46,-0.19,-0.35
512.583,-0.22,-0.29,-0.20,-0.35
512.605,-0.21,-0.31,-0.21,-0.36
512.627,-0.20,-0.35,-0.20,-0.35
512.649,-0.14,-0.23,-0.19,-0.33
512.671,-0.15,-0.34,-0.18,-0.30
512.693,-0.18,-0.40,-0.18,-0.33
512.715,-0.22,-0.28,-0.18,-0.32
512.737,-0.12,-0.36,-0.16,-0.32
512.759,-0.17,-0.29,-0.17,-0.33
512.781,-0.23,-0.29,-0.18,-0.32
512.803,-0.20,-0.17,-0.19,-0.28
512.825,-0.23,-0.35,-0.19,-0.29
512.847,-0.24,-0.39,-0.21,-0.30
512.869,-0.23,-0.38,-0.23,-0.32
512.891,-0.28,-0.43,-0.24,-0.34
512.913,-0.18,-0.32,-0.23,-0.37
512.935,-0.18,-0.32,-0.22,-0.37
512.957,-0.31,-0.38,-0.24,-0.37
512.979,-0.22,-0.39,-0.23,-0.37
513.001,-0.19,-0.39,-0.22,-0.36
513.023,-0.27,-0.31,-0.23,-0.36
513.045,-0.27,-0.10,-0.25,-0.31
513.067,-0.37,-0.25,-0.26,-0.29
513.089,-0.35,-0.51,-0.29,-0.31
513.111,-0.42,-0.50,-0.34,-0.33
513.133,-0.27,-0.41,-0.34,-0.35
513.155,-0.32,-0.43,-0.35,-0.42
513.177,-0.21,-0.55,-0.31,-0.48
513.199,-0.27,-0.44,-0.30,-0.47
513.221,-0.32,-0.34,-0.28,-0.43
513.243,-0.03,-0.32,-0.23,-0.42
513.265,-0.02,-0.50,-0.17,-0.43
513.287,-0.16,-0.53,-0.16,-0.43
513.309,-0.03,-0.37,-0.11,-0.41
513.331,-0.27,-0.37,-0.10,-0.42
513.353,-0.22,-0.51,-0.14,-0.46
513.375,-0.25,-0.38,-0.19,-0.43
513.397,-0.15,-0.45,-0.18,-0.42
513.419,-0.07,-0.34,-0.19,-0.41
513.441,-0.15,-0.45,-0.17,-0.43
513.463,-0.18,-0.38,-0.16,-0.40
513.485,-0.10,-0.22,-0.13,-0.37
513.507,-0.12,-0.34,-0.12,-0.35
513.529,-0.24,-0.50,-0.16,-0.38
513.551,-0.06,-0.44,-0.14,-0.38
513.573,-0.03,-0.51,-0.11,-0.40
513.595,-0.11,-0.46,-0.11,-0.45
513.617,-0.15,-0.46,-0.12,-0.47
513.639,-0.18,-0.28,-0.11,-0.43
513.661,-0.14,-0.19,-0.12,-0.38
513.683,-0.27,-0.18,-0.17,-0.31
513.705,-0.29,-0.39,-0.21,-0.30
513.727,-0.15,-0.42,-0.21,-0.29
513.749,-0.19,-0.34,-0.21,-0.30
513.771,-0.05,-0.39,-0.19,-0.34
513.793,-0.17,-0.44,-0.17,-0.40
513.815,-0.25,-0.46,-0.16,-0.41
513.837,-0.20,-0.46,-0.17,-0.42
513.859,-0.28,-0.26,-0.19,-0.40
513.881,-0.31,-0.41,-0.24,-0.41
513.903,-0.39,-0.37,-0.29,-0.39
513.925,-0.35,-0.32,-0.31,-0.36
513.947,-0.21,-0.20,-0.31,-0.31
513.969,-0.17,-0.41,-0.29,-0.34
513.991,-0.19,-0.43,-0.26,-0.35
514.013,-0.18,-0.57,-0.22,-0.39
514.035,-0.13,-0.43,-0.18,-0.41
514.057,-0.17,-0.31,-0.17,-0.43
514.079,-0.18,-0.41,-0.17,-0.43
514.101,-0.24,-0.30,-0.18,-0.40
514.123,-0.22,-0.40,-0.19,-0.37
514.145,-0.22,-0.43,-0.21,-0.37
514.167,-0.37,-0.31,-0.25,-0.37
514.189,-0.29,-0.49,-0.27,-0.39
514.211,-0.36,-0.44,-0.29,-0.41
514.233,-0.42,-0.34,-0.33,-0.40
514.255,-0.27,-0.15,-0.34,-0.35
514.277,-0.29,-0.32,-0.33,-0.35
514.299,-0.13,-0.30,-0.29,-0.31
514.321,-0.07,-0.25,-0.24,-0.27
514.343,0.08,-0.21,-0.14,-0.25
514.365,0.03,-0.16,-0.08,-0.25
514.387,-0.02,-0.31,-0.02,-0.25
514.409,-0.00,-0.29,0.00,-0.24
514.431,-0.03,-0.32,0.01,-0.26
514.453,-0.12,-0.38,-0.03,-0.29
514.475,-0.25,-0.11,-0.08,-0.28
514.497,-0.18,-0.44,-0.12,-0.31
514.519,-0.20,-0.34,-0.16,-0.32
514.541,-0.12,-0.35,-0.17,-0.32
514.563,-0.12,-0.21,-0.17,-0.29
514.585,-0.03,-0.22,-0.13,-0.31
514.607,-0.00,-0.34,-0.09,-0.29
514.629,-0.13,-0.42,-0.08,-0.31
514.651,-0.03,-0.34,-0.06,-0.31
514.673,-0.16,-0.36,-0.07,-0.34
514.695,-0.03,-0.49,-0.07,-0.39
514.717,-0.09,-0.41,-0.09,-0.40
514.739,-0.11,-0.50,-0.08,-0.42
514.761,-0.03,-0.40,-0.08,-0.43
514.783,-0.05,-0.41,-0.06,-0.44
514.805,-0.09,-0.45,-0.07,-0.43
514.827,-0.09,-0.43,-0.07,-0.44
514.849,0.02,-0.22,-0.05,-0.38
514.871,-0.08,-0.38,-0.06,-0.38
514.893,-0.13,-0.11,-0.07,-0.32
514.915,-0.09,-0.31,-0.07,-0.29
514.937,-0.39,-0.34,-0.13,-0.27
514.959,-0.21,-0.33,-0.18,-0.29
514.981,-0.21,-0.30,-0.21,-0.28
515.003,-0.20,-0.40,-0.22,-0.34
515.025,-0.09,-0.38,-0.22,-0.35
515.047,-0.07,-0.32,-0.16,-0.35
515.069,-0.07,-0.35,-0.13,-0.35
515.091,-0.18,-0.45,-0.12,-0.38
515.113,-0.10,-0.53,-0.10,-0.41
515.135,-0.14,-0.40,-0.11,-0.41
515.157,-0.12,-0.39,-0.12,-0.42
515.179,-0.19,-0.32,-0.15,-0.42
515.201,-0.21,-0.49,-0.15,-0.43
515.223,-0.22,-0.34,-0.18,-0.39
515.245,-0.30,-0.18,-0.21,-0.34
515.267,-0.22,-0.13,-0.23,-0.29
515.289,-0.25,-0.50,-0.24,-0.33
515.311,-0.12,-0.44,-0.22,-0.32
515.333,-0.06,-0.40,-0.19,-0.33
515.355,-0.07,-0.32,-0.14,-0.36
515.377,-0.13,-0.24,-0.13,-0.38
515.399,-0.14,-0.37,-0.10,-0.35
515.421,-0.33,-0.26,-0.15,-0.32
515.443,-0.35,-0.33,-0.20,-0.30
515.465,-0.23,-0.33,-0.24,-0.31
515.487,-0.22,-0.31,-0.25,-0.32
515.509,-0.28,-0.47,-0.28,-0.34
515.531,-0.44,-0.33,-0.30,-0.35
515.553,-0.26,-0.33,-0.29,-0.35
515.575,-0.32,-0.31,-0.30,-0.35
515.597,-0.21,-0.31,-0.30,-0.35
515.619,-0.29,-0.27,-0.30,-0.31
515.641,-0.35,-0.29,-0.29,-0.30
515.663,-0.38,-0.41,-0.31,-0.32
515.685,-0.23,-0.36,-0.29,-0.33
515.707,-0.17,-0.23,-0.28,-0.31
515.729,-0.10,-0.35,-0.25,-0.33
515.751,-0.17,-0.22,-0.21,-0.31
515.773,-0.20,-0.29,-0.17,-0.29
515.795,-0.28,-0.32,-0.18,-0.28
515.817,-0.40,-0.37,-0.23,-0.31
515.839,-0.28,-0.21,-0.27,-0.28
515.861,-0.14,-0.26,-0.26,-0.29
515.883,-0.13,-0.28,-0.25,-0.29
515.905,-0.12,-0.45,-0.21,-0.31
515.927,-0.07,-0.35,-0.15,-0.31
515.949,-0.13,-0.20,-0.12,-0.31
515.971,-0.04,-0.11,-0.10,-0.28
515.993,-0.07,-0.29,-0.09,-0.28
516.015,-0.07,-0.28,-0.08,-0.25
516.037,-0.14,-0.28,-0.09,-0.23
516.059,-0.15,-0.34,-0.09,-0.26
516.081,-0.11,-0.42,-0.11,-0.32
516.103,-0.26,-0.26,-0.15,-0.32
516.125,-0.23,-0.19,-0.18,-0.30
516.147,-0.18,-0.18,-0.19,-0.28
516.169,0.01,-0.14,-0.15,-0.24
516.191,-0.11,-0.41,-0.15,-0.24
516.213,-0.21,-0.27,-0.14,-0.24
516.235,-0.18,-0.15,-0.13,-0.23
516.257,-0.16,-0.33,-0.13,-0.26
516.279,-0.17,-0.34,-0.17,-0.30
516.301,-0.01,-0.27,-0.15,-0.27
516.323,-0.06,-0.50,-0.12,-0.32
516.345,-0.13,-0.43,-0.11,-0.37
516.367,-0.24,-0.34,-0.12,-0.38
516.389,-0.26,-0.41,-0.14,-0.39
516.411,-0.25,-0.48,-0.19,-0.43
516.433,-0.28,-0.45,-0.23,-0.42
516.455,-0.24,-0.31,-0.25,-0.40
516.477,-0.34,-0.44,-0.27,-0.42
516.499,-0.30,-0.57,-0.28,-0.45
516.521,-0.38,-0.48,-0.31,-0.45
516.543,-0.20,-0.48,-0.29,-0.46
516.565,-0.21,-0.57,-0.29,-0.51
516.587,-0.23,-0.43,-0.26,-0.51
516.609,-0.22,-0.35,-0.25,-0.46
516.631,-0.29,-0.31,-0.23,-0.43
516.653,-0.24,-0.37,-0.24,-0.41
516.675,-0.23,-0.33,-0.24,-0.36
516.697,-0.20,-0.31,-0.24,-0.33
516.719,-0.13,-0.51,-0.22,-0.37
516.741,-0.14,-0.39,-0.19,-0.38
516.763,-0.22,-0.31,-0.18,-0.37
516.785,-0.01,-0.39,-0.14,-0.38
516.807,-0.14,-0.24,-0.13,-0.37
516.829,-0.26,-0.32,-0.15,-0.33
516.851,-0.32,-0.47,-0.19,-0.35
516.873,-0.19,-0.43,-0.18,-0.37
516.895,-0.19,-0.44,-0.22,-0.38
516.917,-0.21,-0.29,-0.23,-0.39
516.939,-0.12,-0.35,-0.21,-0.40
516.961,-0.14,-0.26,-0.17,-0.35
516.983,-0.19,-0.32,-0.17,-0.33
517.005,-0.18,-0.20,-0.17,-0.28
517.027,-0.08,-0.26,-0.14,-0.28
517.049,-0.15,-0.27,-0.15,-0.26
517.071,-0.19,-0.23,-0.16,-0.26
517.093,-0.19,-0.42,-0.16,-0.28
517.115,-0.28,-0.35,-0.18,-0.31
517.137,-0.25,-0.50,-0.21,-0.35
517.159,-0.27,-0.47,-0.24,-0.39
517.181,-0.09,-0.34,-0.22,-0.42
517.203,-0.02,-0.39,-0.18,-0.41
517.225,-0.11,-0.28,-0.15,-0.40
517.247,-0.13,-0.31,-0.12,-0.36
517.269,-0.24,-0.37,-0.12,-0.34
517.291,-0.19,-0.26,-0.14,-0.32
517.313,-0.13,-0.39,-0.16,-0.32
517.335,-0.06,-0.44,-0.15,-0.35
517.357,-0.20,-0.26,-0.16,-0.34
517.379,-0.29,-0.30,-0.17,-0.33
517.401,-0.35,-0.33,-0.21,-0.34
517.423,-0.07,-0.33,-0.19,-0.33
517.445,-0.29,-0.22,-0.24,-0.29
517.467,-0.09,-0.36,-0.22,-0.31
517.489,-0.22,-0.21,-0.20,-0.29
517.511,-0.15,-0.21,-0.16,-0.27
517.533,-0.15,-0.40,-0.18,-0.28
517.555,-0.26,-0.23,-0.17,-0.28
517.577,-0.22,-0.39,-0.20,-0.29
517.599,-0.06,-0.54,-0.17,-0.35
517.621,-0.15,-0.27,-0.17,-0.37
517.643,-0.13,-0.32,-0.16,-0.35
517.665,-0.13,-0.30,-0.14,-0.36
517.687,-0.17,-0.27,-0.13,-0.34
517.709,-0.03,-0.32,-0.12,-0.30
517.731,-0.19,-0.36,-0.13,-0.31
517.753,-0.15,-0.45,-0.13,-0.34
517.775,-0.32,-0.41,-0.17,-0.36
517.797,-0.21,-0.38,-0.18,-0.38
517.819,-0.29,-0.30,-0.23,-0.38
517.841,-0.13,-0.22,-0.22,-0.35
517.863,-0.10,-0.21,-0.21,-0.30
517.885,-0.31,-0.47,-0.21,-0.32
517.907,-0.36,-0.32,-0.24,-0.30
517.929,-0.24,-0.07,-0.23,-0.26
517.951,-0.22,-0.12,-0.25,-0.24
517.973,-0.27,-0.10,-0.28,-0.22
517.995,-0.12,-0.09,-0.24,-0.14
518.017,-0.09,-0.20,-0.19,-0.12
518.039,-0.04,-0.25,-0.15,-0.15
518.061,-0.14,-0.20,-0.13,-0.17
518.083,-0.11,-0.44,-0.10,-0.24
518.105,-0.11,-0.47,-0.10,-0.31
518.127,-0.09,-0.32,-0.10,-0.34
518.149,-0.16,-0.33,-0.12,-0.35
518.171,-0.22,-0.51,-0.14,-0.41
518.193,-0.14,-0.55,-0.14,-0.44
518.215,-0.25,-0.25,-0.17,-0.39
518.237,-0.28,-0.15,-0.21,-0.36
518.259,-0.23,-0.10,-0.22,-0.31
518.281,-0.17,-0.22,-0.21,-0.25
518.303,-0.07,-0.30,-0.20,-0.20
518.325,-0.10,-0.35,-0.17,-0.22
518.347,-0.06,-0.42,-0.13,-0.28
518.369,-0.04,-0.27,-0.09,-0.31
518.391,-0.05,-0.44,-0.06,-0.36
518.413,-0.07,-0.19,-0.06,-0.33
518.435,-0.07,-0.28,-0.06,-0.32
518.457,-0.15,-0.36,-0.08,-0.31
518.479,-0.18,-0.22,-0.10,-0.30
518.501,-0.08,-0.30,-0.11,-0.27
518.523,-0.15,-0.18,-0.13,-0.27
518.545,-0.11,-0.22,-0.13,-0.26
518.567,-0.23,-0.37,-0.15,-0.26
518.589,-0.10,-0.27,-0.13,-0.27
518.611,-0.06,-0.38,-0.13,-0.28
518.633,-0.17,-0.41,-0.13,-0.33
518.655,-0.11,-0.37,-0.13,-0.36
518.677,-0.07,-0.38,-0.10,-0.36
518.699,0.01,-0.34,-0.08,-0.38
518.721,-0.12,-0.29,-0.09,-0.36
518.743,-0.14,-0.45,-0.09,-0.37
518.765,-0.15,-0.44,-0.09,-0.38
518.787,-0.16,-0.40,-0.11,-0.38
518.809,-0.14,-0.30,-0.14,-0.38
518.831,-0.18,-0.49,-0.15,-0.42
518.853,-0.13,-0.38,-0.15,-0.40
518.875,-0.15,-0.28,-0.15,-0.37
518.897,-0.11,-0.19,-0.14,-0.33
518.919,-0.07,-0.19,-0.13,-0.31
518.941,-0.20,-0.28,-0.13,-0.26
518.963,-0.20,-0.44,-0.15,-0.28
518.985,-0.18,-0.35,-0.15,-0.29
519.007,-0.20,-0.38,-0.17,-0.33
519.029,-0.26,-0.39,-0.21,-0.37
519.051,-0.24,-0.30,-0.22,-0.37
519.073,-0.26,-0.34,-0.23,-0.35
519.095,-0.30,-0.35,-0.25,-0.35
519.117,-0.23,-0.26,-0.26,-0.33
519.139,-0.17,-0.28,-0.24,-0.31
519.161,-0.12,-0.14,-0.22,-0.27
519.183,-0.12,-0.34,-0.19,-0.27
519.205,-0.10,-0.34,-0.15,-0.27
519.227,-0.14,-0.27,-0.13,-0.27
519.249,-0.19,-0.33,-0.13,-0.28
519.271,-0.28,-0.26,-0.17,-0.31
519.293,-0.14,-0.12,-0.17,-0.26
519.315,-0.19,-0.15,-0.19,-0.23
519.337,-0.12,-0.13,-0.18,-0.20
519.359,-0.03,-0.01,-0.15,-0.13
519.381,-0.02,-0.23,-0.10,-0.13
519.403,-0.06,-0.24,-0.08,-0.15
519.425,-0.01,-0.32,-0.05,-0.19
519.447,-0.06,-0.41,-0.04,-0.24
519.469,-0.04,-0.44,-0.04,-0.33
519.491,-0.06,-0.44,-0.05,-0.37
519.513,-0.10,-0.43,-0.05,-0.41
519.535,-0.09,-0.33,-0.07,-0.41
519.557,-0.13,-0.53,-0.08,-0.43
519.579,-0.14,-0.28,-0.10,-0.40
519.601,-0.10,-0.25,-0.11,-0.36
519.623,-0.17,-0.38,-0.13,-0.35
519.645,-0.27,-0.36,-0.16,-0.36
519.667,-0.06,-0.46,-0.15,-0.35
519.689,-0.26,-0.41,-0.17,-0.37
519.711,-0.26,-0.28,-0.20,-0.38
519.733,-0.15,-0.37,-0.20,-0.38
519.755,0.10,-0.37,-0.13,-0.38
519.777,0.04,-0.45,-0.11,-0.38
519.799,-0.15,-0.31,-0.08,-0.36
519.821,-0.28,-0.24,-0.09,-0.35
519.843,-0.24,-0.35,-0.11,-0.34
519.865,-0.32,-0.28,-0.19,-0.33
519.887,-0.21,-0.19,-0.24,-0.27
519.909,-0.17,-0.17,-0.24,-0.25
519.931,-0.27,-0.21,-0.24,-0.24
519.953,-0.23,-0.35,-0.24,-0.24
519.975,-0.06,-0.46,-0.19,-0.28
519.997,-0.18,-0.39,-0.18,-0.32
520.019,-0.26,-0.20,-0.20,-0.32
520.041,-0.21,-0.24,-0.19,-0.33
520.063,-0.32,-0.44,-0.21,-0.35
520.085,-0.33,-0.47,-0.26,-0.35
520.107,-0.18,-0.50,-0.26,-0.37
520.129,-0.22,-0.37,-0.25,-0.40
520.151,-0.25,-0.38,-0.26,-0.43
520.173,-0.10,-0.21,-0.22,-0.39
520.195,-0.15,-0.23,-0.18,-0.34
520.217,-0.18,-0.27,-0.18,-0.29
520.239,-0.14,-0.41,-0.16,-0.30
520.261,-0.17,-0.33,-0.15,-0.29
520.283,-0.16,-0.33,-0.16,-0.31
520.305,-0.15,-0.58,-0.16,-0.38
520.327,-0.18,-0.20,-0.16,-0.37
520.349,-0.12,-0.16,-0.16,-0.32
520.371,-0.16,-0.28,-0.15,-0.31
520.393,-0.24,-0.22,-0.17,-0.29
520.415,-0.28,-0.29,-0.20,-0.23
520.437,-0.14,-0.21,-0.19,-0.23
520.459,-0.12,-0.18,-0.19,-0.24
520.481,-0.09,-0.46,-0.17,-0.27
520.503,-0.10,-0.35,-0.15,-0.30
520.525,-0.22,-0.35,-0.13,-0.31
520.547,-0.03,-0.37,-0.11,-0.34
520.569,-0.18,-0.31,-0.12,-0.37
520.591,-0.10,-0.29,-0.13,-0.33
520.613,-0.09,-0.16,-0.12,-0.30
520.635,-0.24,-0.16,-0.13,-0.26
520.657,-0.21,-0.42,-0.16,-0.27
520.679,-0.35,-0.36,-0.20,-0.28
520.701,-0.27,-0.18,-0.23,-0.26
520.723,-0.18,-0.22,-0.25,-0.27
520.745,-0.20,-0.37,-0.24,-0.31
520.767,-0.27,-0.47,-0.25,-0.32
520.789,-0.15,-0.39,-0.21,-0.33
520.811,-0.10,-0.36,-0.18,-0.36
520.833,-0.05,-0.56,-0.15,-0.43
520.855,-0.09,-0.45,-0.13,-0.45
520.877,-0.14,-0.27,-0.11,-0.41
520.899,-0.19,-0.44,-0.11,-0.42
520.921,-0.15,-0.52,-0.12,-0.45
520.943,-0.10,-0.35,-0.13,-0.41
520.965,-0.07,-0.29,-0.13,-0.37
520.987,-0.05,-0.30,-0.11,-0.38
521.009,-0.07,-0.39,-0.09,-0.37
521.031,-0.16,-0.31,-0.09,-0.33
521.053,-0.18,-0.27,-0.11,-0.31
521.075,-0.28,-0.44,-0.15,-0.34
521.097,-0.08,-0.38,-0.15,-0.36
521.119,-0.29,-0.36,-0.20,-0.35
521.141,-0.27,-0.49,-0.22,-0.39
521.163,-0.19,-0.61,-0.22,-0.46
521.185,-0.18,-0.45,-0.20,-0.46
521.207,-0.15,-0.46,-0.22,-0.47
521.229,-0.12,-0.44,-0.18,-0.49
521.251,-0.08,-0.40,-0.14,-0.47
521.273,-0.05,-0.29,-0.12,-0.41
521.295,-0.21,-0.23,-0.12,-0.36
521.317,-0.09,-0.07,-0.11,-0.29
521.339,-0.11,-0.29,-0.11,-0.26
521.361,-0.31,-0.38,-0.15,-0.25
521.383,-0.30,-0.38,-0.20,-0.27
521.405,-0.41,-0.26,-0.24,-0.28
521.427,-0.35,-0.27,-0.30,-0.32
521.449,-0.32,-0.25,-0.34,-0.31
521.471,-0.18,-0.23,-0.31,-0.28
521.493,0.05,-0.33,-0.24,-0.27
521.515,-0.21,-0.42,-0.20,-0.30
521.537,-0.27,-0.42,-0.19,-0.33
521.559,-0.25,-0.36,-0.17,-0.35
521.581,-0.25,-0.24,-0.19,-0.35
521.603,-0.23,-0.29,-0.24,-0.35
521.625,-0.01,-0.42,-0.20,-0.35
521.647,-0.13,-0.27,-0.17,-0.32
521.669,-0.28,-0.28,-0.18,-0.30
521.691,-0.08,-0.34,-0.15,-0.32
521.713,-0.19,-0.40,-0.14,-0.34
521.735,-0.19,-0.34,-0.17,-0.33
521.757,-0.28,-0.37,-0.20,-0.35
521.779,-0.23,-0.25,-0.19,-0.34
521.801,-0.19,-0.32,-0.22,-0.34
521.823,-0.26,-0.23,-0.23,-0.30
521.845,-0.28,-0.29,-0.25,-0.29
521.867,-0.17,-0.22,-0.23,-0.26
521.889,-0.22,-0.21,-0.22,-0.25
521.911,-0.33,-0.16,-0.25,-0.22
521.933,-0.13,-0.14,-0.23,-0.20
521.955,-0.26,-0.14,-0.22,-0.17
521.977,-0.18,-0.30,-0.22,-0.19
521.999,-0.15,-0.27,-0.21,-0.20
522.021,-0.17,-0.35,-0.18,-0.24
522.043,-0.19,-0.36,-0.19,-0.28
522.065,-0.15,-0.30,-0.17,-0.32
522.087,-0.22,-0.33,-0.18,-0.32
522.109,-0.19,-0.41,-0.18,-0.35
522.131,-0.28,-0.35,-0.21,-0.35
522.153,-0.35,-0.33,-0.24,-0.34
522.175,-0.31,-0.38,-0.27,-0.36
522.197,-0.12,-0.29,-0.25,-0.35
522.219,-0.09,-0.57,-0.23,-0.38
522.241,0.05,-0.42,-0.16,-0.40
522.263,-0.11,-0.56,-0.12,-0.44
522.285,-0.30,-0.42,-0.11,-0.45
522.307,-0.32,-0.48,-0.15,-0.49
522.329,-0.25,-0.33,-0.19,-0.44
522.351,-0.16,-0.32,-0.23,-0.42
522.373,-0.14,-0.30,-0.23,-0.37
522.395,-0.23,-0.39,-0.22,-0.36
522.417,-0.15,-0.42,-0.19,-0.35
522.439,-0.19,-0.32,-0.17,-0.35
522.461,-0.30,-0.27,-0.20,-0.34
522.483,-0.20,-0.36,-0.21,-0.35
522.505,-0.18,-0.28,-0.20,-0.33
522.527,-0.20,-0.46,-0.21,-0.34
522.549,-0.22,-0.50,-0.22,-0.37
522.571,-0.02,-0.35,-0.16,-0.39
522.593,-0.10,-0.46,-0.14,-0.41
522.615,-0.14,-0.31,-0.14,-0.42
522.637,-0.13,-0.50,-0.12,-0.42
522.659,-0.06,-0.48,-0.09,-0.42
522.681,-0.02,-0.34,-0.09,-0.42
522.703,0.10,-0.30,-0.05,-0.39
522.725,0.10,-0.51,-0.00,-0.43
522.747,0.03,-0.56,0.03,-0.44
522.769,-0.16,-0.66,0.01,-0.47
522.791,-0.28,-0.41,-0.04,-0.49
522.813,-0.23,-0.67,-0.11,-0.56
522.835,-0.30,-0.45,-0.19,-0.55
522.857,-0.16,-0.40,-0.23,-0.52
522.879,-0.25,-0.49,-0.24,-0.48
522.901,-0.20,-0.40,-0.23,-0.48
522.923,-0.28,-0.37,-0.24,-0.42
522.945,-0.30,-0.45,-0.24,-0.42
522.967,-0.26,-0.37,-0.26,-0.42
522.989,-0.17,-0.51,-0.24,-0.42
523.011,-0.14,-0.38,-0.23,-0.42
523.033,-0.14,-0.48,-0.20,-0.44
523.055,-0.06,-0.40,-0.15,-0.43
523.077,-0.06,-0.41,-0.11,-0.44
523.099,-0.19,-0.29,-0.12,-0.39
523.121,-0.16,-0.40,-0.12,-0.40
523.143,-0.13,-0.31,-0.12,-0.36
523.165,-0.20,-0.42,-0.15,-0.37
523.187,-0.15,-0.49,-0.17,-0.38
523.209,-0.32,-0.35,-0.19,-0.39
523.231,-0.17,-0.35,-0.19,-0.38
523.253,-0.22,-0.41,-0.21,-0.40
523.275,-0.20,-0.33,-0.21,-0.39
523.297,-0.20,-0.43,-0.22,-0.37
523.319,-0.15,-0.46,-0.19,-0.40
523.341,-0.12,-0.48,-0.18,-0.42
523.363,-0.12,-0.41,-0.16,-0.42
523.385,-0.10,-0.32,-0.14,-0.42
523.407,-0.22,-0.35,-0.14,-0.40
523.429,0.01,-0.44,-0.11,-0.40
523.451,0.01,-0.32,-0.08,-0.37
523.473,-0.02,-0.37,-0.06,-0.36
523.495,-0.07,-0.31,-0.06,-0.36
523.517,-0.15,-0.47,-0.04,-0.38
523.539,-0.09,-0.34,-0.06,-0.36
523.561,-0.10,-0.37,-0.09,-0.37
523.583,-0.12,-0.34,-0.11,-0.37
523.605,-0.28,-0.41,-0.15,-0.39
523.627,-0.22,-0.36,-0.16,-0.36
523.649,-0.27,-0.36,-0.20,-0.37
523.671,-0.24,-0.29,-0.23,-0.35
523.693,-0.32,-0.30,-0.27,-0.34
523.715,-0.34,-0.36,-0.28,-0.33
523.737,-0.21,-0.28,-0.28,-0.32
523.759,-0.16,-0.26,-0.25,-0.30
523.781,-0.20,-0.24,-0.25,-0.29
523.803,-0.14,-0.35,-0.21,-0.30
523.825,-0.12,-0.47,-0.17,-0.32
523.847,-0.20,-0.39,-0.16,-0.34
523.869,-0.23,-0.43,-0.18,-0.38
523.891,-0.27,-0.49,-0.19,-0.43
523.913,-0.15,-0.38,-0.19,-0.43
523.935,-0.09,-0.38,-0.19,-0.41
523.957,-0.33,-0.41,-0.21,-0.42
523.979,-0.18,-0.30,-0.20,-0.39
524.001,-0.21,-0.31,-0.19,-0.36
524.023,-0.05,-0.27,-0.17,-0.33
524.045,-0.25,-0.28,-0.20,-0.31
524.067,-0.27,-0.31,-0.19,-0.29
524.089,-0.31,-0.28,-0.22,-0.29
524.111,-0.23,-0.41,-0.22,-0.31
524.133,-0.06,-0.28,-0.22,-0.31
524.155,-0.16,-0.32,-0.21,-0.32
524.177,-0.22,-0.40,-0.20,-0.34
524.199,-0.15,-0.32,-0.16,-0.35
524.221,-0.19,-0.42,-0.16,-0.35
524.243,-0.09,-0.47,-0.16,-0.39
524.265,-0.20,-0.41,-0.17,-0.40
524.287,-0.29,-0.49,-0.18,-0.42
524.309,-0.30,-0.44,-0.21,-0.45
524.331,-0.31,-0.48,-0.24,-0.46
524.353,-0.24,-0.35,-0.27,-0.43
524.375,-0.17,-0.25,-0.26,-0.40
524.397,-0.21,-0.09,-0.25,-0.32
524.419,-0.40,-0.34,-0.27,-0.30
524.441,-0.26,-0.36,-0.26,-0.28
524.463,-0.18,-0.33,-0.24,-0.27
524.485,-0.15,-0.30,-0.24,-0.28
524.507,-0.04,-0.37,-0.21,-0.34
524.529,-0.02,-0.34,-0.13,-0.34
524.551,-0.11,-0.44,-0.10,-0.36
524.573,-0.32,-0.45,-0.13,-0.38
524.595,-0.24,-0.40,-0.15,-0.40
524.617,-0.03,-0.38,-0.14,-0.40
524.639,-0.04,-0.32,-0.15,-0.40
524.661,-0.12,-0.21,-0.15,-0.35
524.683,-0.03,-0.39,-0.09,-0.34
524.705,-0.09,-0.33,-0.06,-0.33
524.727,-0.09,-0.40,-0.07,-0.33
524.749,-0.04,-0.39,-0.07,-0.34
524.771,-0.09,-0.33,-0.07,-0.37
524.793,-0.08,-0.31,-0.08,-0.35
524.815,0.04,-0.39,-0.05,-0.36
524.837,-0.02,-0.31,-0.04,-0.35
524.859,-0.05,-0.32,-0.04,-0.33
524.881,-0.18,-0.37,-0.06,-0.34
524.903,-0.22,-0.34,-0.09,-0.35
524.925,-0.26,-0.27,-0.15,-0.32
524.947,-0.21,-0.40,-0.18,-0.34
524.969,-0.14,-0.30,-0.20,-0.34
524.991,-0.23,-0.28,-0.21,-0.32
525.013,-0.18,-0.28,-0.20,-0.31
525.035,-0.15,-0.31,-0.18,-0.31
525.057,-0.14,-0.24,-0.17,-0.28
525.079,-0.15,-0.46,-0.17,-0.31
525.101,-0.23,-0.35,-0.17,-0.33
525.123,-0.37,-0.26,-0.21,-0.32
525.145,-0.33,-0.30,-0.24,-0.32
525.167,-0.31,-0.40,-0.28,-0.35
525.189,-0.36,-0.31,-0.32,-0.32
525.211,-0.12,-0.38,-0.30,-0.33
525.233,-0.12,-0.48,-0.25,-0.37
525.255,-0.21,-0.32,-0.22,-0.38
525.277,-0.08,-0.36,-0.18,-0.37
525.299,-0.12,-0.30,-0.13,-0.37
525.321,-0.10,-0.27,-0.13,-0.35
525.343,-0.15,-0.28,-0.13,-0.31
525.365,-0.05,-0.33,-0.10,-0.31
525.387,-0.08,-0.34,-0.10,-0.30
525.409,-0.12,-0.38,-0.10,-0.32
525.431,-0.07,-0.31,-0.09,-0.33
525.453,-0.26,-0.38,-0.12,-0.35
525.475,-0.32,-0.25,-0.17,-0.33
525.497,-0.30,-0.25,-0.21,-0.31
525.519,-0.22,-0.50,-0.23,-0.34
525.541,-0.32,-0.29,-0.28,-0.33
525.563,-0.25,-0.45,-0.28,-0.35
525.585,-0.07,-0.45,-0.23,-0.39
525.607,-0.18,-0.48,-0.21,-0.43
525.629,-0.21,-0.53,-0.21,-0.44
525.651,-0.18,-0.49,-0.18,-0.48
525.673,-0.11,-0.45,-0.15,-0.48
525.695,-0.17,-0.39,-0.17,-0.47
525.717,-0.28,-0.36,-0.19,-0.44
525.739,-0.28,-0.47,-0.20,-0.43
525.761,-0.15,-0.48,-0.20,-0.43
525.783,-0.16,-0.56,-0.21,-0.45
525.805,-0.15,-0.49,-0.20,-0.47
525.827,-0.15,-0.45,-0.18,-0.49
525.849,-0.20,-0.27,-0.16,-0.45
525.871,-0.24,-0.23,-0.18,-0.40
525.893,-0.13,-0.28,-0.17,-0.34
525.915,-0.12,-0.31,-0.17,-0.31
525.937,-0.14,-0.30,-0.17,-0.28
525.959,-0.30,-0.35,-0.19,-0.29
525.981,-0.36,-0.35,-0.21,-0.32
526.003,-0.27,-0.34,-0.24,-0.33
526.025,-0.21,-0.35,-0.26,-0.34
526.047,-0.25,-0.44,-0.28,-0.37
526.069,-0.35,-0.45,-0.29,-0.39
526.091,-0.29,-0.27,-0.27,-0.37
526.113,-0.08,-0.29,-0.24,-0.36
526.135,-0.08,-0.40,-0.21,-0.37
526.157,-0.19,-0.23,-0.20,-0.33
526.179,-0.28,-0.35,-0.18,-0.31
526.201,-0.19,-0.33,-0.16,-0.32
526.223,-0.27,-0.40,-0.20,-0.34
526.245,-0.15,-0.54,-0.22,-0.37
526.267,-0.15,-0.48,-0.21,-0.42
526.289,-0.23,-0.38,-0.20,-0.43
526.311,-0.11,-0.28,-0.18,-0.42
526.333,-0.16,-0.32,-0.16,-0.40
526.355,-0.14,-0.42,-0.16,-0.38
526.377,-0.30,-0.43,-0.19,-0.37
526.399,-0.25,-0.27,-0.19,-0.34
526.421,-0.24,-0.52,-0.22,-0.39
526.443,-0.13,-0.55,-0.21,-0.44
526.465,-0.15,-0.51,-0.21,-0.46
526.487,-0.11,-0.39,-0.18,-0.45
526.509,-0.03,-0.39,-0.13,-0.47
526.531,-0.09,-0.22,-0.10,-0.41
526.553,-0.08,-0.30,-0.09,-0.36
526.575,-0.19,-0.36,-0.10,-0.33
526.597,-0.19,-0.17,-0.12,-0.29
526.619,-0.16,-0.30,-0.14,-0.27
526.641,-0.25,-0.31,-0.17,-0.29
526.663,-0.38,-0.22,-0.23,-0.27
526.685,-0.12,-0.42,-0.22,-0.28
526.707,-0.01,-0.37,-0.18,-0.32
526.729,-0.08,-0.26,-0.17,-0.32
526.751,-0.01,-0.31,-0.12,-0.32
526.773,0.07,-0.28,-0.03,-0.33
526.795,-0.14,-0.28,-0.03,-0.30
526.817,-0.19,-0.37,-0.07,-0.30
526.839,-0.11,-0.41,-0.08,-0.33
526.861,-0.12,-0.33,-0.10,-0.33
526.883,-0.23,-0.43,-0.16,-0.36
526.905,-0.06,-0.37,-0.14,-0.38
526.927,-0.08,-0.38,-0.12,-0.38
526.949,-0.03,-0.48,-0.10,-0.40
526.971,-0.05,-0.45,-0.09,-0.42
526.993,-0.12,-0.29,-0.07,-0.39
527.015,-0.20,-0.36,-0.10,-0.39
527.037,-0.18,-0.46,-0.12,-0.41
527.059,-0.21,-0.35,-0.15,-0.38
527.081,-0.17,-0.42,-0.18,-0.38
527.103,-0.23,-0.39,-0.20,-0.40
527.125,-0.24,-0.42,-0.21,-0.41
527.147,-0.22,-0.39,-0.21,-0.39
527.169,-0.10,-0.25,-0.19,-0.37
527.191,-0.15,-0.25,-0.19,-0.34
527.213,-0.18,-0.21,-0.18,-0.30
527.235,-0.12,-0.34,-0.15,-0.29
527.257,-0.28,-0.39,-0.17,-0.29
527.279,-0.22,-0.45,-0.19,-0.33
527.301,-0.19,-0.59,-0.20,-0.40
527.323,-0.16,-0.40,-0.19,-0.43
527.345,-0.10,-0.24,-0.19,-0.41
527.367,-0.01,-0.37,-0.14,-0.41
527.389,-0.01,-0.58,-0.09,-0.44
527.411,-0.18,-0.47,-0.09,-0.41
527.433,-0.02,-0.24,-0.06,-0.38
527.455,0.02,-0.15,-0.04,-0.36
527.477,0.03,-0.37,-0.03,-0.36
527.499,0.02,-0.14,-0.03,-0.27
527.521,-0.19,-0.17,-0.03,-0.21
527.543,-0.13,-0.51,-0.05,-0.27
527.565,-0.13,-0.40,-0.08,-0.32
527.587,-0.19,-0.28,-0.12,-0.30
527.609,-0.21,-0.17,-0.17,-0.31
527.631,-0.14,-0.25,-0.16,-0.32
527.653,-0.07,-0.22,-0.15,-0.26
527.675,-0.11,-0.33,-0.14,-0.25
527.697,-0.24,-0.19,-0.15,-0.23
527.719,-0.26,-0.13,-0.16,-0.22
527.741,-0.28,-0.22,-0.19,-0.22
527.763,-0.11,-0.26,-0.20,-0.23
527.785,-0.19,-0.27,-0.22,-0.21
527.807,-0.37,-0.32,-0.24,-0.24
527.829,-0.12,-0.24,-0.21,-0.26
527.851,-0.23,-0.21,-0.20,-0.26
527.873,-0.28,-0.36,-0.24,-0.28
527.895,-0.38,-0.16,-0.28,-0.26
527.917,-0.41,-0.36,-0.28,-0.27
527.939,-0.32,-0.39,-0.32,-0.30
527.961,-0.24,-0.45,-0.33,-0.34
527.983,-0.16,-0.39,-0.30,-0.35
528.005,-0.17,-0.23,-0.26,-0.36
528.027,-0.26,-0.36,-0.23,-0.36
528.049,-0.29,-0.23,-0.22,-0.33
528.071,-0.36,-0.25,-0.25,-0.29
528.093,-0.20,-0.32,-0.26,-0.28
528.115,-0.31,-0.19,-0.28,-0.27
528.137,-0.31,-0.21,-0.29,-0.24
528.159,-0.28,-0.35,-0.29,-0.26
528.181,-0.17,-0.41,-0.25,-0.30
528.203,-0.33,-0.42,-0.28,-0.32
528.225,-0.26,-0.40,-0.27,-0.36
528.247,-0.13,-0.25,-0.23,-0.37
528.269,-0.10,-0.36,-0.20,-0.37
528.291,-0.24,-0.34,-0.21,-0.35
528.313,0.04,-0.33,-0.14,-0.34
528.335,-0.11,-0.24,-0.11,-0.30
528.357,-0.19,-0.30,-0.12,-0.31
528.379,-0.09,-0.27,-0.12,-0.30
528.401,-0.23,-0.36,-0.12,-0.30
528.423,-0.31,-0.33,-0.19,-0.30
528.445,-0.19,-0.30,-0.20,-0.31
528.467,-0.17,-0.44,-0.20,-0.34
528.489,-0.27,-0.28,-0.23,-0.34
528.511,-0.20,-0.35,-0.23,-0.34
528.533,-0.25,-0.30,-0.22,-0.33
528.555,-0.32,-0.33,-0.24,-0.34
528.577,-0.33,-0.39,-0.27,-0.33
528.599,-0.19,-0.31,-0.26,-0.34
528.621,-0.13,-0.43,-0.24,-0.35
528.643,-0.19,-0.45,-0.23,-0.38
528.665,-0.23,-0.32,-0.21,-0.38
528.687,-0.28,-0.43,-0.20,-0.39
528.709,-0.20,-0.26,-0.21,-0.38
528.731,-0.14,-0.38,-0.21,-0.37
528.753,-0.13,-0.34,-0.20,-0.35
528.775,-0.14,-0.24,-0.18,-0.33
528.797,0.04,-0.29,-0.11,-0.30
528.819,0.00,-0.29,-0.07,-0.31
528.841,0.04,-0.26,-0.04,-0.28
528.863,-0.01,-0.36,-0.01,-0.29
528.885,-0.02,-0.30,0.01,-0.30
528.907,-0.26,-0.28,-0.05,-0.30
528.929,-0.25,-0.35,-0.10,-0.31
528.951,-0.19,-0.23,-0.15,-0.30
528.973,-0.17,-0.21,-0.18,-0.27
528.995,-0.25,-0.17,-0.22,-0.25
529.017,-0.24,-0.20,-0.22,-0.23
529.039,-0.21,-0.33,-0.21,-0.23
529.061,-0.24,-0.25,-0.22,-0.23
529.083,-0.24,-0.52,-0.24,-0.29
529.105,-0.28,-0.40,-0.24,-0.34
529.127,-0.28,-0.31,-0.25,-0.36
529.149,-0.21,-0.29,-0.25,-0.35
529.171,-0.12,-0.31,-0.23,-0.37
529.193,0.03,-0.36,-0.17,-0.33
529.215,-0.11,-0.40,-0.14,-0.33
529.237,-0.13,-0.30,-0.11,-0.33
529.259,-0.21,-0.41,-0.11,-0.36
529.281,-0.18,-0.35,-0.12,-0.36
529.303,0.07,-0.52,-0.11,-0.40
529.325,-0.04,-0.49,-0.10,-0.41
529.347,-0.06,-0.46,-0.08,-0.45
529.369,-0.12,-0.42,-0.07,-0.45
529.391,-0.26,-0.47,-0.08,-0.47
529.413,-0.34,-0.48,-0.16,-0.46
529.435,-0.35,-0.36,-0.23,-0.44
529.457,-0.40,-0.30,-0.29,-0.41
529.479,-0.25,-0.22,-0.32,-0.37
529.501,-0.08,-0.27,-0.28,-0.33
529.523,-0.25,-0.34,-0.27,-0.30
529.545,-0.14,-0.35,-0.22,-0.30
529.567,-0.13,-0.20,-0.17,-0.28
529.589,-0.18,-0.30,-0.16,-0.29
529.611,-0.11,-0.21,-0.16,-0.28
529.633,-0.26,-0.22,-0.16,-0.26
529.655,-0.10,-0.23,-0.16,-0.23
529.677,-0.16,-0.32,-0.16,-0.26
529.699,-0.11,-0.33,-0.15,-0.26
529.721,-0.15,-0.38,-0.16,-0.30
529.743,-0.25,-0.49,-0.15,-0.35
529.765,-0.21,-0.24,-0.18,-0.35
529.787,-0.23,-0.17,-0.19,-0.32
529.809,-0.21,-0.40,-0.21,-0.34
529.831,-0.19,-0.29,-0.22,-0.32
529.853,-0.22,-0.32,-0.21,-0.28
529.875,-0.30,-0.29,-0.23,-0.29
529.897,-0.34,-0.30,-0.25,-0.32
529.919,-0.21,-0.25,-0.25,-0.29
529.941,-0.13,-0.28,-0.24,-0.29
529.963,-0.25,-0.32,-0.25,-0.29
529.985,-0.35,-0.37,-0.26,-0.30
530.007,-0.23,-0.50,-0.23,-0.34
530.029,-0.02,-0.42,-0.20,-0.38
530.051,-0.14,-0.43,-0.20,-0.41
530.073,-0.03,-0.46,-0.15,-0.44
530.095,-0.09,-0.37,-0.10,-0.44
530.117,-0.23,-0.20,-0.10,-0.38
530.139,-0.23,-0.49,-0.14,-0.39
530.161,-0.13,-0.46,-0.14,-0.40
530.183,-0.09,-0.51,-0.15,-0.41
530.205,-0.05,-0.48,-0.15,-0.43
530.227,-0.15,-0.20,-0.13,-0.43
530.249,-0.24,-0.28,-0.13,-0.39
530.271,-0.14,-0.40,-0.13,-0.37
530.293,-0.13,-0.36,-0.14,-0.34
530.315,-0.25,-0.40,-0.18,-0.33
530.337,-0.29,-0.22,-0.21,-0.33
530.359,-0.24,-0.40,-0.21,-0.36
530.381,-0.23,-0.34,-0.23,-0.34
530.403,-0.22,-0.36,-0.25,-0.34
530.425,-0.13,-0.41,-0.22,-0.35
530.447,-0.09,-0.31,-0.18,-0.36
530.469,-0.15,-0.33,-0.16,-0.35
530.491,-0.21,-0.40,-0.16,-0.36
530.513,-0.21,-0.39,-0.16,-0.37
530.535,-0.24,-0.37,-0.18,-0.36
530.557,-0.33,-0.41,-0.23,-0.38
530.579,-0.26,-0.28,-0.25,-0.37
530.601,-0.29,-0.30,-0.27,-0.35
530.623,-0.22,-0.28,-0.27,-0.33
530.645,-0.31,-0.28,-0.28,-0.31
530.667,-0.28,-0.13,-0.27,-0.25
530.689,-0.06,-0.19,-0.23,-0.24
530.711,0.05,-0.47,-0.16,-0.27
530.733,0.01,-0.33,-0.12,-0.28
530.755,-0.05,-0.38,-0.07,-0.30
530.777,-0.18,-0.42,-0.05,-0.36
530.799,-0.09,-0.32,-0.05,-0.38
530.821,-0.16,-0.33,-0.09,-0.36
530.843,-0.12,-0.36,-0.12,-0.36
530.865,-0.10,-0.21,-0.13,-0.33
530.887,-0.10,-0.30,-0.11,-0.30
530.909,-0.12,-0.37,-0.12,-0.31
530.931,-0.21,-0.49,-0.13,-0.35
530.953,-0.10,-0.45,-0.13,-0.36
530.975,-0.14,-0.48,-0.13,-0.42
530.997,-0.28,-0.26,-0.17,-0.41
531.019,-0.24,-0.14,-0.19,-0.36
531.041,-0.29,-0.27,-0.21,-0.32
531.063,-0.28,-0.24,-0.25,-0.28
531.085,-0.35,-0.36,-0.29,-0.25
531.107,-0.38,-0.40,-0.31,-0.28
531.129,-0.43,-0.32,-0.35,-0.32
531.151,-0.30,-0.55,-0.35,-0.37
531.173,-0.35,-0.38,-0.36,-0.40
531.195,-0.32,-0.44,-0.36,-0.42
531.217,-0.43,-0.41,-0.37,-0.42
531.239,-0.20,-0.41,-0.32,-0.44
531.261,-0.17,-0.37,-0.29,-0.40
531.283,0.01,-0.37,-0.22,-0.40
531.305,-0.10,-0.45,-0.18,-0.40
531.327,-0.08,-0.46,-0.11,-0.41
531.349,-0.10,-0.33,-0.09,-0.40
531.371,-0.05,-0.23,-0.06,-0.37
531.393,-0.01,-0.22,-0.07,-0.34
531.415,-0.10,-0.25,-0.07,-0.30
531.437,-0.19,-0.33,-0.09,-0.27
531.459,-0.19,-0.37,-0.11,-0.28
531.481,-0.22,-0.58,-0.14,-0.35
531.503,-0.08,-0.49,-0.16,-0.40
531.525,-0.07,-0.62,-0.15,-0.48
531.547,-0.13,-0.41,-0.14,-0.49
531.569,-0.25,-0.34,-0.15,-0.49
531.591,-0.26,-0.49,-0.16,-0.47
531.613,-0.26,-0.60,-0.19,-0.49
531.635,-0.27,-0.42,-0.23,-0.45
531.657,-0.35,-0.39,-0.28,-0.45
531.679,-0.25,-0.22,-0.28,-0.42
531.701,-0.24,-0.30,-0.27,-0.39
531.723,-0.20,-0.19,-0.26,-0.30
531.745,-0.16,-0.29,-0.24,-0.28
531.767,-0.19,-0.30,-0.21,-0.26
531.789,-0.12,-0.31,-0.18,-0.28
531.811,-0.05,-0.39,-0.14,-0.30
531.833,-0.00,-0.26,-0.10,-0.31
531.855,-0.19,-0.39,-0.11,-0.33
531.877,-0.21,-0.45,-0.11,-0.36
531.899,-0.20,-0.35,-0.13,-0.37
531.921,-0.25,-0.23,-0.17,-0.34
531.943,-0.19,-0.29,-0.21,-0.34
531.965,-0.24,-0.36,-0.22,-0.34
531.987,-0.33,-0.30,-0.24,-0.31
532.009,-0.20,-0.13,-0.24,-0.26
532.031,-0.23,-0.18,-0.24,-0.25
532.053,-0.15,-0.16,-0.23,-0.23
532.075,-0.05,-0.29,-0.19,-0.21
532.097,-0.07,-0.25,-0.14,-0.20
532.119,0.01,-0.28,-0.10,-0.23
532.141,-0.14,-0.36,-0.08,-0.27
532.163,-0.09,-0.33,-0.07,-0.30
532.185,-0.20,-0.16,-0.10,-0.28
532.207,-0.18,-0.22,-0.12,-0.27
532.229,-0.11,-0.32,-0.14,-0.28
532.251,-0.18,-0.20,-0.15,-0.25
532.273,0.00,-0.32,-0.13,-0.24
532.295,-0.02,-0.41,-0.10,-0.29
532.317,-0.09,-0.33,-0.08,-0.32
532.339,-0.12,-0.28,-0.08,-0.31
532.361,-0.24,-0.34,-0.09,-0.34
532.383,-0.35,-0.35,-0.16,-0.34
532.405,-0.33,-0.37,-0.23,-0.33
532.427,-0.25,-0.55,-0.26,-0.38
532.449,-0.20,-0.35,-0.27,-0.39
532.471,-0.20,-0.27,-0.27,-0.38
532.493,-0.12,-0.28,-0.22,-0.36
532.515,-0.05,-0.33,-0.16,-0.36
532.537,-0.27,-0.10,-0.17,-0.27
532.559,-0.38,-0.11,-0.20,-0.22
532.581,-0.33,-0.23,-0.23,-0.21
532.603,-0.31,-0.15,-0.27,-0.18
532.625,-0.23,-0.28,-0.30,-0.17
532.647,-0.24,-0.28,-0.30,-0.21
532.669,-0.23,-0.21,-0.27,-0.23
532.691,-0.17,-0.27,-0.24,-0.24
532.713,-0.06,-0.40,-0.19,-0.29
532.735,-0.01,-0.43,-0.14,-0.32
532.757,-0.18,-0.37,-0.13,-0.34
532.779,-0.05,-0.40,-0.09,-0.37
532.801,-0.10,-0.46,-0.08,-0.41
532.823,-0.05,-0.45,-0.08,-0.42
532.845,-0.14,-0.41,-0.10,-0.42
532.867,-0.19,-0.40,-0.11,-0.42
532.889,-0.13,-0.38,-0.12,-0.42
532.911,-0.19,-0.41,-0.14,-0.41
532.933,-0.32,-0.37,-0.19,-0.39
532.955,-0.25,-0.42,-0.22,-0.40
532.977,-0.16,-0.39,-0.21,-0.39
532.999,-0.31,-0.44,-0.25,-0.41
533.021,-0.35,-0.38,-0.28,-0.40
533.043,-0.35,-0.58,-0.28,-0.44
533.065,-0.38,-0.46,-0.31,-0.45
533.087,-0.18,-0.48,-0.31,-0.47
533.109,-0.28,-0.43,-0.31,-0.47
533.131,-0.17,-0.51,-0.27,-0.49
533.153,-0.29,-0.52,-0.26,-0.48
533.175,-0.16,-0.31,-0.22,-0.45
533.197,-0.01,-0.26,-0.18,-0.41
533.219,-0.09,-0.31,-0.14,-0.38
533.241,-0.11,-0.31,-0.13,-0.34
533.263,-0.13,-0.23,-0.10,-0.28
533.285,-0.12,-0.34,-0.09,-0.29
533.307,-0.19,-0.39,-0.13,-0.32
533.329,-0.26,-0.23,-0.16,-0.30
533.351,-0.28,-0.20,-0.20,-0.28
533.373,-0.30,-0.36,-0.23,-0.30
533.395,-0.06,-0.37,-0.22,-0.31
533.417,-0.17,-0.35,-0.21,-0.30
533.439,-0.18,-0.33,-0.20,-0.32
533.461,-0.21,-0.33,-0.18,-0.35
533.483,-0.05,-0.39,-0.13,-0.35
533.505,-0.10,-0.37,-0.14,-0.35
533.527,-0.12,-0.43,-0.13,-0.37
533.549,-0.27,-0.45,-0.15,-0.39
533.571,-0.22,-0.45,-0.15,-0.42
533.593,-0.29,-0.34,-0.20,-0.41
533.615,-0.30,-0.48,-0.24,-0.43
533.637,-0.37,-0.55,-0.29,-0.45
533.659,-0.31,-0.37,-0.30,-0.44
533.681,-0.19,-0.39,-0.29,-0.43
533.703,0.03,-0.40,-0.23,-0.44
533.725,-0.04,-0.29,-0.18,-0.40
533.747,-0.24,-0.18,-0.15,-0.33
533.769,-0.16,-0.15,-0.12,-0.28
533.791,-0.19,-0.07,-0.12,-0.22
533.813,-0.12,-0.29,-0.15,-0.20
533.835,-0.20,-0.32,-0.18,-0.20
533.857,-0.13,-0.24,-0.16,-0.21
533.879,-0.10,-0.33,-0.15,-0.25
533.901,-0.06,-0.59,-0.12,-0.35
533.923,-0.09,-0.47,-0.12,-0.39
533.945,-0.08,-0.34,-0.09,-0.39
533.967,-0.14,-0.34,-0.09,-0.41
533.989,-0.13,-0.38,-0.10,-0.42
534.011,-0.17,-0.47,-0.12,-0.40
534.033,-0.24,-0.43,-0.15,-0.39
534.055,-0.11,-0.64,-0.16,-0.45
534.077,-0.25,-0.55,-0.18,-0.49
534.099,-0.20,-0.43,-0.19,-0.50
534.121,-0.12,-0.44,-0.18,-0.50
534.143,-0.23,-0.32,-0.18,-0.48
534.165,-0.27,-0.46,-0.21,-0.44
534.187,-0.44,-0.43,-0.25,-0.42
534.209,-0.38,-0.21,-0.29,-0.37
534.231,-0.29,-0.32,-0.32,-0.35
534.253,-0.24,-0.23,-0.32,-0.33
534.275,-0.23,-0.25,-0.32,-0.29
534.297,-0.21,-0.24,-0.27,-0.25
534.319,-0.18,-0.24,-0.23,-0.26
534.341,-0.31,-0.39,-0.23,-0.27
534.363,-0.33,-0.30,-0.25,-0.28
534.385,-0.22,-0.27,-0.25,-0.29
534.407,-0.23,-0.19,-0.25,-0.28
534.429,-0.02,-0.30,-0.22,-0.29
534.451,0.04,-0.41,-0.15,-0.29
534.473,-0.05,-0.20,-0.10,-0.27
534.495,-0.09,-0.32,-0.07,-0.28
534.517,-0.17,-0.20,-0.06,-0.29
534.539,-0.24,-0.28,-0.10,-0.28
534.561,-0.21,-0.41,-0.15,-0.28
534.583,-0.21,-0.39,-0.18,-0.32
534.605,-0.17,-0.39,-0.20,-0.33
534.627,-0.25,-0.44,-0.22,-0.38
534.649,-0.30,-0.31,-0.23,-0.39
534.671,-0.17,-0.53,-0.22,-0.41
534.693,-0.17,-0.29,-0.21,-0.39
534.715,-0.14,-0.35,-0.21,-0.38
534.737,-0.04,-0.59,-0.16,-0.41
534.759,-0.18,-0.61,-0.14,-0.47
534.781,-0.16,-0.43,-0.14,-0.45
534.803,-0.34,-0.37,-0.17,-0.47
534.825,-0.25,-0.30,-0.19,-0.46
534.847,-0.29,-0.31,-0.24,-0.40
534.869,-0.18,-0.37,-0.24,-0.36
534.891,-0.10,-0.39,-0.23,-0.35
534.913,-0.13,-0.34,-0.19,-0.34
534.935,-0.05,-0.39,-0.15,-0.36
534.957,-0.14,-0.32,-0.12,-0.36
534.979,-0.06,-0.22,-0.10,-0.33
535.001,-0.22,-0.33,-0.12,-0.32
535.023,-0.19,-0.46,-0.13,-0.34
535.045,-0.11,-0.44,-0.14,-0.35
535.067,-0.28,-0.44,-0.17,-0.38
535.089,-0.12,-0.44,-0.18,-0.42
535.111,-0.16,-0.28,-0.17,-0.41
535.133,-0.17,-0.25,-0.17,-0.37
535.155,-0.27,-0.29,-0.20,-0.34
535.177,-0.31,-0.21,-0.21,-0.29
535.199,-0.18,-0.18,-0.22,-0.24
535.221,-0.09,-0.28,-0.20,-0.24
535.243,-0.19,-0.36,-0.21,-0.26
535.265,-0.20,-0.28,-0.19,-0.26
535.287,-0.07,-0.26,-0.15,-0.27
535.309,-0.15,-0.38,-0.14,-0.31
535.331,-0.09,-0.31,-0.14,-0.32
535.353,-0.07,-0.29,-0.12,-0.30
535.375,-0.16,-0.32,-0.11,-0.31
535.397,-0.15,-0.29,-0.12,-0.32
535.419,-0.31,-0.30,-0.16,-0.30
535.441,-0.31,-0.34,-0.20,-0.31
535.463,-0.12,-0.24,-0.21,-0.30
535.485,-0.21,-0.24,-0.22,-0.28
535.507,-0.29,-0.26,-0.25,-0.28
535.529,-0.26,-0.33,-0.24,-0.28
535.551,-0.35,-0.36,-0.25,-0.29
535.573,-0.19,-0.35,-0.26,-0.31
535.595,-0.35,-0.32,-0.29,-0.32
535.617,-0.07,-0.40,-0.24,-0.35
535.639,-0.13,-0.34,-0.22,-0.35
535.661,-0.22,-0.19,-0.19,-0.32
535.683,-0.21,-0.16,-0.20,-0.28
535.705,-0.31,-0.19,-0.19,-0.26
535.727,-0.31,-0.31,-0.24,-0.24
535.749,-0.17,-0.35,-0.24,-0.24
535.771,-0.12,-0.17,-0.22,-0.24
535.793,-0.20,-0.25,-0.22,-0.25
535.815,-0.20,-0.46,-0.20,-0.31
535.837,-0.00,-0.61,-0.14,-0.37
535.859,0.01,-0.53,-0.10,-0.40
535.881,-0.18,-0.39,-0.11,-0.45
535.903,-0.09,-0.38,-0.09,-0.47
535.925,-0.21,-0.37,-0.09,-0.46
535.947,-0.07,-0.37,-0.11,-0.41
535.969,-0.03,-0.39,-0.12,-0.38
535.991,-0.19,-0.43,-0.12,-0.39
536.013,-0.25,-0.39,-0.15,-0.39
536.035,-0.27,-0.39,-0.16,-0.39
536.057,-0.26,-0.38,-0.20,-0.40
536.079,-0.18,-0.42,-0.23,-0.40
536.101,-0.26,-0.31,-0.24,-0.38
536.123,-0.11,-0.38,-0.22,-0.38
536.145,-0.18,-0.28,-0.20,-0.35
536.167,-0.26,-0.35,-0.20,-0.35
536.189,-0.07,-0.26,-0.18,-0.32
536.211,-0.06,-0.29,-0.14,-0.31
536.233,-0.13,-0.24,-0.14,-0.28
536.255,-0.19,-0.35,-0.14,-0.30
536.277,-0.20,-0.28,-0.13,-0.28
536.299,-0.16,-0.33,-0.15,-0.30
536.321,-0.19,-0.41,-0.17,-0.32
536.343,-0.28,-0.38,-0.20,-0.35
536.365,-0.27,-0.32,-0.22,-0.34
536.387,-0.25,-0.51,-0.23,-0.39
536.409,-0.23,-0.33,-0.24,-0.39
536.431,-0.22,-0.21,-0.25,-0.35
536.453,-0.23,-0.25,-0.24,-0.32
536.475,-0.22,-0.37,-0.23,-0.33
536.497,-0.22,-0.31,-0.22,-0.29
536.519,-0.25,-0.26,-0.23,-0.28
536.541,-0.11,-0.52,-0.21,-0.34
536.563,-0.13,-0.36,-0.19,-0.36
536.585,-0.15,-0.35,-0.17,-0.36
536.607,-0.27,-0.27,-0.18,-0.35
536.629,-0.23,-0.32,-0.18,-0.36
536.651,-0.19,-0.26,-0.19,-0.31
536.673,-0.10,-0.25,-0.19,-0.29
536.695,-0.23,-0.35,-0.20,-0.29
536.717,-0.23,-0.28,-0.20,-0.29
536.739,-0.29,-0.42,-0.21,-0.31
536.761,-0.26,-0.36,-0.22,-0.33
536.783,-0.23,-0.30,-0.25,-0.34
536.805,-0.39,-0.34,-0.28,-0.34
536.827,-0.38,-0.33,-0.31,-0.35
536.849,0.00,-0.34,-0.25,-0.33
536.871,-0.04,-0.39,-0.21,-0.34
536.893,-0.23,-0.42,-0.21,-0.36
536.915,-0.17,-0.41,-0.16,-0.38
536.937,-0.21,-0.41,-0.13,-0.39
536.959,-0.15,-0.42,-0.16,-0.41
536.981,-0.13,-0.33,-0.18,-0.40
537.003,-0.33,-0.21,-0.20,-0.36
537.025,-0.28,-0.16,-0.22,-0.31
537.047,-0.24,-0.19,-0.23,-0.26
537.069,-0.31,-0.29,-0.26,-0.24
537.091,-0.31,-0.39,-0.29,-0.25
537.113,-0.38,-0.32,-0.30,-0.27
537.135,-0.25,-0.27,-0.30,-0.29
537.157,-0.16,-0.39,-0.28,-0.33
537.179,-0.33,-0.42,-0.29,-0.36
537.201,-0.24,-0.28,-0.27,-0.34
537.223,-0.27,-0.21,-0.25,-0.31
537.245,-0.21,-0.44,-0.24,-0.35
537.267,-0.24,-0.51,-0.26,-0.37
537.289,-0.22,-0.43,-0.24,-0.37
537.311,-0.06,-0.40,-0.20,-0.40
537.333,-0.06,-0.43,-0.16,-0.44
537.355,-0.09,-0.39,-0.13,-0.43
537.377,-0.19,-0.40,-0.12,-0.41
537.399,-0.24,-0.40,-0.13,-0.40
537.421,-0.20,-0.51,-0.16,-0.43
537.443,-0.05,-0.42,-0.15,-0.42
537.465,-0.12,-0.46,-0.16,-0.44
537.487,-0.15,-0.40,-0.15,-0.44
537.509,-0.13,-0.24,-0.13,-0.41
537.531,-0.27,-0.23,-0.14,-0.35
537.553,-0.23,-0.19,-0.18,-0.30
537.575,-0.23,-0.14,-0.20,-0.24
537.597,-0.28,-0.19,-0.23,-0.20
537.619,-0.23,-0.29,-0.25,-0.21
537.641,-0.29,-0.12,-0.25,-0.19
537.663,-0.27,-0.23,-0.26,-0.19
537.685,-0.20,-0.26,-0.25,-0.22
537.707,-0.15,-0.23,-0.23,-0.23
537.729,-0.25,-0.39,-0.23,-0.25
537.751,-0.11,-0.17,-0.20,-0.26
537.773,-0.20,-0.26,-0.18,-0.26
537.795,-0.28,-0.36,-0.20,-0.28
537.817,-0.37,-0.30,-0.24,-0.30
537.839,-0.44,-0.35,-0.28,-0.29
537.861,-0.43,-0.26,-0.34,-0.31
537.883,-0.36,-0.32,-0.38,-0.32
537.905,-0.32,-0.16,-0.38,-0.28
537.927,-0.39,-0.35,-0.39,-0.29
537.949,-0.21,-0.43,-0.34,-0.30
537.971,-0.27,-0.45,-0.31,-0.34
537.993,-0.07,-0.24,-0.25,-0.33
538.015,0.01,-0.21,-0.19,-0.34
538.037,-0.20,-0.29,-0.15,-0.32
538.059,-0.21,-0.38,-0.15,-0.31
538.081,-0.07,-0.40,-0.11,-0.30
538.103,-0.12,-0.33,-0.12,-0.32
538.125,-0.16,-0.29,-0.15,-0.34
538.147,-0.28,-0.42,-0.17,-0.36
538.169,-0.22,-0.41,-0.17,-0.37
538.191,-0.15,-0.55,-0.19,-0.40
538.213,-0.24,-0.39,-0.21,-0.41
538.235,-0.16,-0.15,-0.21,-0.38
538.257,-0.11,-0.20,-0.18,-0.34
538.279,-0.26,-0.21,-0.18,-0.30
538.301,-0.01,-0.28,-0.16,-0.25
538.323,-0.01,-0.24,-0.11,-0.22
538.345,-0.09,-0.16,-0.10,-0.22
538.367,-0.17,-0.32,-0.11,-0.24
538.389,-0.32,-0.22,-0.12,-0.24
538.411,-0.24,-0.22,-0.17,-0.23
538.433,-0.23,-0.25,-0.21,-0.23
538.455,-0.21,-0.43,-0.23,-0.29
538.477,-0.06,-0.42,-0.21,-0.31
538.499,-0.23,-0.40,-0.19,-0.34
538.521,-0.26,-0.34,-0.20,-0.37
538.543,-0.32,-0.28,-0.22,-0.37
538.565,-0.33,-0.22,-0.24,-0.33
538.587,-0.21,-0.28,-0.27,-0.30
538.609,-0.27,-0.24,-0.28,-0.27
538.631,-0.30,-0.26,-0.29,-0.26
538.653,-0.24,-0.20,-0.27,-0.24
538.675,-0.27,-0.33,-0.26,-0.26
538.697,-0.35,-0.26,-0.29,-0.26
538.719,-0.26,-0.32,-0.28,-0.27
538.741,-0.17,-0.34,-0.26,-0.29
538.763,-0.09,-0.40,-0.23,-0.33
538.785,-0.08,-0.28,-0.19,-0.32
538.807,-0.14,-0.24,-0.15,-0.32
538.829,-0.26,-0.35,-0.15,-0.32
538.851,-0.18,-0.27,-0.15,-0.31
538.873,-0.24,-0.37,-0.18,-0.30
538.895,-0.18,-0.22,-0.20,-0.29
538.917,-0.13,-0.30,-0.20,-0.30
538.939,-0.19,-0.30,-0.18,-0.29
538.961,-0.22,-0.37,-0.19,-0.31
538.983,-0.13,-0.32,-0.17,-0.30
539.005,-0.11,-0.51,-0.16,-0.36
539.027,-0.14,-0.46,-0.16,-0.39
539.049,-0.33,-0.30,-0.19,-0.39
539.071,-0.18,-0.35,-0.18,-0.39
539.093,-0.33,-0.22,-0.22,-0.37
539.115,-0.36,-0.38,-0.27,-0.34
539.137,-0.24,-0.38,-0.29,-0.33
539.159,-0.31,-0.36,-0.28,-0.34
539.181,-0.37,-0.48,-0.32,-0.36
539.203,-0.09,-0.44,-0.27,-0.41
539.225,-0.19,-0.30,-0.24,-0.39
539.247,-0.33,-0.22,-0.26,-0.36
539.269,-0.37,-0.41,-0.27,-0.37
539.291,-0.26,-0.34,-0.25,-0.34
539.313,-0.30,-0.28,-0.29,-0.31
539.335,-0.03,-0.32,-0.26,-0.31
539.357,-0.09,-0.34,-0.21,-0.34
539.379,-0.16,-0.42,-0.17,-0.34
539.401,-0.17,-0.57,-0.15,-0.39
539.423,-0.04,-0.57,-0.10,-0.44
539.445,0.09,-0.30,-0.07,-0.44
539.467,-0.13,-0.26,-0.08,-0.42
539.489,-0.08,-0.38,-0.07,-0.42
539.511,-0.12,-0.32,-0.06,-0.37
539.533,-0.13,-0.40,-0.07,-0.33
539.555,-0.16,-0.36,-0.12,-0.34
539.577,-0.20,-0.46,-0.14,-0.38
539.599,-0.04,-0.40,-0.13,-0.39
539.621,-0.09,-0.34,-0.12,-0.39
539.643,-0.16,-0.67,-0.13,-0.45
539.665,-0.07,-0.38,-0.11,-0.45
539.687,-0.30,-0.31,-0.13,-0.42
539.709,-0.16,-0.34,-0.16,-0.41
539.731,-0.12,-0.37,-0.16,-0.41
539.753,-0.20,-0.33,-0.17,-0.35
539.775,-0.04,-0.29,-0.16,-0.33
539.797,-0.18,-0.34,-0.14,-0.33
539.819,-0.20,-0.42,-0.15,-0.35
539.841,-0.19,-0.40,-0.16,-0.36
539.863,-0.11,-0.33,-0.14,-0.36
539.885,-0.05,-0.48,-0.15,-0.39
539.907,-0.16,-0.47,-0.14,-0.42
539.929,-0.07,-0.27,-0.12,-0.39
539.951,-0.14,-0.17,-0.11,-0.34
539.973,-0.13,-0.15,-0.11,-0.31
539.995,-0.12,-0.22,-0.12,-0.26
540.017,-0.19,-0.22,-0.13,-0.21
540.039,-0.09,-0.24,-0.13,-0.20
540.061,-0.19,-0.31,-0.14,-0.23
540.083,-0.17,-0.27,-0.15,-0.25
540.105,-0.18,-0.24,-0.16,-0.26
540.127,-0.16,-0.20,-0.16,-0.25
540.149,-0.16,-0.39,-0.17,-0.28
540.171,-0.20,-0.36,-0.17,-0.29
540.193,-0.09,-0.42,-0.16,-0.32
540.215,-0.15,-0.35,-0.15,-0.34
540.237,-0.28,-0.53,-0.18,-0.41
540.259,-0.14,-0.36,-0.17,-0.40
540.281,-0.15,-0.30,-0.16,-0.39
540.303,-0.16,-0.36,-0.18,-0.38
540.325,-0.31,-0.31,-0.21,-0.37
540.347,-0.10,-0.33,-0.17,-0.33
540.369,-0.29,-0.46,-0.20,-0.35
540.391,-0.32,-0.38,-0.24,-0.37
540.413,-0.27,-0.26,-0.26,-0.35
540.435,-0.12,-0.23,-0.22,-0.33
540.457,-0.18,-0.26,-0.24,-0.32
540.479,-0.11,-0.24,-0.20,-0.27
540.501,-0.13,-0.15,-0.16,-0.23
540.523,-0.22,-0.41,-0.15,-0.26
540.545,-0.16,-0.23,-0.16,-0.26
540.567,-0.26,-0.28,-0.18,-0.26
540.589,-0.29,-0.32,-0.21,-0.28
540.611,-0.24,-0.28,-0.23,-0.30
540.633,-0.28,-0.36,-0.25,-0.29
540.655,-0.38,-0.33,-0.29,-0.31
540.677,-0.25,-0.40,-0.29,-0.34
540.699,-0.18,-0.35,-0.27,-0.34
540.721,-0.32,-0.39,-0.28,-0.37
540.743,-0.35,-0.47,-0.30,-0.39
540.765,-0.28,-0.26,-0.28,-0.37
540.787,-0.26,-0.34,-0.28,-0.36
540.809,-0.30,-0.36,-0.30,-0.36
540.831,-0.15,-0.34,-0.27,-0.35
540.853,-0.07,-0.29,-0.21,-0.32
540.875,-0.09,-0.32,-0.17,-0.33
540.897,-0.27,-0.35,-0.18,-0.33
540.919,-0.21,-0.38,-0.16,-0.34
540.941,-0.23,-0.41,-0.17,-0.35
540.963,-0.10,-0.40,-0.18,-0.37
540.985,-0.16,-0.42,-0.19,-0.39
541.007,-0.09,-0.48,-0.16,-0.42
541.029,-0.16,-0.27,-0.15,-0.40
541.051,-0.27,-0.20,-0.16,-0.35
541.073,-0.33,-0.20,-0.20,-0.31
541.095,-0.36,-0.25,-0.24,-0.28
541.117,-0.20,-0.23,-0.26,-0.23
541.139,-0.08,-0.14,-0.25,-0.20
541.161,0.03,-0.22,-0.19,-0.21
541.183,-0.02,-0.34,-0.13,-0.24
541.205,0.02,-0.27,-0.05,-0.24
541.227,-0.07,-0.39,-0.02,-0.27
541.249,-0.12,-0.30,-0.03,-0.30
541.271,-0.09,-0.28,-0.06,-0.32
541.293,-0.20,-0.38,-0.09,-0.32
541.315,-0.27,-0.30,-0.15,-0.33
541.337,-0.16,-0.25,-0.17,-0.30
541.359,-0.19,-0.23,-0.18,-0.29
541.381,-0.02,-0.38,-0.17,-0.31
541.403,-0.02,-0.38,-0.13,-0.31
541.425,-0.14,-0.43,-0.11,-0.33
541.447,-0.24,-0.39,-0.12,-0.36
541.469,-0.13,-0.50,-0.11,-0.42
541.491,-0.15,-0.54,-0.14,-0.45
541.513,-0.10,-0.29,-0.15,-0.43
541.535,-0.22,-0.23,-0.17,-0.39
541.557,-0.25,-0.30,-0.17,-0.37
541.579,-0.16,-0.35,-0.18,-0.34
541.601,-0.31,-0.29,-0.21,-0.29
541.623,-0.26,-0.43,-0.24,-0.32
541.645,-0.10,-0.63,-0.22,-0.40
541.667,-0.33,-0.48,-0.23,-0.44
541.689,-0.27,-0.42,-0.25,-0.45
541.711,-0.29,-0.34,-0.25,-0.46
541.733,-0.09,-0.19,-0.22,-0.41
541.755,-0.07,-0.29,-0.21,-0.34
541.777,-0.00,-0.30,-0.14,-0.31
541.799,-0.23,-0.29,-0.14,-0.28
541.821,-0.15,-0.40,-0.11,-0.29
541.843,-0.16,-0.33,-0.12,-0.32
541.865,-0.17,-0.18,-0.14,-0.30
541.887,-0.08,-0.43,-0.16,-0.33
541.909,-0.11,-0.34,-0.13,-0.34
541.931,0.01,-0.29,-0.10,-0.31
541.953,-0.06,-0.14,-0.08,-0.28
541.975,-0.07,-0.32,-0.06,-0.30
541.997,-0.22,-0.42,-0.09,-0.30
542.019,-0.13,-0.23,-0.09,-0.28
542.041,-0.16,-0.28,-0.13,-0.28
542.063,-0.19,-0.34,-0.15,-0.32
542.085,-0.11,-0.41,-0.16,-0.34
542.107,-0.12,-0.33,-0.14,-0.32
542.129,-0.23,-0.38,-0.16,-0.35
542.151,-0.24,-0.36,-0.18,-0.36
542.173,-0.20,-0.31,-0.18,-0.36
542.195,-0.24,-0.43,-0.21,-0.36
542.217,-0.05,-0.38,-0.19,-0.37
542.239,-0.18,-0.42,-0.18,-0.38
542.261,-0.17,-0.43,-0.17,-0.39
542.283,-0.14,-0.47,-0.16,-0.43
542.305,-0.26,-0.34,-0.16,-0.41
542.327,-0.28,-0.41,-0.21,-0.41
542.349,-0.24,-0.60,-0.22,-0.45
542.371,-0.28,-0.44,-0.24,-0.45
542.393,-0.21,-0.39,-0.25,-0.44
542.415,-0.18,-0.14,-0.24,-0.40
542.437,-0.11,-0.12,-0.20,-0.34
542.459,-0.13,-0.31,-0.18,-0.28
542.481,-0.07,-0.22,-0.14,-0.24
542.503,-0.03,-0.31,-0.10,-0.22
542.525,-0.04,-0.43,-0.08,-0.28
542.547,-0.16,-0.38,-0.09,-0.33
542.569,-0.22,-0.31,-0.10,-0.33
542.591,-0.19,-0.25,-0.13,-0.34
542.613,-0.37,-0.37,-0.20,-0.35
542.635,-0.31,-0.49,-0.25,-0.36
542.657,-0.19,-0.37,-0.26,-0.36
542.679,-0.19,-0.30,-0.25,-0.36
542.701,-0.23,-0.31,-0.26,-0.37
542.723,-0.13,-0.29,-0.21,-0.35
542.745,-0.23,-0.18,-0.19,-0.29
542.767,-0.17,-0.41,-0.19,-0.30
542.789,-0.26,-0.39,-0.20,-0.32
542.811,-0.14,-0.29,-0.19,-0.31
542.833,-0.14,-0.35,-0.19,-0.32
542.855,-0.30,-0.26,-0.20,-0.34
542.877,-0.22,-0.21,-0.21,-0.30
542.899,-0.26,-0.41,-0.21,-0.30
542.921,-0.08,-0.40,-0.20,-0.33
542.943,-0.19,-0.24,-0.21,-0.30
542.965,-0.46,-0.31,-0.24,-0.31
542.987,-0.33,-0.39,-0.26,-0.35
543.009,-0.07,-0.34,-0.23,-0.34
543.031,-0.12,-0.35,-0.23,-0.33
543.053,-0.24,-0.47,-0.24,-0.37
543.075,-0.25,-0.38,-0.20,-0.39
543.097,-0.23,-0.25,-0.18,-0.36
543.119,-0.25,-0.27,-0.22,-0.34
543.141,-0.14,-0.38,-0.22,-0.35
543.163,-0.10,-0.28,-0.19,-0.31
543.185,-0.16,-0.33,-0.18,-0.30
543.207,-0.18,-0.33,-0.17,-0.32
543.229,-0.06,-0.38,-0.13,-0.34
543.251,-0.22,-0.46,-0.14,-0.36
543.273,-0.21,-0.48,-0.17,-0.40
543.295,-0.31,-0.33,-0.20,-0.40
543.317,-0.24,-0.38,-0.21,-0.41
543.339,-0.16,-0.40,-0.23,-0.41
543.361,-0.26,-0.29,-0.24,-0.38
543.383,-0.19,-0.32,-0.23,-0.34
543.405,-0.14,-0.43,-0.20,-0.36
543.427,-0.16,-0.64,-0.18,-0.42
543.449,-0.20,-0.40,-0.19,-0.42
543.471,-0.26,-0.32,-0.19,-0.42
543.493,-0.30,-0.47,-0.21,-0.45
543.515,-0.25,-0.29,-0.23,-0.42
543.537,-0.21,-0.28,-0.24,-0.35
543.559,-0.11,-0.26,-0.23,-0.32
543.581,-0.32,-0.12,-0.24,-0.28
543.603,-0.19,-0.08,-0.22,-0.21
543.625,-0.22,-0.40,-0.21,-0.23
543.647,-0.27,-0.31,-0.22,-0.23
543.669,-0.29,-0.30,-0.26,-0.24
543.691,-0.16,-0.31,-0.23,-0.28
543.713,-0.19,-0.35,-0.23,-0.33
543.735,-0.18,-0.21,-0.22,-0.30
543.757,-0.03,-0.35,-0.17,-0.30
543.779,-0.11,-0.37,-0.13,-0.32
543.801,-0.13,-0.36,-0.13,-0.33
543.823,-0.23,-0.62,-0.14,-0.38
543.845,-0.28,-0.48,-0.16,-0.44
543.867,-0.40,-0.32,-0.23,-0.43
543.889,-0.39,-0.37,-0.29,-0.43
543.911,-0.36,-0.44,-0.33,-0.45
543.933,-0.19,-0.27,-0.32,-0.38
543.955,-0.26,-0.21,-0.32,-0.32
543.977,-0.29,-0.52,-0.30,-0.36
543.999,-0.22,-0.35,-0.26,-0.36
544.021,-0.21,-0.33,-0.23,-0.34
544.043,-0.22,-0.18,-0.24,-0.32
544.065,-0.32,-0.33,-0.25,-0.34
544.087,-0.14,-0.36,-0.22,-0.31
544.109,-0.16,-0.30,-0.21,-0.30
544.131,-0.14,-0.27,-0.20,-0.29
544.153,-0.16,-0.36,-0.18,-0.32
544.175,-0.13,-0.28,-0.15,-0.31
544.197,-0.18,-0.15,-0.15,-0.27
544.219,-0.13,-0.46,-0.15,-0.30
544.241,-0.07,-0.50,-0.13,-0.35
544.263,-0.11,-0.36,-0.12,-0.35
544.285,-0.29,-0.37,-0.16,-0.37
544.307,-0.23,-0.30,-0.17,-0.40
544.329,-0.26,-0.21,-0.19,-0.35
544.351,-0.25,-0.31,-0.23,-0.31
544.373,-0.15,-0.25,-0.24,-0.29
544.395,-0.15,-0.40,-0.21,-0.29
544.417,-0.23,-0.44,-0.21,-0.32
544.439,-0.27,-0.28,-0.21,-0.34
544.461,-0.27,-0.32,-0.21,-0.34
544.483,-0.29,-0.33,-0.24,-0.35
544.505,-0.30,-0.50,-0.27,-0.37
544.527,-0.33,-0.25,-0.29,-0.34
544.549,-0.27,-0.18,-0.29,-0.32
544.571,-0.26,-0.40,-0.29,-0.33
544.593,-0.35,-0.31,-0.30,-0.33
544.615,-0.32,-0.28,-0.31,-0.28
544.637,-0.21,-0.35,-0.28,-0.30
544.659,-0.28,-0.40,-0.28,-0.35
544.681,-0.17,-0.30,-0.27,-0.33
544.703,-0.24,-0.27,-0.24,-0.32
544.725,-0.09,-0.39,-0.20,-0.34
544.747,-0.15,-0.21,-0.19,-0.31
544.769,-0.23,-0.33,-0.18,-0.30
544.791,-0.17,-0.35,-0.18,-0.31
544.813,-0.28,-0.46,-0.18,-0.35
544.835,-0.16,-0.43,-0.20,-0.36
544.857,-0.19,-0.34,-0.21,-0.38
544.879,-0.29,-0.21,-0.22,-0.36
544.901,-0.40,-0.29,-0.26,-0.35
544.923,-0.31,-0.32,-0.27,-0.32
544.945,-0.30,-0.28,-0.30,-0.29
544.967,-0.11,-0.27,-0.28,-0.27
544.989,-0.23,-0.43,-0.27,-0.32
545.011,-0.19,-0.34,-0.23,-0.33
545.033,-0.06,-0.29,-0.18,-0.32
545.055,0.00,-0.28,-0.12,-0.32
545.077,-0.01,-0.26,-0.10,-0.32
545.099,0.03,-0.40,-0.05,-0.31
545.121,-0.06,-0.34,-0.02,-0.31
545.143,-0.12,-0.36,-0.03,-0.33
545.165,-0.13,-0.27,-0.06,-0.33
545.187,-0.02,-0.29,-0.06,-0.33
545.209,-0.16,-0.23,-0.10,-0.30
545.231,-0.24,-0.34,-0.13,-0.30
545.253,-0.21,-0.44,-0.15,-0.31
545.275,-0.16,-0.43,-0.16,-0.35
545.297,-0.29,-0.24,-0.21,-0.34
545.319,-0.16,-0.51,-0.21,-0.39
545.341,0.06,-0.45,-0.15,-0.41
545.363,0.02,-0.39,-0.11,-0.40
545.385,-0.11,-0.26,-0.10,-0.37
545.407,-0.19,-0.32,-0.08,-0.39
545.429,-0.13,-0.27,-0.07,-0.34
545.451,-0.27,-0.33,-0.14,-0.31
545.473,-0.15,-0.31,-0.17,-0.30
545.495,-0.29,-0.50,-0.21,-0.35
545.517,-0.09,-0.46,-0.19,-0.37
545.539,-0.24,-0.54,-0.21,-0.43
545.561,-0.24,-0.49,-0.20,-0.46
545.583,-0.10,-0.44,-0.19,-0.49
545.605,-0.04,-0.53,-0.14,-0.49
545.627,-0.08,-0.53,-0.14,-0.51
545.649,-0.03,-0.54,-0.10,-0.51
545.671,-0.01,-0.59,-0.05,-0.53
545.693,-0.02,-0.46,-0.04,-0.53
545.715,-0.20,-0.31,-0.07,-0.49
545.737,-0.17,-0.35,-0.09,-0.45
545.759,-0.29,-0.49,-0.14,-0.44
545.781,-0.16,-0.41,-0.17,-0.40
545.803,-0.18,-0.43,-0.20,-0.40
545.825,-0.11,-0.31,-0.18,-0.40
545.847,-0.20,-0.25,-0.19,-0.38
545.869,-0.16,-0.40,-0.16,-0.36
545.891,-0.11,-0.48,-0.15,-0.37
545.913,-0.13,-0.49,-0.14,-0.39
545.935,-0.22,-0.49,-0.16,-0.42
545.957,-0.28,-0.45,-0.18,-0.46
545.979,-0.33,-0.37,-0.21,-0.46
546.001,-0.42,-0.23,-0.28,-0.41
546.023,-0.21,-0.14,-0.29,-0.34
546.045,-0.29,-0.39,-0.31,-0.32
546.067,-0.20,-0.46,-0.29,-0.32
546.089,-0.30,-0.35,-0.28,-0.31
546.111,-0.20,-0.43,-0.24,-0.35
546.133,-0.11,-0.48,-0.22,-0.42
546.155,-0.14,-0.53,-0.19,-0.45
546.177,-0.24,-0.48,-0.20,-0.45
546.199,-0.14,-0.54,-0.17,-0.49
546.221,-0.06,-0.56,-0.14,-0.52
546.243,-0.17,-0.43,-0.15,-0.51
546.265,-0.16,-0.32,-0.15,-0.47
546.287,-0.21,-0.42,-0.15,-0.45
546.309,-0.11,-0.59,-0.14,-0.46
546.331,-0.16,-0.42,-0.16,-0.44
546.353,-0.29,-0.45,-0.19,-0.44
546.375,-0.19,-0.44,-0.19,-0.46
546.397,-0.23,-0.45,-0.20,-0.47
546.419,-0.15,-0.42,-0.20,-0.44
546.441,-0.04,-0.47,-0.18,-0.45
546.463,-0.14,-0.32,-0.15,-0.42
546.485,-0.10,-0.28,-0.13,-0.39
546.507,-0.11,-0.25,-0.11,-0.35
546.529,-0.23,-0.36,-0.12,-0.34
546.551,-0.07,-0.27,-0.13,-0.30
546.573,-0.08,-0.33,-0.12,-0.30
546.595,-0.05,-0.28,-0.11,-0.30
546.617,-0.24,-0.17,-0.13,-0.28
546.639,-0.13,-0.29,-0.11,-0.27
546.661,-0.15,-0.39,-0.13,-0.29
546.683,-0.24,-0.39,-0.16,-0.30
546.705,-0.12,-0.49,-0.18,-0.35
546.727,-0.04,-0.41,-0.14,-0.39
546.749,-0.28,-0.49,-0.17,-0.43
546.771,-0.27,-0.60,-0.19,-0.48
546.793,-0.13,-0.47,-0.17,-0.49
546.815,-0.03,-0.50,-0.15,-0.49
546.837,-0.15,-0.28,-0.17,-0.47
546.859,-0.15,-0.23,-0.15,-0.42
546.881,-0.10,-0.41,-0.11,-0.38
546.903,-0.30,-0.33,-0.15,-0.35
546.925,-0.21,-0.33,-0.18,-0.32
546.947,-0.17,-0.32,-0.19,-0.32
546.969,-0.25,-0.27,-0.21,-0.33
546.991,-0.37,-0.35,-0.26,-0.32
547.013,-0.30,-0.28,-0.26,-0.31
547.035,-0.22,-0.11,-0.26,-0.27
547.057,-0.30,-0.02,-0.29,-0.21
547.079,-0.22,-0.22,-0.28,-0.20
547.101,-0.16,-0.12,-0.24,-0.15
547.123,-0.12,-0.24,-0.20,-0.14
547.145,-0.15,-0.14,-0.19,-0.15
547.167,-0.09,-0.36,-0.15,-0.22
547.189,-0.18,-0.39,-0.14,-0.25
547.211,-0.34,-0.34,-0.18,-0.29
547.233,-0.27,-0.35,-0.21,-0.32
547.255,-0.35,-0.36,-0.25,-0.36
547.277,-0.39,-0.28,-0.31,-0.34
547.299,-0.39,-0.19,-0.35,-0.30
547.321,-0.21,-0.20,-0.32,-0.28
547.343,-0.16,-0.26,-0.30,-0.26
547.365,-0.26,-0.31,-0.28,-0.25
547.387,-0.20,-0.34,-0.24,-0.26
547.409,-0.16,-0.53,-0.20,-0.33
547.431,-0.11,-0.41,-0.18,-0.37
547.453,-0.06,-0.36,-0.16,-0.39
547.475,-0.15,-0.36,-0.14,-0.40
547.497,-0.08,-0.32,-0.11,-0.40
547.519,-0.09,-0.30,-0.10,-0.35
547.541,-0.17,-0.29,-0.11,-0.33
547.563,-0.14,-0.45,-0.13,-0.34
547.585,-0.08,-0.38,-0.11,-0.35
547.607,-0.19,-0.46,-0.13,-0.38
547.629,-0.19,-0.41,-0.15,-0.40
547.651,-0.13,-0.41,-0.15,-0.42
547.673,-0.17,-0.33,-0.15,-0.40
547.695,-0.08,-0.39,-0.15,-0.40
547.717,-0.14,-0.28,-0.14,-0.36
547.739,-0.08,-0.41,-0.12,-0.36
547.761,-0.11,-0.41,-0.12,-0.36
547.783,-0.17,-0.22,-0.12,-0.34
547.805,-0.17,-0.23,-0.13,-0.31
547.827,-0.20,-0.42,-0.15,-0.34
547.849,-0.18,-0.29,-0.17,-0.31
547.871,-0.19,-0.20,-0.18,-0.27
547.893,-0.02,-0.41,-0.15,-0.31
547.915,-0.28,-0.39,-0.17,-0.34
547.937,-0.41,-0.26,-0.22,-0.31
547.959,-0.16,-0.30,-0.21,-0.31
547.981,-0.11,-0.34,-0.20,-0.34
548.003,-0.24,-0.32,-0.24,-0.32
548.025,-0.27,-0.34,-0.24,-0.31
548.047,-0.24,-0.47,-0.20,-0.35
548.069,-0.23,-0.33,-0.22,-0.36
548.091,-0.28,-0.23,-0.25,-0.34
548.113,-0.24,-0.29,-0.25,-0.33
548.135,-0.24,-0.35,-0.25,-0.33
548.157,-0.17,-0.42,-0.23,-0.32
548.179,-0.12,-0.35,-0.21,-0.33
548.201,-0.13,-0.33,-0.18,-0.35
548.223,-0.22,-0.33,-0.18,-0.36
548.245,-0.26,-0.33,-0.18,-0.35
548.267,-0.23,-0.27,-0.19,-0.32
548.289,-0.24,-0.23,-0.22,-0.30
548.311,-0.12,-0.25,-0.21,-0.28
548.333,-0.09,-0.31,-0.19,-0.28
548.355,-0.04,-0.40,-0.14,-0.29
548.377,-0.04,-0.37,-0.11,-0.31
548.399,-0.07,-0.33,-0.07,-0.33
548.421,-0.10,-0.35,-0.07,-0.35
548.443,-0.26,-0.30,-0.10,-0.35
548.465,-0.23,-0.28,-0.14,-0.33
548.487,-0.18,-0.33,-0.17,-0.32
548.509,-0.10,-0.33,-0.17,-0.32
548.531,-0.06,-0.25,-0.17,-0.30
548.553,-0.04,-0.27,-0.12,-0.29
548.575,-0.12,-0.23,-0.10,-0.28
548.597,-0.23,-0.33,-0.11,-0.28
548.619,-0.11,-0.32,-0.11,-0.28
548.641,-0.14,-0.36,-0.13,-0.30
548.663,-0.11,-0.36,-0.14,-0.32
548.685,-0.27,-0.46,-0.17,-0.37
548.707,-0.25,-0.25,-0.18,-0.35
548.729,-0.29,-0.38,-0.21,-0.36
548.751,-0.27,-0.43,-0.24,-0.38
548.773,-0.25,-0.46,-0.27,-0.40
548.795,-0.38,-0.56,-0.29,-0.42
548.817,-0.23,-0.46,-0.28,-0.46
548.839,-0.33,-0.36,-0.29,-0.45
548.861,-0.21,-0.44,-0.28,-0.46
548.883,-0.15,-0.44,-0.26,-0.45
548.905,-0.22,-0.46,-0.23,-0.43
548.927,-0.33,-0.36,-0.25,-0.41
548.949,-0.39,-0.19,-0.26,-0.38
548.971,-0.17,-0.39,-0.25,-0.37
548.993,-0.27,-0.43,-0.28,-0.37
549.015,-0.19,-0.31,-0.27,-0.34
549.037,-0.21,-0.42,-0.25,-0.35
549.059,-0.23,-0.50,-0.21,-0.41
549.081,-0.32,-0.42,-0.24,-0.42
549.103,-0.32,-0.38,-0.25,-0.41
549.125,-0.47,-0.44,-0.31,-0.43
549.147,-0.43,-0.27,-0.35,-0.40
549.169,-0.38,-0.34,-0.38,-0.37
549.191,-0.50,-0.40,-0.42,-0.37
549.213,-0.30,-0.40,-0.42,-0.37
549.235,-0.37,-0.44,-0.40,-0.37
549.257,-0.26,-0.56,-0.36,-0.43
549.279,-0.29,-0.31,-0.34,-0.42
549.301,-0.38,-0.32,-0.32,-0.41
549.323,-0.40,-0.23,-0.34,-0.37
549.345,-0.40,-0.37,-0.35,-0.36
549.367,-0.23,-0.32,-0.34,-0.31
549.389,-0.34,-0.46,-0.35,-0.34
549.411,-0.22,-0.35,-0.32,-0.35
549.433,-0.18,-0.41,-0.27,-0.38
549.455,-0.24,-0.40,-0.24,-0.39
549.477,-0.13,-0.28,-0.22,-0.38
549.499,-0.11,-0.33,-0.18,-0.35
549.521,-0.18,-0.34,-0.17,-0.35
549.543,-0.13,-0.39,-0.16,-0.35
549.565,-0.10,-0.34,-0.13,-0.34
549.587,-0.21,-0.29,-0.15,-0.34
549.609,-0.13,-0.36,-0.15,-0.34
549.631,-0.13,-0.28,-0.14,-0.33
549.653,-0.08,-0.49,-0.13,-0.35
549.675,-0.06,-0.43,-0.12,-0.37
549.697,-0.06,-0.31,-0.09,-0.37
549.719,-0.21,-0.39,-0.11,-0.38
549.741,-0.21,-0.28,-0.12,-0.38
549.763,-0.12,-0.26,-0.13,-0.33
549.785,-0.21,-0.33,-0.16,-0.31
549.807,-0.18,-0.42,-0.19,-0.34
549.829,-0.12,-0.47,-0.17,-0.35
549.851,-0.18,-0.36,-0.16,-0.37
549.873,-0.17,-0.31,-0.17,-0.38
549.895,-0.10,-0.34,-0.15,-0.38
549.917,-0.18,-0.30,-0.15,-0.36
549.939,-0.38,-0.40,-0.20,-0.34
549.961,-0.22,-0.24,-0.21,-0.32
549.983,-0.33,-0.26,-0.24,-0.31
550.005,-0.34,-0.27,-0.29,-0.29
550.027,-0.37,-0.41,-0.33,-0.32
550.049,-0.26,-0.30,-0.30,-0.30
550.071,-0.07,-0.34,-0.27,-0.32
550.093,-0.27,-0.46,-0.26,-0.36
550.115,-0.36,-0.39,-0.27,-0.38
550.137,-0.32,-0.43,-0.26,-0.38
550.159,-0.24,-0.26,-0.25,-0.38
550.181,-0.14,-0.28,-0.27,-0.36
550.203,-0.11,-0.19,-0.23,-0.31
550.225,-0.29,-0.24,-0.22,-0.28
550.247,-0.28,-0.36,-0.21,-0.27
550.269,-0.22,-0.34,-0.21,-0.28
550.291,-0.15,-0.27,-0.21,-0.28
550.313,-0.23,-0.31,-0.23,-0.30
550.335,-0.26,-0.31,-0.23,-0.32
550.357,-0.29,-0.38,-0.23,-0.32
550.379,-0.25,-0.32,-0.24,-0.32
550.401,-0.11,-0.41,-0.23,-0.35
550.423,-0.18,-0.33,-0.22,-0.35
550.445,-0.26,-0.28,-0.22,-0.34
550.467,-0.32,-0.24,-0.22,-0.32
550.489,-0.28,-0.22,-0.23,-0.30
550.511,-0.27,-0.44,-0.26,-0.30
550.533,-0.19,-0.48,-0.26,-0.33
550.555,-0.16,-0.40,-0.24,-0.36
550.577,-0.21,-0.10,-0.22,-0.33
550.599,-0.16,-0.35,-0.20,-0.35
550.621,-0.18,-0.29,-0.18,-0.32
550.643,-0.21,-0.27,-0.18,-0.28
550.665,-0.27,-0.30,-0.21,-0.26
550.687,-0.06,-0.25,-0.18,-0.29
550.709,-0.12,-0.43,-0.17,-0.31
550.731,-0.17,-0.49,-0.17,-0.35
550.753,-0.21,-0.36,-0.17,-0.37
550.775,-0.22,-0.40,-0.16,-0.39
550.797,-0.25,-0.45,-0.19,-0.43
550.819,-0.17,-0.39,-0.20,-0.42
550.841,-0.15,-0.43,-0.20,-0.41
550.863,-0.29,-0.50,-0.22,-0.43
550.885,-0.27,-0.46,-0.23,-0.45
550.907,-0.24,-0.46,-0.22,-0.45
550.929,-0.22,-0.35,-0.23,-0.44
550.951,-0.21,-0.43,-0.25,-0.44
550.973,-0.18,-0.33,-0.22,-0.41
550.995,-0.26,-0.37,-0.22,-0.39
551.017,-0.23,-0.45,-0.22,-0.39
551.039,-0.11,-0.43,-0.20,-0.40
551.061,-0.25,-0.47,-0.21,-0.41
551.083,-0.17,-0.40,-0.20,-0.42
551.105,-0.27,-0.28,-0.21,-0.41
551.127,-0.23,-0.35,-0.21,-0.39
551.149,-0.08,-0.48,-0.20,-0.40
551.171,-0.11,-0.46,-0.17,-0.39
551.193,-0.10,-0.46,-0.16,-0.41
551.215,-0.07,-0.49,-0.12,-0.45
551.237,-0.14,-0.43,-0.10,-0.46
551.259,-0.22,-0.22,-0.13,-0.41
551.281,-0.33,-0.35,-0.17,-0.39
551.303,-0.32,-0.33,-0.22,-0.36
551.325,-0.31,-0.35,-0.26,-0.34
551.347,-0.32,-0.32,-0.30,-0.31
551.369,-0.34,-0.38,-0.32,-0.35
551.391,-0.19,-0.12,-0.30,-0.30
551.413,-0.25,-0.12,-0.28,-0.26
551.435,-0.16,-0.30,-0.25,-0.25
551.457,-0.08,-0.33,-0.20,-0.25
551.479,-0.02,-0.44,-0.14,-0.26
551.501,-0.08,-0.36,-0.12,-0.31
551.523,-0.27,-0.28,-0.12,-0.34
551.545,-0.11,-0.37,-0.11,-0.36
551.567,0.06,-0.31,-0.08,-0.35
551.589,-0.17,-0.38,-0.11,-0.34
551.611,-0.15,-0.35,-0.13,-0.34
551.633,-0.17,-0.23,-0.11,-0.33
551.655,-0.05,-0.23,-0.10,-0.30
551.677,0.16,-0.18,-0.08,-0.27
551.699,0.11,-0.39,-0.02,-0.28
551.721,-0.00,-0.34,0.01,-0.27
551.743,-0.07,-0.44,0.03,-0.32
551.765,-0.11,-0.32,0.02,-0.33
551.787,-0.14,-0.46,-0.04,-0.39
551.809,-0.23,-0.30,-0.11,-0.37
551.831,-0.25,-0.35,-0.16,-0.37
551.853,-0.18,-0.31,-0.18,-0.35
551.875,-0.19,-0.21,-0.20,-0.33
551.897,-0.23,-0.33,-0.22,-0.30
551.919,-0.13,-0.21,-0.20,-0.28
551.941,-0.31,-0.27,-0.21,-0.27
551.963,-0.31,-0.29,-0.23,-0.26
551.985,-0.23,-0.33,-0.24,-0.29
552.007,-0.39,-0.37,-0.27,-0.29
552.029,-0.22,-0.44,-0.29,-0.34
552.051,-0.18,-0.42,-0.27,-0.37
552.073,-0.21,-0.40,-0.25,-0.39
552.095,-0.22,-0.24,-0.24,-0.37
552.117,-0.22,-0.26,-0.21,-0.35
552.139,-0.19,-0.33,-0.20,-0.33
552.161,-0.16,-0.42,-0.20,-0.33
552.183,-0.20,-0.49,-0.20,-0.35
552.205,-0.32,-0.53,-0.22,-0.41
552.227,-0.17,-0.65,-0.21,-0.48
552.249,-0.14,-0.56,-0.20,-0.53
552.271,-0.13,-0.60,-0.19,-0.57
552.293,-0.24,-0.39,-0.20,-0.55
552.315,-0.15,-0.40,-0.17,-0.52
552.337,-0.14,-0.28,-0.16,-0.45
552.359,-0.17,-0.39,-0.17,-0.41
552.381,-0.19,-0.32,-0.18,-0.36
552.403,-0.09,-0.34,-0.15,-0.35
552.425,-0.07,-0.38,-0.13,-0.34
552.447,-0.07,-0.51,-0.12,-0.39
552.469,-0.26,-0.40,-0.14,-0.39
552.491,-0.17,-0.41,-0.13,-0.41
552.513,-0.24,-0.31,-0.16,-0.40
552.535,-0.19,-0.47,-0.19,-0.42
552.557,-0.15,-0.64,-0.20,-0.45
552.579,-0.14,-0.28,-0.18,-0.42
552.601,-0.19,-0.30,-0.18,-0.40
552.623,-0.12,-0.23,-0.16,-0.38
552.645,-0.16,-0.40,-0.15,-0.37
552.667,-0.08,-0.38,-0.14,-0.32
552.689,-0.02,-0.33,-0.11,-0.33
552.711,-0.21,-0.32,-0.12,-0.33
552.733,-0.13,-0.37,-0.12,-0.36
552.755,-0.28,-0.25,-0.14,-0.33
552.777,-0.32,-0.14,-0.19,-0.28
552.799,-0.27,-0.46,-0.24,-0.31
552.821,-0.33,-0.42,-0.27,-0.33
552.843,-0.40,-0.33,-0.32,-0.32
552.865,-0.40,-0.32,-0.34,-0.33
552.887,-0.41,-0.39,-0.36,-0.38
552.909,-0.32,-0.33,-0.37,-0.36
552.931,-0.27,-0.27,-0.36,-0.33
552.953,-0.43,-0.36,-0.37,-0.33
552.975,-0.37,-0.32,-0.36,-0.33
552.997,-0.39,-0.31,-0.36,-0.32
553.019,-0.29,-0.42,-0.35,-0.34
553.041,-0.27,-0.28,-0.35,-0.34
553.063,-0.22,-0.26,-0.31,-0.32
553.085,-0.12,-0.33,-0.26,-0.32
553.107,-0.01,-0.32,-0.18,-0.32
553.129,0.01,-0.44,-0.12,-0.33
553.151,-0.24,-0.35,-0.12,-0.34
553.173,-0.23,-0.36,-0.12,-0.36
553.195,-0.15,-0.45,-0.12,-0.38
553.217,-0.21,-0.32,-0.16,-0.38
553.239,-0.06,-0.34,-0.18,-0.36
553.261,-0.12,-0.26,-0.15,-0.35
553.283,-0.21,-0.23,-0.15,-0.32
553.305,-0.21,-0.33,-0.16,-0.30
553.327,-0.26,-0.35,-0.17,-0.30
553.349,-0.22,-0.41,-0.20,-0.32
553.371,-0.30,-0.47,-0.24,-0.36
553.393,-0.25,-0.50,-0.25,-0.41
553.415,-0.22,-0.37,-0.25,-0.42
553.437,-0.26,-0.31,-0.25,-0.41
553.459,-0.23,-0.24,-0.25,-0.38
553.481,-0.24,-0.22,-0.24,-0.33
553.503,-0.02,-0.27,-0.19,-0.28
553.525,-0.13,-0.36,-0.18,-0.28
553.547,-0.25,-0.27,-0.17,-0.27
553.569,-0.14,-0.41,-0.16,-0.31
553.591,-0.07,-0.36,-0.12,-0.33
553.613,-0.08,-0.38,-0.13,-0.36
553.635,-0.21,-0.33,-0.15,-0.35
553.657,-0.24,-0.26,-0.15,-0.35
553.679,-0.24,-0.41,-0.17,-0.35
553.701,-0.37,-0.42,-0.23,-0.36
553.723,-0.20,-0.42,-0.25,-0.37
553.745,-0.05,-0.47,-0.22,-0.40
553.767,-0.14,-0.59,-0.20,-0.46
553.789,-0.24,-0.29,-0.20,-0.44
553.811,-0.15,-0.34,-0.16,-0.42
553.833,-0.16,-0.32,-0.15,-0.40
553.855,-0.16,-0.27,-0.17,-0.36
553.877,-0.22,-0.32,-0.19,-0.31
553.899,-0.31,-0.21,-0.20,-0.29
553.921,-0.23,-0.29,-0.22,-0.28
553.943,-0.23,-0.30,-0.23,-0.28
553.965,-0.24,-0.19,-0.25,-0.26
553.987,-0.28,-0.37,-0.26,-0.27
554.009,-0.25,-0.37,-0.25,-0.30
554.031,-0.14,-0.33,-0.23,-0.31
554.053,-0.06,-0.30,-0.19,-0.31
554.075,-0.08,-0.36,-0.16,-0.35
554.097,-0.17,-0.22,-0.14,-0.32
554.119,-0.24,-0.29,-0.14,-0.30
554.141,-0.31,-0.22,-0.17,-0.28
554.163,-0.10,-0.08,-0.18,-0.23
554.185,-0.06,-0.12,-0.18,-0.19
554.207,-0.11,-0.17,-0.16,-0.18
554.229,-0.18,-0.23,-0.15,-0.16
554.251,-0.08,-0.35,-0.11,-0.19
554.273,-0.21,-0.37,-0.13,-0.25
554.295,-0.20,-0.15,-0.16,-0.25
554.317,-0.26,-0.09,-0.19,-0.24
554.339,-0.20,-0.08,-0.19,-0.21
554.361,-0.25,-0.08,-0.22,-0.15
554.383,-0.22,-0.23,-0.23,-0.13
554.405,-0.16,-0.22,-0.22,-0.14
554.427,-0.25,-0.40,-0.22,-0.20
554.449,-0.24,-0.39,-0.22,-0.26
554.471,-0.29,-0.37,-0.23,-0.32
554.493,-0.35,-0.13,-0.26,-0.30
554.515,-0.24,-0.22,-0.27,-0.30
554.537,-0.14,-0.27,-0.25,-0.28
554.559,-0.34,-0.37,-0.27,-0.27
554.581,-0.26,-0.28,-0.27,-0.25
554.603,-0.25,-0.23,-0.25,-0.27
554.625,-0.19,-0.24,-0.24,-0.28
554.647,-0.21,-0.42,-0.25,-0.31
554.669,-0.23,-0.43,-0.23,-0.32
554.691,-0.10,-0.26,-0.20,-0.32
554.713,-0.18,-0.36,-0.18,-0.34
554.735,-0.17,-0.29,-0.18,-0.35
554.757,-0.11,-0.20,-0.16,-0.31
554.779,-0.14,-0.25,-0.14,-0.27
554.801,-0.11,-0.31,-0.14,-0.28
554.823,-0.15,-0.52,-0.14,-0.31
554.845,-0.12,-0.50,-0.13,-0.36
554.867,-0.19,-0.49,-0.14,-0.41
554.889,-0.15,-0.51,-0.14,-0.47
554.911,-0.25,-0.46,-0.17,-0.50
554.933,-0.23,-0.38,-0.19,-0.47
554.955,-0.32,-0.24,-0.23,-0.42
554.977,-0.17,-0.25,-0.22,-0.37
554.999,-0.20,-0.53,-0.23,-0.37
555.021,-0.23,-0.41,-0.23,-0.36
555.043,-0.19,-0.30,-0.22,-0.35
555.065,-0.14,-0.45,-0.19,-0.39
555.087,-0.10,-0.28,-0.17,-0.39
555.109,-0.24,-0.36,-0.18,-0.36
555.131,-0.18,-0.30,-0.17,-0.34
555.153,-0.23,-0.28,-0.18,-0.33
555.175,-0.16,-0.29,-0.18,-0.30
555.197,-0.28,-0.40,-0.22,-0.33
555.219,-0.18,-0.18,-0.21,-0.29
555.241,-0.22,-0.21,-0.21,-0.27
555.263,-0.16,-0.18,-0.20,-0.25
555.285,-0.02,-0.30,-0.17,-0.25
555.307,-0.28,-0.32,-0.17,-0.24
555.329,-0.20,-0.34,-0.18,-0.27
555.351,-0.20,-0.45,-0.17,-0.32
555.373,-0.18,-0.31,-0.18,-0.34
555.395,-0.25,-0.34,-0.22,-0.35
555.417,-0.28,-0.23,-0.22,-0.33
555.439,-0.39,-0.38,-0.26,-0.34
555.461,-0.34,-0.43,-0.29,-0.34
555.483,-0.37,-0.41,-0.33,-0.36
555.505,-0.34,-0.36,-0.34,-0.36
555.527,-0.18,-0.39,-0.32,-0.39
555.549,-0.09,-0.34,-0.26,-0.39
555.571,-0.17,-0.39,-0.23,-0.38
555.593,-0.10,-0.38,-0.18,-0.37
555.615,-0.10,-0.34,-0.13,-0.37
555.637,-0.13,-0.23,-0.12,-0.34
555.659,-0.18,-0.24,-0.14,-0.32
555.681,-0.24,-0.29,-0.15,-0.30
555.703,-0.18,-0.30,-0.17,-0.28
555.725,-0.19,-0.36,-0.18,-0.28
555.747,-0.14,-0.28,-0.19,-0.29
555.769,-0.17,-0.42,-0.18,-0.33
555.791,-0.23,-0.38,-0.18,-0.35
555.813,-0.20,-0.37,-0.19,-0.36
555.835,-0.18,-0.42,-0.18,-0.37
555.857,-0.24,-0.29,-0.20,-0.38
555.879,-0.17,-0.21,-0.20,-0.33
555.901,-0.10,-0.23,-0.18,-0.30
555.923,-0.09,-0.36,-0.16,-0.30
555.945,-0.10,-0.34,-0.14,-0.29
555.967,-0.10,-0.37,-0.11,-0.30
555.989,-0.15,-0.51,-0.11,-0.36
556.011,-0.32,-0.36,-0.15,-0.39
556.033,-0.33,-0.41,-0.20,-0.40
556.055,-0.30,-0.30,-0.24,-0.39
556.077,-0.21,-0.32,-0.26,-0.38
556.099,-0.23,-0.48,-0.28,-0.37
556.121,-0.15,-0.49,-0.24,-0.40
556.143,-0.13,-0.22,-0.20,-0.36
556.165,-0.12,-0.27,-0.17,-0.36
556.187,-0.17,-0.23,-0.16,-0.34
556.209,-0.15,-0.24,-0.14,-0.29
556.231,-0.09,-0.17,-0.13,-0.23
556.253,-0.04,-0.10,-0.11,-0.20
556.275,-0.15,-0.11,-0.12,-0.17
556.297,-0.13,-0.26,-0.11,-0.18
556.319,-0.21,-0.31,-0.12,-0.19
556.341,-0.17,-0.32,-0.14,-0.22
556.363,-0.07,-0.26,-0.15,-0.25
556.385,-0.07,-0.19,-0.13,-0.27
556.407,-0.11,-0.29,-0.13,-0.27
556.429,-0.21,-0.26,-0.13,-0.26
556.451,-0.29,-0.24,-0.15,-0.25
556.473,-0.23,-0.34,-0.18,-0.26
556.495,-0.26,-0.41,-0.22,-0.31
556.517,-0.25,-0.41,-0.25,-0.33
556.539,-0.22,-0.35,-0.25,-0.35
556.561,-0.08,-0.35,-0.21,-0.37
556.583,-0.11,-0.46,-0.18,-0.40
556.605,-0.11,-0.43,-0.15,-0.40
556.627,-0.07,-0.28,-0.12,-0.37
556.649,-0.01,-0.31,-0.08,-0.37
556.671,-0.01,-0.37,-0.06,-0.37
556.693,0.01,-0.44,-0.04,-0.37
556.715,-0.01,-0.45,-0.02,-0.37
556.737,0.04,-0.32,0.00,-0.38
556.759,-0.15,-0.33,-0.02,-0.38
556.781,-0.18,-0.25,-0.06,-0.36
556.803,-0.13,-0.30,-0.09,-0.33
556.825,-0.20,-0.34,-0.12,-0.31
556.847,-0.20,-0.41,-0.17,-0.33
556.869,-0.17,-0.35,-0.18,-0.33
556.891,-0.26,-0.48,-0.19,-0.38
556.913,-0.24,-0.42,-0.21,-0.40
556.935,-0.20,-0.32,-0.21,-0.40
556.957,-0.30,-0.17,-0.23,-0.35
556.979,-0.29,-0.36,-0.26,-0.35
557.001,-0.32,-0.42,-0.27,-0.34
557.023,-0.37,-0.45,-0.30,-0.34
557.045,-0.20,-0.30,-0.30,-0.34
557.067,-0.11,-0.53,-0.26,-0.41
557.089,-0.08,-0.51,-0.22,-0.44
557.111,-0.26,-0.41,-0.20,-0.44
557.133,-0.25,-0.44,-0.18,-0.44
557.155,-0.25,-0.49,-0.19,-0.48
557.177,-0.35,-0.28,-0.24,-0.43
557.199,-0.32,-0.36,-0.29,-0.40
557.221,-0.13,-0.34,-0.26,-0.38
557.243,-0.35,-0.39,-0.28,-0.37
557.265,-0.20,-0.42,-0.27,-0.36
557.287,-0.27,-0.35,-0.25,-0.37
557.309,-0.14,-0.32,-0.22,-0.36
557.331,-0.22,-0.22,-0.24,-0.34
557.353,-0.24,-0.28,-0.21,-0.32
557.375,-0.24,-0.09,-0.22,-0.25
557.397,-0.28,-0.33,-0.22,-0.25
557.419,-0.07,-0.48,-0.21,-0.28
557.441,-0.19,-0.33,-0.20,-0.30
557.463,-0.23,-0.31,-0.20,-0.31
557.485,-0.07,-0.51,-0.17,-0.39
557.507,-0.01,-0.50,-0.11,-0.43
557.529,-0.17,-0.39,-0.13,-0.41
557.551,-0.28,-0.33,-0.15,-0.41
557.573,-0.27,-0.42,-0.16,-0.43
557.595,-0.02,-0.49,-0.15,-0.43
557.617,-0.15,-0.49,-0.18,-0.42
557.639,-0.22,-0.39,-0.19,-0.42
557.661,-0.29,-0.33,-0.19,-0.42
557.683,-0.34,-0.20,-0.20,-0.38
557.705,-0.27,-0.27,-0.25,-0.34
557.727,-0.19,-0.26,-0.26,-0.29
557.749,-0.18,-0.34,-0.25,-0.28
557.771,-0.33,-0.33,-0.26,-0.28
557.793,-0.25,-0.35,-0.24,-0.31
557.815,-0.34,-0.36,-0.26,-0.33
557.837,-0.29,-0.38,-0.28,-0.35
557.859,-0.22,-0.38,-0.29,-0.36
557.881,-0.01,-0.24,-0.22,-0.34
557.903,-0.21,-0.44,-0.21,-0.36
557.925,-0.12,-0.42,-0.17,-0.37
557.947,-0.17,-0.39,-0.15,-0.37
557.969,-0.11,-0.42,-0.12,-0.38
557.991,-0.22,-0.36,-0.17,-0.41
558.013,-0.23,-0.32,-0.17,-0.38
558.035,-0.33,-0.30,-0.21,-0.36
558.057,-0.44,-0.40,-0.27,-0.36
558.079,-0.41,-0.28,-0.33,-0.33
558.101,-0.32,-0.33,-0.35,-0.33
558.123,-0.40,-0.32,-0.38,-0.33
558.145,-0.22,-0.55,-0.36,-0.38
558.167,-0.28,-0.24,-0.33,-0.34
558.189,-0.21,-0.46,-0.29,-0.38
558.211,-0.25,-0.33,-0.27,-0.38
558.233,-0.21,-0.48,-0.23,-0.41
558.255,-0.26,-0.45,-0.24,-0.39
558.277,-0.18,-0.35,-0.22,-0.41
558.299,-0.12,-0.41,-0.20,-0.40
558.321,-0.19,-0.42,-0.19,-0.42
558.343,-0.21,-0.35,-0.19,-0.40
558.365,-0.25,-0.41,-0.19,-0.39
558.387,-0.25,-0.40,-0.20,-0.40
558.409,-0.27,-0.21,-0.23,-0.36
558.431,-0.28,-0.28,-0.25,-0.33
558.453,-0.12,-0.40,-0.23,-0.34
558.475,-0.23,-0.19,-0.23,-0.30
558.497,-0.27,-0.22,-0.23,-0.26
558.519,-0.09,-0.38,-0.20,-0.29
558.541,-0.15,-0.46,-0.17,-0.33
558.563,-0.15,-0.21,-0.18,-0.29
558.585,-0.16,-0.46,-0.16,-0.35
558.607,-0.25,-0.60,-0.16,-0.42
558.629,-0.16,-0.39,-0.17,-0.42
558.651,-0.33,-0.36,-0.21,-0.40
558.673,-0.34,-0.35,-0.25,-0.43
558.696,-0.23,-0.27,-0.26,-0.39
558.718,-0.44,-0.28,-0.30,-0.33
558.740,-0.32,-0.47,-0.33,-0.35
558.762,-0.25,-0.41,-0.32,-0.36
558.784,-0.33,-0.22,-0.31,-0.33
558.806,-0.18,-0.35,-0.30,-0.35
558.828,-0.18,-0.45,-0.25,-0.38
558.850,-0.22,-0.42,-0.23,-0.37
558.872,-0.04,-0.32,-0.19,-0.35
558.894,-0.06,-0.38,-0.14,-0.38
558.916,-0.02,-0.40,-0.10,-0.39
558.938,-0.18,-0.47,-0.10,-0.40
558.960,-0.30,-0.39,-0.12,-0.39
558.982,-0.33,-0.34,-0.18,-0.40
559.004,-0.25,-0.39,-0.22,-0.40
559.026,-0.26,-0.33,-0.26,-0.38
559.048,-0.26,-0.32,-0.28,-0.35
559.070,-0.25,-0.49,-0.27,-0.37
559.092,-0.16,-0.40,-0.24,-0.39
559.114,-0.17,-0.35,-0.22,-0.38
559.136,-0.09,-0.27,-0.19,-0.37
559.158,-0.10,-0.45,-0.15,-0.39
559.180,-0.03,-0.43,-0.11,-0.38
559.202,0.01,-0.33,-0.08,-0.37
559.224,-0.29,-0.40,-0.10,-0.38
559.246,-0.09,-0.39,-0.10,-0.40
559.268,-0.16,-0.27,-0.11,-0.36
559.290,-0.07,-0.23,-0.12,-0.32
559.312,-0.16,-0.17,-0.15,-0.29
559.334,-0.03,-0.29,-0.10,-0.27
559.356,0.06,-0.40,-0.07,-0.27
559.378,-0.14,-0.37,-0.07,-0.29
559.400,-0.18,-0.45,-0.09,-0.34
559.422,-0.17,-0.28,-0.09,-0.36
559.444,-0.16,-0.23,-0.12,-0.35
559.466,-0.07,-0.38,-0.14,-0.34
559.488,-0.15,-0.49,-0.15,-0.37
559.510,-0.17,-0.35,-0.14,-0.35
559.532,-0.27,-0.23,-0.16,-0.34
559.554,-0.26,-0.32,-0.18,-0.35
559.576,-0.19,-0.35,-0.21,-0.35
559.598,-0.12,-0.39,-0.20,-0.33
559.620,-0.22,-0.39,-0.21,-0.34
559.642,-0.23,-0.22,-0.20,-0.33
559.664,-0.33,-0.33,-0.22,-0.34
559.686,-0.38,-0.39,-0.26,-0.34
559.708,-0.22,-0.31,-0.28,-0.33
559.730,-0.12,-0.32,-0.26,-0.31
559.752,-0.18,-0.35,-0.25,-0.34
559.774,-0.19,-0.45,-0.22,-0.36
559.796,-0.30,-0.38,-0.20,-0.36
559.818,-0.12,-0.43,-0.18,-0.39
559.840,-0.08,-0.42,-0.17,-0.41
559.862,-0.06,-0.52,-0.15,-0.44
559.884,-0.11,-0.40,-0.13,-0.43
559.906,-0.24,-0.29,-0.12,-0.41
559.928,-0.21,-0.27,-0.14,-0.38
559.950,-0.26,-0.20,-0.18,-0.34
559.972,-0.23,-0.16,-0.21,-0.26
559.994,-0.18,-0.16,-0.22,-0.22
560.016,-0.28,-0.31,-0.23,-0.22
560.038,-0.18,-0.44,-0.23,-0.25
560.060,-0.20,-0.22,-0.21,-0.26
560.082,-0.08,-0.29,-0.18,-0.28
560.104,-0.10,-0.26,-0.17,-0.30
560.126,-0.09,-0.29,-0.13,-0.30
560.148,-0.14,-0.42,-0.12,-0.30
560.170,-0.16,-0.32,-0.11,-0.32
560.192,-0.11,-0.39,-0.12,-0.34
560.214,-0.06,-0.42,-0.11,-0.37
560.236,-0.15,-0.41,-0.12,-0.39
560.258,-0.19,-0.30,-0.13,-0.37
560.280,-0.18,-0.29,-0.14,-0.36
560.302,-0.07,-0.32,-0.13,-0.35
560.324,-0.11,-0.25,-0.14,-0.31
560.346,-0.14,-0.22,-0.14,-0.28
560.368,-0.07,-0.42,-0.11,-0.30
560.390,-0.22,-0.33,-0.12,-0.31
560.412,-0.31,-0.34,-0.17,-0.31
560.434,-0.26,-0.25,-0.20,-0.31
560.456,-0.26,-0.32,-0.22,-0.33
560.478,-0.26,-0.28,-0.26,-0.30
560.500,-0.20,-0.39,-0.26,-0.32
560.522,-0.26,-0.21,-0.25,-0.29
560.544,-0.33,-0.26,-0.26,-0.29
560.566,-0.21,-0.23,-0.25,-0.27
560.588,-0.41,-0.24,-0.28,-0.27
560.610,-0.18,-0.28,-0.28,-0.24
560.632,-0.21,-0.30,-0.27,-0.26
560.654,-0.20,-0.27,-0.24,-0.26
560.676,-0.18,-0.48,-0.24,-0.31
560.698,-0.10,-0.44,-0.17,-0.35
560.720,-0.28,-0.53,-0.19,-0.40
560.742,-0.25,-0.31,-0.20,-0.41
560.764,-0.12,-0.24,-0.19,-0.40
560.786,-0.20,-0.35,-0.19,-0.37
560.808,-0.15,-0.25,-0.20,-0.34
560.830,-0.31,-0.31,-0.21,-0.29
560.852,-0.21,-0.46,-0.20,-0.32
560.874,-0.12,-0.34,-0.20,-0.34
560.896,-0.26,-0.25,-0.21,-0.32
560.918,-0.22,-0.21,-0.22,-0.31
560.940,-0.11,-0.35,-0.18,-0.32
560.962,-0.04,-0.38,-0.15,-0.31
560.984,-0.03,-0.29,-0.13,-0.30
561.006,-0.01,-0.21,-0.08,-0.29
561.028,-0.14,-0.27,-0.07,-0.30
561.050,-0.01,-0.37,-0.05,-0.30
561.072,-0.04,-0.26,-0.05,-0.28
561.094,-0.12,-0.46,-0.06,-0.31
561.116,-0.41,-0.47,-0.14,-0.37
561.138,-0.33,-0.47,-0.18,-0.41
561.160,-0.29,-0.46,-0.24,-0.42
561.182,-0.21,-0.47,-0.27,-0.47
561.204,-0.09,-0.45,-0.27,-0.46
561.226,-0.12,-0.51,-0.21,-0.47
561.248,-0.13,-0.45,-0.17,-0.47
561.270,-0.22,-0.41,-0.15,-0.46
561.292,-0.10,-0.37,-0.13,-0.44
561.314,-0.06,-0.39,-0.13,-0.43
561.336,-0.17,-0.30,-0.14,-0.38
561.358,-0.12,-0.23,-0.13,-0.34
561.380,-0.24,-0.36,-0.14,-0.33
561.402,-0.35,-0.44,-0.19,-0.34
561.424,-0.07,-0.56,-0.19,-0.38
561.446,-0.34,-0.40,-0.22,-0.40
561.468,-0.27,-0.24,-0.25,-0.40
561.490,-0.26,-0.25,-0.26,-0.38
561.512,-0.29,-0.24,-0.25,-0.34
561.534,-0.13,-0.19,-0.26,-0.26
561.556,-0.20,-0.26,-0.23,-0.24
561.578,-0.20,-0.26,-0.22,-0.24
561.600,-0.16,-0.34,-0.20,-0.26
561.622,-0.26,-0.27,-0.19,-0.26
561.644,-0.26,-0.22,-0.22,-0.27
561.666,-0.24,-0.45,-0.22,-0.31
561.688,-0.19,-0.56,-0.22,-0.37
561.710,-0.15,-0.42,-0.22,-0.38
561.732,-0.08,-0.44,-0.18,-0.42
561.754,-0.21,-0.26,-0.17,-0.43
561.776,-0.22,-0.25,-0.17,-0.39
561.798,-0.26,-0.22,-0.18,-0.32
561.820,-0.12,-0.22,-0.18,-0.28
561.842,-0.25,-0.17,-0.21,-0.22
561.864,-0.14,-0.46,-0.20,-0.26
561.886,-0.11,-0.30,-0.18,-0.27
561.908,-0.17,-0.21,-0.16,-0.27
561.930,-0.14,-0.27,-0.16,-0.28
561.952,-0.12,-0.45,-0.14,-0.34
561.974,-0.07,-0.19,-0.12,-0.28
561.996,0.06,-0.23,-0.09,-0.27
562.018,-0.13,-0.44,-0.08,-0.32
562.040,-0.15,-0.36,-0.08,-0.33
562.062,-0.31,-0.41,-0.12,-0.33
562.084,-0.33,-0.44,-0.17,-0.38
562.106,-0.08,-0.37,-0.20,-0.40
562.128,-0.07,-0.53,-0.19,-0.42
562.150,-0.15,-0.43,-0.19,-0.44
562.172,-0.15,-0.41,-0.16,-0.44
562.194,-0.30,-0.39,-0.15,-0.43
562.216,-0.34,-0.52,-0.20,-0.46
562.238,-0.47,-0.56,-0.28,-0.46
562.260,-0.32,-0.49,-0.32,-0.47
562.282,-0.16,-0.48,-0.32,-0.49
562.304,-0.17,-0.35,-0.29,-0.48
562.326,-0.14,-0.39,-0.25,-0.45
562.348,-0.06,-0.38,-0.17,-0.42
562.370,-0.02,-0.42,-0.11,-0.40
562.392,-0.01,-0.32,-0.08,-0.37
562.414,0.02,-0.45,-0.04,-0.39
562.436,-0.02,-0.42,-0.02,-0.40
562.458,0.00,-0.38,-0.01,-0.40
562.480,-0.05,-0.36,-0.01,-0.39
562.502,-0.15,-0.41,-0.04,-0.40
562.524,-0.01,-0.47,-0.05,-0.41
562.546,-0.15,-0.32,-0.07,-0.39
562.568,-0.23,-0.30,-0.12,-0.37
562.590,-0.11,-0.26,-0.13,-0.35
562.612,-0.22,-0.34,-0.14,-0.34
562.634,-0.35,-0.36,-0.21,-0.32
562.656,-0.31,-0.32,-0.24,-0.32
562.678,-0.25,-0.14,-0.25,-0.28
562.700,-0.07,-0.32,-0.24,-0.30
562.722,-0.15,-0.32,-0.23,-0.29
562.744,-0.20,-0.38,-0.20,-0.30
562.766,-0.12,-0.48,-0.16,-0.33
562.788,-0.26,-0.52,-0.16,-0.40
562.810,-0.17,-0.40,-0.18,-0.42
562.832,-0.19,-0.41,-0.19,-0.44
562.854,-0.16,-0.32,-0.18,-0.43
562.876,-0.09,-0.27,-0.17,-0.38
562.898,-0.20,-0.07,-0.16,-0.29
562.920,-0.20,-0.34,-0.17,-0.28
562.942,-0.25,-0.13,-0.18,-0.23
562.964,-0.34,-0.31,-0.22,-0.22
562.986,-0.27,-0.34,-0.25,-0.24
563.008,-0.30,-0.22,-0.27,-0.27
563.030,-0.23,-0.17,-0.28,-0.23
563.052,-0.23,-0.28,-0.27,-0.26
563.074,-0.25,-0.19,-0.26,-0.24
563.096,-0.28,-0.25,-0.26,-0.22
563.118,-0.17,-0.22,-0.23,-0.22
563.140,-0.19,-0.07,-0.22,-0.20
563.162,-0.13,-0.07,-0.20,-0.16
563.184,-0.24,-0.42,-0.20,-0.21
563.206,-0.17,-0.08,-0.18,-0.17
563.228,-0.23,-0.17,-0.19,-0.16
563.250,-0.24,-0.37,-0.20,-0.22
563.272,-0.30,-0.37,-0.24,-0.28
563.294,-0.17,-0.32,-0.22,-0.26
563.316,-0.25,-0.39,-0.24,-0.32
563.338,-0.18,-0.36,-0.23,-0.36
563.360,-0.23,-0.55,-0.23,-0.40
563.382,-0.20,-0.46,-0.21,-0.42
563.404,-0.21,-0.42,-0.21,-0.44
563.426,-0.30,-0.30,-0.22,-0.42
563.448,-0.29,-0.40,-0.25,-0.43
563.470,-0.30,-0.33,-0.26,-0.38
563.492,-0.35,-0.40,-0.29,-0.37
563.514,-0.28,-0.35,-0.30,-0.36
563.536,-0.24,-0.34,-0.29,-0.36
563.558,-0.27,-0.38,-0.29,-0.36
563.580,-0.15,-0.27,-0.26,-0.35
563.602,-0.24,-0.25,-0.24,-0.32
563.624,-0.32,-0.32,-0.24,-0.31
563.646,-0.14,-0.40,-0.22,-0.32
563.668,-0.11,-0.39,-0.19,-0.33
563.690,-0.17,-0.41,-0.20,-0.35
563.712,-0.15,-0.37,-0.18,-0.38
563.734,-0.20,-0.52,-0.15,-0.42
563.756,-0.18,-0.54,-0.16,-0.45
563.778,-0.23,-0.37,-0.19,-0.44
563.800,-0.26,-0.33,-0.20,-0.43
563.822,-0.27,-0.44,-0.23,-0.44
563.844,-0.16,-0.38,-0.22,-0.41
563.866,-0.19,-0.39,-0.22,-0.38
563.888,-0.14,-0.41,-0.20,-0.39
563.910,-0.07,-0.32,-0.17,-0.39
563.932,-0.07,-0.41,-0.13,-0.38
563.954,-0.22,-0.30,-0.14,-0.37
563.976,-0.11,-0.22,-0.12,-0.33
563.998,-0.14,-0.25,-0.12,-0.30
564.020,-0.18,-0.31,-0.14,-0.30
564.042,-0.19,-0.39,-0.17,-0.29
564.064,-0.22,-0.35,-0.17,-0.30
564.086,-0.23,-0.31,-0.19,-0.32
564.108,-0.19,-0.40,-0.20,-0.35
564.130,-0.24,-0.29,-0.21,-0.35
564.152,-0.17,-0.33,-0.21,-0.34
564.174,-0.19,-0.48,-0.20,-0.36
564.196,-0.31,-0.47,-0.22,-0.39
564.218,-0.25,-0.45,-0.23,-0.40
564.240,-0.27,-0.40,-0.24,-0.43
564.262,-0.31,-0.29,-0.27,-0.42
564.284,-0.43,-0.27,-0.31,-0.38
564.306,-0.39,-0.33,-0.33,-0.35
564.328,-0.26,-0.16,-0.33,-0.29
564.350,-0.25,-0.31,-0.33,-0.27
564.372,-0.23,-0.32,-0.31,-0.28
564.394,-0.31,-0.22,-0.29,-0.27
564.416,-0.16,-0.30,-0.24,-0.26
564.438,-0.27,-0.36,-0.24,-0.30
564.460,-0.16,-0.28,-0.23,-0.30
564.482,-0.27,-0.26,-0.23,-0.28
564.504,-0.12,-0.20,-0.20,-0.28
564.526,-0.13,-0.25,-0.19,-0.27
564.548,-0.16,-0.31,-0.17,-0.26
564.570,-0.18,-0.19,-0.17,-0.24
564.592,-0.19,-0.29,-0.16,-0.25
564.614,-0.27,-0.28,-0.19,-0.26
564.636,-0.25,-0.35,-0.21,-0.28
564.658,-0.15,-0.38,-0.21,-0.30
564.680,-0.03,-0.27,-0.18,-0.31
564.702,-0.14,-0.46,-0.17,-0.35
564.724,-0.13,-0.22,-0.14,-0.34
564.746,-0.30,-0.14,-0.15,-0.29
564.768,-0.20,-0.34,-0.16,-0.29
564.790,-0.23,-0.10,-0.20,-0.25
564.812,-0.15,-0.34,-0.20,-0.23
564.834,-0.06,-0.35,-0.19,-0.25
564.856,-0.07,-0.44,-0.14,-0.31
564.878,-0.06,-0.37,-0.11,-0.32
564.900,-0.20,-0.19,-0.11,-0.34
564.922,-0.20,-0.24,-0.12,-0.32
564.944,-0.17,-0.26,-0.14,-0.30
564.966,-0.22,-0.29,-0.17,-0.27
564.988,-0.37,-0.44,-0.23,-0.28
565.010,-0.24,-0.51,-0.24,-0.35
565.032,-0.28,-0.54,-0.26,-0.41
565.054,-0.17,-0.50,-0.26,-0.46
565.076,-0.19,-0.55,-0.25,-0.51
565.098,-0.22,-0.48,-0.22,-0.52
565.120,-0.07,-0.54,-0.19,-0.52
565.142,-0.22,-0.39,-0.17,-0.49
565.164,-0.28,-0.33,-0.20,-0.46
565.186,-0.25,-0.27,-0.21,-0.40
565.208,-0.14,-0.24,-0.19,-0.35
565.230,-0.11,-0.35,-0.20,-0.32
565.252,-0.11,-0.32,-0.18,-0.30
565.274,-0.09,-0.30,-0.14,-0.30
565.296,-0.04,-0.36,-0.10,-0.31
565.318,-0.23,-0.22,-0.12,-0.31
565.340,-0.28,-0.27,-0.15,-0.29
565.362,-0.51,-0.37,-0.23,-0.30
565.384,-0.42,-0.37,-0.30,-0.32
565.406,-0.32,-0.49,-0.35,-0.34
565.428,-0.20,-0.43,-0.35,-0.39
565.450,-0.03,-0.31,-0.30,-0.39
565.472,-0.17,-0.41,-0.23,-0.40
565.494,-0.18,-0.26,-0.18,-0.38
565.516,-0.22,-0.29,-0.16,-0.34
565.538,-0.18,-0.27,-0.16,-0.31
565.560,-0.20,-0.20,-0.19,-0.29
565.582,-0.30,-0.28,-0.22,-0.26
565.604,-0.31,-0.36,-0.24,-0.28
565.626,-0.22,-0.37,-0.24,-0.30
565.648,-0.12,-0.22,-0.23,-0.29
565.670,-0.01,-0.19,-0.19,-0.28
565.692,-0.04,-0.20,-0.14,-0.27
565.714,-0.09,-0.11,-0.10,-0.22
565.736,-0.20,-0.33,-0.09,-0.21
565.758,-0.07,-0.25,-0.08,-0.22
565.780,-0.06,-0.40,-0.09,-0.26
565.802,-0.06,-0.32,-0.10,-0.28
565.824,-0.13,-0.17,-0.10,-0.29
565.846,-0.24,-0.35,-0.11,-0.30
565.868,-0.12,-0.38,-0.12,-0.32
565.890,-0.24,-0.32,-0.16,-0.31
565.912,-0.24,-0.30,-0.19,-0.30
565.934,-0.29,-0.36,-0.23,-0.34
565.956,-0.30,-0.26,-0.24,-0.32
565.978,-0.14,-0.30,-0.24,-0.31
566.000,-0.21,-0.24,-0.24,-0.29
566.022,-0.01,-0.32,-0.19,-0.30
566.044,-0.04,-0.32,-0.14,-0.29
566.066,-0.06,-0.28,-0.09,-0.29
566.088,-0.16,-0.38,-0.10,-0.31
566.110,-0.16,-0.31,-0.09,-0.32
566.132,-0.03,-0.41,-0.09,-0.34
566.154,-0.04,-0.48,-0.09,-0.37
566.176,-0.02,-0.45,-0.08,-0.41
566.198,-0.02,-0.29,-0.05,-0.39
566.220,-0.13,-0.42,-0.05,-0.41
566.242,-0.15,-0.25,-0.07,-0.38
566.264,-0.14,-0.28,-0.09,-0.34
566.286,-0.13,-0.41,-0.11,-0.33
566.308,-0.13,-0.41,-0.14,-0.35
566.330,-0.28,-0.30,-0.17,-0.33
566.352,-0.35,-0.28,-0.21,-0.34
566.374,-0.28,-0.34,-0.23,-0.35
566.396,-0.30,-0.34,-0.27,-0.33
566.418,-0.37,-0.37,-0.32,-0.33
566.440,-0.26,-0.36,-0.31,-0.34
566.462,-0.19,-0.24,-0.28,-0.33
566.484,-0.20,-0.34,-0.26,-0.33
566.506,-0.15,-0.52,-0.23,-0.37
566.528,-0.20,-0.41,-0.20,-0.37
566.550,0.00,-0.39,-0.15,-0.38
566.572,-0.19,-0.44,-0.15,-0.42
566.594,-0.19,-0.53,-0.15,-0.46
566.616,-0.05,-0.33,-0.13,-0.42
566.638,-0.28,-0.43,-0.14,-0.42
566.660,-0.33,-0.35,-0.21,-0.42
566.682,-0.21,-0.28,-0.21,-0.38
566.704,-0.07,-0.43,-0.19,-0.36
566.726,-0.36,-0.33,-0.25,-0.36
566.748,-0.30,-0.30,-0.25,-0.34
566.770,-0.28,-0.35,-0.24,-0.34
566.792,-0.34,-0.29,-0.27,-0.34
566.814,-0.11,-0.35,-0.28,-0.32
566.836,-0.12,-0.54,-0.23,-0.37
566.858,-0.26,-0.40,-0.22,-0.39
566.880,-0.39,-0.36,-0.24,-0.39
566.902,-0.34,-0.39,-0.24,-0.41
566.924,-0.36,-0.36,-0.29,-0.41
566.946,-0.17,-0.34,-0.30,-0.37
566.968,-0.29,-0.47,-0.31,-0.38
566.990,-0.28,-0.47,-0.29,-0.41
567.012,-0.26,-0.27,-0.27,-0.38
567.034,-0.08,-0.26,-0.22,-0.36
567.056,-0.05,-0.24,-0.19,-0.34
567.078,-0.06,-0.35,-0.15,-0.32
567.100,-0.07,-0.33,-0.10,-0.29
567.122,-0.11,-0.38,-0.07,-0.31
567.144,-0.17,-0.41,-0.09,-0.34
567.166,-0.07,-0.45,-0.10,-0.38
567.188,-0.11,-0.41,-0.11,-0.40
567.210,-0.01,-0.28,-0.09,-0.39
567.232,-0.19,-0.30,-0.11,-0.37
567.254,-0.28,-0.29,-0.13,-0.35
567.276,-0.25,-0.38,-0.17,-0.33
567.298,-0.14,-0.37,-0.17,-0.32
567.320,-0.19,-0.38,-0.21,-0.34
567.342,-0.13,-0.37,-0.20,-0.36
567.364,-0.10,-0.45,-0.16,-0.39
567.386,-0.14,-0.25,-0.14,-0.36
567.408,-0.25,-0.33,-0.16,-0.36
567.430,-0.28,-0.36,-0.18,-0.35
567.452,-0.25,-0.30,-0.20,-0.34
567.474,-0.14,-0.42,-0.21,-0.33
567.496,-0.13,-0.21,-0.21,-0.32
567.518,-0.07,-0.32,-0.17,-0.32
567.540,-0.25,-0.18,-0.17,-0.29
567.562,-0.23,-0.35,-0.16,-0.30
567.584,-0.18,-0.13,-0.17,-0.24
567.606,-0.10,-0.44,-0.17,-0.28
567.628,-0.12,-0.39,-0.18,-0.30
567.650,-0.12,-0.33,-0.15,-0.33
567.672,-0.21,-0.39,-0.15,-0.34
567.694,-0.29,-0.31,-0.17,-0.37
567.716,-0.21,-0.25,-0.19,-0.33
567.738,-0.23,-0.21,-0.21,-0.30
567.760,-0.30,-0.34,-0.25,-0.30
567.782,-0.35,-0.26,-0.28,-0.27
567.804,-0.39,-0.34,-0.30,-0.28
567.826,-0.34,-0.36,-0.32,-0.30
567.848,-0.38,-0.31,-0.35,-0.32
567.870,-0.16,-0.35,-0.32,-0.32
567.892,0.07,-0.21,-0.24,-0.31
567.914,-0.10,-0.31,-0.18,-0.31
567.936,-0.05,-0.38,-0.12,-0.31
567.958,-0.07,-0.40,-0.06,-0.33
567.980,-0.15,-0.57,-0.06,-0.37
568.002,-0.17,-0.31,-0.11,-0.39
568.024,-0.19,-0.34,-0.13,-0.40
568.046,-0.19,-0.35,-0.15,-0.39
568.068,-0.12,-0.35,-0.16,-0.38
568.090,-0.20,-0.26,-0.17,-0.32
568.112,-0.19,-0.18,-0.18,-0.30
568.134,-0.29,-0.23,-0.20,-0.27
568.156,-0.29,-0.41,-0.22,-0.29
568.178,-0.35,-0.28,-0.26,-0.27
568.200,-0.25,-0.35,-0.27,-0.29
568.222,-0.31,-0.43,-0.30,-0.34
568.244,-0.15,-0.33,-0.27,-0.36
568.266,-0.16,-0.38,-0.24,-0.35
568.288,-0.10,-0.28,-0.19,-0.35
568.310,-0.11,-0.26,-0.17,-0.34
568.332,0.02,-0.20,-0.10,-0.29
568.354,-0.14,-0.20,-0.10,-0.26
568.376,-0.08,-0.21,-0.08,-0.23
568.398,-0.14,-0.25,-0.09,-0.22
568.420,-0.15,-0.32,-0.10,-0.24
568.442,-0.18,-0.26,-0.14,-0.25
568.464,-0.21,-0.24,-0.15,-0.26
568.486,-0.04,-0.36,-0.14,-0.29
568.508,-0.13,-0.38,-0.14,-0.31
568.530,-0.24,-0.27,-0.16,-0.30
568.552,-0.21,-0.46,-0.17,-0.34
568.574,-0.20,-0.46,-0.16,-0.39
568.596,-0.15,-0.38,-0.19,-0.39
568.618,-0.20,-0.33,-0.20,-0.38
568.640,-0.21,-0.39,-0.19,-0.40
568.662,-0.13,-0.35,-0.18,-0.38
568.684,-0.26,-0.45,-0.19,-0.38
568.706,-0.25,-0.35,-0.21,-0.37
568.728,-0.20,-0.44,-0.21,-0.40
568.750,-0.19,-0.38,-0.21,-0.39
568.772,-0.17,-0.32,-0.21,-0.39
568.794,-0.15,-0.31,-0.19,-0.36
568.816,-0.14,-0.29,-0.17,-0.35
568.838,-0.34,-0.43,-0.20,-0.35
568.860,-0.41,-0.22,-0.24,-0.31
568.882,-0.23,-0.30,-0.25,-0.31
568.904,-0.30,-0.46,-0.28,-0.34
568.926,-0.19,-0.31,-0.29,-0.34
568.948,-0.13,-0.31,-0.25,-0.32
568.970,-0.26,-0.43,-0.22,-0.36
568.992,-0.10,-0.38,-0.20,-0.38
569.014,-0.13,-0.27,-0.16,-0.34
569.036,-0.17,-0.45,-0.16,-0.37
569.058,-0.15,-0.30,-0.16,-0.37
569.080,-0.12,-0.14,-0.13,-0.31
569.102,-0.16,-0.17,-0.15,-0.27
569.124,-0.12,-0.24,-0.14,-0.26
569.146,-0.13,-0.08,-0.14,-0.19
569.168,-0.21,-0.22,-0.15,-0.17
569.190,-0.35,-0.37,-0.19,-0.22
569.212,-0.32,-0.35,-0.23,-0.25
569.234,-0.42,-0.31,-0.29,-0.27
569.256,-0.43,-0.41,-0.35,-0.33
569.278,-0.24,-0.52,-0.35,-0.39
569.300,-0.27,-0.35,-0.34,-0.39
569.322,-0.22,-0.29,-0.32,-0.38
569.344,-0.34,-0.34,-0.30,-0.38
569.366,-0.31,-0.35,-0.28,-0.37
569.388,-0.16,-0.50,-0.26,-0.37
569.410,-0.12,-0.41,-0.23,-0.38
569.432,-0.16,-0.36,-0.22,-0.39
569.454,-0.12,-0.48,-0.17,-0.42
569.476,-0.11,-0.44,-0.13,-0.44
569.498,0.04,-0.39,-0.09,-0.42
569.520,-0.01,-0.40,-0.07,-0.41
569.542,-0.22,-0.42,-0.08,-0.43
569.564,-0.23,-0.37,-0.11,-0.40
569.586,-0.31,-0.41,-0.15,-0.40
569.608,-0.34,-0.38,-0.22,-0.40
569.630,-0.17,-0.32,-0.25,-0.38
569.652,-0.22,-0.56,-0.25,-0.41
569.674,-0.16,-0.35,-0.24,-0.40
569.696,-0.14,-0.44,-0.21,-0.41
569.718,-0.14,-0.42,-0.17,-0.42
569.740,-0.08,-0.58,-0.15,-0.47
569.762,-0.11,-0.52,-0.13,-0.46
569.784,-0.30,-0.33,-0.15,-0.46
569.806,-0.27,-0.29,-0.18,-0.43
569.828,-0.36,-0.27,-0.22,-0.40
569.850,-0.31,-0.23,-0.27,-0.33
569.872,-0.27,-0.18,-0.30,-0.26
569.894,-0.27,-0.40,-0.30,-0.27
569.916,-0.29,-0.34,-0.30,-0.28
569.938,-0.35,-0.44,-0.30,-0.32
569.960,-0.28,-0.36,-0.29,-0.34
569.982,-0.33,-0.17,-0.30,-0.34
570.004,-0.38,-0.23,-0.33,-0.31
570.026,-0.31,-0.22,-0.33,-0.28
570.048,-0.29,-0.21,-0.32,-0.24
570.070,-0.18,-0.32,-0.30,-0.23
570.092,-0.30,-0.32,-0.29,-0.26
570.114,-0.31,-0.29,-0.28,-0.27
570.136,-0.41,-0.31,-0.30,-0.29
570.158,-0.28,-0.31,-0.30,-0.31
570.180,-0.27,-0.25,-0.31,-0.30
570.202,-0.33,-0.46,-0.32,-0.32
570.224,-0.28,-0.20,-0.31,-0.31
570.246,-0.28,-0.46,-0.29,-0.34
570.268,-0.18,-0.31,-0.27,-0.34
570.290,-0.27,-0.30,-0.27,-0.35
570.312,-0.20,-0.40,-0.24,-0.33
570.334,-0.07,-0.55,-0.20,-0.40
570.356,-0.10,-0.55,-0.16,-0.42
570.378,-0.12,-0.51,-0.15,-0.46
570.400,-0.09,-0.38,-0.12,-0.48
570.422,-0.15,-0.39,-0.11,-0.48
570.444,-0.23,-0.26,-0.14,-0.42
570.466,-0.17,-0.42,-0.15,-0.39
570.488,-0.16,-0.24,-0.16,-0.34
570.510,-0.13,-0.11,-0.17,-0.28
570.532,-0.07,-0.33,-0.15,-0.27
570.554,-0.21,-0.33,-0.15,-0.29
570.576,-0.01,-0.45,-0.12,-0.29
570.598,-0.13,-0.38,-0.11,-0.32
570.620,-0.09,-0.41,-0.10,-0.38
570.642,0.00,-0.50,-0.09,-0.41
570.664,-0.10,-0.60,-0.07,-0.47
570.686,-0.12,-0.38,-0.09,-0.45
570.708,-0.05,-0.45,-0.07,-0.47
570.730,-0.23,-0.47,-0.10,-0.48
570.752,-0.42,-0.44,-0.18,-0.47
570.774,-0.38,-0.42,-0.24,-0.43
570.796,-0.29,-0.30,-0.27,-0.42
570.818,-0.24,-0.26,-0.31,-0.38
570.840,-0.19,-0.39,-0.30,-0.36
570.862,-0.16,-0.26,-0.25,-0.33
570.884,-0.32,-0.33,-0.24,-0.31
570.906,-0.22,-0.39,-0.23,-0.33
570.928,-0.23,-0.49,-0.22,-0.37
570.950,-0.24,-0.58,-0.23,-0.41
570.972,-0.29,-0.44,-0.26,-0.45
570.994,-0.30,-0.35,-0.26,-0.45
571.016,-0.35,-0.25,-0.28,-0.42
571.038,-0.30,-0.12,-0.30,-0.35
571.060,-0.33,-0.21,-0.31,-0.27
571.082,-0.21,-0.27,-0.30,-0.24
571.104,-0.01,-0.45,-0.24,-0.26
571.126,-0.19,-0.45,-0.21,-0.30
571.148,-0.17,-0.21,-0.18,-0.32
571.170,-0.20,-0.28,-0.16,-0.33
571.192,-0.06,-0.29,-0.13,-0.34
571.214,-0.19,-0.28,-0.16,-0.30
571.236,-0.26,-0.44,-0.18,-0.30
571.258,-0.25,-0.44,-0.19,-0.35
571.280,-0.08,-0.48,-0.17,-0.39
571.302,-0.27,-0.53,-0.21,-0.43
571.324,-0.19,-0.48,-0.21,-0.47
571.346,-0.09,-0.45,-0.18,-0.48
571.368,-0.19,-0.46,-0.16,-0.48
571.390,-0.18,-0.44,-0.18,-0.47
571.412,-0.23,-0.51,-0.18,-0.47
571.434,-0.28,-0.40,-0.19,-0.45
571.456,-0.15,-0.39,-0.21,-0.44
571.478,-0.06,-0.42,-0.18,-0.43
571.500,-0.07,-0.27,-0.16,-0.40
571.522,-0.11,-0.17,-0.13,-0.33
571.544,-0.14,-0.43,-0.11,-0.34
571.566,-0.10,-0.36,-0.10,-0.33
571.588,-0.01,-0.49,-0.09,-0.34
571.610,-0.20,-0.39,-0.11,-0.37
571.632,-0.14,-0.43,-0.12,-0.42
571.654,-0.15,-0.32,-0.12,-0.40
571.676,-0.15,-0.39,-0.13,-0.40
571.698,-0.07,-0.25,-0.14,-0.36
571.720,-0.03,-0.32,-0.11,-0.34
571.742,-0.09,-0.32,-0.10,-0.32
571.764,-0.06,-0.37,-0.08,-0.33
571.786,-0.06,-0.29,-0.06,-0.31
571.808,-0.13,-0.37,-0.07,-0.33
571.830,-0.19,-0.49,-0.11,-0.37
571.852,-0.14,-0.37,-0.12,-0.38
571.874,-0.25,-0.30,-0.15,-0.36
571.896,-0.16,-0.42,-0.17,-0.39
571.918,-0.27,-0.18,-0.20,-0.35
571.940,-0.24,-0.21,-0.21,-0.30
571.962,-0.26,-0.28,-0.24,-0.28
571.984,-0.17,-0.26,-0.22,-0.27
572.006,-0.22,-0.41,-0.23,-0.27
572.028,-0.15,-0.54,-0.21,-0.34
572.050,-0.09,-0.33,-0.18,-0.36
572.072,-0.24,-0.35,-0.17,-0.38
572.094,-0.13,-0.36,-0.17,-0.40
572.116,-0.05,-0.36,-0.13,-0.39
572.138,-0.07,-0.48,-0.12,-0.38
572.160,-0.17,-0.58,-0.13,-0.43
572.182,-0.33,-0.42,-0.15,-0.44
572.204,-0.36,-0.40,-0.20,-0.45
572.226,-0.26,-0.28,-0.24,-0.43
572.248,-0.27,-0.23,-0.28,-0.38
572.270,-0.25,-0.31,-0.29,-0.33
572.292,-0.28,-0.34,-0.28,-0.31
572.314,-0.19,-0.34,-0.25,-0.30
572.336,-0.08,-0.19,-0.21,-0.28
572.358,-0.12,-0.36,-0.18,-0.31
572.380,-0.10,-0.35,-0.15,-0.32
572.402,-0.28,-0.24,-0.15,-0.30
572.424,-0.24,-0.18,-0.16,-0.26
572.446,-0.23,-0.29,-0.19,-0.28
572.468,-0.21,-0.33,-0.21,-0.28
572.490,-0.28,-0.49,-0.25,-0.31
572.512,-0.17,-0.29,-0.23,-0.32
572.534,-0.21,-0.37,-0.22,-0.35
572.556,-0.19,-0.37,-0.21,-0.37
572.578,-0.33,-0.23,-0.24,-0.35
572.600,-0.28,-0.23,-0.24,-0.30
572.622,-0.21,-0.24,-0.24,-0.29
572.644,-0.12,-0.29,-0.23,-0.27
572.666,-0.13,-0.33,-0.21,-0.26
572.688,-0.14,-0.25,-0.18,-0.27
572.710,-0.14,-0.25,-0.15,-0.27
572.732,-0.16,-0.35,-0.14,-0.29
572.754,0.08,-0.17,-0.10,-0.27
572.776,-0.02,-0.38,-0.08,-0.28
572.798,-0.20,-0.16,-0.09,-0.26
572.820,-0.20,-0.14,-0.10,-0.24
572.842,-0.09,-0.43,-0.09,-0.26
572.864,-0.22,-0.42,-0.15,-0.31
572.886,-0.26,-0.33,-0.19,-0.30
572.908,-0.27,-0.47,-0.21,-0.36
572.930,-0.14,-0.42,-0.20,-0.41
572.952,0.03,-0.37,-0.17,-0.40
572.974,-0.02,-0.28,-0.13,-0.37
572.996,-0.27,-0.39,-0.13,-0.39
573.018,-0.37,-0.46,-0.15,-0.38
573.040,-0.40,-0.37,-0.21,-0.37
573.062,-0.16,-0.32,-0.24,-0.36
573.084,-0.13,-0.30,-0.27,-0.37
573.106,-0.21,-0.40,-0.25,-0.37
573.128,-0.28,-0.30,-0.24,-0.34
573.150,-0.22,-0.29,-0.20,-0.32
573.172,-0.29,-0.22,-0.23,-0.30
573.194,-0.26,-0.50,-0.25,-0.34
573.216,-0.35,-0.36,-0.28,-0.33
573.238,-0.40,-0.39,-0.30,-0.35
573.260,-0.33,-0.43,-0.33,-0.38
573.282,-0.38,-0.33,-0.34,-0.40
573.304,-0.25,-0.23,-0.34,-0.35
573.326,-0.26,-0.48,-0.32,-0.37
573.348,-0.18,-0.34,-0.28,-0.36
573.370,-0.27,-0.44,-0.27,-0.36
573.392,-0.22,-0.35,-0.24,-0.37
573.414,-0.33,-0.34,-0.25,-0.39
573.436,-0.24,-0.34,-0.25,-0.36
573.458,-0.30,-0.37,-0.27,-0.37
573.480,-0.20,-0.45,-0.26,-0.37
573.502,-0.15,-0.49,-0.24,-0.40
573.524,-0.11,-0.52,-0.20,-0.43
573.546,-0.21,-0.22,-0.19,-0.41
573.568,-0.23,-0.22,-0.18,-0.38
573.590,-0.14,-0.32,-0.17,-0.35
573.612,-0.16,-0.25,-0.17,-0.31
573.634,-0.19,-0.33,-0.19,-0.27
573.656,-0.25,-0.28,-0.19,-0.28
573.678,-0.37,-0.21,-0.22,-0.28
573.700,-0.29,-0.28,-0.25,-0.27
573.722,-0.19,-0.28,-0.26,-0.28
573.744,-0.14,-0.30,-0.25,-0.27
573.766,-0.26,-0.29,-0.25,-0.27
573.788,-0.26,-0.18,-0.23,-0.27
573.810,-0.26,-0.27,-0.22,-0.26
573.832,-0.36,-0.41,-0.26,-0.29
573.854,-0.24,-0.41,-0.28,-0.31
573.876,-0.21,-0.36,-0.27,-0.33
573.898,-0.14,-0.34,-0.24,-0.36
573.920,-0.21,-0.26,-0.23,-0.36
573.942,-0.08,-0.25,-0.18,-0.32
573.964,-0.12,-0.40,-0.15,-0.32
573.986,-0.16,-0.43,-0.14,-0.34
574.008,-0.23,-0.41,-0.16,-0.35
574.030,-0.19,-0.30,-0.16,-0.36
574.052,-0.28,-0.44,-0.20,-0.40
574.074,-0.11,-0.37,-0.19,-0.39
574.096,-0.11,-0.42,-0.18,-0.39
574.118,-0.19,-0.65,-0.18,-0.44
574.140,-0.24,-0.52,-0.19,-0.48
574.162,-0.32,-0.34,-0.19,-0.46
574.184,-0.15,-0.27,-0.20,-0.44
574.206,-0.22,-0.24,-0.22,-0.40
574.228,-0.19,-0.37,-0.22,-0.35
574.250,-0.17,-0.38,-0.21,-0.32
574.272,-0.39,-0.43,-0.22,-0.34
574.294,-0.34,-0.41,-0.26,-0.37
574.316,-0.20,-0.52,-0.26,-0.42
574.338,-0.21,-0.36,-0.26,-0.42
574.360,-0.01,-0.32,-0.23,-0.41
574.382,-0.13,-0.41,-0.18,-0.40
574.404,-0.17,-0.43,-0.14,-0.41
574.426,-0.16,-0.48,-0.14,-0.40
574.448,-0.20,-0.43,-0.13,-0.41
574.470,-0.26,-0.28,-0.18,-0.41
574.492,-0.37,-0.40,-0.23,-0.40
574.514,-0.18,-0.37,-0.23,-0.39
574.536,-0.10,-0.30,-0.22,-0.36
574.558,-0.23,-0.39,-0.23,-0.35
574.580,-0.28,-0.29,-0.23,-0.35
574.602,-0.24,-0.22,-0.21,-0.31
574.624,-0.09,-0.39,-0.19,-0.32
574.646,0.07,-0.31,-0.15,-0.32
574.668,-0.12,-0.29,-0.13,-0.30
574.690,-0.24,-0.33,-0.12,-0.31
574.712,-0.16,-0.31,-0.11,-0.33
574.734,-0.18,-0.30,-0.13,-0.31
574.756,-0.11,-0.32,-0.16,-0.31
574.778,-0.13,-0.38,-0.16,-0.33
574.800,-0.20,-0.25,-0.16,-0.31
574.822,-0.15,-0.35,-0.15,-0.32
574.844,-0.18,-0.51,-0.15,-0.36
574.866,-0.19,-0.52,-0.17,-0.40
574.888,-0.21,-0.37,-0.19,-0.40
574.910,-0.16,-0.40,-0.18,-0.43
574.932,-0.19,-0.50,-0.19,-0.46
574.954,-0.07,-0.43,-0.16,-0.44
574.976,-0.12,-0.31,-0.15,-0.40
574.998,-0.07,-0.12,-0.12,-0.35
575.020,-0.10,-0.30,-0.11,-0.33
575.042,-0.24,-0.31,-0.12,-0.29
575.064,-0.21,-0.15,-0.15,-0.24
575.086,-0.12,-0.19,-0.15,-0.21
575.108,-0.07,-0.46,-0.15,-0.28
575.130,-0.11,-0.41,-0.15,-0.30
575.152,-0.24,-0.15,-0.15,-0.27
575.174,-0.20,-0.15,-0.15,-0.27
575.196,-0.24,-0.19,-0.17,-0.27
575.218,-0.28,-0.19,-0.21,-0.22
575.240,-0.24,-0.22,-0.24,-0.18
575.262,-0.27,-0.28,-0.25,-0.21
575.284,-0.20,-0.24,-0.25,-0.22
575.306,-0.23,-0.32,-0.24,-0.25
575.328,-0.28,-0.37,-0.24,-0.29
575.350,-0.20,-0.34,-0.24,-0.31
575.372,-0.18,-0.33,-0.22,-0.32
575.394,-0.25,-0.29,-0.23,-0.33
575.416,-0.32,-0.27,-0.25,-0.32
575.438,-0.32,-0.40,-0.25,-0.33
575.460,-0.25,-0.22,-0.26,-0.30
575.482,-0.20,-0.18,-0.27,-0.27
575.504,-0.13,-0.17,-0.24,-0.25
575.526,-0.02,-0.14,-0.18,-0.22
575.548,-0.06,-0.18,-0.13,-0.18
575.570,-0.16,-0.33,-0.11,-0.20
575.592,-0.32,-0.21,-0.14,-0.21
575.614,-0.32,-0.19,-0.18,-0.21
575.636,-0.32,-0.37,-0.24,-0.26
575.658,-0.27,-0.36,-0.28,-0.29
575.680,-0.29,-0.63,-0.30,-0.35
575.702,-0.37,-0.45,-0.31,-0.40
575.724,-0.33,-0.46,-0.32,-0.45
575.746,-0.09,-0.34,-0.27,-0.45
575.768,-0.18,-0.12,-0.25,-0.40
575.790,-0.08,-0.33,-0.21,-0.34
575.812,-0.09,-0.36,-0.15,-0.32
575.834,-0.19,-0.25,-0.13,-0.28
575.856,-0.27,-0.26,-0.16,-0.26
575.878,-0.25,-0.34,-0.18,-0.31
575.900,-0.07,-0.26,-0.17,-0.29
575.922,0.04,-0.30,-0.15,-0.28
575.944,-0.01,-0.43,-0.11,-0.32
575.966,-0.15,-0.23,-0.09,-0.31
575.988,-0.21,-0.25,-0.08,-0.29
576.010,-0.17,-0.24,-0.10,-0.29
576.032,-0.22,-0.26,-0.15,-0.28
576.054,-0.03,-0.11,-0.16,-0.22
576.076,-0.18,-0.27,-0.16,-0.23
576.098,-0.21,-0.28,-0.16,-0.23
576.120,-0.19,-0.20,-0.17,-0.22
576.142,-0.13,-0.28,-0.15,-0.23
576.164,-0.10,-0.39,-0.16,-0.28
576.186,-0.30,-0.36,-0.19,-0.30
576.208,-0.30,-0.32,-0.20,-0.31
576.230,-0.34,-0.30,-0.23,-0.33
576.252,-0.26,-0.24,-0.26,-0.32
576.274,-0.22,-0.24,-0.28,-0.29
576.296,-0.14,-0.40,-0.25,-0.30
576.318,-0.25,-0.25,-0.24,-0.29
576.340,-0.21,-0.34,-0.22,-0.29
576.362,-0.16,-0.26,-0.20,-0.30
576.384,-0.15,-0.33,-0.18,-0.32
576.406,-0.11,-0.34,-0.18,-0.30
576.428,-0.17,-0.37,-0.16,-0.33
576.450,-0.10,-0.35,-0.14,-0.33
576.472,-0.31,-0.23,-0.17,-0.32
576.494,-0.32,-0.11,-0.20,-0.28
576.516,-0.46,-0.25,-0.27,-0.26
576.538,-0.31,-0.22,-0.30,-0.23
576.560,-0.19,-0.23,-0.32,-0.21
576.582,-0.17,-0.25,-0.29,-0.21
576.604,-0.17,-0.26,-0.26,-0.24
576.626,-0.19,-0.44,-0.21,-0.28
576.648,-0.24,-0.46,-0.19,-0.33
576.670,-0.23,-0.35,-0.20,-0.35
576.692,-0.17,-0.21,-0.20,-0.34
576.714,-0.09,-0.12,-0.18,-0.32
576.736,-0.13,-0.22,-0.17,-0.27
576.758,-0.12,-0.36,-0.15,-0.25
576.780,-0.08,-0.26,-0.12,-0.23
576.802,-0.12,-0.19,-0.11,-0.23
576.824,-0.06,-0.34,-0.10,-0.27
576.846,-0.20,-0.40,-0.12,-0.31
576.868,-0.12,-0.27,-0.12,-0.29
576.890,-0.29,-0.26,-0.16,-0.29
576.912,-0.27,-0.17,-0.19,-0.29
576.934,-0.24,-0.39,-0.22,-0.30
576.956,-0.33,-0.44,-0.25,-0.31
576.978,-0.24,-0.31,-0.27,-0.31
577.000,-0.13,-0.42,-0.24,-0.35
577.022,-0.08,-0.47,-0.20,-0.41
577.044,-0.24,-0.50,-0.20,-0.43
577.066,-0.38,-0.55,-0.21,-0.45
577.088,-0.16,-0.36,-0.20,-0.46
577.110,-0.19,-0.23,-0.21,-0.42
577.132,-0.18,-0.38,-0.23,-0.40
577.154,-0.10,-0.33,-0.20,-0.37
577.176,-0.15,-0.19,-0.16,-0.30
577.198,-0.18,-0.43,-0.16,-0.31
577.220,-0.20,-0.39,-0.16,-0.34
577.242,-0.11,-0.31,-0.15,-0.33
577.264,-0.13,-0.23,-0.15,-0.31
577.286,-0.20,-0.46,-0.16,-0.36
577.308,-0.25,-0.37,-0.18,-0.35
577.330,-0.20,-0.26,-0.18,-0.33
577.352,-0.19,-0.37,-0.19,-0.34
577.374,-0.12,-0.29,-0.19,-0.35
577.396,-0.25,-0.26,-0.20,-0.31
577.418,-0.29,-0.17,-0.21,-0.27
577.440,-0.25,-0.24,-0.22,-0.27
577.462,-0.34,-0.26,-0.25,-0.24
577.484,-0.40,-0.46,-0.31,-0.28
577.506,-0.30,-0.40,-0.32,-0.31
577.528,-0.32,-0.22,-0.32,-0.32
577.550,-0.23,-0.22,-0.32,-0.31
577.572,-0.04,-0.25,-0.26,-0.31
577.594,-0.07,-0.19,-0.19,-0.26
577.616,-0.17,-0.25,-0.17,-0.23
577.638,-0.18,-0.36,-0.14,-0.25
577.660,-0.27,-0.45,-0.15,-0.30
577.682,-0.23,-0.46,-0.18,-0.34
577.704,-0.15,-0.28,-0.20,-0.36
577.726,-0.14,-0.22,-0.19,-0.35
577.748,-0.17,-0.36,-0.19,-0.35
577.770,-0.12,-0.43,-0.16,-0.35
577.792,0.03,-0.35,-0.11,-0.33
577.814,-0.01,-0.27,-0.08,-0.33
577.836,-0.08,-0.47,-0.07,-0.38
577.858,-0.18,-0.36,-0.07,-0.38
577.880,-0.28,-0.44,-0.10,-0.38
577.902,-0.32,-0.31,-0.17,-0.37
577.924,-0.22,-0.38,-0.22,-0.39
577.946,-0.22,-0.20,-0.24,-0.34
577.968,-0.06,-0.27,-0.22,-0.32
577.990,-0.03,-0.48,-0.17,-0.33
578.012,-0.23,-0.25,-0.15,-0.32
578.034,-0.06,-0.23,-0.12,-0.29
578.056,0.00,-0.29,-0.08,-0.30
578.078,-0.11,-0.37,-0.09,-0.32
578.100,-0.30,-0.26,-0.14,-0.28
578.122,-0.09,-0.40,-0.11,-0.31
578.144,-0.10,-0.39,-0.12,-0.34
578.166,-0.27,-0.44,-0.17,-0.37
578.188,-0.25,-0.42,-0.20,-0.38
578.210,-0.19,-0.23,-0.18,-0.38
578.232,-0.06,-0.30,-0.17,-0.36
578.254,-0.14,-0.18,-0.18,-0.31
578.276,-0.22,-0.25,-0.17,-0.28
578.298,-0.36,-0.19,-0.19,-0.23
578.320,-0.30,-0.36,-0.22,-0.26
578.342,-0.10,-0.40,-0.22,-0.28
578.364,0.05,-0.27,-0.19,-0.29
578.386,-0.07,-0.31,-0.16,-0.31
578.408,-0.07,-0.33,-0.10,-0.33
578.430,-0.09,-0.32,-0.06,-0.33
578.452,-0.14,-0.41,-0.06,-0.33
578.474,-0.20,-0.29,-0.11,-0.33
578.496,-0.13,-0.05,-0.13,-0.28
578.518,-0.24,-0.31,-0.16,-0.28
578.540,-0.25,-0.46,-0.19,-0.30
578.562,-0.16,-0.33,-0.20,-0.29
578.584,-0.21,-0.35,-0.20,-0.30
578.606,-0.22,-0.23,-0.22,-0.34
578.628,-0.24,-0.22,-0.22,-0.32
578.650,-0.32,-0.31,-0.23,-0.29
578.672,-0.20,-0.39,-0.24,-0.30
578.694,-0.25,-0.40,-0.25,-0.31
578.716,-0.24,-0.25,-0.25,-0.31
578.738,-0.20,-0.52,-0.24,-0.37
578.760,-0.10,-0.51,-0.20,-0.41
578.782,-0.07,-0.32,-0.17,-0.40
578.804,-0.20,-0.32,-0.16,-0.38
578.826,-0.15,-0.31,-0.14,-0.40
578.848,-0.14,-0.39,-0.13,-0.37
578.870,-0.17,-0.23,-0.15,-0.31
578.892,-0.30,-0.33,-0.19,-0.32
578.914,-0.21,-0.40,-0.19,-0.33
578.936,-0.29,-0.38,-0.22,-0.35
578.958,-0.25,-0.36,-0.24,-0.34
578.980,-0.18,-0.18,-0.25,-0.33
579.002,-0.25,-0.37,-0.24,-0.34
579.024,-0.13,-0.33,-0.22,-0.32
579.046,-0.10,-0.45,-0.18,-0.34
579.068,-0.17,-0.50,-0.17,-0.37
579.090,-0.10,-0.44,-0.15,-0.42
579.112,-0.16,-0.30,-0.13,-0.40
579.134,-0.27,-0.37,-0.16,-0.41
579.156,-0.23,-0.42,-0.19,-0.41
579.178,-0.13,-0.46,-0.18,-0.40
579.200,-0.16,-0.30,-0.19,-0.37
579.222,0.05,-0.28,-0.15,-0.37
579.244,-0.17,-0.23,-0.13,-0.34
579.266,-0.10,-0.38,-0.10,-0.33
579.288,-0.11,-0.33,-0.10,-0.30
579.310,-0.11,-0.36,-0.09,-0.32
579.332,-0.24,-0.31,-0.15,-0.32
579.354,-0.31,-0.44,-0.17,-0.36
579.376,-0.19,-0.33,-0.19,-0.35
579.398,-0.22,-0.42,-0.21,-0.37
579.420,-0.24,-0.41,-0.24,-0.38
579.442,-0.34,-0.45,-0.26,-0.41
579.464,-0.20,-0.37,-0.24,-0.40
579.486,-0.15,-0.25,-0.23,-0.38
579.508,-0.26,-0.21,-0.24,-0.34
579.530,-0.15,-0.25,-0.22,-0.31
579.552,-0.08,-0.19,-0.17,-0.25
579.574,-0.15,-0.06,-0.16,-0.19
579.596,-0.11,-0.15,-0.15,-0.17
579.618,-0.06,-0.18,-0.11,-0.17
579.640,0.00,-0.26,-0.08,-0.17
579.662,-0.12,-0.26,-0.09,-0.18
579.684,-0.14,-0.19,-0.09,-0.21
579.706,-0.21,-0.22,-0.11,-0.22
579.728,-0.21,-0.24,-0.14,-0.23
579.750,-0.31,-0.33,-0.20,-0.25
579.772,-0.31,-0.38,-0.24,-0.27
579.794,-0.13,-0.47,-0.23,-0.33
579.816,-0.14,-0.27,-0.22,-0.34
579.838,-0.13,-0.43,-0.20,-0.38
579.860,-0.21,-0.41,-0.18,-0.39
579.882,-0.05,-0.44,-0.13,-0.40
579.904,-0.08,-0.51,-0.12,-0.41
579.926,-0.13,-0.57,-0.12,-0.47
579.948,-0.26,-0.33,-0.15,-0.45
579.970,-0.23,-0.30,-0.15,-0.43
579.992,-0.15,-0.41,-0.17,-0.42
580.014,-0.21,-0.32,-0.20,-0.39
580.036,-0.12,-0.27,-0.19,-0.33
580.058,-0.17,-0.25,-0.18,-0.31
580.080,-0.05,-0.07,-0.14,-0.26
580.102,-0.10,-0.21,-0.13,-0.22
580.124,-0.22,-0.32,-0.13,-0.22
580.146,-0.12,-0.26,-0.13,-0.22
580.168,-0.18,-0.40,-0.13,-0.25
580.190,-0.28,-0.39,-0.18,-0.32
580.212,-0.20,-0.37,-0.20,-0.35
580.234,-0.19,-0.42,-0.19,-0.37
580.256,-0.11,-0.39,-0.19,-0.39
580.278,-0.21,-0.37,-0.20,-0.39
580.300,-0.08,-0.26,-0.16,-0.36
580.322,-0.17,-0.29,-0.15,-0.35
580.344,-0.13,-0.31,-0.14,-0.32
580.366,-0.02,-0.29,-0.12,-0.30
580.388,-0.03,-0.27,-0.09,-0.28
580.410,-0.02,-0.42,-0.07,-0.32
580.432,-0.14,-0.38,-0.07,-0.33
580.454,-0.30,-0.37,-0.10,-0.35
580.476,-0.17,-0.31,-0.13,-0.35
580.498,-0.23,-0.38,-0.17,-0.37
580.520,-0.18,-0.37,-0.20,-0.36
580.542,-0.28,-0.42,-0.23,-0.37
580.564,-0.27,-0.40,-0.23,-0.38
580.586,-0.18,-0.44,-0.23,-0.40
580.608,-0.16,-0.48,-0.21,-0.42
580.630,-0.23,-0.41,-0.22,-0.43
580.652,-0.25,-0.34,-0.22,-0.41
580.674,-0.23,-0.33,-0.21,-0.40
580.696,-0.14,-0.21,-0.20,-0.35
580.718,-0.17,-0.37,-0.20,-0.33
580.740,-0.01,-0.42,-0.16,-0.33
580.762,-0.04,-0.35,-0.12,-0.34
580.784,-0.13,-0.36,-0.10,-0.34
580.806,-0.22,-0.28,-0.11,-0.36
580.828,-0.15,-0.43,-0.11,-0.37
580.850,-0.31,-0.37,-0.17,-0.36
580.872,-0.26,-0.38,-0.21,-0.36
580.894,-0.19,-0.31,-0.23,-0.35
580.916,-0.11,-0.14,-0.20,-0.33
580.938,-0.17,-0.28,-0.21,-0.30
580.960,-0.27,-0.21,-0.20,-0.26
580.982,-0.20,-0.23,-0.19,-0.23
581.004,-0.30,-0.33,-0.21,-0.24
581.026,-0.16,-0.24,-0.22,-0.26
581.048,-0.08,-0.25,-0.20,-0.25
581.070,-0.25,-0.36,-0.20,-0.28
581.092,-0.20,-0.35,-0.20,-0.31
581.114,-0.28,-0.19,-0.19,-0.28
581.136,-0.30,-0.28,-0.22,-0.29
581.158,-0.16,-0.35,-0.24,-0.31
581.180,-0.11,-0.16,-0.21,-0.27
581.202,-0.33,-0.23,-0.24,-0.24
581.224,-0.25,-0.31,-0.23,-0.27
581.246,-0.19,-0.31,-0.21,-0.27
581.268,-0.24,-0.18,-0.22,-0.24
581.290,-0.27,-0.26,-0.26,-0.26
581.312,-0.18,-0.30,-0.23,-0.27
