Time(s),Raw_Roll,Raw_Pitch,Smooth_Roll,Smooth_Pitch
746.469,-0.34,-0.99,-0.34,-0.99
746.491,-0.45,-1.06,-0.40,-1.02
746.513,-0.39,-0.92,-0.39,-0.99
746.535,-0.39,-0.93,-0.39,-0.98
746.557,-0.48,-0.91,-0.41,-0.96
746.579,-0.42,-0.98,-0.43,-0.96
746.601,-0.50,-0.94,-0.44,-0.94
746.623,-0.40,-0.79,-0.44,-0.91
746.645,-0.43,-0.90,-0.45,-0.90
746.667,-0.34,-0.96,-0.42,-0.91
746.689,-0.27,-0.85,-0.39,-0.89
746.711,-0.26,-0.91,-0.34,-0.88
746.733,-0.35,-0.82,-0.33,-0.89
746.755,-0.51,-1.00,-0.35,-0.91
746.777,-0.53,-1.09,-0.38,-0.93
746.799,-0.53,-0.99,-0.44,-0.96
746.821,-0.42,-0.99,-0.47,-0.98
746.843,-0.48,-0.86,-0.49,-0.99
746.865,-0.41,-0.79,-0.47,-0.94
746.887,-0.36,-0.76,-0.44,-0.88
746.909,-0.33,-1.03,-0.40,-0.89
746.931,-0.42,-0.92,-0.40,-0.87
746.953,-0.40,-0.79,-0.38,-0.86
746.975,-0.37,-0.96,-0.38,-0.89
746.997,-0.40,-1.15,-0.38,-0.97
747.019,-0.29,-1.00,-0.38,-0.96
747.041,-0.25,-1.12,-0.34,-1.00
747.063,-0.34,-1.27,-0.33,-1.10
747.085,-0.33,-1.25,-0.32,-1.16
747.107,-0.38,-1.03,-0.32,-1.13
747.129,-0.33,-0.94,-0.33,-1.12
747.151,-0.27,-0.99,-0.33,-1.10
747.173,-0.32,-1.07,-0.33,-1.06
747.195,-0.29,-1.07,-0.32,-1.02
747.217,-0.25,-1.05,-0.29,-1.02
747.239,-0.16,-0.98,-0.26,-1.03
747.261,-0.14,-0.88,-0.23,-1.01
747.283,-0.24,-0.90,-0.22,-0.98
747.305,-0.27,-0.95,-0.21,-0.95
747.327,-0.18,-1.09,-0.20,-0.96
747.349,-0.28,-0.83,-0.22,-0.93
747.371,-0.22,-0.82,-0.24,-0.92
747.393,-0.14,-0.76,-0.22,-0.89
747.415,-0.28,-0.92,-0.22,-0.88
747.437,-0.18,-0.95,-0.22,-0.86
747.459,-0.18,-0.95,-0.20,-0.88
747.481,-0.07,-1.12,-0.17,-0.94
747.503,-0.22,-1.02,-0.19,-0.99
747.525,-0.25,-1.05,-0.18,-1.02
747.547,-0.37,-0.74,-0.22,-0.98
747.569,-0.42,-0.85,-0.27,-0.96
747.591,-0.35,-0.76,-0.32,-0.88
747.613,-0.39,-0.96,-0.36,-0.87
747.635,-0.42,-0.92,-0.39,-0.85
747.657,-0.31,-1.02,-0.38,-0.90
747.679,-0.26,-0.88,-0.35,-0.91
747.701,-0.28,-0.95,-0.33,-0.95
747.723,-0.30,-0.97,-0.31,-0.95
747.745,-0.35,-1.01,-0.30,-0.97
747.767,-0.44,-0.95,-0.33,-0.95
747.789,-0.40,-0.99,-0.35,-0.97
747.811,-0.26,-0.85,-0.35,-0.95
747.833,-0.27,-0.93,-0.34,-0.95
747.855,-0.29,-0.90,-0.33,-0.92
747.877,-0.40,-1.08,-0.32,-0.95
747.899,-0.34,-0.86,-0.31,-0.92
747.921,-0.24,-0.87,-0.31,-0.93
747.943,-0.33,-0.94,-0.32,-0.93
747.965,-0.33,-1.03,-0.33,-0.96
747.987,-0.25,-1.03,-0.30,-0.95
748.009,-0.36,-0.95,-0.30,-0.96
748.031,-0.27,-0.93,-0.31,-0.98
748.053,-0.29,-0.95,-0.30,-0.98
748.075,-0.41,-1.01,-0.32,-0.97
748.097,-0.36,-0.97,-0.34,-0.96
748.119,-0.30,-1.02,-0.33,-0.98
748.141,-0.38,-0.95,-0.35,-0.98
748.163,-0.30,-1.05,-0.35,-1.00
748.185,-0.29,-1.00,-0.33,-1.00
748.207,-0.36,-0.98,-0.33,-1.00
748.229,-0.25,-0.95,-0.32,-0.99
748.251,-0.18,-0.94,-0.28,-0.98
748.273,-0.33,-0.80,-0.28,-0.93
748.295,-0.29,-0.96,-0.28,-0.93
748.317,-0.24,-0.78,-0.26,-0.89
748.339,-0.34,-0.87,-0.28,-0.87
748.361,-0.38,-0.97,-0.32,-0.88
748.383,-0.27,-0.93,-0.30,-0.90
748.405,-0.28,-0.81,-0.30,-0.87
748.427,-0.24,-0.85,-0.30,-0.89
748.449,-0.28,-0.88,-0.29,-0.89
748.471,-0.21,-0.92,-0.26,-0.88
748.493,-0.24,-1.06,-0.25,-0.90
748.515,-0.28,-1.03,-0.25,-0.95
748.537,-0.30,-0.78,-0.26,-0.93
748.559,-0.30,-0.85,-0.27,-0.93
748.581,-0.32,-1.06,-0.29,-0.96
748.603,-0.25,-0.98,-0.29,-0.94
748.625,-0.27,-0.99,-0.29,-0.93
748.647,-0.39,-0.89,-0.31,-0.95
748.669,-0.25,-0.88,-0.30,-0.96
748.691,-0.18,-0.91,-0.27,-0.93
748.713,-0.24,-0.82,-0.27,-0.90
748.735,-0.22,-0.90,-0.26,-0.88
748.757,-0.39,-0.90,-0.26,-0.88
748.779,-0.28,-0.91,-0.26,-0.89
748.801,-0.33,-0.93,-0.29,-0.89
748.823,-0.25,-0.96,-0.29,-0.92
748.845,-0.19,-0.95,-0.29,-0.93
748.867,-0.23,-0.67,-0.26,-0.88
748.889,-0.43,-0.73,-0.29,-0.85
748.911,-0.44,-0.86,-0.31,-0.83
748.933,-0.48,-0.76,-0.35,-0.79
748.955,-0.41,-0.77,-0.40,-0.76
748.977,-0.25,-0.82,-0.40,-0.79
748.999,-0.31,-1.05,-0.38,-0.85
749.021,-0.31,-1.10,-0.35,-0.90
749.043,-0.31,-1.01,-0.32,-0.95
749.065,-0.31,-1.10,-0.30,-1.02
749.087,-0.19,-0.95,-0.29,-1.04
749.109,-0.19,-0.93,-0.26,-1.02
749.131,-0.14,-0.92,-0.23,-0.98
749.153,-0.24,-0.93,-0.21,-0.97
749.175,-0.29,-0.87,-0.21,-0.92
749.197,-0.18,-0.92,-0.21,-0.91
749.219,-0.24,-0.89,-0.22,-0.91
749.241,-0.12,-1.00,-0.21,-0.92
749.263,-0.01,-0.87,-0.17,-0.91
749.285,0.03,-0.74,-0.10,-0.88
749.307,-0.15,-1.03,-0.10,-0.91
749.329,-0.20,-0.94,-0.09,-0.92
749.351,-0.17,-1.03,-0.10,-0.92
749.373,-0.21,-1.15,-0.14,-0.98
749.395,-0.15,-0.97,-0.18,-1.02
749.417,-0.17,-0.91,-0.18,-1.00
749.439,-0.23,-0.94,-0.19,-1.00
749.461,-0.19,-0.99,-0.19,-0.99
749.483,-0.35,-0.94,-0.22,-0.95
749.505,-0.32,-0.98,-0.25,-0.95
749.527,-0.30,-0.90,-0.28,-0.95
749.549,-0.47,-0.90,-0.33,-0.94
749.571,-0.37,-0.97,-0.36,-0.94
749.593,-0.33,-1.06,-0.36,-0.96
749.615,-0.31,-1.06,-0.36,-0.98
749.637,-0.31,-1.06,-0.36,-1.01
749.659,-0.36,-1.15,-0.34,-1.06
749.681,-0.45,-1.11,-0.35,-1.09
749.703,-0.37,-0.93,-0.36,-1.06
749.725,-0.24,-0.88,-0.35,-1.03
749.747,-0.29,-0.97,-0.34,-1.01
749.769,-0.32,-0.99,-0.33,-0.98
749.791,-0.18,-0.94,-0.28,-0.94
749.813,-0.17,-0.92,-0.24,-0.94
749.835,-0.08,-0.79,-0.21,-0.92
749.857,-0.16,-0.80,-0.18,-0.89
749.879,-0.35,-0.68,-0.19,-0.83
749.901,-0.24,-0.59,-0.20,-0.76
749.923,-0.09,-0.92,-0.18,-0.76
749.945,-0.22,-0.98,-0.21,-0.79
749.967,-0.37,-0.80,-0.25,-0.79
749.989,-0.27,-1.01,-0.24,-0.86
750.011,-0.28,-0.95,-0.25,-0.93
750.033,-0.31,-0.87,-0.29,-0.92
750.055,-0.21,-0.97,-0.29,-0.92
750.077,-0.22,-1.00,-0.26,-0.96
750.099,-0.20,-0.92,-0.24,-0.94
750.121,-0.21,-1.06,-0.23,-0.96
750.143,-0.12,-0.99,-0.19,-0.99
750.165,-0.19,-0.93,-0.19,-0.98
750.187,-0.32,-0.88,-0.21,-0.96
750.209,-0.24,-0.86,-0.22,-0.94
750.231,-0.07,-0.83,-0.19,-0.90
750.253,-0.14,-0.82,-0.19,-0.86
750.275,-0.19,-0.90,-0.19,-0.86
750.297,-0.33,-1.04,-0.19,-0.89
750.319,-0.35,-1.04,-0.22,-0.93
750.341,-0.41,-1.06,-0.28,-0.97
750.363,-0.31,-0.82,-0.32,-0.97
750.385,-0.44,-0.97,-0.37,-0.99
750.407,-0.35,-1.00,-0.37,-0.98
750.429,-0.38,-0.85,-0.38,-0.94
750.451,-0.31,-0.82,-0.36,-0.89
750.473,-0.28,-0.78,-0.35,-0.88
750.495,-0.22,-0.85,-0.31,-0.86
750.517,-0.28,-1.05,-0.29,-0.87
750.539,-0.19,-0.99,-0.26,-0.90
750.561,-0.20,-1.07,-0.23,-0.95
750.583,-0.26,-0.99,-0.23,-0.99
750.605,-0.24,-0.90,-0.23,-1.00
750.627,-0.16,-0.91,-0.21,-0.97
750.649,-0.33,-0.92,-0.24,-0.96
750.671,-0.45,-0.97,-0.29,-0.94
750.693,-0.30,-1.08,-0.30,-0.96
750.715,-0.28,-1.14,-0.30,-1.00
750.737,-0.38,-1.03,-0.35,-1.03
750.759,-0.41,-0.86,-0.36,-1.02
750.781,-0.23,-0.96,-0.32,-1.01
750.803,-0.26,-0.77,-0.31,-0.95
750.825,-0.35,-0.83,-0.33,-0.89
750.847,-0.33,-0.96,-0.32,-0.88
750.869,-0.37,-0.86,-0.31,-0.88
750.891,-0.36,-0.98,-0.33,-0.88
750.913,-0.34,-1.04,-0.35,-0.93
750.935,-0.26,-0.96,-0.33,-0.96
750.957,-0.28,-0.99,-0.32,-0.97
750.979,-0.22,-1.04,-0.29,-1.00
751.001,-0.26,-0.92,-0.27,-0.99
751.023,-0.28,-0.84,-0.26,-0.95
751.045,-0.35,-0.87,-0.28,-0.93
751.067,-0.26,-1.10,-0.27,-0.95
751.089,-0.52,-1.03,-0.33,-0.95
751.111,-0.31,-1.06,-0.34,-0.98
751.133,-0.27,-1.01,-0.34,-1.01
751.155,-0.32,-0.94,-0.34,-1.03
751.177,-0.31,-0.86,-0.35,-0.98
751.199,-0.36,-0.79,-0.31,-0.93
751.221,-0.22,-0.83,-0.30,-0.89
751.243,-0.25,-1.06,-0.29,-0.90
751.265,-0.35,-1.08,-0.30,-0.92
751.287,-0.51,-1.23,-0.34,-1.00
751.309,-0.54,-1.08,-0.37,-1.06
751.331,-0.45,-0.86,-0.42,-1.06
751.353,-0.38,-1.01,-0.45,-1.05
751.375,-0.34,-0.88,-0.44,-1.01
751.397,-0.28,-0.89,-0.40,-0.94
751.419,-0.34,-0.83,-0.36,-0.89
751.441,-0.35,-0.81,-0.34,-0.88
751.463,-0.23,-0.94,-0.31,-0.87
751.485,-0.31,-0.94,-0.30,-0.88
751.507,-0.51,-1.03,-0.35,-0.91
751.529,-0.44,-1.01,-0.37,-0.95
751.551,-0.50,-0.96,-0.40,-0.98
751.573,-0.40,-0.91,-0.43,-0.97
751.595,-0.37,-0.76,-0.44,-0.93
751.617,-0.29,-0.91,-0.40,-0.91
751.639,-0.19,-0.89,-0.35,-0.89
751.661,-0.24,-1.01,-0.30,-0.90
751.683,-0.28,-1.08,-0.27,-0.93
751.705,-0.28,-1.07,-0.26,-0.99
751.727,-0.26,-1.15,-0.25,-1.04
751.749,-0.32,-1.13,-0.28,-1.09
751.771,-0.44,-1.14,-0.32,-1.11
751.793,-0.41,-0.94,-0.34,-1.09
751.815,-0.28,-1.09,-0.34,-1.09
751.837,-0.40,-1.02,-0.37,-1.06
751.859,-0.45,-0.98,-0.40,-1.03
751.881,-0.31,-1.02,-0.37,-1.01
751.903,-0.21,-0.98,-0.33,-1.02
751.925,-0.14,-0.90,-0.30,-0.98
751.947,-0.32,-0.93,-0.29,-0.96
751.969,-0.30,-1.08,-0.26,-0.98
751.991,-0.35,-1.18,-0.26,-1.01
752.013,-0.25,-1.09,-0.27,-1.04
752.035,-0.36,-1.04,-0.32,-1.06
752.057,-0.34,-1.04,-0.32,-1.09
752.079,-0.25,-0.83,-0.31,-1.04
752.101,-0.40,-0.80,-0.32,-0.96
752.123,-0.42,-0.95,-0.35,-0.93
752.145,-0.36,-1.05,-0.35,-0.93
752.167,-0.33,-1.13,-0.35,-0.95
752.189,-0.29,-1.07,-0.36,-1.00
752.211,-0.29,-1.10,-0.34,-1.06
752.233,-0.21,-1.08,-0.30,-1.09
752.255,-0.21,-0.92,-0.27,-1.06
752.277,-0.33,-0.97,-0.27,-1.03
752.299,-0.35,-0.97,-0.28,-1.01
752.321,-0.31,-0.93,-0.28,-0.97
752.343,-0.19,-0.89,-0.28,-0.94
752.365,-0.23,-0.98,-0.28,-0.95
752.387,-0.25,-0.98,-0.27,-0.95
752.409,-0.29,-0.98,-0.25,-0.95
752.431,-0.22,-1.04,-0.24,-0.97
752.453,-0.31,-0.87,-0.26,-0.97
752.475,-0.41,-0.80,-0.30,-0.93
752.497,-0.28,-0.84,-0.30,-0.91
752.519,-0.34,-0.85,-0.31,-0.88
752.541,-0.31,-0.86,-0.33,-0.84
752.563,-0.25,-1.12,-0.32,-0.89
752.585,-0.27,-1.14,-0.29,-0.96
752.607,-0.27,-1.03,-0.29,-1.00
752.629,-0.32,-1.08,-0.28,-1.05
752.651,-0.38,-1.01,-0.30,-1.08
752.673,-0.50,-0.94,-0.35,-1.04
752.695,-0.50,-0.87,-0.39,-0.99
752.717,-0.35,-0.94,-0.41,-0.97
752.739,-0.37,-0.99,-0.42,-0.95
752.761,-0.21,-0.93,-0.39,-0.93
752.783,-0.31,-0.82,-0.35,-0.91
752.805,-0.37,-0.88,-0.32,-0.91
752.827,-0.32,-0.85,-0.32,-0.89
752.849,-0.21,-0.86,-0.28,-0.87
752.871,-0.26,-0.94,-0.29,-0.87
752.893,-0.47,-0.98,-0.33,-0.90
752.915,-0.51,-0.96,-0.35,-0.92
752.937,-0.54,-1.02,-0.40,-0.95
752.959,-0.32,-0.96,-0.42,-0.97
752.981,-0.31,-1.05,-0.43,-0.99
753.003,-0.49,-1.12,-0.43,-1.02
753.025,-0.23,-0.92,-0.38,-1.01
753.047,-0.16,-1.09,-0.30,-1.03
753.069,-0.23,-0.99,-0.28,-1.03
753.091,-0.28,-0.92,-0.28,-1.01
753.113,-0.37,-0.92,-0.25,-0.97
753.135,-0.21,-1.04,-0.25,-0.99
753.157,-0.12,-1.14,-0.24,-1.00
753.179,-0.21,-1.07,-0.24,-1.02
753.201,-0.30,-1.15,-0.24,-1.06
753.223,-0.32,-1.12,-0.23,-1.10
753.245,-0.33,-1.04,-0.26,-1.10
753.267,-0.22,-0.98,-0.28,-1.07
753.289,-0.18,-1.02,-0.27,-1.06
753.311,-0.17,-0.86,-0.24,-1.00
753.333,-0.31,-0.94,-0.24,-0.97
753.355,-0.31,-0.90,-0.24,-0.94
753.377,-0.23,-1.00,-0.24,-0.94
753.399,-0.37,-0.89,-0.28,-0.92
753.421,-0.35,-0.85,-0.31,-0.92
753.443,-0.32,-0.74,-0.32,-0.88
753.465,-0.36,-0.69,-0.33,-0.83
753.487,-0.39,-0.76,-0.36,-0.79
753.509,-0.34,-0.97,-0.35,-0.80
753.531,-0.48,-1.12,-0.38,-0.86
753.553,-0.37,-0.95,-0.39,-0.90
753.575,-0.28,-0.92,-0.37,-0.94
753.597,-0.40,-0.97,-0.37,-0.99
753.619,-0.48,-0.98,-0.40,-0.99
753.641,-0.52,-1.03,-0.41,-0.97
753.663,-0.38,-0.86,-0.41,-0.95
753.685,-0.27,-0.86,-0.41,-0.94
753.707,-0.26,-0.83,-0.38,-0.91
753.729,-0.35,-0.88,-0.36,-0.89
753.751,-0.32,-0.90,-0.32,-0.87
753.773,-0.36,-0.98,-0.31,-0.89
753.795,-0.31,-0.90,-0.32,-0.90
753.817,-0.49,-0.86,-0.37,-0.90
753.839,-0.48,-0.71,-0.39,-0.87
753.861,-0.38,-0.99,-0.40,-0.89
753.883,-0.37,-0.96,-0.41,-0.88
753.905,-0.35,-0.84,-0.41,-0.87
753.927,-0.19,-0.86,-0.35,-0.87
753.949,-0.20,-1.02,-0.30,-0.93
753.971,-0.44,-1.19,-0.31,-0.97
753.993,-0.26,-0.93,-0.29,-0.97
754.015,-0.30,-0.83,-0.28,-0.97
754.037,-0.39,-0.79,-0.32,-0.95
754.059,-0.37,-0.89,-0.35,-0.93
754.081,-0.29,-0.97,-0.32,-0.88
754.103,-0.21,-1.01,-0.31,-0.90
754.125,-0.25,-0.99,-0.30,-0.93
754.147,-0.27,-0.79,-0.28,-0.93
754.169,-0.21,-0.74,-0.25,-0.90
754.191,-0.06,-0.75,-0.20,-0.86
754.213,-0.13,-0.89,-0.18,-0.83
754.235,-0.22,-1.02,-0.18,-0.84
754.257,-0.29,-0.90,-0.18,-0.86
754.279,-0.39,-0.86,-0.22,-0.88
754.301,-0.32,-0.73,-0.27,-0.88
754.323,-0.28,-0.79,-0.30,-0.86
754.345,-0.32,-0.80,-0.32,-0.82
754.367,-0.31,-0.99,-0.32,-0.83
754.389,-0.45,-0.90,-0.34,-0.84
754.411,-0.44,-0.96,-0.36,-0.89
754.433,-0.34,-0.92,-0.37,-0.91
754.455,-0.21,-0.77,-0.35,-0.91
754.477,-0.31,-0.82,-0.35,-0.87
754.499,-0.34,-0.93,-0.33,-0.88
754.521,-0.33,-0.99,-0.31,-0.89
754.543,-0.20,-1.00,-0.28,-0.90
754.565,-0.25,-0.99,-0.29,-0.95
754.587,-0.28,-0.81,-0.28,-0.94
754.609,-0.24,-0.89,-0.26,-0.94
754.631,-0.29,-0.80,-0.25,-0.90
754.653,-0.16,-0.89,-0.24,-0.88
754.675,-0.16,-0.91,-0.23,-0.86
754.697,-0.10,-0.78,-0.19,-0.85
754.719,-0.28,-0.91,-0.20,-0.86
754.741,-0.36,-0.89,-0.21,-0.88
754.763,-0.47,-0.75,-0.27,-0.85
754.785,-0.41,-0.74,-0.32,-0.81
754.807,-0.44,-0.90,-0.39,-0.84
754.829,-0.41,-0.85,-0.42,-0.83
754.851,-0.20,-0.73,-0.39,-0.79
754.873,-0.25,-0.95,-0.34,-0.83
754.895,-0.23,-0.83,-0.31,-0.85
754.917,-0.19,-0.92,-0.26,-0.86
754.939,-0.21,-0.98,-0.22,-0.88
754.961,-0.25,-0.91,-0.23,-0.92
754.983,-0.22,-0.86,-0.22,-0.90
755.005,-0.31,-0.96,-0.24,-0.93
755.027,-0.30,-0.98,-0.26,-0.94
755.049,-0.19,-0.93,-0.25,-0.93
755.071,-0.19,-1.06,-0.24,-0.96
755.093,-0.26,-1.00,-0.25,-0.99
755.115,-0.11,-0.82,-0.21,-0.96
755.137,-0.27,-1.03,-0.20,-0.97
755.159,-0.30,-0.89,-0.23,-0.96
755.181,-0.21,-1.02,-0.23,-0.95
755.203,-0.26,-0.97,-0.23,-0.95
755.225,-0.15,-1.08,-0.24,-1.00
755.247,-0.22,-1.06,-0.23,-1.00
755.269,-0.22,-0.93,-0.21,-1.01
755.291,-0.21,-0.85,-0.21,-0.98
755.313,-0.27,-0.92,-0.21,-0.97
755.335,-0.35,-0.92,-0.25,-0.94
755.357,-0.37,-0.91,-0.28,-0.91
755.379,-0.27,-1.01,-0.29,-0.92
755.401,-0.38,-1.11,-0.33,-0.97
755.423,-0.20,-0.93,-0.31,-0.98
755.445,-0.26,-0.91,-0.30,-0.97
755.467,-0.38,-0.97,-0.30,-0.99
755.489,-0.28,-0.92,-0.30,-0.97
755.511,-0.26,-0.98,-0.28,-0.94
755.533,-0.41,-1.00,-0.32,-0.96
755.555,-0.26,-0.89,-0.32,-0.95
755.577,-0.30,-0.97,-0.30,-0.95
755.599,-0.30,-1.01,-0.31,-0.97
755.621,-0.29,-0.88,-0.31,-0.95
755.643,-0.35,-0.97,-0.30,-0.94
755.665,-0.36,-0.96,-0.32,-0.96
755.687,-0.24,-1.00,-0.31,-0.96
755.709,-0.21,-0.76,-0.29,-0.91
755.731,-0.32,-0.83,-0.30,-0.90
755.753,-0.41,-0.95,-0.31,-0.90
755.775,-0.37,-1.10,-0.31,-0.93
755.797,-0.37,-1.07,-0.34,-0.94
755.819,-0.34,-0.89,-0.36,-0.97
755.841,-0.26,-1.08,-0.35,-1.02
755.863,-0.28,-1.02,-0.32,-1.03
755.885,-0.20,-1.07,-0.29,-1.03
755.907,-0.13,-1.03,-0.24,-1.02
755.929,-0.12,-0.98,-0.20,-1.04
755.951,-0.04,-1.03,-0.15,-1.03
755.973,-0.10,-1.00,-0.12,-1.02
755.995,-0.33,-0.82,-0.14,-0.97
756.017,-0.32,-0.87,-0.18,-0.94
756.039,-0.44,-0.85,-0.25,-0.91
756.061,-0.44,-0.88,-0.33,-0.88
756.083,-0.39,-0.98,-0.38,-0.88
756.105,-0.34,-0.86,-0.39,-0.89
756.127,-0.30,-0.98,-0.38,-0.91
756.149,-0.35,-1.12,-0.36,-0.96
756.171,-0.48,-1.02,-0.37,-0.99
756.193,-0.38,-0.97,-0.37,-0.99
756.215,-0.29,-0.98,-0.36,-1.01
756.237,-0.38,-1.00,-0.38,-1.02
756.259,-0.57,-1.13,-0.42,-1.02
756.281,-0.42,-0.98,-0.41,-1.01
756.303,-0.26,-0.93,-0.38,-1.00
756.325,-0.34,-1.02,-0.39,-1.01
756.347,-0.27,-1.14,-0.37,-1.04
756.369,-0.39,-1.09,-0.34,-1.03
756.391,-0.16,-0.91,-0.28,-1.02
756.413,-0.19,-0.82,-0.27,-1.00
756.435,-0.22,-0.76,-0.25,-0.94
756.457,-0.32,-0.79,-0.26,-0.87
756.479,-0.32,-0.91,-0.24,-0.84
756.501,-0.44,-1.16,-0.30,-0.89
756.523,-0.31,-1.11,-0.32,-0.95
756.545,-0.39,-0.96,-0.36,-0.99
756.567,-0.27,-1.10,-0.35,-1.05
756.589,-0.30,-1.12,-0.34,-1.09
756.611,-0.20,-1.02,-0.29,-1.06
756.633,-0.20,-0.83,-0.27,-1.01
756.655,-0.27,-0.79,-0.25,-0.97
756.677,-0.49,-0.91,-0.29,-0.93
756.699,-0.43,-1.07,-0.32,-0.92
756.721,-0.38,-0.99,-0.35,-0.92
756.743,-0.42,-1.03,-0.40,-0.96
756.765,-0.33,-0.99,-0.41,-1.00
756.787,-0.44,-0.83,-0.40,-0.98
756.809,-0.30,-0.91,-0.37,-0.95
756.831,-0.32,-0.82,-0.36,-0.92
756.853,-0.43,-0.99,-0.36,-0.91
756.875,-0.45,-1.00,-0.39,-0.91
756.897,-0.34,-0.88,-0.37,-0.92
756.919,-0.23,-0.86,-0.35,-0.91
756.941,-0.38,-0.73,-0.37,-0.89
756.963,-0.22,-0.91,-0.32,-0.88
756.985,-0.39,-1.05,-0.31,-0.89
757.007,-0.23,-0.97,-0.29,-0.90
757.029,-0.28,-0.99,-0.30,-0.93
757.051,-0.41,-0.87,-0.31,-0.96
757.073,-0.62,-0.90,-0.39,-0.96
757.095,-0.51,-1.06,-0.41,-0.96
757.117,-0.26,-0.98,-0.42,-0.96
757.139,-0.27,-0.92,-0.41,-0.95
757.161,-0.29,-0.80,-0.39,-0.93
757.183,-0.28,-0.71,-0.32,-0.89
757.205,-0.26,-0.75,-0.27,-0.83
757.227,-0.29,-0.88,-0.28,-0.81
757.249,-0.27,-0.84,-0.28,-0.80
757.271,-0.24,-1.00,-0.27,-0.84
757.293,-0.25,-1.00,-0.26,-0.89
757.315,-0.43,-0.99,-0.30,-0.94
757.337,-0.42,-0.93,-0.32,-0.95
757.359,-0.41,-0.81,-0.35,-0.95
757.381,-0.40,-0.93,-0.38,-0.93
757.403,-0.45,-0.85,-0.42,-0.90
757.425,-0.41,-0.99,-0.42,-0.90
757.447,-0.22,-0.97,-0.38,-0.91
757.469,-0.30,-1.14,-0.36,-0.98
757.491,-0.27,-1.17,-0.33,-1.02
757.513,-0.32,-1.07,-0.30,-1.07
757.535,-0.38,-1.07,-0.30,-1.08
757.557,-0.42,-0.90,-0.34,-1.07
757.579,-0.37,-0.99,-0.35,-1.04
757.601,-0.45,-1.15,-0.39,-1.04
757.623,-0.39,-1.24,-0.40,-1.07
757.645,-0.31,-0.97,-0.39,-1.05
757.667,-0.32,-0.99,-0.37,-1.07
757.689,-0.28,-1.06,-0.35,-1.08
757.711,-0.31,-0.84,-0.32,-1.02
757.733,-0.25,-0.92,-0.29,-0.96
757.755,-0.26,-1.01,-0.28,-0.96
757.777,-0.20,-1.08,-0.26,-0.98
757.799,-0.13,-1.17,-0.23,-1.00
757.821,-0.21,-1.05,-0.21,-1.05
757.843,-0.25,-0.93,-0.21,-1.05
757.865,-0.36,-1.01,-0.23,-1.05
757.887,-0.31,-1.04,-0.25,-1.04
757.909,-0.30,-1.18,-0.29,-1.04
757.931,-0.27,-1.23,-0.30,-1.08
757.953,-0.38,-1.05,-0.32,-1.10
757.975,-0.33,-0.96,-0.32,-1.09
757.997,-0.25,-0.82,-0.31,-1.05
758.019,-0.35,-0.85,-0.32,-0.98
758.041,-0.29,-1.00,-0.32,-0.94
758.063,-0.21,-0.99,-0.29,-0.92
758.085,-0.27,-0.91,-0.27,-0.91
758.107,-0.16,-0.88,-0.26,-0.93
758.129,-0.31,-0.97,-0.25,-0.95
758.151,-0.27,-1.09,-0.24,-0.97
758.173,-0.19,-1.03,-0.24,-0.98
758.195,-0.25,-1.06,-0.24,-1.01
758.217,-0.30,-1.04,-0.26,-1.04
758.239,-0.37,-0.99,-0.28,-1.04
758.261,-0.26,-1.09,-0.27,-1.04
758.283,-0.37,-1.08,-0.31,-1.05
758.305,-0.37,-0.95,-0.33,-1.03
758.327,-0.35,-1.04,-0.34,-1.03
758.349,-0.16,-0.94,-0.30,-1.02
758.371,-0.36,-1.09,-0.32,-1.02
758.393,-0.28,-1.08,-0.30,-1.02
758.415,-0.30,-1.10,-0.29,-1.05
758.437,-0.28,-0.89,-0.28,-1.02
758.459,-0.36,-0.87,-0.32,-1.01
758.481,-0.34,-0.82,-0.31,-0.95
758.503,-0.28,-0.86,-0.31,-0.91
758.525,-0.19,-0.95,-0.29,-0.88
758.547,-0.21,-1.16,-0.28,-0.93
758.569,-0.16,-1.09,-0.24,-0.98
758.591,-0.27,-1.08,-0.22,-1.03
758.613,-0.38,-0.96,-0.24,-1.05
758.635,-0.39,-0.92,-0.28,-1.04
758.657,-0.45,-0.91,-0.33,-0.99
758.679,-0.53,-0.98,-0.40,-0.97
758.701,-0.41,-1.00,-0.43,-0.95
758.723,-0.43,-1.00,-0.44,-0.96
758.745,-0.26,-0.88,-0.42,-0.95
758.767,-0.19,-0.84,-0.36,-0.94
758.789,-0.11,-0.83,-0.28,-0.91
758.811,-0.23,-0.90,-0.24,-0.89
758.833,-0.31,-0.86,-0.22,-0.86
758.855,-0.43,-0.91,-0.25,-0.87
758.877,-0.28,-0.78,-0.27,-0.86
758.899,-0.26,-0.95,-0.30,-0.88
758.921,-0.24,-0.88,-0.30,-0.88
758.943,-0.28,-1.05,-0.30,-0.91
758.965,-0.18,-1.06,-0.25,-0.94
758.987,-0.27,-0.99,-0.25,-0.99
759.009,-0.39,-0.90,-0.27,-0.98
759.031,-0.32,-0.94,-0.29,-0.99
759.053,-0.44,-0.90,-0.32,-0.96
759.075,-0.32,-0.98,-0.35,-0.94
759.097,-0.37,-1.05,-0.37,-0.95
759.119,-0.44,-0.92,-0.38,-0.96
759.141,-0.27,-0.94,-0.37,-0.96
759.163,-0.19,-1.01,-0.32,-0.98
759.185,-0.45,-0.98,-0.34,-0.98
759.207,-0.51,-0.77,-0.37,-0.92
759.229,-0.43,-0.87,-0.37,-0.91
759.251,-0.39,-0.93,-0.39,-0.91
759.273,-0.52,-1.18,-0.46,-0.95
759.295,-0.55,-1.14,-0.48,-0.98
759.317,-0.53,-1.12,-0.48,-1.05
759.339,-0.39,-1.03,-0.48,-1.08
759.361,-0.39,-0.96,-0.48,-1.09
759.383,-0.41,-1.02,-0.45,-1.05
759.405,-0.23,-0.94,-0.39,-1.01
759.427,-0.38,-1.04,-0.36,-1.00
759.449,-0.44,-1.15,-0.37,-1.02
759.471,-0.45,-1.00,-0.38,-1.03
759.493,-0.33,-0.91,-0.37,-1.01
759.515,-0.14,-0.93,-0.35,-1.01
759.537,-0.14,-0.85,-0.30,-0.97
759.559,-0.20,-0.82,-0.25,-0.90
759.581,-0.21,-0.98,-0.20,-0.90
759.603,-0.20,-1.06,-0.18,-0.93
759.625,-0.25,-1.06,-0.20,-0.95
759.647,-0.40,-1.02,-0.25,-0.99
759.669,-0.52,-1.06,-0.32,-1.04
759.691,-0.48,-1.06,-0.37,-1.05
759.713,-0.45,-1.02,-0.42,-1.04
759.735,-0.29,-0.99,-0.43,-1.03
759.757,-0.30,-1.12,-0.41,-1.05
759.779,-0.41,-0.90,-0.39,-1.02
759.801,-0.35,-0.77,-0.36,-0.96
759.823,-0.29,-0.89,-0.33,-0.93
759.845,-0.33,-0.95,-0.34,-0.93
759.867,-0.31,-0.94,-0.34,-0.89
759.889,-0.44,-0.90,-0.34,-0.89
759.911,-0.32,-1.06,-0.34,-0.95
759.933,-0.38,-0.95,-0.36,-0.96
759.955,-0.26,-0.98,-0.34,-0.97
759.977,-0.25,-1.02,-0.33,-0.98
759.999,-0.11,-1.09,-0.26,-1.02
760.021,-0.21,-0.98,-0.24,-1.00
760.043,-0.29,-0.97,-0.22,-1.01
760.065,-0.29,-0.92,-0.23,-1.00
760.087,-0.26,-1.08,-0.23,-1.01
760.109,-0.26,-1.07,-0.26,-1.00
760.131,-0.20,-1.11,-0.26,-1.03
760.153,-0.28,-1.16,-0.26,-1.07
760.175,-0.30,-1.22,-0.26,-1.13
760.197,-0.17,-1.24,-0.24,-1.16
760.219,-0.20,-0.94,-0.23,-1.13
760.241,-0.37,-0.96,-0.26,-1.10
760.263,-0.24,-0.98,-0.26,-1.07
760.285,-0.19,-0.77,-0.23,-0.98
760.307,-0.17,-0.67,-0.23,-0.86
760.329,-0.25,-0.90,-0.24,-0.86
760.351,-0.38,-0.90,-0.25,-0.84
760.373,-0.20,-0.97,-0.24,-0.84
760.395,-0.30,-0.96,-0.26,-0.88
760.417,-0.41,-0.97,-0.31,-0.94
760.439,-0.40,-0.88,-0.34,-0.94
760.461,-0.28,-0.71,-0.32,-0.90
760.483,-0.33,-0.79,-0.34,-0.86
760.505,-0.26,-0.92,-0.34,-0.85
760.527,-0.23,-0.72,-0.30,-0.80
760.549,-0.22,-0.87,-0.26,-0.80
760.571,-0.20,-0.81,-0.25,-0.82
760.593,-0.23,-1.04,-0.23,-0.87
760.615,-0.25,-1.01,-0.23,-0.89
760.637,-0.30,-1.03,-0.24,-0.95
760.659,-0.23,-1.01,-0.24,-0.98
760.681,-0.26,-0.84,-0.25,-0.99
760.703,-0.24,-0.83,-0.26,-0.94
760.725,-0.35,-0.86,-0.28,-0.91
760.747,-0.27,-1.02,-0.27,-0.91
760.769,-0.23,-1.07,-0.27,-0.92
760.791,-0.22,-1.06,-0.26,-0.97
760.813,-0.21,-1.04,-0.26,-1.01
760.835,-0.25,-0.82,-0.24,-1.00
760.857,-0.28,-0.84,-0.24,-0.97
760.879,-0.27,-0.77,-0.25,-0.91
760.901,-0.44,-0.75,-0.29,-0.84
760.923,-0.48,-0.94,-0.34,-0.82
760.945,-0.21,-0.90,-0.34,-0.84
760.967,-0.30,-1.17,-0.34,-0.91
760.989,-0.25,-1.20,-0.34,-0.99
761.011,-0.12,-1.01,-0.27,-1.04
761.033,-0.19,-0.85,-0.21,-1.03
761.055,-0.19,-0.99,-0.21,-1.04
761.077,-0.27,-1.21,-0.20,-1.05
761.099,-0.20,-1.12,-0.19,-1.04
761.121,-0.14,-0.98,-0.20,-1.03
761.143,-0.13,-1.04,-0.19,-1.07
761.165,-0.15,-1.06,-0.18,-1.08
761.187,-0.25,-0.94,-0.17,-1.03
761.209,-0.13,-0.92,-0.16,-0.99
761.231,-0.32,-0.82,-0.20,-0.96
761.253,-0.39,-0.76,-0.25,-0.90
761.275,-0.31,-0.81,-0.28,-0.85
761.297,-0.39,-0.90,-0.31,-0.84
761.319,-0.23,-0.86,-0.33,-0.83
761.341,-0.24,-0.82,-0.31,-0.83
761.363,-0.35,-0.91,-0.30,-0.86
761.385,-0.38,-0.82,-0.32,-0.86
761.407,-0.09,-1.07,-0.26,-0.90
761.429,-0.28,-0.96,-0.27,-0.92
761.451,-0.39,-0.83,-0.30,-0.92
761.473,-0.40,-0.85,-0.31,-0.91
761.495,-0.38,-0.79,-0.31,-0.90
761.517,-0.24,-0.97,-0.34,-0.88
761.539,-0.22,-1.18,-0.33,-0.92
761.561,-0.14,-1.16,-0.28,-0.99
761.583,-0.34,-0.97,-0.26,-1.01
761.605,-0.21,-0.86,-0.23,-1.03
761.627,-0.20,-1.01,-0.22,-1.04
761.649,-0.30,-1.08,-0.24,-1.02
761.671,-0.34,-1.08,-0.28,-1.00
761.693,-0.21,-1.22,-0.25,-1.05
761.715,-0.24,-1.16,-0.26,-1.11
761.737,-0.17,-1.12,-0.25,-1.13
761.759,-0.18,-1.04,-0.23,-1.12
761.781,-0.31,-1.05,-0.22,-1.12
761.803,-0.34,-0.95,-0.25,-1.06
761.825,-0.48,-0.98,-0.30,-1.03
761.847,-0.24,-1.06,-0.31,-1.02
761.869,-0.37,-0.93,-0.35,-0.99
761.891,-0.35,-0.98,-0.36,-0.98
761.913,-0.27,-0.96,-0.34,-0.98
761.935,-0.29,-1.08,-0.30,-1.00
761.957,-0.26,-0.99,-0.31,-0.99
761.979,-0.18,-0.91,-0.27,-0.98
762.001,-0.20,-0.81,-0.24,-0.95
762.023,-0.20,-0.99,-0.23,-0.96
762.045,-0.26,-0.98,-0.22,-0.94
762.067,-0.26,-1.06,-0.22,-0.95
762.089,-0.32,-0.91,-0.25,-0.95
762.111,-0.39,-0.98,-0.29,-0.98
762.133,-0.28,-1.06,-0.30,-1.00
762.155,-0.28,-1.00,-0.31,-1.00
762.177,-0.25,-0.77,-0.30,-0.94
762.199,-0.25,-0.69,-0.29,-0.90
762.221,-0.24,-0.87,-0.26,-0.88
762.243,-0.26,-0.83,-0.26,-0.83
762.265,-0.32,-0.87,-0.26,-0.81
762.287,-0.15,-0.91,-0.24,-0.83
762.309,-0.23,-0.88,-0.24,-0.87
762.331,-0.39,-0.94,-0.27,-0.89
762.353,-0.37,-1.07,-0.29,-0.93
762.375,-0.23,-1.01,-0.27,-0.96
762.397,-0.31,-1.09,-0.31,-1.00
762.419,-0.36,-1.06,-0.33,-1.03
762.441,-0.29,-1.11,-0.31,-1.07
762.463,-0.27,-1.06,-0.29,-1.07
762.485,-0.26,-1.06,-0.30,-1.08
762.507,-0.32,-0.89,-0.30,-1.04
762.529,-0.47,-0.91,-0.32,-1.01
762.551,-0.30,-0.89,-0.32,-0.96
762.573,-0.20,-0.97,-0.31,-0.94
762.595,-0.31,-0.95,-0.32,-0.92
762.617,-0.42,-1.05,-0.34,-0.95
762.639,-0.28,-1.29,-0.30,-1.03
762.661,-0.33,-1.12,-0.31,-1.08
762.683,-0.36,-1.10,-0.34,-1.10
762.705,-0.24,-1.02,-0.33,-1.12
762.727,-0.21,-0.89,-0.28,-1.08
762.749,-0.46,-0.97,-0.32,-1.02
762.771,-0.26,-0.98,-0.31,-0.99
762.793,-0.43,-1.02,-0.32,-0.98
762.815,-0.38,-1.08,-0.35,-0.99
762.837,-0.26,-1.01,-0.36,-1.01
762.859,-0.40,-0.94,-0.35,-1.01
762.881,-0.26,-0.90,-0.35,-0.99
762.903,-0.35,-1.15,-0.33,-1.02
762.925,-0.32,-1.07,-0.32,-1.01
762.947,-0.45,-0.98,-0.36,-1.01
762.969,-0.40,-0.90,-0.36,-1.00
762.991,-0.40,-1.00,-0.38,-1.02
763.013,-0.35,-0.93,-0.38,-0.98
763.035,-0.41,-1.01,-0.40,-0.96
763.057,-0.30,-1.03,-0.37,-0.97
763.079,-0.36,-1.07,-0.36,-1.01
763.101,-0.30,-1.18,-0.34,-1.04
763.123,-0.24,-0.94,-0.32,-1.05
763.145,-0.13,-1.00,-0.27,-1.04
763.167,-0.17,-1.03,-0.24,-1.04
763.189,-0.15,-0.98,-0.20,-1.03
763.211,-0.06,-1.09,-0.15,-1.01
763.233,-0.28,-1.19,-0.16,-1.06
763.255,-0.07,-1.20,-0.15,-1.10
763.277,-0.12,-1.10,-0.14,-1.11
763.299,-0.25,-0.80,-0.16,-1.08
763.321,-0.22,-1.03,-0.19,-1.06
763.343,-0.33,-0.92,-0.20,-1.01
763.365,-0.26,-0.91,-0.24,-0.95
763.387,-0.24,-0.84,-0.26,-0.90
763.409,-0.17,-0.95,-0.24,-0.93
763.431,-0.26,-0.96,-0.25,-0.92
763.453,-0.32,-0.87,-0.25,-0.91
763.475,-0.30,-0.78,-0.26,-0.88
763.497,-0.31,-0.90,-0.27,-0.89
763.519,-0.30,-0.99,-0.30,-0.90
763.541,-0.26,-1.02,-0.30,-0.91
763.563,-0.30,-1.04,-0.29,-0.95
763.585,-0.26,-0.86,-0.29,-0.96
763.607,-0.20,-0.82,-0.26,-0.95
763.629,-0.40,-0.92,-0.28,-0.93
763.651,-0.38,-1.01,-0.31,-0.93
763.673,-0.40,-1.07,-0.33,-0.94
763.695,-0.37,-1.03,-0.35,-0.97
763.717,-0.22,-1.01,-0.35,-1.01
763.739,-0.35,-0.97,-0.34,-1.02
763.761,-0.33,-1.12,-0.33,-1.04
763.783,-0.19,-0.96,-0.29,-1.02
763.805,-0.28,-1.06,-0.27,-1.02
763.827,-0.31,-1.12,-0.29,-1.05
763.849,-0.31,-1.04,-0.28,-1.06
763.871,-0.30,-0.95,-0.28,-1.03
763.893,-0.25,-1.06,-0.29,-1.05
763.915,-0.28,-1.03,-0.29,-1.04
763.937,-0.32,-0.91,-0.29,-1.00
763.959,-0.39,-0.94,-0.31,-0.98
763.981,-0.09,-1.03,-0.27,-0.99
764.003,-0.24,-1.02,-0.26,-0.99
764.025,-0.32,-1.04,-0.27,-0.99
764.047,-0.49,-0.87,-0.31,-0.98
764.069,-0.54,-0.85,-0.34,-0.96
764.091,-0.40,-0.92,-0.40,-0.94
764.113,-0.47,-0.94,-0.44,-0.92
764.135,-0.32,-0.97,-0.44,-0.91
764.157,-0.31,-1.06,-0.41,-0.95
764.179,-0.39,-0.97,-0.38,-0.97
764.201,-0.42,-0.98,-0.38,-0.98
764.223,-0.29,-1.02,-0.35,-1.00
764.245,-0.33,-0.91,-0.35,-0.99
764.267,-0.37,-1.02,-0.36,-0.98
764.289,-0.31,-0.86,-0.34,-0.96
764.311,-0.39,-0.96,-0.34,-0.95
764.333,-0.32,-0.94,-0.34,-0.94
764.355,-0.30,-0.89,-0.34,-0.93
764.377,-0.41,-0.75,-0.35,-0.88
764.399,-0.40,-0.78,-0.36,-0.86
764.421,-0.47,-0.82,-0.38,-0.84
764.443,-0.30,-0.79,-0.38,-0.81
764.465,-0.29,-0.96,-0.37,-0.82
764.487,-0.27,-0.98,-0.35,-0.87
764.509,-0.20,-0.95,-0.31,-0.90
764.531,-0.28,-0.88,-0.27,-0.91
764.553,-0.31,-0.79,-0.27,-0.91
764.575,-0.35,-0.91,-0.28,-0.90
764.597,-0.25,-0.91,-0.28,-0.89
764.619,-0.07,-0.73,-0.25,-0.84
764.641,-0.03,-0.86,-0.20,-0.84
764.663,-0.07,-0.87,-0.15,-0.86
764.685,-0.09,-0.84,-0.10,-0.84
764.707,-0.13,-1.00,-0.08,-0.86
764.729,-0.28,-1.02,-0.12,-0.92
764.751,-0.30,-0.98,-0.17,-0.94
764.773,-0.31,-0.94,-0.22,-0.96
764.795,-0.28,-0.92,-0.26,-0.97
764.817,-0.36,-0.93,-0.31,-0.96
764.839,-0.35,-1.08,-0.32,-0.97
764.861,-0.25,-1.16,-0.31,-1.01
764.883,-0.28,-1.11,-0.30,-1.04
764.905,-0.19,-1.02,-0.29,-1.06
764.927,-0.30,-1.06,-0.27,-1.09
764.949,-0.30,-0.94,-0.26,-1.06
764.971,-0.27,-0.72,-0.27,-0.97
764.993,-0.17,-0.85,-0.25,-0.92
765.015,-0.26,-0.99,-0.26,-0.91
765.037,-0.37,-1.03,-0.27,-0.91
765.059,-0.50,-1.06,-0.31,-0.93
765.081,-0.25,-0.91,-0.31,-0.97
765.103,-0.08,-0.89,-0.29,-0.98
765.125,-0.08,-0.78,-0.26,-0.93
765.147,-0.27,-0.76,-0.24,-0.88
765.169,-0.47,-0.76,-0.23,-0.82
765.191,-0.50,-0.67,-0.28,-0.77
765.213,-0.45,-0.71,-0.35,-0.74
765.235,-0.23,-0.91,-0.38,-0.76
765.257,-0.35,-0.98,-0.40,-0.81
765.279,-0.44,-0.98,-0.39,-0.85
765.301,-0.30,-0.89,-0.35,-0.89
765.323,-0.28,-0.96,-0.32,-0.94
765.345,-0.37,-1.00,-0.35,-0.96
765.367,-0.38,-0.87,-0.35,-0.94
765.389,-0.31,-0.90,-0.33,-0.92
765.411,-0.38,-0.96,-0.34,-0.94
765.433,-0.30,-1.01,-0.35,-0.95
765.455,-0.23,-0.96,-0.32,-0.94
765.477,-0.30,-0.97,-0.30,-0.96
765.499,-0.30,-0.90,-0.30,-0.96
765.521,-0.28,-0.95,-0.28,-0.96
765.543,-0.32,-1.02,-0.29,-0.96
765.565,-0.46,-0.99,-0.33,-0.97
765.587,-0.53,-0.92,-0.38,-0.96
765.609,-0.30,-0.81,-0.38,-0.94
765.631,-0.31,-0.86,-0.38,-0.92
765.653,-0.36,-1.08,-0.39,-0.93
765.675,-0.35,-0.94,-0.37,-0.92
765.697,-0.21,-0.97,-0.31,-0.93
765.719,-0.19,-0.85,-0.28,-0.94
765.741,-0.32,-1.02,-0.29,-0.97
765.763,-0.26,-1.12,-0.27,-0.98
765.785,-0.30,-1.05,-0.26,-1.00
765.807,-0.30,-1.01,-0.27,-1.01
765.829,-0.23,-0.91,-0.28,-1.02
765.851,-0.42,-0.81,-0.30,-0.98
765.873,-0.40,-0.95,-0.33,-0.95
765.895,-0.33,-0.91,-0.34,-0.92
765.917,-0.32,-1.20,-0.34,-0.96
765.939,-0.26,-1.19,-0.35,-1.01
765.961,-0.39,-1.16,-0.34,-1.08
765.983,-0.24,-1.21,-0.31,-1.13
766.005,-0.37,-1.09,-0.32,-1.17
766.027,-0.16,-1.13,-0.28,-1.16
766.049,-0.20,-0.97,-0.27,-1.11
766.071,-0.21,-1.09,-0.24,-1.10
766.093,-0.50,-1.08,-0.29,-1.07
766.115,-0.39,-1.13,-0.29,-1.08
766.137,-0.38,-1.12,-0.34,-1.08
766.159,-0.42,-0.98,-0.38,-1.08
766.181,-0.36,-1.01,-0.41,-1.06
766.203,-0.42,-0.96,-0.39,-1.04
766.225,-0.22,-1.03,-0.36,-1.02
766.247,-0.10,-0.97,-0.30,-0.99
766.269,-0.28,-0.88,-0.28,-0.97
766.291,-0.43,-1.02,-0.29,-0.97
766.313,-0.54,-1.21,-0.31,-1.02
766.335,-0.42,-1.11,-0.35,-1.04
766.357,-0.42,-0.89,-0.42,-1.02
766.379,-0.48,-0.90,-0.46,-1.03
766.401,-0.47,-1.00,-0.47,-1.02
766.423,-0.47,-0.71,-0.45,-0.92
766.445,-0.43,-0.93,-0.45,-0.89
766.467,-0.38,-0.98,-0.45,-0.90
766.489,-0.36,-0.83,-0.42,-0.89
766.511,-0.22,-1.08,-0.37,-0.91
766.533,-0.24,-1.23,-0.33,-1.01
766.555,-0.30,-1.17,-0.30,-1.06
766.577,-0.32,-1.07,-0.29,-1.08
766.599,-0.44,-1.03,-0.30,-1.12
766.621,-0.39,-0.97,-0.34,-1.09
766.643,-0.42,-1.06,-0.37,-1.06
766.665,-0.28,-1.01,-0.37,-1.03
766.687,-0.38,-1.03,-0.38,-1.02
766.709,-0.39,-1.15,-0.37,-1.04
766.731,-0.22,-1.11,-0.34,-1.07
766.753,-0.19,-0.98,-0.29,-1.06
766.775,-0.28,-1.03,-0.29,-1.06
766.797,-0.19,-0.98,-0.25,-1.05
766.819,-0.14,-0.88,-0.20,-1.00
766.841,-0.27,-0.99,-0.21,-0.97
766.863,-0.15,-0.87,-0.21,-0.95
766.885,-0.24,-0.99,-0.20,-0.94
766.907,-0.26,-1.03,-0.21,-0.95
766.929,-0.31,-1.20,-0.25,-1.02
766.951,-0.21,-0.97,-0.23,-1.01
766.973,-0.13,-1.14,-0.23,-1.07
766.995,-0.26,-1.06,-0.23,-1.08
767.017,-0.34,-1.03,-0.25,-1.08
767.039,-0.34,-0.91,-0.26,-1.02
767.061,-0.36,-0.80,-0.29,-0.99
767.083,-0.22,-0.75,-0.30,-0.91
767.105,-0.12,-0.98,-0.28,-0.89
767.127,-0.15,-0.96,-0.24,-0.88
767.149,-0.26,-1.01,-0.22,-0.90
767.171,-0.22,-0.85,-0.19,-0.91
767.193,-0.35,-0.84,-0.22,-0.93
767.215,-0.36,-0.76,-0.27,-0.88
767.237,-0.37,-0.76,-0.31,-0.84
767.259,-0.29,-0.95,-0.32,-0.83
767.281,-0.33,-1.00,-0.34,-0.86
767.303,-0.25,-0.99,-0.32,-0.89
767.325,-0.36,-1.01,-0.32,-0.94
767.347,-0.27,-1.02,-0.30,-0.99
767.369,-0.29,-0.92,-0.30,-0.99
767.391,-0.36,-0.87,-0.31,-0.96
767.413,-0.28,-0.76,-0.31,-0.92
767.435,-0.19,-0.90,-0.28,-0.89
767.457,-0.07,-0.85,-0.24,-0.86
767.479,-0.21,-0.99,-0.22,-0.87
767.501,-0.20,-0.92,-0.19,-0.88
767.523,-0.28,-0.79,-0.19,-0.89
767.545,-0.12,-0.86,-0.18,-0.88
767.567,-0.16,-1.00,-0.19,-0.91
767.589,-0.12,-0.98,-0.18,-0.91
767.611,-0.08,-0.95,-0.15,-0.92
767.633,-0.14,-0.93,-0.12,-0.94
767.655,-0.26,-0.97,-0.15,-0.97
767.677,-0.34,-0.91,-0.19,-0.95
767.699,-0.41,-0.79,-0.25,-0.91
767.721,-0.35,-0.91,-0.30,-0.90
767.743,-0.35,-0.87,-0.34,-0.89
767.765,-0.32,-0.97,-0.35,-0.89
767.787,-0.29,-0.90,-0.34,-0.89
767.809,-0.27,-0.89,-0.32,-0.91
767.831,-0.38,-0.95,-0.32,-0.92
767.853,-0.47,-0.88,-0.35,-0.92
767.875,-0.42,-0.98,-0.37,-0.92
767.897,-0.39,-0.86,-0.39,-0.91
767.919,-0.29,-0.94,-0.39,-0.92
767.941,-0.32,-0.92,-0.38,-0.92
767.963,-0.30,-0.91,-0.34,-0.92
767.985,-0.31,-0.96,-0.32,-0.92
768.007,-0.29,-1.04,-0.30,-0.95
768.029,-0.38,-0.98,-0.32,-0.96
768.051,-0.30,-0.95,-0.32,-0.97
768.073,-0.30,-0.96,-0.32,-0.98
768.095,-0.33,-0.95,-0.32,-0.98
768.117,-0.23,-0.93,-0.31,-0.95
768.139,-0.19,-0.86,-0.27,-0.93
768.161,-0.31,-0.76,-0.27,-0.89
768.183,-0.34,-0.79,-0.28,-0.86
768.205,-0.39,-0.89,-0.29,-0.85
768.227,-0.21,-0.93,-0.29,-0.85
768.249,-0.22,-0.91,-0.29,-0.86
768.271,-0.19,-1.03,-0.27,-0.91
768.293,-0.24,-0.99,-0.25,-0.95
768.315,-0.30,-0.98,-0.23,-0.97
768.337,-0.31,-0.86,-0.25,-0.95
768.359,-0.30,-0.91,-0.27,-0.95
768.381,-0.35,-1.01,-0.30,-0.95
768.403,-0.28,-1.06,-0.31,-0.96
768.425,-0.31,-0.81,-0.31,-0.93
768.447,-0.31,-0.75,-0.31,-0.91
768.469,-0.41,-0.83,-0.33,-0.89
768.491,-0.31,-0.94,-0.32,-0.88
768.513,-0.26,-0.82,-0.32,-0.83
768.535,-0.30,-0.96,-0.32,-0.86
768.557,-0.30,-0.84,-0.32,-0.88
768.579,-0.13,-0.85,-0.26,-0.88
768.601,-0.30,-0.83,-0.26,-0.86
768.623,-0.39,-0.90,-0.28,-0.88
768.645,-0.49,-1.01,-0.32,-0.89
768.667,-0.33,-0.98,-0.33,-0.91
768.689,-0.28,-0.94,-0.36,-0.93
768.711,-0.32,-0.81,-0.36,-0.93
768.733,-0.38,-0.87,-0.36,-0.92
768.755,-0.45,-0.85,-0.35,-0.89
768.777,-0.44,-0.99,-0.37,-0.89
768.799,-0.40,-0.95,-0.40,-0.89
768.821,-0.45,-1.02,-0.42,-0.94
768.843,-0.45,-0.96,-0.44,-0.95
768.865,-0.30,-0.88,-0.41,-0.96
768.887,-0.30,-1.02,-0.38,-0.97
768.909,-0.23,-0.94,-0.35,-0.96
768.931,-0.05,-0.94,-0.27,-0.95
768.953,-0.20,-0.80,-0.22,-0.92
768.975,-0.24,-0.81,-0.20,-0.90
768.997,-0.29,-0.94,-0.20,-0.89
769.019,-0.29,-0.89,-0.21,-0.88
769.041,-0.20,-0.87,-0.24,-0.86
769.063,-0.20,-0.87,-0.24,-0.88
769.085,-0.27,-0.84,-0.25,-0.88
769.107,-0.31,-0.86,-0.25,-0.87
769.129,-0.32,-0.98,-0.26,-0.88
769.151,-0.29,-0.97,-0.28,-0.90
769.173,-0.25,-0.86,-0.29,-0.90
769.195,-0.36,-1.10,-0.31,-0.95
769.217,-0.26,-1.11,-0.30,-1.00
769.239,-0.26,-1.14,-0.28,-1.04
769.261,-0.19,-0.91,-0.26,-1.02
769.283,-0.24,-1.02,-0.26,-1.06
769.305,-0.40,-0.85,-0.27,-1.01
769.327,-0.41,-0.98,-0.30,-0.98
769.349,-0.40,-0.88,-0.33,-0.93
769.371,-0.43,-0.90,-0.38,-0.93
769.393,-0.38,-1.08,-0.40,-0.94
769.415,-0.30,-0.93,-0.38,-0.95
769.437,-0.37,-0.96,-0.38,-0.95
769.459,-0.21,-0.97,-0.34,-0.97
769.481,-0.27,-0.91,-0.31,-0.97
769.503,-0.34,-0.92,-0.30,-0.94
769.525,-0.23,-1.01,-0.28,-0.95
769.547,-0.15,-1.13,-0.24,-0.99
769.569,-0.12,-1.24,-0.22,-1.04
769.591,-0.24,-1.22,-0.22,-1.10
769.613,-0.29,-1.10,-0.21,-1.14
769.635,-0.22,-1.09,-0.20,-1.16
769.657,-0.34,-1.01,-0.24,-1.13
769.679,-0.30,-1.01,-0.28,-1.09
769.701,-0.37,-0.89,-0.30,-1.02
769.723,-0.46,-0.87,-0.34,-0.97
769.745,-0.31,-0.78,-0.36,-0.91
769.767,-0.31,-0.81,-0.35,-0.87
769.789,-0.28,-0.91,-0.35,-0.85
769.811,-0.26,-0.86,-0.32,-0.85
769.833,-0.20,-0.97,-0.27,-0.87
769.855,-0.38,-1.04,-0.29,-0.92
769.877,-0.37,-0.95,-0.30,-0.95
769.899,-0.38,-0.97,-0.32,-0.96
769.921,-0.45,-1.12,-0.36,-1.01
769.943,-0.44,-1.26,-0.40,-1.07
769.965,-0.44,-1.07,-0.42,-1.07
769.987,-0.25,-0.97,-0.39,-1.08
770.009,-0.31,-0.94,-0.38,-1.07
770.031,-0.20,-0.77,-0.33,-1.00
770.053,-0.10,-0.86,-0.26,-0.92
770.075,-0.20,-1.00,-0.21,-0.91
770.097,-0.40,-1.03,-0.24,-0.92
770.119,-0.40,-0.86,-0.26,-0.90
770.141,-0.30,-0.71,-0.28,-0.89
770.163,-0.36,-0.74,-0.33,-0.87
770.185,-0.23,-0.71,-0.34,-0.81
770.207,-0.31,-0.73,-0.32,-0.75
770.229,-0.39,-0.84,-0.32,-0.75
770.251,-0.34,-1.01,-0.33,-0.81
770.273,-0.26,-1.07,-0.31,-0.87
770.295,-0.23,-0.99,-0.31,-0.93
770.317,-0.32,-1.00,-0.31,-0.98
770.339,-0.35,-1.06,-0.30,-1.03
770.361,-0.35,-0.81,-0.30,-0.99
770.383,-0.37,-0.76,-0.32,-0.92
770.405,-0.26,-0.73,-0.33,-0.87
770.427,-0.44,-0.73,-0.35,-0.82
770.449,-0.50,-0.88,-0.38,-0.78
770.471,-0.37,-0.77,-0.39,-0.77
770.493,-0.41,-0.73,-0.40,-0.77
770.515,-0.31,-0.99,-0.41,-0.82
770.537,-0.30,-0.90,-0.38,-0.85
770.559,-0.27,-0.96,-0.33,-0.87
770.581,-0.34,-0.83,-0.33,-0.88
770.603,-0.31,-0.97,-0.31,-0.93
770.625,-0.27,-1.02,-0.30,-0.94
770.647,-0.38,-0.82,-0.31,-0.92
770.669,-0.32,-0.94,-0.32,-0.92
770.691,-0.37,-0.90,-0.33,-0.93
770.713,-0.38,-0.88,-0.34,-0.91
770.735,-0.12,-0.88,-0.31,-0.88
770.757,-0.42,-0.86,-0.32,-0.89
770.779,-0.39,-0.96,-0.34,-0.90
770.801,-0.33,-1.02,-0.33,-0.92
770.823,-0.29,-0.93,-0.31,-0.93
770.845,-0.25,-0.85,-0.34,-0.92
770.867,-0.25,-0.93,-0.30,-0.94
770.889,-0.46,-1.05,-0.32,-0.96
770.911,-0.38,-1.08,-0.33,-0.97
770.933,-0.23,-1.03,-0.31,-0.99
770.955,-0.30,-1.02,-0.32,-1.02
770.977,-0.31,-1.05,-0.34,-1.05
770.999,-0.33,-0.82,-0.31,-1.00
771.021,-0.23,-0.87,-0.28,-0.96
771.043,-0.29,-0.72,-0.29,-0.90
771.065,-0.12,-0.68,-0.26,-0.83
771.087,-0.16,-0.83,-0.23,-0.78
771.109,-0.24,-0.85,-0.21,-0.79
771.131,-0.28,-1.02,-0.22,-0.82
771.153,-0.32,-1.01,-0.22,-0.88
771.175,-0.44,-0.92,-0.29,-0.93
771.197,-0.36,-1.07,-0.33,-0.97
771.219,-0.27,-0.97,-0.33,-1.00
771.241,-0.25,-0.86,-0.33,-0.97
771.263,-0.30,-0.95,-0.32,-0.95
771.285,-0.43,-0.86,-0.32,-0.94
771.307,-0.30,-0.93,-0.31,-0.91
771.329,-0.35,-0.90,-0.33,-0.90
771.351,-0.32,-0.95,-0.34,-0.92
771.373,-0.27,-1.01,-0.33,-0.93
771.395,-0.29,-0.94,-0.31,-0.95
771.417,-0.30,-1.02,-0.31,-0.96
771.439,-0.16,-1.01,-0.27,-0.99
771.461,-0.26,-1.17,-0.26,-1.03
771.483,-0.36,-1.10,-0.27,-1.05
771.505,-0.37,-0.97,-0.29,-1.05
771.527,-0.31,-0.99,-0.29,-1.05
771.549,-0.40,-0.99,-0.34,-1.04
771.571,-0.38,-0.99,-0.36,-1.01
771.593,-0.25,-0.99,-0.34,-0.99
771.615,-0.28,-0.92,-0.32,-0.98
771.637,-0.25,-0.92,-0.31,-0.96
771.659,-0.19,-1.08,-0.27,-0.98
771.681,-0.13,-1.06,-0.22,-0.99
771.703,-0.21,-0.95,-0.21,-0.99
771.725,-0.18,-1.11,-0.19,-1.02
771.747,-0.21,-1.13,-0.18,-1.07
771.769,-0.25,-1.05,-0.20,-1.06
771.791,-0.42,-0.96,-0.25,-1.04
771.813,-0.33,-0.91,-0.28,-1.03
771.835,-0.28,-1.16,-0.30,-1.04
771.857,-0.35,-1.19,-0.33,-1.05
771.879,-0.41,-0.94,-0.36,-1.03
771.901,-0.30,-0.93,-0.33,-1.03
771.923,-0.28,-0.84,-0.32,-1.01
771.945,-0.29,-0.87,-0.33,-0.95
771.967,-0.20,-0.88,-0.30,-0.89
771.989,-0.28,-1.08,-0.27,-0.92
772.011,-0.23,-0.87,-0.26,-0.91
772.033,-0.27,-0.89,-0.25,-0.92
772.055,-0.34,-0.82,-0.26,-0.91
772.077,-0.23,-0.84,-0.27,-0.90
772.099,-0.18,-0.78,-0.25,-0.84
772.121,-0.42,-0.91,-0.29,-0.85
772.143,-0.42,-0.98,-0.32,-0.87
772.165,-0.33,-0.86,-0.32,-0.87
772.187,-0.40,-0.81,-0.35,-0.87
772.209,-0.45,-0.83,-0.40,-0.88
772.231,-0.37,-1.07,-0.39,-0.91
772.253,-0.44,-1.09,-0.40,-0.93
772.275,-0.33,-1.07,-0.40,-0.97
772.297,-0.26,-0.97,-0.37,-1.01
772.319,-0.30,-1.04,-0.34,-1.05
772.341,-0.33,-1.09,-0.33,-1.05
772.363,-0.36,-1.13,-0.32,-1.06
772.385,-0.35,-0.96,-0.32,-1.04
772.407,-0.30,-0.99,-0.33,-1.04
772.429,-0.28,-1.07,-0.32,-1.05
772.451,-0.38,-1.10,-0.33,-1.05
772.473,-0.27,-1.08,-0.32,-1.04
772.495,-0.30,-1.02,-0.31,-1.05
772.517,-0.28,-0.93,-0.30,-1.04
772.539,-0.27,-0.87,-0.30,-1.00
772.561,-0.32,-0.76,-0.29,-0.93
772.583,-0.42,-0.75,-0.32,-0.87
772.605,-0.47,-0.83,-0.35,-0.83
772.627,-0.32,-0.88,-0.36,-0.82
772.649,-0.27,-0.97,-0.36,-0.84
772.671,-0.31,-0.96,-0.36,-0.88
772.693,-0.22,-0.88,-0.32,-0.90
772.715,-0.22,-0.89,-0.27,-0.92
772.737,-0.27,-0.88,-0.26,-0.92
772.759,-0.16,-0.75,-0.24,-0.87
772.781,-0.30,-0.96,-0.23,-0.87
772.803,-0.23,-0.95,-0.24,-0.89
772.825,-0.22,-0.87,-0.24,-0.88
772.847,-0.07,-0.97,-0.20,-0.90
772.869,-0.11,-1.00,-0.19,-0.95
772.891,-0.20,-0.90,-0.17,-0.94
772.913,-0.20,-0.78,-0.16,-0.90
772.935,-0.23,-0.97,-0.16,-0.92
772.957,-0.29,-1.01,-0.21,-0.93
772.979,-0.24,-1.00,-0.23,-0.93
773.001,-0.28,-0.97,-0.25,-0.95
773.023,-0.27,-0.99,-0.26,-0.99
773.045,-0.27,-0.92,-0.27,-0.98
773.067,-0.36,-0.91,-0.28,-0.96
773.089,-0.27,-0.97,-0.29,-0.95
773.111,-0.23,-0.98,-0.28,-0.95
773.133,-0.32,-0.99,-0.29,-0.95
773.155,-0.30,-0.96,-0.30,-0.96
773.177,-0.31,-1.06,-0.29,-0.99
773.199,-0.29,-0.75,-0.29,-0.95
773.221,-0.27,-0.67,-0.30,-0.89
773.243,-0.24,-0.79,-0.28,-0.85
773.265,-0.28,-1.00,-0.28,-0.85
773.287,-0.13,-0.96,-0.24,-0.83
773.309,-0.23,-0.92,-0.23,-0.87
773.331,-0.27,-1.15,-0.23,-0.96
773.353,-0.29,-1.04,-0.24,-1.01
773.375,-0.28,-0.98,-0.24,-1.01
773.397,-0.20,-0.95,-0.25,-1.01
773.419,-0.26,-0.90,-0.26,-1.00
773.441,-0.35,-0.86,-0.28,-0.95
773.463,-0.44,-0.88,-0.31,-0.91
773.485,-0.38,-0.93,-0.33,-0.90
773.507,-0.26,-0.86,-0.34,-0.89
773.529,-0.27,-0.93,-0.34,-0.89
773.551,-0.24,-1.01,-0.32,-0.92
773.573,-0.29,-0.91,-0.29,-0.93
773.595,-0.49,-1.10,-0.31,-0.96
773.617,-0.46,-0.85,-0.35,-0.96
773.639,-0.46,-0.74,-0.39,-0.92
773.661,-0.32,-0.98,-0.40,-0.92
773.683,-0.09,-1.03,-0.36,-0.94
773.705,-0.30,-1.06,-0.33,-0.93
773.727,-0.39,-1.05,-0.31,-0.97
773.749,-0.24,-1.07,-0.27,-1.04
773.771,-0.24,-0.97,-0.25,-1.04
773.793,-0.35,-1.01,-0.30,-1.03
773.815,-0.34,-1.03,-0.31,-1.03
773.837,-0.28,-0.99,-0.29,-1.01
773.859,-0.38,-0.88,-0.32,-0.98
773.881,-0.25,-0.89,-0.32,-0.96
773.903,-0.19,-0.87,-0.29,-0.93
773.925,-0.33,-0.88,-0.29,-0.90
773.947,-0.20,-0.85,-0.27,-0.87
773.969,-0.34,-0.98,-0.26,-0.89
773.991,-0.26,-0.94,-0.26,-0.90
774.013,-0.24,-0.95,-0.27,-0.92
774.035,-0.27,-1.16,-0.26,-0.98
774.057,-0.32,-0.96,-0.29,-1.00
774.079,-0.35,-1.04,-0.29,-1.01
774.101,-0.38,-1.15,-0.31,-1.05
774.123,-0.20,-0.99,-0.30,-1.06
774.145,-0.31,-0.93,-0.31,-1.01
774.167,-0.38,-0.95,-0.32,-1.01
774.189,-0.36,-0.93,-0.33,-0.99
774.211,-0.42,-0.89,-0.33,-0.94
774.233,-0.23,-0.88,-0.34,-0.92
774.255,-0.33,-0.99,-0.34,-0.93
774.277,-0.29,-0.94,-0.33,-0.93
774.299,-0.38,-1.04,-0.33,-0.95
774.321,-0.52,-1.00,-0.35,-0.97
774.343,-0.37,-0.94,-0.38,-0.98
774.365,-0.29,-1.06,-0.37,-1.00
774.387,-0.30,-1.18,-0.37,-1.04
774.409,-0.24,-1.09,-0.34,-1.05
774.431,-0.36,-0.99,-0.31,-1.05
774.453,-0.29,-0.75,-0.30,-1.01
774.475,-0.31,-0.82,-0.30,-0.97
774.497,-0.24,-0.79,-0.29,-0.89
774.519,-0.40,-0.81,-0.32,-0.83
774.541,-0.27,-0.87,-0.30,-0.81
774.563,-0.21,-0.85,-0.29,-0.83
774.585,-0.46,-0.77,-0.32,-0.82
774.607,-0.41,-0.81,-0.35,-0.82
774.629,-0.30,-0.88,-0.33,-0.84
774.651,-0.30,-0.83,-0.34,-0.83
774.673,-0.17,-0.98,-0.33,-0.85
774.695,-0.05,-0.99,-0.25,-0.90
774.717,-0.05,-1.01,-0.17,-0.94
774.739,-0.19,-0.99,-0.15,-0.96
774.761,-0.14,-0.99,-0.12,-0.99
774.783,-0.30,-0.88,-0.15,-0.97
774.805,-0.29,-0.95,-0.19,-0.96
774.827,-0.35,-0.85,-0.25,-0.93
774.849,-0.39,-0.74,-0.29,-0.88
774.871,-0.24,-0.74,-0.31,-0.83
774.893,-0.15,-0.73,-0.28,-0.80
774.915,-0.41,-0.78,-0.31,-0.77
774.937,-0.52,-0.97,-0.34,-0.79
774.959,-0.46,-0.93,-0.36,-0.83
774.981,-0.43,-0.82,-0.39,-0.85
775.003,-0.41,-0.89,-0.45,-0.88
775.025,-0.38,-0.93,-0.44,-0.91
775.047,-0.37,-0.96,-0.41,-0.91
775.069,-0.39,-1.07,-0.40,-0.93
775.091,-0.40,-1.01,-0.39,-0.97
775.113,-0.28,-1.00,-0.36,-0.99
775.135,-0.22,-1.02,-0.33,-1.01
775.157,-0.12,-0.97,-0.28,-1.01
775.179,-0.13,-1.03,-0.23,-1.01
775.201,-0.18,-0.96,-0.19,-1.00
775.223,-0.35,-0.80,-0.20,-0.96
775.245,-0.33,-0.97,-0.22,-0.95
775.267,-0.26,-0.93,-0.25,-0.94
775.289,-0.14,-0.83,-0.25,-0.90
775.311,-0.24,-0.83,-0.26,-0.87
775.333,-0.31,-0.93,-0.26,-0.90
775.355,-0.32,-0.86,-0.25,-0.88
775.377,-0.41,-0.81,-0.28,-0.85
775.399,-0.24,-0.84,-0.30,-0.85
775.421,-0.27,-0.97,-0.31,-0.88
775.443,-0.05,-0.89,-0.26,-0.87
775.465,-0.13,-0.87,-0.22,-0.88
775.487,-0.35,-1.06,-0.21,-0.93
775.509,-0.48,-1.21,-0.26,-1.00
775.531,-0.23,-1.24,-0.25,-1.05
775.553,-0.34,-1.19,-0.31,-1.11
775.575,-0.34,-1.03,-0.35,-1.15
775.597,-0.29,-1.01,-0.34,-1.14
775.619,-0.25,-0.87,-0.29,-1.07
775.641,-0.32,-0.83,-0.31,-0.99
775.663,-0.34,-1.04,-0.31,-0.96
775.685,-0.44,-1.13,-0.33,-0.98
775.707,-0.43,-1.08,-0.36,-0.99
775.729,-0.47,-1.06,-0.40,-1.03
775.751,-0.55,-1.03,-0.45,-1.07
775.773,-0.26,-1.04,-0.43,-1.07
775.795,-0.27,-0.91,-0.40,-1.02
775.817,-0.20,-0.89,-0.35,-0.99
775.839,-0.33,-1.02,-0.32,-0.98
775.861,-0.26,-1.04,-0.26,-0.98
775.883,-0.51,-1.13,-0.31,-1.00
775.905,-0.43,-1.01,-0.35,-1.02
775.927,-0.40,-0.79,-0.39,-1.00
775.949,-0.27,-0.89,-0.37,-0.97
775.971,-0.19,-0.79,-0.36,-0.92
775.993,-0.11,-0.97,-0.28,-0.89
776.015,-0.28,-0.97,-0.25,-0.88
776.037,-0.35,-0.84,-0.24,-0.89
776.059,-0.28,-0.91,-0.24,-0.90
776.081,-0.33,-0.89,-0.27,-0.92
776.103,-0.34,-1.00,-0.32,-0.92
776.125,-0.28,-1.02,-0.32,-0.93
776.147,-0.27,-0.81,-0.30,-0.93
776.169,-0.28,-0.79,-0.30,-0.90
776.191,-0.40,-0.81,-0.31,-0.89
776.213,-0.19,-0.88,-0.28,-0.86
776.235,-0.19,-0.77,-0.27,-0.81
776.257,-0.17,-0.96,-0.25,-0.84
776.279,-0.23,-0.81,-0.24,-0.85
776.301,-0.22,-0.86,-0.20,-0.86
776.323,-0.30,-0.82,-0.22,-0.84
776.345,-0.33,-0.81,-0.25,-0.85
776.367,-0.17,-0.90,-0.25,-0.84
776.389,-0.23,-1.06,-0.25,-0.89
776.411,-0.26,-1.04,-0.26,-0.93
776.433,-0.36,-1.05,-0.27,-0.97
776.455,-0.12,-1.05,-0.23,-1.02
776.477,-0.27,-0.79,-0.25,-1.00
776.499,-0.19,-0.87,-0.24,-0.96
776.521,-0.14,-0.75,-0.22,-0.90
776.543,-0.32,-0.75,-0.21,-0.84
776.565,-0.31,-1.02,-0.25,-0.84
776.587,-0.14,-0.92,-0.22,-0.86
776.609,-0.21,-0.99,-0.22,-0.89
776.631,-0.44,-1.13,-0.28,-0.96
776.653,-0.35,-1.09,-0.29,-1.03
776.675,-0.32,-1.05,-0.29,-1.04
776.697,-0.24,-0.95,-0.31,-1.04
776.719,-0.32,-0.89,-0.33,-1.02
776.741,-0.30,-1.02,-0.31,-1.00
776.763,-0.31,-0.85,-0.30,-0.95
776.785,-0.28,-0.78,-0.29,-0.90
776.807,-0.30,-0.96,-0.30,-0.90
776.829,-0.24,-0.99,-0.29,-0.92
776.851,-0.32,-1.14,-0.29,-0.94
776.873,-0.36,-1.05,-0.30,-0.98
776.895,-0.34,-1.02,-0.31,-1.03
776.917,-0.25,-0.93,-0.30,-1.03
776.939,-0.36,-0.80,-0.33,-0.99
776.961,-0.25,-0.76,-0.31,-0.91
776.983,-0.28,-0.81,-0.30,-0.86
777.005,-0.35,-0.88,-0.30,-0.84
777.027,-0.42,-0.82,-0.33,-0.81
777.049,-0.41,-0.95,-0.34,-0.84
777.071,-0.37,-0.85,-0.37,-0.86
777.093,-0.29,-1.05,-0.37,-0.91
777.115,-0.29,-0.89,-0.36,-0.91
777.137,-0.20,-0.94,-0.31,-0.94
777.159,-0.38,-0.83,-0.31,-0.91
777.181,-0.44,-0.97,-0.32,-0.94
777.203,-0.35,-0.89,-0.33,-0.90
777.225,-0.25,-1.02,-0.32,-0.93
777.247,-0.39,-1.04,-0.36,-0.95
777.269,-0.37,-0.99,-0.36,-0.98
777.291,-0.26,-0.84,-0.32,-0.96
777.313,-0.23,-0.90,-0.30,-0.96
777.335,-0.14,-1.01,-0.28,-0.96
777.357,-0.07,-1.02,-0.21,-0.95
777.379,-0.21,-1.05,-0.18,-0.96
777.401,-0.19,-0.98,-0.17,-0.99
777.423,-0.26,-1.03,-0.17,-1.02
777.445,-0.31,-0.95,-0.21,-1.01
777.467,-0.37,-0.89,-0.27,-0.98
777.489,-0.22,-0.96,-0.27,-0.96
777.511,-0.42,-1.01,-0.32,-0.97
777.533,-0.27,-0.91,-0.32,-0.94
777.555,-0.41,-0.87,-0.34,-0.93
777.577,-0.14,-0.90,-0.29,-0.93
777.599,-0.30,-0.85,-0.31,-0.91
777.621,-0.35,-1.10,-0.29,-0.93
777.643,-0.22,-1.03,-0.28,-0.95
777.665,-0.36,-0.84,-0.27,-0.94
777.687,-0.26,-0.88,-0.30,-0.94
777.709,-0.43,-0.72,-0.32,-0.91
777.731,-0.30,-0.94,-0.31,-0.88
777.753,-0.32,-0.96,-0.33,-0.87
777.775,-0.38,-1.09,-0.34,-0.92
777.797,-0.28,-1.16,-0.34,-0.97
777.819,-0.24,-0.90,-0.30,-1.01
777.841,-0.22,-0.78,-0.29,-0.98
777.863,-0.31,-0.86,-0.29,-0.96
777.885,-0.21,-0.91,-0.25,-0.92
777.907,-0.17,-0.96,-0.23,-0.88
777.929,-0.28,-1.01,-0.24,-0.90
777.951,-0.40,-1.04,-0.27,-0.96
777.973,-0.36,-0.94,-0.28,-0.97
777.995,-0.50,-1.14,-0.34,-1.02
778.017,-0.28,-0.99,-0.36,-1.02
778.039,-0.27,-1.01,-0.36,-1.02
778.061,-0.38,-0.96,-0.36,-1.01
778.083,-0.38,-0.92,-0.36,-1.00
778.105,-0.31,-0.91,-0.32,-0.96
778.127,-0.32,-0.95,-0.33,-0.95
778.149,-0.35,-0.98,-0.35,-0.94
778.171,-0.37,-1.07,-0.35,-0.97
778.193,-0.36,-0.89,-0.34,-0.96
778.215,-0.32,-0.94,-0.34,-0.97
778.237,-0.31,-1.09,-0.34,-0.99
778.259,-0.31,-1.16,-0.33,-1.03
778.281,-0.26,-0.99,-0.31,-1.01
778.303,-0.27,-0.85,-0.29,-1.01
778.325,-0.27,-0.98,-0.28,-1.01
778.347,-0.28,-1.05,-0.28,-1.01
778.369,-0.22,-1.03,-0.26,-0.98
778.391,-0.25,-1.05,-0.26,-0.99
778.413,-0.19,-0.85,-0.24,-0.99
778.435,-0.15,-0.75,-0.22,-0.95
778.457,-0.14,-0.79,-0.19,-0.89
778.479,-0.23,-0.86,-0.19,-0.86
778.501,-0.42,-0.87,-0.23,-0.82
778.523,-0.46,-0.96,-0.28,-0.85
778.545,-0.19,-1.00,-0.29,-0.90
778.567,-0.29,-0.98,-0.32,-0.93
778.589,-0.29,-0.98,-0.33,-0.96
778.611,-0.32,-0.82,-0.31,-0.95
778.633,-0.33,-0.60,-0.28,-0.88
778.655,-0.24,-0.68,-0.29,-0.81
778.677,-0.28,-0.87,-0.29,-0.79
778.699,-0.29,-0.93,-0.29,-0.78
778.721,-0.34,-0.95,-0.30,-0.81
778.743,-0.34,-1.09,-0.30,-0.90
778.765,-0.47,-0.99,-0.34,-0.97
778.787,-0.44,-0.84,-0.38,-0.96
778.809,-0.40,-0.92,-0.40,-0.96
778.831,-0.41,-0.99,-0.41,-0.97
778.853,-0.40,-1.06,-0.42,-0.96
778.875,-0.26,-1.03,-0.38,-0.97
778.897,-0.43,-1.05,-0.38,-1.01
778.919,-0.39,-1.06,-0.38,-1.04
778.941,-0.18,-0.95,-0.33,-1.03
778.963,-0.21,-0.97,-0.29,-1.01
778.985,-0.09,-0.99,-0.26,-1.00
779.007,-0.15,-0.93,-0.20,-0.98
779.029,-0.06,-1.10,-0.14,-0.99
779.051,-0.17,-1.03,-0.14,-1.00
779.073,-0.20,-0.89,-0.13,-0.99
779.095,-0.18,-0.91,-0.15,-0.97
779.117,-0.13,-0.85,-0.15,-0.96
779.139,-0.13,-0.93,-0.16,-0.92
779.161,-0.21,-0.96,-0.17,-0.91
779.183,-0.18,-1.21,-0.17,-0.97
779.205,-0.42,-1.06,-0.21,-1.00
779.227,-0.39,-1.09,-0.27,-1.05
779.249,-0.45,-0.89,-0.33,-1.04
779.271,-0.31,-0.93,-0.35,-1.04
779.293,-0.23,-1.01,-0.36,-1.00
779.315,-0.10,-0.77,-0.30,-0.94
779.337,-0.23,-0.90,-0.26,-0.90
779.359,-0.32,-0.89,-0.24,-0.90
779.381,-0.36,-0.97,-0.25,-0.91
779.403,-0.22,-0.90,-0.25,-0.89
779.425,-0.32,-0.93,-0.29,-0.92
779.447,-0.40,-1.05,-0.32,-0.95
779.469,-0.17,-1.06,-0.29,-0.98
779.491,-0.36,-1.00,-0.29,-0.99
779.513,-0.45,-0.96,-0.34,-1.00
779.535,-0.26,-0.91,-0.33,-1.00
779.557,-0.27,-0.75,-0.30,-0.94
779.579,-0.19,-0.72,-0.31,-0.87
779.601,-0.21,-0.86,-0.28,-0.84
779.623,-0.22,-0.92,-0.23,-0.83
779.645,-0.29,-0.81,-0.24,-0.81
779.667,-0.20,-0.97,-0.22,-0.86
779.689,-0.08,-1.07,-0.20,-0.93
779.711,-0.17,-1.05,-0.19,-0.96
779.733,-0.21,-0.81,-0.19,-0.94
779.755,-0.23,-0.93,-0.18,-0.97
779.777,-0.35,-0.86,-0.21,-0.94
779.799,-0.25,-0.88,-0.24,-0.91
779.821,-0.24,-0.88,-0.26,-0.87
779.843,-0.33,-0.87,-0.28,-0.88
779.865,-0.34,-0.89,-0.30,-0.88
779.887,-0.51,-0.93,-0.33,-0.89
779.909,-0.46,-0.91,-0.38,-0.90
779.931,-0.23,-0.86,-0.37,-0.89
779.953,-0.21,-0.87,-0.35,-0.89
779.975,-0.25,-0.89,-0.33,-0.89
779.997,-0.39,-0.81,-0.31,-0.87
780.019,-0.40,-1.01,-0.30,-0.89
780.041,-0.47,-1.09,-0.34,-0.93
780.063,-0.45,-0.94,-0.39,-0.95
780.085,-0.43,-1.11,-0.43,-0.99
780.107,-0.54,-1.11,-0.46,-1.05
780.129,-0.39,-1.09,-0.46,-1.07
780.151,-0.36,-1.02,-0.43,-1.05
780.173,-0.32,-0.93,-0.41,-1.05
780.195,-0.29,-0.82,-0.38,-0.99
780.217,-0.21,-0.92,-0.31,-0.96
780.239,-0.23,-0.87,-0.28,-0.91
780.261,-0.24,-0.90,-0.26,-0.89
780.283,-0.25,-1.05,-0.24,-0.91
780.305,-0.25,-1.10,-0.24,-0.97
780.327,-0.18,-1.01,-0.23,-0.99
780.349,-0.19,-0.96,-0.22,-1.00
780.371,-0.21,-0.79,-0.22,-0.98
780.393,-0.28,-0.83,-0.22,-0.94
780.415,-0.39,-0.97,-0.25,-0.91
780.437,-0.33,-0.85,-0.28,-0.88
780.459,-0.40,-0.75,-0.32,-0.84
780.481,-0.26,-0.79,-0.33,-0.84
780.503,-0.14,-0.92,-0.30,-0.86
780.525,-0.22,-0.90,-0.27,-0.84
780.547,-0.40,-0.95,-0.28,-0.86
780.569,-0.24,-0.96,-0.25,-0.90
780.591,-0.22,-0.92,-0.24,-0.93
780.613,-0.34,-1.13,-0.28,-0.97
780.635,-0.30,-0.98,-0.30,-0.99
780.657,-0.26,-1.01,-0.27,-1.00
780.679,-0.38,-0.96,-0.30,-1.00
780.701,-0.34,-0.91,-0.32,-1.00
780.723,-0.18,-0.88,-0.29,-0.95
780.745,-0.25,-0.82,-0.28,-0.92
780.767,-0.36,-0.95,-0.30,-0.90
780.789,-0.45,-0.90,-0.32,-0.89
780.811,-0.42,-0.83,-0.33,-0.88
780.833,-0.37,-0.85,-0.37,-0.87
780.855,-0.31,-0.84,-0.38,-0.87
780.877,-0.31,-0.99,-0.37,-0.88
780.899,-0.15,-1.15,-0.31,-0.93
780.921,-0.36,-1.13,-0.30,-0.99
780.943,-0.46,-0.99,-0.32,-1.02
780.965,-0.42,-0.95,-0.34,-1.04
780.987,-0.36,-0.83,-0.35,-1.01
781.009,-0.32,-0.86,-0.38,-0.95
781.031,-0.39,-0.97,-0.39,-0.92
781.053,-0.31,-0.96,-0.36,-0.91
781.075,-0.41,-0.97,-0.36,-0.92
781.097,-0.31,-0.72,-0.35,-0.90
781.119,-0.26,-0.83,-0.34,-0.89
781.141,-0.26,-0.87,-0.31,-0.87
781.163,-0.34,-0.78,-0.32,-0.83
781.185,-0.41,-0.71,-0.32,-0.78
781.207,-0.31,-0.92,-0.32,-0.82
781.229,-0.26,-0.76,-0.32,-0.81
781.251,-0.42,-0.86,-0.35,-0.81
781.273,-0.46,-0.87,-0.37,-0.82
781.295,-0.40,-0.78,-0.37,-0.84
781.317,-0.40,-0.79,-0.39,-0.81
781.339,-0.23,-0.96,-0.38,-0.85
781.361,-0.09,-1.03,-0.32,-0.89
781.383,-0.20,-1.01,-0.26,-0.91
781.405,-0.21,-0.94,-0.23,-0.95
781.427,-0.39,-1.10,-0.22,-1.01
781.449,-0.25,-1.07,-0.23,-1.03
781.471,-0.23,-1.07,-0.26,-1.04
781.493,-0.26,-0.95,-0.27,-1.03
781.515,-0.32,-0.97,-0.29,-1.03
781.537,-0.25,-0.87,-0.26,-0.99
781.559,-0.40,-0.90,-0.29,-0.95
781.581,-0.23,-0.83,-0.29,-0.90
781.603,-0.37,-0.79,-0.31,-0.87
781.625,-0.33,-0.90,-0.32,-0.86
781.647,-0.24,-0.83,-0.31,-0.85
781.669,-0.09,-0.82,-0.25,-0.83
781.691,-0.13,-0.97,-0.23,-0.86
781.713,-0.33,-0.96,-0.22,-0.90
781.735,-0.31,-1.17,-0.22,-0.95
781.757,-0.31,-1.13,-0.23,-1.01
781.779,-0.36,-0.97,-0.29,-1.04
781.801,-0.54,-0.97,-0.37,-1.04
781.823,-0.53,-0.85,-0.41,-1.02
781.845,-0.34,-1.00,-0.42,-0.98
781.867,-0.38,-0.98,-0.43,-0.95
781.889,-0.29,-1.17,-0.42,-0.99
781.911,-0.29,-1.03,-0.37,-1.01
781.933,-0.24,-0.94,-0.31,-1.02
781.955,-0.22,-0.96,-0.28,-1.02
781.977,-0.18,-0.94,-0.24,-1.01
781.999,-0.22,-1.14,-0.23,-1.00
782.021,-0.36,-1.20,-0.24,-1.04
782.043,-0.34,-1.12,-0.26,-1.07
782.065,-0.30,-1.11,-0.28,-1.10
782.087,-0.37,-0.99,-0.32,-1.11
782.109,-0.42,-0.98,-0.36,-1.08
782.131,-0.36,-0.94,-0.36,-1.03
782.153,-0.22,-0.85,-0.33,-0.97
782.175,-0.29,-0.78,-0.33,-0.91
782.197,-0.32,-0.97,-0.32,-0.90
782.219,-0.39,-1.05,-0.32,-0.92
782.241,-0.34,-0.98,-0.31,-0.93
782.263,-0.37,-0.96,-0.34,-0.95
782.285,-0.48,-0.89,-0.38,-0.97
782.307,-0.50,-0.99,-0.42,-0.97
782.329,-0.45,-0.89,-0.43,-0.94
782.351,-0.34,-0.83,-0.43,-0.91
782.373,-0.30,-0.97,-0.41,-0.91
782.395,-0.23,-1.17,-0.36,-0.97
782.417,-0.21,-0.93,-0.31,-0.96
782.439,-0.27,-0.90,-0.27,-0.96
782.461,-0.33,-0.92,-0.27,-0.98
782.483,-0.34,-0.96,-0.28,-0.98
782.505,-0.39,-1.03,-0.31,-0.95
782.527,-0.35,-0.96,-0.34,-0.95
782.549,-0.33,-0.83,-0.35,-0.94
782.571,-0.37,-0.77,-0.36,-0.91
782.593,-0.23,-0.83,-0.33,-0.88
782.615,-0.27,-0.74,-0.31,-0.83
782.637,-0.32,-0.96,-0.30,-0.83
782.659,-0.42,-1.07,-0.32,-0.87
782.681,-0.29,-1.15,-0.31,-0.95
782.703,-0.27,-1.16,-0.31,-1.02
782.725,-0.24,-0.88,-0.31,-1.04
782.747,-0.30,-0.97,-0.30,-1.05
782.769,-0.17,-1.03,-0.25,-1.04
782.791,-0.25,-0.98,-0.25,-1.00
782.813,-0.30,-1.13,-0.25,-1.00
782.835,-0.26,-1.01,-0.26,-1.02
782.857,-0.20,-1.14,-0.24,-1.06
782.879,-0.44,-1.04,-0.29,-1.06
782.901,-0.32,-0.86,-0.30,-1.04
782.923,-0.39,-0.88,-0.32,-0.99
782.945,-0.44,-1.03,-0.36,-0.99
782.967,-0.52,-0.96,-0.42,-0.95
782.989,-0.33,-0.93,-0.40,-0.93
783.011,-0.41,-1.02,-0.42,-0.96
783.033,-0.34,-0.99,-0.41,-0.99
783.055,-0.59,-0.93,-0.44,-0.97
783.077,-0.55,-1.11,-0.44,-1.00
783.099,-0.41,-1.03,-0.46,-1.02
783.121,-0.16,-0.99,-0.41,-1.01
783.143,-0.24,-1.03,-0.39,-1.02
783.165,-0.25,-0.98,-0.32,-1.03
783.187,-0.38,-1.12,-0.29,-1.03
783.209,-0.37,-0.90,-0.28,-1.00
783.231,-0.29,-0.98,-0.31,-1.00
783.253,-0.34,-1.00,-0.33,-1.00
783.275,-0.23,-0.89,-0.32,-0.98
783.297,-0.26,-0.96,-0.30,-0.95
783.319,-0.31,-1.00,-0.29,-0.97
783.341,-0.51,-0.88,-0.33,-0.95
783.363,-0.36,-1.07,-0.33,-0.96
783.385,-0.38,-1.03,-0.36,-0.99
783.407,-0.28,-1.01,-0.37,-1.00
783.429,-0.19,-0.92,-0.34,-0.98
783.451,-0.25,-1.03,-0.29,-1.01
783.473,-0.23,-1.05,-0.27,-1.01
783.495,-0.17,-0.96,-0.22,-0.99
783.517,-0.25,-1.05,-0.22,-1.00
783.539,-0.33,-0.78,-0.25,-0.97
783.561,-0.44,-0.80,-0.28,-0.93
783.583,-0.49,-0.91,-0.34,-0.90
783.605,-0.41,-1.05,-0.38,-0.92
783.627,-0.36,-0.92,-0.41,-0.89
783.649,-0.45,-0.75,-0.43,-0.89
783.671,-0.42,-0.78,-0.43,-0.88
783.693,-0.45,-0.87,-0.42,-0.87
783.715,-0.50,-0.83,-0.44,-0.83
783.737,-0.32,-0.94,-0.43,-0.83
783.759,-0.33,-1.06,-0.40,-0.90
783.781,-0.22,-0.98,-0.36,-0.94
783.803,-0.28,-0.97,-0.33,-0.96
783.825,-0.22,-0.98,-0.27,-0.99
783.847,-0.31,-1.00,-0.27,-1.00
783.869,-0.42,-0.95,-0.29,-0.98
783.891,-0.37,-1.01,-0.32,-0.98
783.913,-0.27,-1.06,-0.32,-1.00
783.935,-0.37,-0.95,-0.35,-0.99
783.957,-0.23,-0.98,-0.33,-0.99
783.979,-0.27,-0.92,-0.30,-0.98
784.001,-0.37,-0.97,-0.30,-0.98
784.023,-0.43,-0.95,-0.33,-0.95
784.045,-0.32,-0.94,-0.32,-0.95
784.067,-0.30,-0.94,-0.34,-0.94
784.089,-0.36,-0.90,-0.36,-0.94
784.111,-0.41,-0.93,-0.36,-0.93
784.133,-0.37,-0.95,-0.35,-0.93
784.155,-0.29,-0.90,-0.35,-0.92
784.177,-0.28,-0.90,-0.34,-0.92
784.199,-0.29,-0.77,-0.33,-0.89
784.221,-0.18,-0.77,-0.28,-0.86
784.243,-0.25,-0.85,-0.26,-0.84
784.265,-0.22,-0.97,-0.24,-0.85
784.287,-0.37,-0.75,-0.26,-0.82
784.309,-0.30,-0.96,-0.26,-0.86
784.331,-0.30,-0.93,-0.29,-0.89
784.353,-0.33,-0.97,-0.30,-0.92
784.375,-0.26,-1.05,-0.31,-0.93
784.397,-0.31,-1.08,-0.30,-1.00
784.419,-0.35,-0.86,-0.31,-0.98
784.441,-0.38,-0.95,-0.33,-0.98
784.463,-0.41,-0.85,-0.34,-0.96
784.485,-0.35,-1.00,-0.36,-0.95
784.507,-0.40,-0.96,-0.38,-0.92
784.529,-0.33,-0.98,-0.37,-0.95
784.551,-0.35,-1.01,-0.37,-0.96
784.573,-0.29,-0.99,-0.34,-0.99
784.595,-0.25,-0.95,-0.32,-0.98
784.617,-0.22,-1.08,-0.29,-1.00
784.639,-0.21,-1.02,-0.26,-1.01
784.661,-0.37,-0.92,-0.27,-0.99
784.683,-0.45,-0.85,-0.30,-0.96
784.705,-0.45,-1.01,-0.34,-0.98
784.727,-0.36,-1.00,-0.37,-0.96
784.749,-0.19,-0.97,-0.36,-0.95
784.771,-0.43,-0.93,-0.38,-0.95
784.793,-0.26,-0.80,-0.34,-0.94
784.815,-0.27,-0.91,-0.30,-0.92
784.837,-0.38,-0.83,-0.31,-0.89
784.859,-0.36,-1.05,-0.34,-0.90
784.881,-0.33,-1.01,-0.32,-0.92
784.903,-0.56,-1.24,-0.38,-1.01
784.925,-0.51,-1.10,-0.43,-1.05
784.947,-0.35,-0.90,-0.42,-1.06
784.969,-0.42,-1.03,-0.43,-1.06
784.991,-0.29,-1.14,-0.43,-1.08
785.013,-0.31,-1.14,-0.38,-1.06
785.035,-0.30,-0.89,-0.33,-1.02
785.057,-0.28,-1.00,-0.32,-1.04
785.079,-0.41,-0.91,-0.32,-1.02
785.101,-0.48,-0.74,-0.36,-0.94
785.123,-0.47,-0.87,-0.39,-0.88
785.145,-0.53,-1.00,-0.43,-0.90
785.167,-0.49,-0.99,-0.48,-0.90
785.189,-0.34,-0.96,-0.46,-0.91
785.211,-0.21,-0.90,-0.41,-0.94
785.233,-0.20,-0.89,-0.35,-0.95
785.255,-0.36,-1.02,-0.32,-0.95
785.277,-0.21,-0.74,-0.26,-0.90
785.299,-0.16,-0.93,-0.23,-0.90
785.321,-0.35,-0.99,-0.26,-0.91
785.343,-0.36,-1.16,-0.29,-0.97
785.365,-0.45,-0.99,-0.31,-0.96
785.387,-0.40,-1.07,-0.34,-1.03
785.409,-0.40,-1.07,-0.39,-1.06
785.431,-0.46,-1.05,-0.41,-1.07
785.453,-0.46,-1.12,-0.43,-1.06
785.475,-0.37,-0.95,-0.42,-1.05
785.497,-0.26,-0.90,-0.39,-1.02
785.519,-0.38,-0.78,-0.39,-0.96
785.541,-0.26,-0.77,-0.35,-0.90
785.563,-0.21,-0.90,-0.30,-0.86
785.585,-0.18,-1.00,-0.26,-0.87
785.607,-0.23,-1.00,-0.25,-0.89
785.629,-0.42,-0.99,-0.26,-0.93
785.651,-0.34,-1.01,-0.28,-0.98
785.673,-0.32,-0.92,-0.30,-0.98
785.695,-0.26,-0.69,-0.31,-0.92
785.717,-0.07,-0.73,-0.28,-0.87
785.739,-0.23,-0.71,-0.24,-0.81
785.761,-0.31,-0.79,-0.24,-0.77
785.783,-0.28,-0.81,-0.23,-0.75
785.805,-0.31,-1.03,-0.24,-0.81
785.827,-0.22,-0.97,-0.27,-0.86
785.849,-0.20,-0.85,-0.26,-0.89
785.871,-0.38,-0.85,-0.28,-0.90
785.893,-0.32,-0.99,-0.29,-0.94
785.915,-0.34,-0.93,-0.29,-0.92
785.937,-0.40,-0.97,-0.33,-0.92
785.959,-0.30,-0.93,-0.35,-0.93
785.981,-0.27,-0.98,-0.33,-0.96
786.003,-0.21,-1.10,-0.30,-0.98
786.025,-0.27,-1.14,-0.29,-1.02
786.047,-0.21,-0.82,-0.25,-0.99
786.069,-0.20,-0.97,-0.23,-1.00
786.091,-0.29,-1.07,-0.24,-1.02
786.113,-0.34,-1.13,-0.26,-1.03
786.135,-0.48,-0.95,-0.30,-0.99
786.157,-0.38,-0.90,-0.34,-1.00
786.179,-0.37,-0.88,-0.37,-0.99
786.201,-0.45,-0.87,-0.40,-0.95
786.223,-0.33,-0.90,-0.40,-0.90
786.245,-0.28,-0.90,-0.36,-0.89
786.267,-0.36,-0.95,-0.36,-0.90
786.289,-0.40,-1.19,-0.36,-0.96
786.311,-0.42,-1.03,-0.36,-0.99
786.333,-0.29,-0.92,-0.35,-1.00
786.355,-0.37,-1.08,-0.37,-1.03
786.377,-0.53,-1.10,-0.40,-1.06
786.399,-0.53,-1.04,-0.43,-1.03
786.421,-0.56,-0.91,-0.46,-1.01
786.443,-0.47,-0.88,-0.49,-1.00
786.465,-0.36,-0.89,-0.49,-0.96
786.487,-0.29,-0.95,-0.44,-0.93
786.509,-0.27,-0.98,-0.39,-0.92
786.531,-0.33,-0.85,-0.34,-0.91
786.553,-0.43,-0.88,-0.34,-0.91
786.575,-0.41,-0.93,-0.35,-0.92
786.597,-0.27,-0.82,-0.34,-0.89
786.619,-0.30,-0.92,-0.35,-0.88
786.641,-0.24,-0.86,-0.33,-0.88
786.663,-0.20,-0.87,-0.28,-0.88
786.685,-0.33,-1.05,-0.27,-0.90
786.707,-0.34,-0.88,-0.28,-0.92
786.729,-0.12,-0.87,-0.25,-0.91
786.751,-0.27,-1.04,-0.25,-0.94
786.773,-0.42,-0.95,-0.30,-0.96
786.795,-0.35,-0.94,-0.30,-0.94
786.817,-0.35,-0.99,-0.30,-0.96
786.839,-0.46,-1.02,-0.37,-0.99
786.861,-0.34,-0.99,-0.38,-0.98
786.883,-0.49,-0.84,-0.40,-0.96
786.905,-0.33,-0.85,-0.39,-0.94
786.927,-0.38,-0.84,-0.40,-0.91
786.949,-0.46,-0.83,-0.40,-0.87
786.971,-0.57,-0.84,-0.45,-0.84
786.993,-0.39,-0.66,-0.43,-0.80
787.015,-0.23,-0.84,-0.41,-0.80
787.037,-0.23,-1.00,-0.38,-0.83
787.059,-0.21,-0.90,-0.33,-0.85
787.081,-0.39,-0.98,-0.29,-0.88
787.103,-0.30,-0.98,-0.27,-0.94
787.125,-0.41,-1.03,-0.31,-0.98
787.147,-0.38,-1.10,-0.34,-1.00
787.169,-0.46,-1.04,-0.39,-1.03
787.191,-0.55,-1.03,-0.42,-1.04
787.213,-0.40,-1.12,-0.44,-1.06
787.235,-0.38,-1.16,-0.43,-1.09
787.257,-0.41,-1.04,-0.44,-1.08
787.279,-0.27,-0.86,-0.40,-1.04
787.301,-0.37,-0.99,-0.37,-1.03
787.323,-0.13,-1.16,-0.31,-1.04
787.345,-0.20,-1.04,-0.28,-1.02
787.367,-0.39,-1.02,-0.27,-1.01
787.389,-0.26,-1.05,-0.27,-1.05
787.411,-0.25,-0.88,-0.25,-1.03
787.433,-0.16,-0.91,-0.25,-0.98
787.455,-0.16,-0.85,-0.24,-0.94
787.477,-0.34,-0.87,-0.23,-0.91
787.499,-0.32,-0.94,-0.25,-0.89
787.521,-0.22,-0.93,-0.24,-0.90
787.543,-0.21,-0.89,-0.25,-0.90
787.565,-0.14,-0.93,-0.25,-0.91
787.587,-0.08,-0.95,-0.19,-0.93
787.609,-0.07,-1.19,-0.14,-0.98
787.631,-0.08,-0.98,-0.12,-0.99
787.653,-0.21,-1.06,-0.12,-1.02
787.675,-0.26,-1.00,-0.14,-1.04
787.697,-0.35,-0.96,-0.19,-1.04
787.719,-0.30,-0.91,-0.24,-0.98
787.741,-0.15,-0.89,-0.25,-0.96
787.763,-0.09,-0.87,-0.23,-0.93
787.785,-0.39,-0.95,-0.26,-0.92
787.807,-0.28,-1.02,-0.24,-0.93
787.829,-0.37,-0.96,-0.26,-0.94
787.851,-0.47,-0.93,-0.32,-0.95
787.873,-0.25,-0.83,-0.35,-0.94
787.895,-0.38,-0.89,-0.35,-0.93
787.917,-0.46,-0.92,-0.39,-0.91
787.939,-0.37,-0.97,-0.39,-0.91
787.961,-0.44,-0.96,-0.38,-0.91
787.983,-0.30,-1.02,-0.39,-0.95
788.005,-0.31,-1.09,-0.38,-0.99
788.027,-0.27,-0.97,-0.34,-1.00
788.049,-0.32,-0.86,-0.33,-0.98
788.071,-0.32,-0.95,-0.30,-0.98
788.093,-0.35,-0.87,-0.31,-0.95
788.115,-0.41,-0.99,-0.33,-0.93
788.137,-0.43,-1.07,-0.37,-0.95
788.159,-0.36,-1.00,-0.37,-0.98
788.181,-0.30,-1.05,-0.37,-1.00
788.203,-0.17,-0.95,-0.33,-1.01
788.225,-0.31,-1.00,-0.31,-1.01
788.247,-0.33,-0.86,-0.29,-0.97
788.269,-0.39,-0.84,-0.30,-0.94
788.291,-0.38,-0.78,-0.32,-0.89
788.313,-0.36,-0.85,-0.35,-0.87
788.335,-0.31,-0.89,-0.35,-0.84
788.357,-0.30,-0.87,-0.35,-0.85
788.379,-0.14,-1.00,-0.30,-0.88
788.401,-0.24,-1.11,-0.27,-0.94
788.423,-0.30,-0.96,-0.26,-0.97
788.445,-0.31,-1.04,-0.26,-1.00
788.467,-0.39,-0.98,-0.28,-1.02
788.489,-0.36,-0.90,-0.32,-1.00
788.511,-0.36,-0.95,-0.34,-0.97
788.533,-0.22,-1.04,-0.33,-0.98
788.555,-0.20,-1.04,-0.31,-0.98
788.577,-0.34,-1.11,-0.30,-1.01
788.599,-0.15,-0.97,-0.25,-1.02
788.621,-0.19,-0.94,-0.22,-1.02
788.643,-0.22,-0.87,-0.22,-0.99
788.665,-0.32,-0.84,-0.24,-0.95
788.687,-0.26,-0.91,-0.23,-0.91
788.709,-0.27,-0.92,-0.25,-0.90
788.731,-0.27,-0.94,-0.27,-0.90
788.753,-0.27,-1.02,-0.28,-0.93
788.775,-0.11,-1.01,-0.24,-0.96
788.797,-0.36,-1.08,-0.26,-0.99
788.819,-0.32,-1.01,-0.27,-1.01
788.841,-0.35,-1.00,-0.28,-1.02
788.863,-0.41,-0.85,-0.31,-0.99
788.885,-0.37,-0.92,-0.36,-0.97
788.907,-0.34,-0.88,-0.36,-0.93
788.929,-0.30,-0.97,-0.35,-0.92
788.951,-0.19,-1.03,-0.32,-0.93
788.973,-0.20,-1.06,-0.28,-0.97
788.995,-0.26,-1.05,-0.26,-1.00
789.017,-0.29,-1.09,-0.25,-1.04
789.039,-0.14,-0.91,-0.22,-1.03
789.061,-0.29,-0.94,-0.24,-1.01
789.083,-0.24,-0.78,-0.24,-0.95
789.105,-0.32,-0.98,-0.26,-0.94
789.127,-0.32,-0.93,-0.26,-0.91
789.149,-0.20,-0.96,-0.27,-0.92
789.171,-0.13,-1.18,-0.24,-0.97
789.193,-0.24,-1.27,-0.24,-1.06
789.215,-0.32,-1.12,-0.24,-1.09
789.237,-0.24,-1.03,-0.23,-1.11
789.259,-0.43,-0.94,-0.27,-1.11
789.281,-0.32,-0.89,-0.31,-1.05
789.303,-0.26,-0.77,-0.31,-0.95
789.325,-0.28,-0.89,-0.31,-0.90
789.347,-0.41,-1.07,-0.34,-0.91
789.369,-0.39,-1.08,-0.33,-0.94
789.391,-0.21,-0.98,-0.31,-0.96
789.413,-0.22,-0.84,-0.30,-0.97
789.435,-0.36,-1.06,-0.32,-1.01
789.457,-0.32,-0.90,-0.30,-0.97
789.479,-0.44,-1.07,-0.31,-0.97
789.501,-0.27,-0.97,-0.32,-0.97
789.523,-0.41,-0.94,-0.36,-0.99
789.545,-0.45,-0.88,-0.38,-0.95
789.567,-0.38,-1.03,-0.39,-0.98
789.589,-0.41,-0.94,-0.38,-0.95
789.611,-0.35,-0.91,-0.40,-0.94
789.633,-0.27,-1.00,-0.37,-0.95
789.655,-0.26,-0.99,-0.33,-0.97
789.677,-0.21,-0.83,-0.30,-0.93
789.699,-0.25,-0.80,-0.27,-0.91
789.721,-0.24,-0.98,-0.25,-0.92
789.743,-0.18,-0.97,-0.23,-0.91
789.765,-0.21,-0.96,-0.22,-0.91
789.787,-0.28,-0.84,-0.23,-0.91
789.809,-0.50,-0.99,-0.28,-0.95
789.831,-0.46,-0.88,-0.33,-0.93
789.853,-0.22,-0.94,-0.33,-0.92
789.875,-0.29,-0.90,-0.35,-0.91
789.897,-0.42,-0.87,-0.38,-0.92
789.919,-0.33,-0.70,-0.34,-0.86
789.941,-0.31,-0.75,-0.31,-0.83
789.963,-0.30,-0.88,-0.33,-0.82
789.985,-0.16,-0.87,-0.30,-0.81
790.007,-0.12,-0.79,-0.24,-0.80
790.029,-0.25,-1.03,-0.23,-0.86
790.051,-0.19,-0.97,-0.20,-0.91
790.073,-0.28,-0.76,-0.20,-0.88
790.095,-0.28,-0.76,-0.22,-0.86
790.117,-0.30,-0.83,-0.26,-0.87
790.139,-0.48,-0.90,-0.31,-0.84
790.161,-0.51,-0.98,-0.37,-0.85
790.183,-0.44,-0.95,-0.40,-0.88
790.205,-0.56,-0.87,-0.46,-0.91
790.227,-0.44,-0.88,-0.49,-0.92
790.249,-0.26,-0.79,-0.44,-0.89
790.271,-0.41,-0.80,-0.42,-0.86
790.293,-0.34,-0.87,-0.40,-0.84
790.315,-0.25,-0.94,-0.34,-0.86
790.337,-0.23,-0.96,-0.30,-0.87
790.359,-0.13,-1.18,-0.27,-0.95
790.381,-0.28,-1.20,-0.25,-1.03
790.403,-0.29,-0.98,-0.24,-1.05
790.425,-0.27,-0.78,-0.24,-1.02
790.447,-0.24,-0.71,-0.24,-0.97
790.469,-0.48,-0.81,-0.31,-0.90
790.491,-0.27,-0.96,-0.31,-0.85
790.513,-0.40,-1.00,-0.33,-0.85
790.535,-0.30,-0.79,-0.34,-0.85
790.557,-0.27,-0.94,-0.34,-0.90
790.579,-0.26,-0.88,-0.30,-0.91
790.601,-0.14,-0.97,-0.27,-0.92
790.623,-0.31,-0.96,-0.26,-0.91
790.645,-0.24,-0.94,-0.24,-0.94
790.667,-0.40,-0.92,-0.27,-0.93
790.689,-0.33,-1.03,-0.28,-0.96
790.711,-0.45,-0.95,-0.35,-0.96
790.733,-0.43,-0.98,-0.37,-0.96
790.755,-0.27,-0.93,-0.38,-0.96
790.777,-0.28,-0.93,-0.35,-0.96
790.799,-0.26,-0.98,-0.34,-0.95
790.821,-0.49,-1.01,-0.35,-0.97
790.843,-0.36,-0.91,-0.33,-0.95
790.865,-0.37,-0.98,-0.35,-0.96
790.887,-0.26,-1.07,-0.35,-0.99
790.909,-0.22,-1.14,-0.34,-1.02
790.931,-0.22,-0.95,-0.29,-1.01
790.953,-0.16,-0.99,-0.25,-1.03
790.975,-0.15,-0.92,-0.20,-1.01
790.997,-0.28,-0.89,-0.21,-0.98
791.019,-0.30,-0.96,-0.22,-0.94
791.041,-0.22,-0.94,-0.22,-0.94
791.063,-0.36,-1.07,-0.26,-0.96
791.085,-0.24,-1.14,-0.28,-1.00
791.107,-0.39,-1.15,-0.30,-1.05
791.129,-0.20,-1.06,-0.28,-1.07
791.151,-0.37,-0.95,-0.31,-1.07
791.173,-0.41,-1.00,-0.32,-1.06
791.195,-0.36,-1.01,-0.35,-1.03
791.217,-0.38,-1.09,-0.34,-1.02
791.239,-0.22,-0.98,-0.35,-1.01
791.261,-0.28,-1.09,-0.33,-1.03
791.283,-0.23,-1.02,-0.29,-1.04
791.305,-0.28,-1.06,-0.28,-1.05
791.327,-0.21,-0.83,-0.24,-1.00
791.349,-0.44,-0.81,-0.29,-0.96
791.371,-0.40,-0.76,-0.31,-0.90
791.393,-0.36,-0.96,-0.34,-0.88
791.415,-0.24,-1.00,-0.33,-0.87
791.437,-0.20,-0.89,-0.33,-0.88
791.459,-0.33,-0.88,-0.31,-0.90
791.481,-0.20,-0.92,-0.27,-0.93
791.503,-0.29,-0.98,-0.25,-0.93
791.525,-0.33,-1.08,-0.27,-0.95
791.547,-0.31,-1.07,-0.29,-0.99
791.569,-0.28,-1.23,-0.28,-1.06
791.591,-0.17,-1.12,-0.28,-1.10
791.613,-0.22,-0.92,-0.26,-1.08
791.635,-0.09,-0.80,-0.21,-1.03
791.657,-0.23,-0.91,-0.20,-1.00
791.679,-0.19,-0.88,-0.18,-0.93
791.701,-0.12,-0.99,-0.17,-0.90
791.723,-0.28,-0.97,-0.18,-0.91
791.745,-0.29,-0.87,-0.22,-0.92
791.767,-0.38,-1.04,-0.25,-0.95
791.789,-0.35,-0.97,-0.28,-0.97
791.811,-0.39,-0.93,-0.34,-0.96
791.833,-0.30,-1.00,-0.34,-0.96
791.855,-0.44,-1.02,-0.37,-0.99
791.877,-0.49,-0.94,-0.39,-0.97
791.899,-0.30,-0.88,-0.38,-0.95
791.921,-0.33,-0.91,-0.37,-0.95
791.943,-0.30,-0.91,-0.37,-0.93
791.965,-0.29,-0.90,-0.34,-0.91
791.987,-0.22,-0.94,-0.29,-0.91
792.009,-0.38,-0.95,-0.30,-0.92
792.031,-0.22,-0.96,-0.28,-0.93
792.053,-0.34,-1.01,-0.29,-0.95
792.075,-0.28,-1.14,-0.29,-1.00
792.097,-0.28,-1.09,-0.30,-1.03
792.119,-0.30,-0.99,-0.28,-1.04
792.141,-0.15,-1.03,-0.27,-1.05
792.163,-0.38,-1.13,-0.28,-1.08
792.185,-0.40,-0.96,-0.30,-1.04
792.207,-0.20,-0.99,-0.29,-1.02
792.229,-0.34,-1.00,-0.29,-1.02
792.251,-0.27,-0.96,-0.32,-1.01
792.273,-0.26,-1.09,-0.29,-1.00
792.295,-0.30,-0.94,-0.27,-1.00
792.317,-0.19,-0.97,-0.27,-0.99
792.339,-0.35,-1.03,-0.27,-1.00
792.361,-0.31,-0.88,-0.28,-0.98
792.383,-0.42,-0.96,-0.31,-0.96
792.405,-0.40,-0.97,-0.33,-0.96
792.427,-0.39,-1.04,-0.37,-0.98
792.449,-0.40,-0.84,-0.38,-0.94
792.471,-0.37,-0.83,-0.40,-0.93
792.493,-0.30,-0.98,-0.37,-0.93
792.515,-0.22,-1.00,-0.34,-0.94
792.537,-0.31,-0.89,-0.32,-0.91
792.559,-0.33,-0.95,-0.31,-0.93
792.581,-0.26,-1.03,-0.28,-0.97
792.603,-0.31,-0.99,-0.29,-0.97
792.625,-0.21,-0.95,-0.28,-0.96
792.647,-0.14,-0.92,-0.25,-0.97
792.669,-0.24,-0.81,-0.23,-0.94
792.691,-0.24,-0.76,-0.23,-0.89
792.713,-0.34,-0.91,-0.23,-0.87
792.735,-0.33,-0.94,-0.26,-0.87
792.757,-0.39,-0.96,-0.31,-0.88
792.779,-0.44,-0.95,-0.35,-0.90
792.801,-0.55,-0.77,-0.41,-0.91
792.823,-0.40,-0.70,-0.42,-0.86
792.845,-0.40,-0.79,-0.44,-0.83
792.867,-0.36,-0.85,-0.43,-0.81
792.889,-0.37,-1.00,-0.42,-0.82
792.911,-0.40,-1.16,-0.39,-0.90
792.933,-0.30,-1.04,-0.37,-0.97
792.955,-0.34,-0.86,-0.35,-0.98
792.977,-0.33,-0.94,-0.35,-1.00
792.999,-0.32,-0.95,-0.34,-0.99
793.021,-0.27,-0.85,-0.31,-0.93
793.043,-0.20,-0.99,-0.29,-0.92
793.065,-0.26,-1.00,-0.28,-0.95
793.087,-0.39,-1.09,-0.29,-0.98
793.109,-0.30,-0.93,-0.28,-0.97
793.131,-0.32,-0.92,-0.29,-0.99
793.153,-0.48,-0.91,-0.35,-0.97
793.175,-0.44,-0.93,-0.39,-0.96
793.197,-0.35,-0.88,-0.38,-0.91
793.219,-0.51,-0.76,-0.42,-0.88
793.241,-0.22,-0.82,-0.40,-0.86
793.263,-0.30,-0.97,-0.36,-0.87
793.285,-0.29,-0.83,-0.33,-0.85
793.307,-0.38,-0.90,-0.34,-0.86
793.329,-0.36,-0.95,-0.31,-0.89
793.351,-0.21,-0.84,-0.31,-0.90
793.373,-0.23,-0.89,-0.29,-0.88
793.395,-0.15,-0.91,-0.27,-0.90
793.417,-0.33,-0.94,-0.26,-0.91
793.439,-0.27,-0.91,-0.24,-0.90
793.461,-0.29,-1.05,-0.25,-0.94
793.483,-0.37,-0.94,-0.28,-0.95
793.505,-0.31,-0.96,-0.31,-0.96
793.527,-0.32,-0.91,-0.31,-0.95
793.549,-0.38,-0.79,-0.33,-0.93
793.571,-0.44,-0.72,-0.36,-0.86
793.593,-0.38,-0.76,-0.37,-0.83
793.615,-0.35,-0.85,-0.37,-0.81
793.637,-0.27,-0.94,-0.36,-0.81
793.659,-0.30,-0.91,-0.35,-0.84
793.681,-0.25,-1.02,-0.31,-0.90
793.703,-0.46,-0.92,-0.33,-0.93
793.725,-0.47,-0.97,-0.35,-0.95
793.747,-0.37,-0.87,-0.37,-0.94
793.769,-0.25,-0.98,-0.36,-0.95
793.791,-0.41,-0.99,-0.39,-0.95
793.813,-0.33,-1.01,-0.37,-0.96
793.835,-0.37,-1.05,-0.35,-0.98
793.857,-0.36,-1.01,-0.34,-1.01
793.879,-0.26,-0.97,-0.35,-1.01
793.901,-0.48,-0.87,-0.36,-0.98
793.923,-0.39,-0.98,-0.37,-0.98
793.945,-0.26,-0.91,-0.35,-0.95
793.967,-0.28,-0.90,-0.33,-0.93
793.989,-0.29,-0.83,-0.34,-0.90
794.011,-0.40,-0.96,-0.32,-0.92
794.033,-0.22,-1.03,-0.29,-0.93
794.055,-0.36,-0.97,-0.31,-0.94
794.077,-0.23,-0.93,-0.30,-0.94
794.099,-0.12,-0.78,-0.27,-0.93
794.121,-0.26,-0.91,-0.24,-0.92
794.143,-0.17,-0.95,-0.23,-0.91
794.165,-0.14,-0.85,-0.18,-0.88
794.187,-0.11,-0.90,-0.16,-0.88
794.209,-0.28,-0.95,-0.19,-0.91
794.231,-0.27,-0.98,-0.19,-0.93
794.253,-0.39,-0.94,-0.24,-0.92
794.275,-0.34,-1.06,-0.28,-0.97
794.297,-0.29,-1.07,-0.31,-1.00
794.319,-0.31,-0.92,-0.32,-0.99
794.341,-0.31,-1.02,-0.33,-1.00
794.363,-0.37,-0.97,-0.32,-1.01
794.385,-0.34,-0.88,-0.32,-0.97
794.407,-0.23,-0.96,-0.31,-0.95
794.429,-0.36,-0.88,-0.32,-0.94
794.451,-0.36,-1.05,-0.33,-0.95
794.473,-0.40,-1.04,-0.34,-0.96
794.495,-0.27,-1.03,-0.32,-0.99
794.517,-0.29,-1.06,-0.34,-1.01
794.539,-0.29,-0.90,-0.32,-1.02
794.561,-0.25,-0.84,-0.30,-0.97
794.583,-0.35,-0.96,-0.29,-0.96
794.605,-0.31,-1.04,-0.30,-0.96
794.627,-0.23,-0.95,-0.29,-0.94
794.649,-0.31,-0.89,-0.29,-0.94
794.671,-0.33,-0.95,-0.31,-0.96
794.693,-0.33,-0.80,-0.30,-0.93
794.715,-0.43,-0.85,-0.33,-0.89
794.737,-0.37,-0.85,-0.35,-0.87
794.759,-0.24,-0.79,-0.34,-0.85
794.781,-0.27,-0.73,-0.33,-0.80
794.803,-0.24,-0.79,-0.31,-0.80
794.825,-0.38,-0.96,-0.30,-0.82
794.847,-0.25,-1.01,-0.28,-0.86
794.869,-0.33,-1.03,-0.29,-0.90
794.891,-0.23,-0.84,-0.29,-0.93
794.913,-0.28,-0.95,-0.29,-0.96
794.935,-0.40,-0.78,-0.30,-0.92
794.957,-0.33,-0.72,-0.31,-0.86
794.979,-0.29,-0.74,-0.31,-0.81
795.001,-0.30,-0.81,-0.32,-0.80
795.023,-0.34,-0.88,-0.33,-0.79
795.045,-0.50,-0.89,-0.35,-0.81
795.067,-0.39,-0.94,-0.36,-0.85
795.089,-0.32,-1.06,-0.37,-0.92
795.111,-0.29,-1.08,-0.37,-0.97
795.133,-0.33,-0.98,-0.37,-0.99
795.155,-0.40,-1.00,-0.35,-1.01
795.177,-0.36,-1.03,-0.34,-1.03
795.199,-0.24,-0.92,-0.32,-1.00
795.221,-0.21,-0.92,-0.31,-0.97
795.243,-0.34,-0.84,-0.31,-0.94
795.265,-0.38,-0.85,-0.31,-0.91
795.287,-0.27,-0.96,-0.29,-0.90
795.309,-0.24,-0.85,-0.29,-0.88
795.331,-0.13,-0.83,-0.27,-0.87
795.353,-0.12,-0.93,-0.23,-0.88
795.375,-0.28,-0.91,-0.21,-0.90
795.397,-0.24,-0.97,-0.20,-0.90
795.419,-0.22,-1.03,-0.20,-0.93
795.441,-0.28,-0.90,-0.23,-0.95
795.463,-0.38,-0.90,-0.28,-0.94
795.485,-0.31,-1.00,-0.29,-0.96
795.507,-0.29,-0.97,-0.30,-0.96
795.529,-0.29,-1.09,-0.31,-0.97
795.551,-0.36,-1.13,-0.33,-1.02
795.573,-0.36,-1.18,-0.32,-1.07
795.595,-0.38,-1.08,-0.34,-1.09
795.617,-0.56,-0.96,-0.39,-1.09
795.639,-0.45,-1.03,-0.42,-1.08
795.661,-0.35,-0.98,-0.42,-1.05
795.683,-0.15,-0.86,-0.38,-0.98
795.705,-0.14,-1.11,-0.33,-0.99
795.727,-0.02,-1.05,-0.22,-1.01
795.749,-0.09,-1.09,-0.15,-1.02
795.771,-0.30,-0.98,-0.14,-1.02
795.793,-0.36,-0.97,-0.18,-1.04
795.815,-0.36,-1.06,-0.23,-1.03
795.837,-0.19,-1.02,-0.26,-1.02
795.859,-0.36,-1.10,-0.31,-1.03
795.881,-0.31,-1.20,-0.32,-1.07
795.903,-0.37,-1.13,-0.32,-1.10
795.925,-0.24,-0.97,-0.29,-1.08
795.947,-0.21,-1.02,-0.30,-1.08
795.969,-0.23,-1.14,-0.27,-1.09
795.991,-0.19,-1.00,-0.25,-1.05
796.013,-0.15,-1.10,-0.20,-1.05
796.035,-0.15,-0.89,-0.19,-1.03
796.057,-0.20,-0.87,-0.18,-1.00
796.079,-0.26,-1.01,-0.19,-0.97
796.101,-0.26,-0.95,-0.20,-0.96
796.123,-0.41,-0.97,-0.26,-0.94
796.145,-0.49,-0.91,-0.32,-0.94
796.167,-0.32,-1.00,-0.35,-0.97
796.189,-0.29,-1.00,-0.35,-0.97
796.211,-0.27,-0.92,-0.36,-0.96
796.233,-0.44,-0.97,-0.36,-0.96
796.255,-0.53,-1.01,-0.37,-0.98
796.277,-0.34,-0.94,-0.37,-0.97
796.299,-0.31,-0.88,-0.38,-0.94
796.321,-0.17,-0.78,-0.36,-0.92
796.343,-0.24,-0.95,-0.32,-0.91
796.365,-0.34,-0.98,-0.28,-0.91
796.387,-0.32,-0.92,-0.28,-0.90
796.409,-0.30,-1.08,-0.27,-0.94
796.431,-0.34,-1.00,-0.31,-0.99
796.453,-0.38,-0.95,-0.34,-0.99
796.475,-0.23,-0.80,-0.31,-0.95
796.497,-0.32,-0.84,-0.31,-0.93
796.519,-0.41,-1.00,-0.34,-0.92
796.541,-0.32,-0.94,-0.33,-0.91
796.563,-0.21,-0.79,-0.30,-0.87
796.585,-0.42,-0.94,-0.34,-0.90
796.607,-0.43,-1.03,-0.36,-0.94
796.629,-0.40,-1.11,-0.36,-0.96
796.651,-0.50,-1.10,-0.39,-0.99
796.673,-0.44,-0.95,-0.44,-1.03
796.695,-0.25,-0.99,-0.40,-1.04
796.717,-0.23,-0.88,-0.36,-1.01
796.739,-0.30,-0.97,-0.34,-0.98
796.761,-0.41,-1.14,-0.33,-0.99
796.783,-0.40,-1.05,-0.32,-1.01
796.805,-0.41,-1.00,-0.35,-1.01
796.827,-0.39,-1.03,-0.38,-1.04
796.849,-0.34,-0.98,-0.39,-1.04
796.871,-0.27,-1.01,-0.36,-1.01
796.893,-0.41,-1.22,-0.36,-1.05
796.915,-0.38,-0.93,-0.36,-1.03
796.937,-0.32,-0.94,-0.34,-1.02
796.959,-0.26,-0.81,-0.33,-0.98
796.981,-0.17,-0.94,-0.31,-0.97
797.003,-0.25,-1.07,-0.28,-0.94
797.025,-0.47,-0.97,-0.29,-0.95
797.047,-0.46,-0.82,-0.32,-0.92
797.069,-0.36,-0.78,-0.34,-0.92
797.091,-0.30,-0.81,-0.37,-0.89
797.113,-0.29,-1.00,-0.38,-0.88
797.135,-0.31,-0.97,-0.34,-0.88
797.157,-0.33,-0.91,-0.32,-0.89
797.179,-0.44,-0.91,-0.33,-0.92
797.201,-0.54,-0.85,-0.38,-0.93
797.223,-0.59,-0.92,-0.44,-0.91
797.245,-0.34,-0.71,-0.45,-0.86
797.267,-0.32,-0.70,-0.45,-0.82
797.289,-0.21,-0.90,-0.40,-0.82
797.311,-0.40,-0.99,-0.37,-0.84
797.333,-0.28,-1.07,-0.31,-0.87
797.355,-0.35,-1.05,-0.31,-0.94
797.377,-0.26,-0.86,-0.30,-0.97
797.399,-0.21,-0.94,-0.30,-0.98
797.421,-0.28,-1.17,-0.28,-1.02
797.443,-0.12,-1.08,-0.24,-1.02
797.465,-0.18,-1.06,-0.21,-1.02
797.487,-0.18,-1.04,-0.19,-1.06
797.509,-0.19,-0.94,-0.19,-1.06
797.531,-0.28,-0.87,-0.19,-1.00
797.553,-0.41,-0.73,-0.25,-0.93
797.575,-0.30,-0.87,-0.27,-0.89
797.597,-0.42,-0.94,-0.32,-0.87
797.619,-0.39,-0.86,-0.36,-0.85
797.641,-0.30,-0.89,-0.36,-0.86
797.663,-0.36,-0.94,-0.35,-0.90
797.685,-0.42,-0.94,-0.38,-0.91
797.707,-0.38,-0.95,-0.37,-0.92
797.729,-0.38,-0.96,-0.37,-0.94
797.751,-0.38,-0.95,-0.38,-0.95
797.773,-0.23,-0.96,-0.36,-0.95
797.795,-0.31,-0.94,-0.34,-0.95
797.817,-0.34,-0.96,-0.33,-0.95
797.839,-0.45,-0.93,-0.34,-0.95
797.861,-0.49,-0.82,-0.36,-0.92
797.883,-0.49,-0.85,-0.42,-0.90
797.905,-0.26,-0.98,-0.41,-0.91
797.927,-0.22,-0.93,-0.38,-0.90
797.949,-0.14,-0.95,-0.32,-0.91
797.971,-0.11,-0.92,-0.24,-0.93
797.993,-0.20,-0.96,-0.19,-0.95
798.015,-0.13,-1.02,-0.16,-0.96
798.037,-0.09,-0.99,-0.13,-0.97
798.059,-0.12,-1.04,-0.13,-0.99
798.081,-0.28,-0.98,-0.16,-1.00
798.103,-0.35,-0.97,-0.19,-1.00
798.125,-0.45,-0.99,-0.26,-0.99
798.147,-0.34,-1.03,-0.31,-1.00
798.169,-0.17,-1.04,-0.32,-1.00
798.191,-0.23,-1.01,-0.31,-1.01
798.213,-0.28,-0.81,-0.29,-0.98
798.235,-0.36,-0.90,-0.28,-0.96
798.257,-0.35,-0.87,-0.28,-0.93
798.279,-0.11,-0.99,-0.27,-0.92
798.301,-0.22,-0.99,-0.26,-0.91
798.323,-0.44,-0.94,-0.30,-0.94
798.345,-0.28,-0.94,-0.28,-0.95
798.367,-0.50,-0.89,-0.31,-0.95
798.389,-0.29,-0.99,-0.35,-0.95
798.411,-0.34,-0.89,-0.37,-0.93
798.433,-0.48,-0.96,-0.38,-0.93
798.983,-0.33,-0.77,-0.39,-0.90
799.005,-0.31,-0.79,-0.35,-0.88
799.027,-0.44,-0.95,-0.38,-0.87
799.049,-0.28,-0.91,-0.37,-0.88
799.071,-0.32,-1.06,-0.34,-0.90
799.093,-0.33,-1.00,-0.34,-0.94
799.115,-0.35,-0.94,-0.34,-0.97
799.137,-0.40,-0.91,-0.34,-0.96
799.159,-0.25,-0.91,-0.33,-0.96
799.181,-0.28,-0.93,-0.32,-0.94
799.203,-0.19,-0.87,-0.29,-0.91
799.225,-0.34,-0.98,-0.29,-0.92
799.247,-0.28,-1.00,-0.27,-0.94
799.269,-0.42,-1.16,-0.30,-0.99
799.291,-0.25,-1.16,-0.30,-1.03
799.313,-0.33,-0.99,-0.32,-1.06
799.335,-0.49,-0.99,-0.35,-1.06
799.357,-0.43,-1.01,-0.38,-1.06
799.379,-0.36,-1.07,-0.37,-1.04
799.401,-0.25,-0.88,-0.37,-0.99
799.423,-0.08,-0.82,-0.32,-0.95
799.445,-0.11,-0.88,-0.25,-0.93
799.467,-0.12,-0.93,-0.18,-0.92
799.489,-0.13,-0.83,-0.14,-0.87
799.511,-0.28,-1.06,-0.14,-0.90
799.533,-0.34,-1.09,-0.20,-0.96
799.555,-0.36,-0.91,-0.25,-0.96
799.577,-0.37,-0.90,-0.30,-0.96
799.599,-0.32,-0.90,-0.33,-0.97
799.621,-0.43,-0.91,-0.36,-0.94
799.643,-0.31,-1.00,-0.36,-0.92
799.665,-0.24,-1.00,-0.33,-0.94
799.687,-0.23,-1.05,-0.31,-0.97
799.709,-0.26,-1.06,-0.29,-1.00
799.731,-0.23,-0.96,-0.25,-1.01
799.753,-0.27,-0.99,-0.25,-1.01
799.775,-0.33,-1.09,-0.26,-1.03
799.797,-0.18,-0.99,-0.25,-1.02
799.819,-0.32,-1.03,-0.27,-1.01
799.841,-0.30,-1.02,-0.28,-1.02
799.863,-0.36,-1.10,-0.30,-1.05
799.885,-0.21,-1.07,-0.27,-1.04
799.907,-0.25,-0.77,-0.29,-1.00
799.929,-0.22,-0.78,-0.27,-0.95
799.951,-0.32,-0.94,-0.27,-0.93
799.973,-0.24,-1.07,-0.25,-0.93
799.995,-0.23,-0.86,-0.25,-0.88
800.017,-0.39,-0.91,-0.28,-0.91
800.039,-0.32,-1.01,-0.30,-0.96
800.061,-0.38,-1.11,-0.31,-0.99
800.083,-0.43,-0.96,-0.35,-0.97
800.105,-0.27,-0.94,-0.36,-0.99
800.127,-0.35,-0.86,-0.35,-0.98
800.149,-0.05,-0.86,-0.30,-0.95
800.171,-0.08,-1.01,-0.24,-0.93
800.193,-0.15,-1.08,-0.18,-0.95
800.215,-0.33,-1.00,-0.19,-0.96
800.237,-0.36,-1.14,-0.19,-1.02
800.259,-0.29,-0.90,-0.24,-1.03
800.281,-0.25,-0.98,-0.28,-1.02
800.303,-0.32,-0.97,-0.31,-1.00
800.325,-0.37,-0.99,-0.32,-1.00
800.347,-0.26,-0.93,-0.30,-0.95
800.369,-0.27,-0.92,-0.29,-0.96
800.391,-0.21,-1.03,-0.29,-0.97
800.413,-0.19,-1.01,-0.26,-0.98
800.435,-0.27,-1.20,-0.24,-1.02
800.457,-0.37,-1.11,-0.26,-1.05
800.479,-0.37,-1.02,-0.28,-1.07
800.501,-0.27,-0.86,-0.29,-1.04
800.523,-0.28,-0.78,-0.31,-0.99
800.545,-0.36,-1.01,-0.33,-0.96
800.567,-0.22,-1.03,-0.30,-0.94
800.589,-0.37,-0.99,-0.30,-0.93
800.611,-0.29,-0.94,-0.30,-0.95
800.633,-0.25,-0.73,-0.30,-0.94
800.655,-0.24,-0.82,-0.27,-0.90
800.677,-0.36,-0.92,-0.30,-0.88
800.699,-0.36,-0.97,-0.30,-0.88
800.721,-0.34,-1.03,-0.31,-0.89
800.743,-0.27,-0.85,-0.31,-0.92
800.765,-0.29,-0.81,-0.32,-0.92
800.787,-0.14,-0.98,-0.28,-0.93
800.809,-0.34,-0.97,-0.28,-0.93
800.831,-0.41,-0.95,-0.29,-0.91
800.853,-0.37,-0.99,-0.31,-0.94
800.875,-0.33,-0.92,-0.32,-0.96
800.897,-0.30,-0.90,-0.35,-0.95
800.919,-0.29,-0.97,-0.34,-0.95
800.941,-0.20,-0.87,-0.30,-0.93
800.963,-0.40,-0.88,-0.30,-0.91
800.985,-0.33,-0.93,-0.30,-0.91
801.007,-0.39,-0.92,-0.32,-0.91
801.029,-0.34,-0.84,-0.33,-0.89
801.051,-0.47,-0.87,-0.39,-0.89
801.073,-0.38,-0.71,-0.38,-0.85
801.095,-0.28,-0.80,-0.37,-0.83
801.117,0.00,-1.12,-0.29,-0.87
801.139,-0.14,-1.04,-0.25,-0.91
801.161,-0.18,-0.92,-0.20,-0.92
801.183,-0.30,-1.02,-0.18,-0.98
801.205,-0.30,-1.00,-0.18,-1.02
801.227,-0.17,-0.88,-0.22,-0.97
801.249,-0.33,-0.81,-0.26,-0.93
801.271,-0.31,-0.69,-0.28,-0.88
801.293,-0.31,-0.77,-0.28,-0.83
801.315,-0.48,-0.71,-0.32,-0.77
801.337,-0.34,-0.85,-0.35,-0.77
801.359,-0.42,-1.01,-0.37,-0.81
801.381,-0.40,-0.91,-0.39,-0.85
801.403,-0.28,-0.83,-0.38,-0.86
801.425,-0.24,-0.75,-0.34,-0.87
801.447,-0.28,-0.80,-0.32,-0.86
801.469,-0.30,-0.97,-0.30,-0.85
801.491,-0.25,-0.90,-0.27,-0.85
801.513,-0.28,-0.83,-0.27,-0.85
801.535,-0.17,-0.83,-0.26,-0.87
801.557,-0.20,-1.05,-0.24,-0.92
801.579,-0.22,-1.04,-0.22,-0.93
801.601,-0.29,-0.94,-0.23,-0.94
801.623,-0.19,-0.99,-0.21,-0.97
801.645,-0.20,-0.91,-0.22,-0.99
801.667,-0.32,-0.93,-0.24,-0.96
801.689,-0.31,-1.01,-0.26,-0.96
801.711,-0.37,-0.90,-0.28,-0.95
801.733,-0.33,-0.92,-0.31,-0.93
801.755,-0.34,-0.97,-0.33,-0.95
801.777,-0.34,-0.96,-0.34,-0.95
801.799,-0.37,-0.86,-0.35,-0.92
802.701,-0.29,-0.98,-0.33,-0.94
802.723,-0.29,-0.90,-0.33,-0.93
802.745,-0.44,-0.99,-0.35,-0.94
802.767,-0.39,-1.01,-0.36,-0.95
802.789,-0.44,-1.07,-0.37,-0.99
802.811,-0.29,-0.98,-0.37,-0.99
802.833,-0.24,-1.09,-0.36,-1.03
802.855,-0.25,-0.97,-0.32,-1.02
802.877,-0.24,-1.01,-0.29,-1.02
802.899,-0.23,-0.85,-0.25,-0.98
802.921,-0.26,-0.90,-0.24,-0.96
802.943,-0.37,-0.90,-0.27,-0.93
802.965,-0.26,-0.99,-0.27,-0.93
803.977,-0.34,-0.87,-0.29,-0.90
803.999,-0.30,-1.08,-0.31,-0.95
804.021,-0.33,-0.86,-0.32,-0.94
804.043,-0.28,-0.81,-0.30,-0.92
804.065,-0.28,-0.85,-0.31,-0.89
804.087,-0.31,-0.84,-0.30,-0.89
804.109,-0.35,-0.85,-0.31,-0.84
804.131,-0.41,-0.91,-0.33,-0.85
804.153,-0.40,-0.97,-0.35,-0.88
804.175,-0.37,-0.95,-0.37,-0.90
804.197,-0.28,-0.98,-0.36,-0.93
805.055,-0.22,-0.92,-0.34,-0.95
805.077,-0.30,-0.95,-0.31,-0.95
805.099,-0.28,-0.86,-0.29,-0.93
805.121,-0.38,-0.90,-0.29,-0.92
805.143,-0.36,-1.02,-0.31,-0.93
805.165,-0.23,-1.00,-0.31,-0.95
805.187,-0.20,-0.93,-0.29,-0.94
805.209,-0.37,-0.97,-0.31,-0.96
805.231,-0.36,-0.89,-0.30,-0.96
805.253,-0.38,-0.86,-0.31,-0.93
805.275,-0.31,-0.73,-0.32,-0.88
805.297,-0.28,-0.93,-0.34,-0.88
805.319,-0.24,-1.06,-0.31,-0.89
805.341,-0.29,-1.16,-0.30,-0.95
805.363,-0.25,-1.00,-0.27,-0.98
805.385,-0.14,-0.97,-0.24,-1.02
805.407,-0.26,-0.83,-0.24,-1.00
805.429,-0.30,-0.88,-0.25,-0.97
805.451,-0.25,-0.79,-0.24,-0.89
805.473,-0.30,-0.70,-0.25,-0.83
805.495,-0.27,-0.77,-0.28,-0.79
805.517,-0.28,-0.92,-0.28,-0.81
805.539,-0.28,-1.17,-0.28,-0.87
805.561,-0.29,-1.15,-0.28,-0.94
805.583,-0.11,-1.13,-0.25,-1.03
805.605,-0.12,-0.98,-0.22,-1.07
805.627,-0.13,-1.02,-0.19,-1.09
805.649,0.03,-1.08,-0.12,-1.07
805.671,-0.10,-0.89,-0.09,-1.02
805.693,-0.19,-0.95,-0.10,-0.98
805.715,-0.35,-0.86,-0.15,-0.96
805.737,-0.23,-0.88,-0.17,-0.93
805.759,-0.15,-0.85,-0.20,-0.89
805.781,-0.38,-0.90,-0.26,-0.89
805.803,-0.41,-0.92,-0.30,-0.88
805.825,-0.31,-0.98,-0.30,-0.91
805.847,-0.26,-0.99,-0.30,-0.93
805.869,-0.25,-0.94,-0.32,-0.95
805.891,-0.22,-1.01,-0.29,-0.97
805.913,-0.30,-0.75,-0.27,-0.93
805.935,-0.30,-0.91,-0.27,-0.92
805.957,-0.46,-0.94,-0.31,-0.91
805.979,-0.41,-0.93,-0.34,-0.91
806.001,-0.30,-0.79,-0.35,-0.86
806.023,-0.31,-0.87,-0.36,-0.89
806.045,-0.37,-0.97,-0.37,-0.90
806.067,-0.39,-0.94,-0.36,-0.90
806.089,-0.52,-0.80,-0.38,-0.87
806.111,-0.52,-0.80,-0.42,-0.88
806.133,-0.38,-0.85,-0.44,-0.87
806.155,-0.24,-1.06,-0.41,-0.89
806.177,-0.11,-1.04,-0.35,-0.91
806.199,-0.28,-0.98,-0.31,-0.95
806.221,-0.36,-0.97,-0.27,-0.98
806.243,-0.27,-0.92,-0.25,-0.99
806.265,-0.33,-0.83,-0.27,-0.95
806.287,-0.31,-0.85,-0.31,-0.91
806.309,-0.11,-0.85,-0.28,-0.88
806.331,-0.14,-0.89,-0.23,-0.87
806.353,-0.26,-0.82,-0.23,-0.85
806.375,-0.19,-0.93,-0.20,-0.87
806.397,-0.32,-0.83,-0.20,-0.86
806.419,-0.21,-1.06,-0.22,-0.91
806.441,-0.43,-0.98,-0.28,-0.92
806.463,-0.39,-1.01,-0.31,-0.96
806.485,-0.46,-0.84,-0.36,-0.94
806.507,-0.43,-0.90,-0.38,-0.96
806.529,-0.24,-0.90,-0.39,-0.93
806.551,-0.24,-1.01,-0.35,-0.93
806.573,-0.41,-1.04,-0.36,-0.94
806.595,-0.37,-1.13,-0.34,-1.00
806.617,-0.29,-1.14,-0.31,-1.04
806.639,-0.25,-0.99,-0.31,-1.06
806.661,-0.11,-1.04,-0.29,-1.07
806.683,-0.13,-1.12,-0.23,-1.08
806.705,-0.35,-0.96,-0.23,-1.05
806.727,-0.54,-0.93,-0.28,-1.01
806.749,-0.37,-0.80,-0.30,-0.97
806.771,-0.17,-0.79,-0.31,-0.92
806.793,-0.22,-0.91,-0.33,-0.88
806.815,-0.11,-0.92,-0.28,-0.87
806.837,-0.12,-1.07,-0.20,-0.90
806.859,-0.11,-1.06,-0.15,-0.95
806.881,-0.22,-1.05,-0.16,-1.00
806.903,-0.27,-1.16,-0.17,-1.05
806.925,-0.41,-0.97,-0.23,-1.06
806.947,-0.23,-0.91,-0.25,-1.03
806.969,-0.24,-1.02,-0.27,-1.02
806.991,-0.40,-0.95,-0.31,-1.00
807.013,-0.34,-0.97,-0.32,-0.96
807.035,-0.32,-1.05,-0.31,-0.98
807.057,-0.18,-1.00,-0.30,-1.00
807.079,-0.25,-1.10,-0.30,-1.01
807.101,-0.32,-1.03,-0.28,-1.03
807.123,-0.42,-0.88,-0.30,-1.01
807.145,-0.37,-0.98,-0.31,-1.00
807.167,-0.44,-0.94,-0.36,-0.99
807.189,-0.51,-0.87,-0.41,-0.94
807.211,-0.33,-0.92,-0.41,-0.92
807.233,-0.29,-0.86,-0.39,-0.91
807.255,-0.34,-0.88,-0.38,-0.89
807.277,-0.37,-0.87,-0.37,-0.88
807.299,-0.25,-0.93,-0.32,-0.89
807.321,-0.28,-0.96,-0.31,-0.90
807.343,-0.30,-0.91,-0.31,-0.91
807.365,-0.38,-0.89,-0.32,-0.91
807.387,-0.40,-1.03,-0.32,-0.94
807.409,-0.26,-0.98,-0.32,-0.95
807.431,-0.34,-0.86,-0.34,-0.93
807.453,-0.29,-0.91,-0.33,-0.93
807.475,-0.38,-0.93,-0.33,-0.94
807.497,-0.41,-0.96,-0.34,-0.93
807.519,-0.37,-0.83,-0.36,-0.90
807.541,-0.29,-0.88,-0.35,-0.90
807.563,-0.22,-0.99,-0.33,-0.92
807.585,-0.30,-1.18,-0.32,-0.97
807.607,-0.16,-0.95,-0.27,-0.97
807.629,-0.10,-1.08,-0.21,-1.02
807.651,-0.08,-0.93,-0.17,-1.03
807.673,-0.29,-0.98,-0.19,-1.02
807.695,-0.22,-1.11,-0.17,-1.01
807.717,-0.30,-1.21,-0.20,-1.06
807.739,-0.34,-1.17,-0.25,-1.08
807.761,-0.23,-1.27,-0.28,-1.15
807.783,-0.29,-1.15,-0.28,-1.18
807.805,-0.36,-0.95,-0.30,-1.15
807.827,-0.28,-0.88,-0.30,-1.08
807.849,-0.26,-0.85,-0.28,-1.02
807.871,-0.07,-0.83,-0.25,-0.93
807.893,-0.17,-0.90,-0.23,-0.88
807.915,-0.13,-1.00,-0.18,-0.89
807.937,-0.25,-1.07,-0.18,-0.93
807.959,-0.16,-0.98,-0.16,-0.96
807.981,-0.31,-1.01,-0.20,-0.99
808.003,-0.31,-0.89,-0.23,-0.99
808.025,-0.37,-1.05,-0.28,-1.00
808.047,-0.42,-1.04,-0.31,-0.99
808.069,-0.50,-0.97,-0.38,-0.99
808.091,-0.56,-0.81,-0.43,-0.95
808.113,-0.39,-0.89,-0.45,-0.95
808.135,-0.42,-0.78,-0.46,-0.90
808.157,-0.35,-0.86,-0.44,-0.86
808.179,-0.25,-1.01,-0.39,-0.87
808.201,-0.23,-0.97,-0.33,-0.90
808.223,-0.26,-1.13,-0.30,-0.95
808.245,-0.27,-1.08,-0.27,-1.01
808.267,-0.25,-1.01,-0.25,-1.04
808.289,-0.25,-0.88,-0.25,-1.01
808.311,-0.30,-1.00,-0.27,-1.02
808.333,-0.35,-1.04,-0.28,-1.00
808.355,-0.23,-1.01,-0.28,-0.99
808.377,-0.39,-1.14,-0.30,-1.01
808.399,-0.27,-0.91,-0.31,-1.02
808.421,-0.30,-0.88,-0.31,-1.00
808.443,-0.27,-1.07,-0.29,-1.00
808.465,-0.31,-0.97,-0.31,-0.99
808.487,-0.18,-1.01,-0.27,-0.97
808.509,-0.28,-1.07,-0.27,-1.00
808.531,-0.13,-0.89,-0.23,-1.00
808.553,-0.23,-0.97,-0.23,-0.98
808.575,-0.29,-0.92,-0.22,-0.97
808.597,-0.25,-1.01,-0.24,-0.97
808.619,-0.26,-0.85,-0.23,-0.93
808.641,-0.21,-0.87,-0.25,-0.92
808.663,-0.29,-0.97,-0.26,-0.92
808.685,-0.28,-0.96,-0.26,-0.93
808.707,-0.27,-1.05,-0.26,-0.94
808.729,-0.25,-1.06,-0.26,-0.98
808.751,-0.38,-0.97,-0.29,-1.00
808.773,-0.22,-0.92,-0.28,-0.99
808.795,-0.09,-0.94,-0.24,-0.99
808.817,-0.17,-0.88,-0.22,-0.95
808.839,-0.09,-0.83,-0.19,-0.91
808.861,-0.27,-0.91,-0.17,-0.90
808.883,-0.37,-0.95,-0.20,-0.90
808.905,-0.32,-0.82,-0.24,-0.88
808.927,-0.29,-0.93,-0.27,-0.89
808.949,-0.43,-0.93,-0.34,-0.91
808.971,-0.27,-0.98,-0.34,-0.92
808.993,-0.38,-0.91,-0.34,-0.91
809.015,-0.29,-0.87,-0.33,-0.92
809.037,-0.24,-0.80,-0.32,-0.90
809.059,-0.42,-0.74,-0.32,-0.86
809.081,-0.54,-0.80,-0.37,-0.82
809.103,-0.32,-0.84,-0.36,-0.81
809.125,-0.43,-0.95,-0.39,-0.83
809.147,-0.48,-0.98,-0.44,-0.86
809.169,-0.55,-1.03,-0.46,-0.92
809.191,-0.25,-1.12,-0.41,-0.98
809.213,-0.29,-0.97,-0.40,-1.01
809.235,-0.22,-0.90,-0.36,-1.00
809.257,-0.25,-1.07,-0.31,-1.02
809.279,-0.23,-0.89,-0.25,-0.99
809.301,-0.28,-0.95,-0.25,-0.96
809.323,-0.19,-0.92,-0.23,-0.95
809.345,-0.24,-0.96,-0.24,-0.96
809.367,-0.18,-1.06,-0.22,-0.96
809.389,-0.21,-0.99,-0.22,-0.98
809.411,-0.36,-0.89,-0.24,-0.96
809.433,-0.41,-0.88,-0.28,-0.96
809.455,-0.29,-0.96,-0.29,-0.96
809.477,-0.33,-1.02,-0.32,-0.95
809.499,-0.31,-0.79,-0.34,-0.91
809.521,-0.21,-0.88,-0.31,-0.91
809.543,-0.31,-0.82,-0.29,-0.89
809.565,-0.23,-0.82,-0.28,-0.87
809.587,-0.30,-0.91,-0.27,-0.84
809.609,-0.25,-0.86,-0.26,-0.86
809.631,-0.20,-1.06,-0.26,-0.89
809.653,-0.30,-1.06,-0.26,-0.94
809.675,-0.26,-0.83,-0.26,-0.94
809.697,-0.23,-0.86,-0.25,-0.93
809.719,-0.31,-0.87,-0.26,-0.94
809.741,-0.40,-0.87,-0.30,-0.90
809.763,-0.33,-0.95,-0.31,-0.88
809.785,-0.43,-0.98,-0.34,-0.91
809.807,-0.34,-0.94,-0.36,-0.92
809.829,-0.36,-0.97,-0.37,-0.94
809.851,-0.24,-0.76,-0.34,-0.92
809.873,-0.21,-0.84,-0.32,-0.90
809.895,-0.28,-0.79,-0.29,-0.86
809.917,-0.39,-0.84,-0.30,-0.84
809.939,-0.24,-0.88,-0.27,-0.82
809.961,-0.17,-0.99,-0.26,-0.87
809.983,-0.27,-0.96,-0.27,-0.89
810.005,-0.27,-0.87,-0.27,-0.91
810.027,-0.21,-0.84,-0.23,-0.91
810.049,-0.16,-0.84,-0.22,-0.90
810.071,-0.14,-0.86,-0.21,-0.87
810.093,-0.13,-1.01,-0.18,-0.88
810.115,-0.24,-0.99,-0.18,-0.91
810.137,-0.24,-1.16,-0.18,-0.97
810.159,-0.29,-1.18,-0.21,-1.04
810.181,-0.29,-1.21,-0.24,-1.11
810.203,-0.31,-1.22,-0.27,-1.15
810.225,-0.26,-1.20,-0.28,-1.19
810.247,-0.19,-0.91,-0.27,-1.14
810.269,-0.26,-0.79,-0.26,-1.07
810.291,-0.20,-1.03,-0.24,-1.03
810.313,-0.26,-1.02,-0.23,-0.99
810.335,-0.21,-1.03,-0.22,-0.96
810.357,-0.16,-1.06,-0.22,-0.99
810.379,-0.20,-1.06,-0.21,-1.04
810.401,-0.27,-0.88,-0.22,-1.01
810.423,-0.22,-0.89,-0.21,-0.98
810.445,-0.38,-0.89,-0.25,-0.96
810.467,-0.42,-0.86,-0.30,-0.92
810.489,-0.31,-0.81,-0.32,-0.87
810.511,-0.44,-0.93,-0.35,-0.88
810.533,-0.37,-0.98,-0.38,-0.89
810.555,-0.53,-0.95,-0.41,-0.91
810.577,-0.31,-0.83,-0.39,-0.90
810.599,-0.22,-1.01,-0.37,-0.94
810.621,-0.21,-0.99,-0.33,-0.95
810.643,-0.33,-0.98,-0.32,-0.95
810.665,-0.28,-1.04,-0.27,-0.97
810.687,-0.26,-1.10,-0.26,-1.02
810.709,-0.28,-1.07,-0.27,-1.04
810.731,-0.22,-0.98,-0.27,-1.03
810.753,-0.13,-0.94,-0.23,-1.03
810.775,-0.22,-1.04,-0.22,-1.03
810.797,-0.27,-0.91,-0.22,-0.99
810.819,-0.40,-0.94,-0.25,-0.96
810.841,-0.36,-0.92,-0.28,-0.95
810.863,-0.19,-1.00,-0.29,-0.96
810.885,-0.29,-0.94,-0.30,-0.94
810.907,-0.25,-0.90,-0.30,-0.94
810.929,-0.28,-0.89,-0.27,-0.93
810.951,-0.24,-0.91,-0.25,-0.93
810.973,-0.30,-0.91,-0.27,-0.91
810.995,-0.36,-0.97,-0.29,-0.92
811.017,-0.40,-1.17,-0.32,-0.97
811.039,-0.37,-1.02,-0.33,-1.00
811.061,-0.39,-0.96,-0.36,-1.01
811.083,-0.34,-1.02,-0.37,-1.03
811.105,-0.21,-0.93,-0.34,-1.02
811.127,-0.25,-0.89,-0.31,-0.96
811.149,-0.40,-0.87,-0.32,-0.93
811.171,-0.34,-0.93,-0.31,-0.93
811.193,-0.40,-0.85,-0.32,-0.89
811.215,-0.42,-0.94,-0.36,-0.90
811.237,-0.38,-0.73,-0.39,-0.86
811.259,-0.36,-0.77,-0.38,-0.84
811.281,-0.43,-0.78,-0.40,-0.81
811.303,-0.41,-0.93,-0.40,-0.83
811.325,-0.41,-1.08,-0.40,-0.86
811.347,-0.41,-0.90,-0.40,-0.89
811.369,-0.34,-0.97,-0.40,-0.93
811.391,-0.40,-0.95,-0.39,-0.97
811.413,-0.40,-1.02,-0.39,-0.98
811.435,-0.31,-1.11,-0.37,-0.99
811.458,-0.28,-1.20,-0.35,-1.05
811.480,-0.26,-1.07,-0.33,-1.07
811.502,-0.37,-0.91,-0.32,-1.06
811.524,-0.43,-0.93,-0.33,-1.04
811.546,-0.29,-1.06,-0.33,-1.03
811.568,-0.33,-1.08,-0.34,-1.01
811.590,-0.34,-1.10,-0.35,-1.02
811.612,-0.34,-1.06,-0.35,-1.05
811.634,-0.28,-1.01,-0.32,-1.06
811.656,-0.32,-1.17,-0.32,-1.08
811.678,-0.32,-1.13,-0.32,-1.09
811.700,-0.27,-1.18,-0.31,-1.11
811.722,-0.39,-1.02,-0.32,-1.10
811.744,-0.47,-0.83,-0.35,-1.07
811.766,-0.53,-0.90,-0.40,-1.01
811.788,-0.37,-1.07,-0.41,-1.00
811.810,-0.27,-1.04,-0.41,-0.97
811.832,-0.33,-1.10,-0.39,-0.99
811.854,-0.19,-1.05,-0.34,-1.03
811.876,-0.22,-0.81,-0.28,-1.01
811.898,-0.33,-0.89,-0.27,-0.98
811.920,-0.20,-0.95,-0.25,-0.96
811.942,-0.32,-1.00,-0.25,-0.94
811.964,-0.47,-0.99,-0.31,-0.93
811.986,-0.35,-0.95,-0.33,-0.96
812.008,-0.43,-0.96,-0.35,-0.97
812.030,-0.38,-0.84,-0.39,-0.95
812.052,-0.43,-1.06,-0.41,-0.96
812.074,-0.27,-1.05,-0.37,-0.97
812.096,-0.27,-0.89,-0.36,-0.96
812.118,-0.30,-0.97,-0.33,-0.96
812.140,-0.19,-0.77,-0.29,-0.95
812.162,-0.29,-0.93,-0.26,-0.92
812.184,-0.27,-0.89,-0.26,-0.89
812.206,-0.32,-0.95,-0.27,-0.90
812.228,-0.23,-0.98,-0.26,-0.90
812.250,-0.16,-1.06,-0.25,-0.96
812.272,-0.23,-1.05,-0.24,-0.99
812.294,-0.26,-1.11,-0.24,-1.03
812.316,-0.31,-1.01,-0.24,-1.04
812.338,-0.21,-0.94,-0.23,-1.03
812.360,-0.22,-1.02,-0.25,-1.03
812.382,-0.24,-0.97,-0.25,-1.01
812.404,-0.25,-1.02,-0.25,-0.99
812.426,-0.20,-0.98,-0.22,-0.99
812.448,-0.35,-0.98,-0.25,-0.99
812.470,-0.31,-1.12,-0.27,-1.01
812.492,-0.32,-1.07,-0.29,-1.03
812.514,-0.39,-0.92,-0.31,-1.01
812.536,-0.35,-0.65,-0.34,-0.95
812.558,-0.31,-0.63,-0.34,-0.88
812.580,-0.21,-0.74,-0.32,-0.80
812.602,-0.34,-0.68,-0.32,-0.72
812.624,-0.25,-0.86,-0.29,-0.71
812.646,-0.36,-0.93,-0.29,-0.77
812.668,-0.23,-0.92,-0.28,-0.83
812.690,-0.35,-1.05,-0.31,-0.89
812.712,-0.30,-0.82,-0.30,-0.92
812.734,-0.30,-0.79,-0.31,-0.90
812.756,-0.32,-0.90,-0.30,-0.90
812.778,-0.29,-0.75,-0.31,-0.86
812.800,-0.27,-0.84,-0.30,-0.82
812.822,-0.37,-1.01,-0.31,-0.86
812.844,-0.34,-1.10,-0.32,-0.92
812.866,-0.12,-0.96,-0.28,-0.93
812.888,-0.26,-0.93,-0.27,-0.97
812.910,-0.27,-0.97,-0.27,-0.99
812.932,-0.19,-1.03,-0.24,-1.00
812.954,-0.24,-1.03,-0.22,-0.98
812.976,-0.48,-1.04,-0.29,-1.00
812.998,-0.30,-0.93,-0.30,-1.00
813.020,-0.23,-1.01,-0.29,-1.01
813.042,-0.21,-0.99,-0.29,-1.00
813.064,-0.28,-0.89,-0.30,-0.97
813.086,-0.43,-0.94,-0.29,-0.95
813.108,-0.31,-1.06,-0.29,-0.98
813.130,-0.45,-0.90,-0.34,-0.96
813.152,-0.37,-0.74,-0.37,-0.91
813.174,-0.44,-0.97,-0.40,-0.92
813.196,-0.49,-0.85,-0.41,-0.90
813.218,-0.35,-0.94,-0.42,-0.88
813.240,-0.32,-0.82,-0.39,-0.86
813.262,-0.37,-0.77,-0.39,-0.87
813.284,-0.34,-1.00,-0.37,-0.88
813.306,-0.30,-0.95,-0.34,-0.90
813.328,-0.26,-0.86,-0.32,-0.88
813.350,-0.36,-1.00,-0.33,-0.92
813.372,-0.38,-0.95,-0.33,-0.95
813.394,-0.38,-0.96,-0.34,-0.94
813.416,-0.32,-1.02,-0.34,-0.96
813.438,-0.25,-0.99,-0.34,-0.98
813.460,-0.31,-0.86,-0.33,-0.96
813.482,-0.36,-0.86,-0.32,-0.94
813.504,-0.47,-0.97,-0.34,-0.94
813.526,-0.32,-0.92,-0.34,-0.92
813.548,-0.21,-0.96,-0.33,-0.91
813.570,-0.23,-1.06,-0.32,-0.95
813.592,-0.28,-1.02,-0.30,-0.99
813.614,-0.32,-1.01,-0.27,-0.99
813.636,-0.42,-0.93,-0.29,-1.00
813.658,-0.42,-0.92,-0.33,-0.99
813.680,-0.28,-0.98,-0.34,-0.97
813.702,-0.38,-0.79,-0.36,-0.93
813.724,-0.44,-0.90,-0.39,-0.90
813.746,-0.52,-0.94,-0.41,-0.91
813.768,-0.53,-1.01,-0.43,-0.92
813.790,-0.39,-1.06,-0.45,-0.94
813.812,-0.34,-0.96,-0.44,-0.97
813.834,-0.29,-0.75,-0.41,-0.94
813.856,-0.36,-0.95,-0.38,-0.95
813.878,-0.39,-1.10,-0.35,-0.96
813.900,-0.15,-1.20,-0.31,-0.99
813.922,-0.34,-1.02,-0.31,-1.00
813.944,-0.29,-0.93,-0.31,-1.04
813.966,-0.23,-0.94,-0.28,-1.04
813.988,-0.34,-0.80,-0.27,-0.98
814.010,-0.30,-0.93,-0.30,-0.92
814.032,-0.35,-1.04,-0.30,-0.93
814.054,-0.34,-0.91,-0.31,-0.92
814.076,-0.35,-0.88,-0.34,-0.91
814.098,-0.31,-1.01,-0.33,-0.95
814.120,-0.40,-0.96,-0.35,-0.96
814.142,-0.31,-0.92,-0.34,-0.94
814.164,-0.42,-1.06,-0.36,-0.97
814.186,-0.21,-1.00,-0.33,-0.99
814.208,-0.41,-1.02,-0.35,-0.99
814.230,-0.37,-1.07,-0.34,-1.01
814.252,-0.38,-1.16,-0.36,-1.06
814.274,-0.44,-1.15,-0.36,-1.08
814.296,-0.37,-0.98,-0.39,-1.08
814.318,-0.31,-0.91,-0.37,-1.05
814.340,-0.24,-1.00,-0.35,-1.04
814.362,-0.43,-0.82,-0.36,-0.97
814.384,-0.49,-0.88,-0.37,-0.92
814.406,-0.58,-0.86,-0.41,-0.89
814.428,-0.44,-0.97,-0.44,-0.91
814.450,-0.44,-1.02,-0.48,-0.91
814.472,-0.37,-0.88,-0.46,-0.92
814.494,-0.39,-0.92,-0.44,-0.93
814.516,-0.30,-1.00,-0.39,-0.96
814.538,-0.13,-1.08,-0.33,-0.98
814.560,-0.15,-1.15,-0.27,-1.01
814.582,-0.17,-1.04,-0.23,-1.04
814.604,-0.37,-0.94,-0.22,-1.04
814.626,-0.19,-0.98,-0.20,-1.04
814.648,-0.27,-0.93,-0.23,-1.01
814.670,-0.28,-0.91,-0.26,-0.96
814.692,-0.37,-1.10,-0.30,-0.97
814.714,-0.43,-1.02,-0.31,-0.99
814.736,-0.24,-0.90,-0.32,-0.97
814.758,-0.13,-1.08,-0.29,-1.00
814.780,-0.20,-1.08,-0.27,-1.04
814.802,-0.23,-1.12,-0.25,-1.04
814.824,-0.20,-1.13,-0.20,-1.06
814.846,-0.16,-0.94,-0.18,-1.07
814.868,-0.12,-0.96,-0.18,-1.05
814.890,-0.00,-0.99,-0.14,-1.03
814.912,-0.01,-1.08,-0.10,-1.02
814.934,-0.25,-0.93,-0.11,-0.98
814.956,-0.26,-0.77,-0.13,-0.95
814.978,-0.30,-0.73,-0.16,-0.90
815.000,-0.15,-0.93,-0.19,-0.89
815.022,-0.11,-0.88,-0.21,-0.85
815.044,-0.21,-0.89,-0.21,-0.84
815.066,-0.18,-0.97,-0.19,-0.88
815.088,-0.20,-1.01,-0.17,-0.94
815.110,-0.18,-1.02,-0.18,-0.95
815.132,-0.24,-1.04,-0.20,-0.99
815.154,-0.39,-1.03,-0.24,-1.01
815.176,-0.36,-0.97,-0.27,-1.01
815.198,-0.39,-0.99,-0.31,-1.01
815.220,-0.32,-1.03,-0.34,-1.01
815.242,-0.26,-1.09,-0.34,-1.02
815.264,-0.29,-1.09,-0.32,-1.03
815.286,-0.36,-1.04,-0.32,-1.05
815.308,-0.33,-1.11,-0.31,-1.07
815.330,-0.46,-0.99,-0.34,-1.06
815.352,-0.24,-0.96,-0.34,-1.04
815.374,-0.34,-0.85,-0.35,-0.99
815.396,-0.26,-0.97,-0.33,-0.98
815.418,-0.05,-1.04,-0.27,-0.96
815.440,-0.09,-1.01,-0.20,-0.97
815.462,-0.18,-0.99,-0.18,-0.97
815.484,-0.14,-1.02,-0.14,-1.01
815.506,-0.27,-0.99,-0.15,-1.01
815.528,-0.25,-0.88,-0.19,-0.98
815.550,-0.46,-0.97,-0.26,-0.97
815.572,-0.18,-0.95,-0.26,-0.96
815.594,-0.30,-1.01,-0.29,-0.96
815.616,-0.29,-0.97,-0.30,-0.96
815.638,-0.20,-0.91,-0.29,-0.96
815.660,-0.30,-0.91,-0.25,-0.95
815.682,-0.36,-0.90,-0.29,-0.94
815.704,-0.28,-0.96,-0.29,-0.93
815.726,-0.26,-1.05,-0.28,-0.95
815.748,-0.40,-1.07,-0.32,-0.98
815.770,-0.31,-0.98,-0.32,-0.99
815.792,-0.37,-0.89,-0.32,-0.99
815.814,-0.39,-0.85,-0.35,-0.97
815.836,-0.44,-0.88,-0.38,-0.93
815.858,-0.44,-1.08,-0.39,-0.94
815.880,-0.58,-0.97,-0.44,-0.93
815.902,-0.51,-1.03,-0.47,-0.96
815.924,-0.48,-0.87,-0.49,-0.97
815.946,-0.39,-0.97,-0.48,-0.98
815.968,-0.36,-0.93,-0.46,-0.95
815.990,-0.15,-0.94,-0.38,-0.95
816.012,-0.18,-1.09,-0.31,-0.96
816.034,-0.32,-1.06,-0.28,-1.00
816.056,-0.37,-1.22,-0.28,-1.05
816.078,-0.34,-1.08,-0.27,-1.08
816.100,-0.34,-0.99,-0.31,-1.09
816.122,-0.37,-1.05,-0.35,-1.08
816.144,-0.28,-1.00,-0.34,-1.07
816.166,-0.23,-1.05,-0.31,-1.03
816.188,-0.24,-1.10,-0.29,-1.04
816.210,-0.06,-0.92,-0.24,-1.02
816.232,-0.20,-1.04,-0.20,-1.02
816.254,-0.27,-0.73,-0.20,-0.97
816.276,-0.28,-0.70,-0.21,-0.90
816.298,-0.38,-0.83,-0.24,-0.84
816.320,-0.36,-0.83,-0.30,-0.83
816.342,-0.26,-0.94,-0.31,-0.81
816.364,-0.31,-1.05,-0.32,-0.87
816.386,-0.33,-1.19,-0.33,-0.97
816.408,-0.32,-1.08,-0.32,-1.02
816.430,-0.32,-0.97,-0.31,-1.05
816.452,-0.26,-1.06,-0.31,-1.07
816.474,-0.23,-0.92,-0.29,-1.04
816.496,-0.30,-0.95,-0.29,-1.00
816.518,-0.30,-0.90,-0.28,-0.96
816.540,-0.28,-0.99,-0.27,-0.96
816.562,-0.33,-0.95,-0.29,-0.94
816.584,-0.27,-1.02,-0.30,-0.96
816.606,-0.31,-1.00,-0.30,-0.97
816.628,-0.46,-0.84,-0.33,-0.96
816.650,-0.43,-0.89,-0.36,-0.94
816.672,-0.41,-0.97,-0.38,-0.94
816.694,-0.24,-0.97,-0.37,-0.93
816.716,-0.20,-0.98,-0.35,-0.93
816.738,-0.21,-0.96,-0.30,-0.95
816.760,-0.09,-0.89,-0.23,-0.95
816.782,-0.12,-0.83,-0.17,-0.93
816.804,-0.27,-0.85,-0.18,-0.90
816.826,-0.19,-0.76,-0.18,-0.86
816.848,-0.30,-0.74,-0.19,-0.81
816.870,-0.17,-0.75,-0.21,-0.79
816.892,-0.31,-0.83,-0.25,-0.79
816.914,-0.28,-0.92,-0.25,-0.80
816.936,-0.25,-0.75,-0.26,-0.80
816.958,-0.27,-0.76,-0.26,-0.80
816.980,-0.23,-0.87,-0.27,-0.83
817.002,-0.32,-0.89,-0.27,-0.84
817.024,-0.35,-1.06,-0.28,-0.87
817.046,-0.37,-0.92,-0.31,-0.90
817.068,-0.30,-1.07,-0.31,-0.96
817.090,-0.34,-0.90,-0.34,-0.97
817.112,-0.19,-0.98,-0.31,-0.99
817.134,-0.20,-1.06,-0.28,-0.99
817.156,-0.21,-0.88,-0.25,-0.98
817.178,-0.23,-0.88,-0.23,-0.94
817.200,-0.22,-0.90,-0.21,-0.94
817.222,-0.24,-0.82,-0.22,-0.91
817.244,-0.30,-1.01,-0.24,-0.90
817.266,-0.21,-0.92,-0.24,-0.91
817.288,-0.38,-1.01,-0.27,-0.93
817.310,-0.27,-1.00,-0.28,-0.95
817.332,-0.36,-0.94,-0.30,-0.98
817.354,-0.42,-1.13,-0.33,-1.00
817.376,-0.41,-1.07,-0.37,-1.03
817.398,-0.39,-1.00,-0.37,-1.03
817.420,-0.31,-0.96,-0.38,-1.02
817.442,-0.31,-0.96,-0.37,-1.02
817.464,-0.26,-0.72,-0.34,-0.94
817.486,-0.19,-0.63,-0.29,-0.85
817.508,-0.38,-0.77,-0.29,-0.81
817.530,-0.25,-0.78,-0.28,-0.77
817.552,-0.30,-0.91,-0.28,-0.76
817.574,-0.42,-0.90,-0.31,-0.80
817.596,-0.27,-0.94,-0.32,-0.86
817.618,-0.15,-1.05,-0.28,-0.92
817.640,-0.15,-0.83,-0.26,-0.93
817.662,-0.10,-0.92,-0.22,-0.93
817.684,-0.22,-0.79,-0.18,-0.91
817.706,-0.19,-0.87,-0.16,-0.89
817.728,-0.21,-1.01,-0.17,-0.88
817.750,-0.32,-0.78,-0.21,-0.87
817.772,-0.21,-0.80,-0.23,-0.85
817.794,-0.26,-0.85,-0.24,-0.86
817.816,-0.37,-0.87,-0.27,-0.86
817.838,-0.40,-0.92,-0.31,-0.84
817.860,-0.43,-0.89,-0.33,-0.87
817.882,-0.52,-0.98,-0.40,-0.90
817.904,-0.47,-0.99,-0.44,-0.93
817.926,-0.42,-0.99,-0.45,-0.95
817.948,-0.30,-1.07,-0.43,-0.98
817.970,-0.39,-0.90,-0.42,-0.99
817.992,-0.43,-0.88,-0.40,-0.97
818.014,-0.29,-0.96,-0.37,-0.96
818.036,-0.12,-0.99,-0.31,-0.96
818.058,-0.19,-1.13,-0.28,-0.97
818.080,-0.25,-1.03,-0.26,-1.00
818.102,-0.38,-1.09,-0.25,-1.04
818.124,-0.30,-0.89,-0.25,-1.03
818.146,-0.35,-1.00,-0.29,-1.03
818.168,-0.30,-0.99,-0.32,-1.00
818.190,-0.35,-0.99,-0.34,-0.99
818.212,-0.35,-1.12,-0.33,-1.00
818.234,-0.34,-1.05,-0.34,-1.03
818.256,-0.34,-0.96,-0.34,-1.02
818.278,-0.34,-0.94,-0.34,-1.01
818.300,-0.26,-0.98,-0.33,-1.01
818.322,-0.22,-0.93,-0.30,-0.97
818.344,-0.18,-0.86,-0.27,-0.93
818.366,-0.20,-0.91,-0.24,-0.92
818.388,-0.19,-0.97,-0.21,-0.93
818.410,-0.23,-0.94,-0.20,-0.92
818.432,-0.31,-1.05,-0.22,-0.95
818.454,-0.27,-1.00,-0.24,-0.97
818.476,-0.18,-1.06,-0.24,-1.00
818.498,-0.14,-1.02,-0.23,-1.01
818.520,-0.08,-0.93,-0.20,-1.01
818.542,-0.22,-0.96,-0.18,-0.99
818.564,-0.22,-1.06,-0.17,-1.01
818.586,-0.23,-1.00,-0.18,-0.99
818.608,-0.30,-0.86,-0.21,-0.96
818.630,-0.35,-0.94,-0.26,-0.96
818.652,-0.25,-0.89,-0.27,-0.95
818.674,-0.17,-0.82,-0.26,-0.90
818.696,-0.06,-0.91,-0.23,-0.88
818.718,-0.21,-0.85,-0.21,-0.88
818.740,-0.26,-0.77,-0.19,-0.85
818.762,-0.52,-0.77,-0.24,-0.82
818.784,-0.48,-0.93,-0.31,-0.85
818.806,-0.42,-0.92,-0.38,-0.85
818.828,-0.41,-0.99,-0.42,-0.88
818.850,-0.28,-1.00,-0.42,-0.92
818.872,-0.30,-0.91,-0.38,-0.95
818.894,-0.33,-0.90,-0.35,-0.94
818.916,-0.25,-0.88,-0.31,-0.94
818.938,-0.23,-0.89,-0.28,-0.92
818.960,-0.31,-0.94,-0.28,-0.90
818.982,-0.26,-0.90,-0.28,-0.90
819.004,-0.37,-0.82,-0.28,-0.89
819.026,-0.35,-0.76,-0.30,-0.86
819.048,-0.33,-0.76,-0.32,-0.84
819.070,-0.32,-0.70,-0.33,-0.79
819.092,-0.25,-0.99,-0.32,-0.81
819.114,-0.10,-1.10,-0.27,-0.86
819.136,-0.23,-0.98,-0.25,-0.91
819.158,-0.25,-0.90,-0.23,-0.93
819.180,-0.16,-0.98,-0.20,-0.99
819.202,-0.21,-0.84,-0.19,-0.96
819.224,-0.20,-0.91,-0.21,-0.92
819.246,-0.25,-1.02,-0.21,-0.93
819.268,-0.37,-0.96,-0.24,-0.94
819.290,-0.24,-0.96,-0.25,-0.94
819.312,-0.35,-0.93,-0.28,-0.96
819.334,-0.39,-0.95,-0.32,-0.96
819.356,-0.41,-0.95,-0.35,-0.95
819.378,-0.36,-1.00,-0.35,-0.96
819.400,-0.16,-1.03,-0.33,-0.97
819.422,-0.13,-1.02,-0.29,-0.99
819.444,-0.14,-0.98,-0.24,-1.00
819.466,-0.25,-0.92,-0.21,-0.99
819.488,-0.32,-0.90,-0.20,-0.97
819.510,-0.31,-0.99,-0.23,-0.96
819.532,-0.19,-0.89,-0.24,-0.94
819.554,-0.24,-0.90,-0.26,-0.92
819.576,-0.46,-0.98,-0.30,-0.93
819.598,-0.39,-0.89,-0.32,-0.93
819.620,-0.27,-1.05,-0.31,-0.94
819.642,-0.29,-0.89,-0.33,-0.94
819.664,-0.20,-0.91,-0.32,-0.94
819.686,-0.28,-0.99,-0.29,-0.95
819.708,-0.31,-1.00,-0.27,-0.97
819.730,-0.22,-0.96,-0.26,-0.95
819.752,-0.29,-1.05,-0.26,-0.98
819.774,-0.25,-0.88,-0.27,-0.98
819.796,-0.49,-1.01,-0.31,-0.98
819.818,-0.38,-0.90,-0.33,-0.96
819.840,-0.43,-0.71,-0.37,-0.91
819.862,-0.34,-0.97,-0.38,-0.89
819.884,-0.33,-1.05,-0.39,-0.93
819.906,-0.46,-1.04,-0.39,-0.93
819.928,-0.45,-1.01,-0.40,-0.96
819.950,-0.50,-1.05,-0.42,-1.02
819.972,-0.44,-0.97,-0.44,-1.02
819.994,-0.46,-0.94,-0.46,-1.00
820.016,-0.40,-0.89,-0.45,-0.97
820.038,-0.35,-0.84,-0.43,-0.94
820.060,-0.25,-0.95,-0.38,-0.92
820.082,-0.38,-0.86,-0.37,-0.90
820.104,-0.23,-0.90,-0.32,-0.89
820.126,-0.20,-0.97,-0.28,-0.90
820.148,-0.10,-0.92,-0.23,-0.92
820.170,-0.25,-0.94,-0.23,-0.92
820.192,-0.25,-1.15,-0.21,-0.98
820.214,-0.23,-1.07,-0.21,-1.01
820.236,-0.32,-0.95,-0.23,-1.01
820.258,-0.42,-0.86,-0.29,-0.99
820.280,-0.41,-0.96,-0.33,-1.00
820.302,-0.37,-0.98,-0.35,-0.96
820.324,-0.39,-1.02,-0.38,-0.95
820.346,-0.44,-1.11,-0.41,-0.99
820.368,-0.28,-1.01,-0.38,-1.02
820.390,-0.33,-0.90,-0.36,-1.00
820.412,-0.51,-0.93,-0.39,-0.99
820.434,-0.24,-1.08,-0.36,-1.01
820.456,-0.34,-1.03,-0.34,-0.99
820.478,-0.33,-1.13,-0.35,-1.01
820.500,-0.38,-0.93,-0.36,-1.02
820.522,-0.28,-0.89,-0.31,-1.01
820.544,-0.37,-0.96,-0.34,-0.99
820.566,-0.41,-0.97,-0.35,-0.98
820.588,-0.30,-1.12,-0.35,-0.97
820.610,-0.34,-0.98,-0.34,-0.98
820.632,-0.33,-0.92,-0.35,-0.99
820.654,-0.28,-0.88,-0.33,-0.97
820.676,-0.20,-0.89,-0.29,-0.96
820.698,-0.05,-1.00,-0.24,-0.93
820.720,-0.11,-1.03,-0.19,-0.94
820.742,-0.27,-0.89,-0.18,-0.94
820.764,-0.38,-0.99,-0.20,-0.96
820.786,-0.38,-0.98,-0.24,-0.98
820.808,-0.38,-0.99,-0.30,-0.98
820.830,-0.32,-1.01,-0.35,-0.97
820.852,-0.44,-0.98,-0.38,-0.99
820.874,-0.30,-0.90,-0.36,-0.97
820.896,-0.30,-0.84,-0.35,-0.94
820.918,-0.33,-0.80,-0.34,-0.91
820.940,-0.47,-0.87,-0.37,-0.88
820.962,-0.43,-1.01,-0.37,-0.88
820.984,-0.52,-1.02,-0.41,-0.91
821.006,-0.47,-0.93,-0.44,-0.93
821.028,-0.50,-1.01,-0.48,-0.97
821.050,-0.37,-0.99,-0.46,-0.99
821.072,-0.36,-1.07,-0.44,-1.00
821.094,-0.33,-1.10,-0.41,-1.02
821.116,-0.24,-1.01,-0.36,-1.04
821.138,-0.15,-0.92,-0.29,-1.02
821.160,-0.30,-0.94,-0.28,-1.01
821.182,-0.34,-0.89,-0.27,-0.97
821.204,-0.29,-0.91,-0.26,-0.93
821.226,-0.41,-1.00,-0.30,-0.93
821.248,-0.45,-0.87,-0.36,-0.92
821.270,-0.36,-0.89,-0.37,-0.91
821.292,-0.31,-0.88,-0.36,-0.91
821.314,-0.31,-0.85,-0.37,-0.90
821.336,-0.23,-0.72,-0.33,-0.84
821.358,-0.18,-0.76,-0.28,-0.82
821.380,-0.20,-0.91,-0.25,-0.82
821.402,-0.35,-1.10,-0.25,-0.87
821.424,-0.43,-0.96,-0.28,-0.89
821.446,-0.29,-0.94,-0.29,-0.93
821.468,-0.33,-0.98,-0.32,-0.98
821.490,-0.41,-1.06,-0.36,-1.01
821.512,-0.33,-1.05,-0.36,-1.00
821.534,-0.24,-0.84,-0.32,-0.97
821.556,-0.39,-0.95,-0.34,-0.98
821.578,-0.47,-0.98,-0.37,-0.98
821.600,-0.17,-0.95,-0.32,-0.95
821.622,-0.25,-0.81,-0.30,-0.91
821.644,-0.31,-0.82,-0.32,-0.90
821.666,-0.17,-0.97,-0.27,-0.91
821.688,-0.21,-0.74,-0.22,-0.86
821.710,-0.30,-0.79,-0.25,-0.83
821.732,-0.23,-0.88,-0.24,-0.84
821.754,-0.20,-0.86,-0.22,-0.85
821.776,-0.27,-0.84,-0.24,-0.82
821.798,-0.28,-1.11,-0.26,-0.90
821.820,-0.27,-1.29,-0.25,-1.00
821.842,-0.36,-1.19,-0.28,-1.06
821.864,-0.22,-0.97,-0.28,-1.08
821.886,-0.43,-0.83,-0.31,-1.08
821.908,-0.36,-0.98,-0.33,-1.05
821.930,-0.15,-0.94,-0.30,-0.98
821.952,-0.22,-1.10,-0.28,-0.96
821.974,-0.35,-1.10,-0.30,-0.99
821.996,-0.23,-1.04,-0.26,-1.03
822.018,-0.30,-0.93,-0.25,-1.02
822.040,-0.35,-0.89,-0.29,-1.01
822.062,-0.24,-0.84,-0.29,-0.96
822.084,-0.14,-0.81,-0.25,-0.90
822.106,-0.21,-0.84,-0.25,-0.86
822.128,-0.19,-0.85,-0.23,-0.85
822.150,-0.37,-0.99,-0.23,-0.87
822.172,-0.41,-0.95,-0.26,-0.89
822.194,-0.45,-1.02,-0.33,-0.93
822.216,-0.42,-1.12,-0.37,-0.99
822.238,-0.36,-1.25,-0.40,-1.07
822.260,-0.35,-1.15,-0.40,-1.10
822.282,-0.23,-1.02,-0.36,-1.11
822.304,-0.13,-0.92,-0.30,-1.09
822.326,-0.35,-0.83,-0.28,-1.03
822.348,-0.40,-0.93,-0.29,-0.97
822.370,-0.35,-0.97,-0.29,-0.93
822.392,-0.42,-0.93,-0.33,-0.92
822.414,-0.33,-1.00,-0.37,-0.93
822.436,-0.45,-0.94,-0.39,-0.95
822.458,-0.39,-0.89,-0.39,-0.95
822.480,-0.41,-0.81,-0.40,-0.91
822.502,-0.40,-1.00,-0.40,-0.93
822.524,-0.36,-1.15,-0.40,-0.96
822.546,-0.24,-1.09,-0.36,-0.99
822.568,-0.25,-1.17,-0.33,-1.04
822.590,-0.29,-1.18,-0.31,-1.12
822.612,-0.39,-1.23,-0.31,-1.16
822.634,-0.30,-0.99,-0.29,-1.13
822.656,-0.39,-0.88,-0.32,-1.09
822.678,-0.44,-0.94,-0.36,-1.04
822.700,-0.37,-1.11,-0.38,-1.03
822.722,-0.39,-1.03,-0.38,-0.99
822.744,-0.25,-1.04,-0.37,-1.00
822.766,-0.25,-1.05,-0.34,-1.03
822.788,-0.36,-1.04,-0.32,-1.05
822.810,-0.47,-1.08,-0.34,-1.05
822.832,-0.33,-0.98,-0.33,-1.04
822.854,-0.36,-0.90,-0.35,-1.01
822.876,-0.40,-0.96,-0.38,-0.99
822.898,-0.25,-0.92,-0.36,-0.97
822.920,-0.05,-0.96,-0.28,-0.94
822.942,-0.32,-0.87,-0.28,-0.92
822.964,-0.28,-0.83,-0.26,-0.91
822.986,-0.32,-0.73,-0.24,-0.86
823.008,-0.35,-0.82,-0.26,-0.84
823.030,-0.23,-0.92,-0.30,-0.83
823.052,-0.22,-0.86,-0.28,-0.83
823.074,-0.23,-0.98,-0.27,-0.86
823.096,-0.27,-1.08,-0.26,-0.93
823.118,-0.30,-1.15,-0.25,-1.00
823.140,-0.18,-0.91,-0.24,-1.00
823.162,-0.16,-1.00,-0.23,-1.02
823.184,-0.21,-0.92,-0.22,-1.01
823.206,-0.23,-0.85,-0.22,-0.97
823.228,-0.34,-1.07,-0.22,-0.95
823.250,-0.36,-1.14,-0.26,-1.00
823.272,-0.39,-1.01,-0.31,-1.00
823.294,-0.35,-1.05,-0.33,-1.02
823.316,-0.22,-0.99,-0.33,-1.05
823.338,-0.21,-0.97,-0.31,-1.03
823.360,-0.19,-0.99,-0.27,-1.00
823.382,-0.32,-1.07,-0.26,-1.01
823.404,-0.30,-1.05,-0.25,-1.01
823.426,-0.23,-1.09,-0.25,-1.03
823.448,-0.26,-1.04,-0.26,-1.05
823.470,-0.31,-1.10,-0.28,-1.07
823.492,-0.30,-0.93,-0.28,-1.04
823.514,-0.29,-0.93,-0.28,-1.02
823.536,-0.33,-0.93,-0.30,-0.99
823.558,-0.20,-0.94,-0.29,-0.97
823.580,-0.20,-0.93,-0.26,-0.93
823.602,-0.36,-1.08,-0.28,-0.96
823.624,-0.21,-1.00,-0.26,-0.98
823.646,-0.26,-1.03,-0.25,-1.00
823.668,-0.24,-1.08,-0.25,-1.02
823.690,-0.37,-1.00,-0.29,-1.04
823.712,-0.18,-0.82,-0.25,-0.99
823.734,-0.38,-0.79,-0.29,-0.94
823.756,-0.37,-0.71,-0.31,-0.88
823.778,-0.32,-0.72,-0.32,-0.81
823.800,-0.31,-0.92,-0.31,-0.79
823.822,-0.22,-0.88,-0.32,-0.80
823.844,-0.36,-0.85,-0.32,-0.82
823.866,-0.19,-1.13,-0.28,-0.90
823.888,-0.17,-1.20,-0.25,-1.00
823.910,-0.21,-0.89,-0.23,-0.99
823.932,-0.29,-0.80,-0.24,-0.97
823.954,-0.40,-1.06,-0.25,-1.02
823.976,-0.41,-0.96,-0.30,-0.98
823.998,-0.37,-0.79,-0.34,-0.90
824.020,-0.38,-0.86,-0.37,-0.89
824.042,-0.46,-1.16,-0.40,-0.97
824.064,-0.54,-1.13,-0.43,-0.98
824.086,-0.52,-1.09,-0.45,-1.01
824.108,-0.53,-1.07,-0.49,-1.06
824.130,-0.44,-1.08,-0.50,-1.11
824.152,-0.32,-1.18,-0.47,-1.11
824.174,-0.27,-1.06,-0.42,-1.10
824.196,-0.05,-0.97,-0.32,-1.07
824.218,-0.14,-1.04,-0.24,-1.07
824.240,-0.20,-0.89,-0.20,-1.03
824.262,-0.14,-0.91,-0.16,-0.97
824.284,-0.30,-1.02,-0.17,-0.97
824.306,-0.37,-0.97,-0.23,-0.97
824.328,-0.29,-1.03,-0.26,-0.96
824.350,-0.29,-1.05,-0.28,-1.00
824.372,-0.16,-1.04,-0.28,-1.02
824.394,-0.22,-0.80,-0.27,-0.98
824.416,-0.29,-0.88,-0.25,-0.96
824.438,-0.31,-0.83,-0.25,-0.92
824.460,-0.17,-0.78,-0.23,-0.87
824.482,-0.29,-0.94,-0.26,-0.85
824.504,-0.24,-0.90,-0.26,-0.87
824.526,-0.15,-0.92,-0.23,-0.87
824.548,-0.10,-0.81,-0.19,-0.87
824.570,-0.25,-0.83,-0.21,-0.88
824.592,-0.12,-0.89,-0.17,-0.87
824.614,-0.21,-0.95,-0.17,-0.88
824.636,-0.36,-0.98,-0.21,-0.89
824.658,-0.35,-0.86,-0.26,-0.90
824.680,-0.32,-0.79,-0.27,-0.89
824.702,-0.26,-0.95,-0.30,-0.91
824.724,-0.37,-0.92,-0.33,-0.90
824.746,-0.35,-1.03,-0.33,-0.91
824.768,-0.42,-1.05,-0.34,-0.95
824.790,-0.25,-1.08,-0.33,-1.01
824.812,-0.21,-0.98,-0.32,-1.01
824.834,-0.28,-0.92,-0.30,-1.01
824.856,-0.34,-0.89,-0.30,-0.98
824.878,-0.36,-0.80,-0.29,-0.93
824.900,-0.28,-0.91,-0.29,-0.90
824.922,-0.24,-0.87,-0.30,-0.88
824.944,-0.27,-0.98,-0.30,-0.89
824.966,-0.40,-0.92,-0.31,-0.90
824.988,-0.44,-0.99,-0.33,-0.93
825.010,-0.41,-1.14,-0.35,-0.98
825.032,-0.31,-1.03,-0.37,-1.01
825.054,-0.27,-1.02,-0.37,-1.02
825.076,-0.26,-1.05,-0.34,-1.05
825.098,-0.19,-1.07,-0.29,-1.06
825.120,-0.26,-0.87,-0.26,-1.01
825.142,-0.31,-0.90,-0.26,-0.98
825.164,-0.27,-1.10,-0.26,-1.00
825.186,-0.23,-1.11,-0.25,-1.01
825.208,-0.21,-0.99,-0.26,-0.99
825.230,-0.41,-0.89,-0.29,-1.00
825.252,-0.40,-0.90,-0.30,-1.00
825.274,-0.22,-0.89,-0.29,-0.96
825.296,-0.32,-1.02,-0.31,-0.94
825.318,-0.44,-0.93,-0.36,-0.93
825.340,-0.46,-1.10,-0.37,-0.97
825.362,-0.24,-1.02,-0.34,-0.99
825.384,-0.19,-0.95,-0.33,-1.00
825.406,-0.20,-1.05,-0.31,-1.01
825.428,-0.22,-0.96,-0.26,-1.02
825.450,-0.41,-0.91,-0.25,-0.98
825.472,-0.21,-0.89,-0.25,-0.95
825.494,-0.28,-0.83,-0.26,-0.93
825.516,-0.29,-0.96,-0.28,-0.91
825.538,-0.28,-0.98,-0.29,-0.91
825.560,-0.24,-1.04,-0.26,-0.94
825.582,-0.22,-1.09,-0.26,-0.98
825.604,-0.25,-0.86,-0.26,-0.99
825.626,-0.36,-0.80,-0.27,-0.95
825.648,-0.32,-0.80,-0.28,-0.92
825.670,-0.08,-0.80,-0.25,-0.87
825.692,-0.29,-0.98,-0.26,-0.85
825.714,-0.31,-0.86,-0.27,-0.85
825.736,-0.29,-0.93,-0.26,-0.87
825.758,-0.16,-0.89,-0.23,-0.89
825.780,-0.18,-1.04,-0.25,-0.94
825.802,-0.35,-0.90,-0.26,-0.92
825.824,-0.23,-0.89,-0.24,-0.93
825.846,-0.16,-1.02,-0.22,-0.95
825.868,-0.20,-0.94,-0.22,-0.96
825.890,-0.30,-0.88,-0.25,-0.93
825.912,-0.29,-0.92,-0.24,-0.93
825.934,-0.28,-0.78,-0.25,-0.91
825.956,-0.24,-0.91,-0.26,-0.89
825.978,-0.48,-1.02,-0.32,-0.90
826.000,-0.46,-1.04,-0.35,-0.93
826.022,-0.27,-0.96,-0.35,-0.94
826.044,-0.18,-1.08,-0.33,-1.00
826.066,-0.13,-1.10,-0.30,-1.04
826.088,-0.19,-1.05,-0.25,-1.05
826.110,-0.31,-1.02,-0.22,-1.04
826.132,-0.25,-1.06,-0.21,-1.06
826.154,-0.26,-1.09,-0.23,-1.06
826.176,-0.17,-0.87,-0.24,-1.02
826.198,-0.18,-0.73,-0.23,-0.95
826.220,-0.37,-0.80,-0.25,-0.91
826.242,-0.43,-0.86,-0.28,-0.87
826.264,-0.24,-0.97,-0.28,-0.85
826.286,-0.32,-1.13,-0.31,-0.90
826.308,-0.47,-1.10,-0.37,-0.97
826.330,-0.49,-0.94,-0.39,-1.00
826.352,-0.53,-0.94,-0.41,-1.02
826.374,-0.36,-0.90,-0.43,-1.00
826.396,-0.25,-0.80,-0.42,-0.94
826.418,-0.30,-0.80,-0.39,-0.88
826.440,-0.36,-0.81,-0.36,-0.85
826.462,-0.37,-0.85,-0.33,-0.83
826.484,-0.33,-0.73,-0.32,-0.80
826.506,-0.30,-0.95,-0.33,-0.83
826.528,-0.31,-1.19,-0.33,-0.91
826.550,-0.32,-1.29,-0.33,-1.00
826.572,-0.29,-1.03,-0.31,-1.04
826.594,-0.43,-1.10,-0.33,-1.11
826.616,-0.28,-1.02,-0.33,-1.13
826.638,-0.35,-0.99,-0.33,-1.09
826.660,-0.30,-1.03,-0.33,-1.03
826.682,-0.45,-0.90,-0.36,-1.01
826.704,-0.45,-0.94,-0.37,-0.98
826.726,-0.32,-0.97,-0.37,-0.97
826.748,-0.39,-0.99,-0.38,-0.97
826.770,-0.31,-0.98,-0.38,-0.96
826.792,-0.26,-1.04,-0.35,-0.98
826.814,-0.29,-0.97,-0.31,-0.99
826.836,-0.41,-0.85,-0.33,-0.97
826.858,-0.27,-0.82,-0.31,-0.93
826.880,-0.24,-0.91,-0.29,-0.92
826.902,-0.29,-1.13,-0.30,-0.94
826.924,-0.18,-1.08,-0.28,-0.96
826.946,-0.38,-0.97,-0.27,-0.98
826.968,-0.23,-0.85,-0.26,-0.99
826.990,-0.25,-0.98,-0.27,-1.00
827.012,-0.33,-0.82,-0.27,-0.94
827.034,-0.48,-0.98,-0.33,-0.92
827.056,-0.42,-1.09,-0.34,-0.94
827.078,-0.31,-1.07,-0.36,-0.99
827.100,-0.31,-1.07,-0.37,-1.01
827.122,-0.18,-0.99,-0.34,-1.04
827.144,-0.36,-0.91,-0.32,-1.03
827.166,-0.20,-0.92,-0.27,-0.99
827.188,-0.33,-1.14,-0.28,-1.01
827.210,-0.33,-0.97,-0.28,-0.99
827.232,-0.48,-1.04,-0.34,-1.00
827.254,-0.36,-1.10,-0.34,-1.03
827.276,-0.23,-1.11,-0.35,-1.07
827.298,-0.18,-1.19,-0.32,-1.08
827.320,-0.31,-1.22,-0.31,-1.13
827.342,-0.30,-1.11,-0.28,-1.15
827.364,-0.39,-0.97,-0.28,-1.12
827.386,-0.36,-0.91,-0.31,-1.08
827.408,-0.29,-0.86,-0.33,-1.01
827.430,-0.29,-0.89,-0.33,-0.95
827.452,-0.51,-0.78,-0.37,-0.88
827.474,-0.34,-0.94,-0.36,-0.88
827.496,-0.12,-0.95,-0.31,-0.88
827.518,-0.25,-0.95,-0.30,-0.90
827.540,-0.19,-0.84,-0.28,-0.89
827.562,-0.21,-0.83,-0.22,-0.90
827.584,-0.36,-0.92,-0.23,-0.90
827.606,-0.32,-1.06,-0.27,-0.92
827.628,-0.41,-1.12,-0.30,-0.95
827.650,-0.28,-1.04,-0.32,-0.99
827.672,-0.40,-0.97,-0.35,-1.02
827.694,-0.40,-0.97,-0.36,-1.03
827.716,-0.28,-0.98,-0.35,-1.02
827.738,-0.30,-1.10,-0.33,-1.01
827.760,-0.26,-0.87,-0.33,-0.98
827.782,-0.29,-0.78,-0.31,-0.94
827.804,-0.37,-0.87,-0.30,-0.92
827.826,-0.27,-0.91,-0.30,-0.91
827.848,-0.31,-1.08,-0.30,-0.90
827.870,-0.26,-1.12,-0.30,-0.95
827.892,-0.33,-0.92,-0.31,-0.98
827.914,-0.33,-0.92,-0.30,-0.99
827.936,-0.38,-0.95,-0.32,-1.00
827.958,-0.38,-1.09,-0.34,-1.00
827.980,-0.26,-1.19,-0.34,-1.01
828.002,-0.29,-1.22,-0.33,-1.07
828.024,-0.26,-1.18,-0.31,-1.13
828.046,-0.21,-1.11,-0.28,-1.16
828.068,-0.26,-1.07,-0.26,-1.15
828.090,-0.18,-0.99,-0.24,-1.11
828.112,-0.32,-0.93,-0.25,-1.06
828.134,-0.36,-0.88,-0.27,-1.00
828.156,-0.32,-0.89,-0.29,-0.95
828.178,-0.29,-0.70,-0.29,-0.88
828.200,-0.37,-0.96,-0.33,-0.87
828.222,-0.38,-0.87,-0.34,-0.86
828.244,-0.32,-0.96,-0.34,-0.88
828.266,-0.24,-1.02,-0.32,-0.90
828.288,-0.29,-0.90,-0.32,-0.94
828.310,-0.32,-1.06,-0.31,-0.96
828.332,-0.32,-0.95,-0.30,-0.98
828.354,-0.23,-0.91,-0.28,-0.97
828.376,-0.25,-0.92,-0.28,-0.95
828.398,-0.41,-0.91,-0.31,-0.95
828.420,-0.26,-0.83,-0.29,-0.90
828.442,-0.14,-1.07,-0.26,-0.93
828.464,-0.23,-0.98,-0.26,-0.94
828.486,-0.42,-1.05,-0.29,-0.97
828.508,-0.42,-0.98,-0.29,-0.98
828.530,-0.27,-0.90,-0.30,-1.00
828.552,-0.29,-0.89,-0.33,-0.96
828.574,-0.21,-0.90,-0.32,-0.94
828.596,-0.27,-0.83,-0.29,-0.90
828.618,-0.46,-1.03,-0.30,-0.91
828.640,-0.44,-0.90,-0.33,-0.91
828.662,-0.34,-0.80,-0.34,-0.89
828.684,-0.22,-0.86,-0.35,-0.88
828.706,-0.16,-0.82,-0.32,-0.88
828.728,-0.12,-0.85,-0.26,-0.85
828.750,-0.14,-0.97,-0.20,-0.86
828.772,-0.25,-1.00,-0.18,-0.90
828.794,-0.36,-1.08,-0.21,-0.94
828.816,-0.35,-0.93,-0.24,-0.97
828.838,-0.36,-0.80,-0.29,-0.96
828.860,-0.19,-1.12,-0.30,-0.99
828.882,-0.24,-0.81,-0.30,-0.95
828.904,-0.21,-0.79,-0.27,-0.89
828.926,-0.10,-0.68,-0.22,-0.84
828.948,-0.14,-0.84,-0.18,-0.85
828.970,-0.33,-0.85,-0.20,-0.79
828.992,-0.33,-0.79,-0.22,-0.79
829.014,-0.31,-0.90,-0.24,-0.81
829.036,-0.37,-0.93,-0.30,-0.86
829.058,-0.38,-0.90,-0.34,-0.87
829.080,-0.29,-0.92,-0.34,-0.89
829.102,-0.27,-0.86,-0.32,-0.90
829.124,-0.38,-0.90,-0.34,-0.90
829.146,-0.37,-0.82,-0.34,-0.88
829.168,-0.40,-0.84,-0.34,-0.87
829.190,-0.34,-0.95,-0.35,-0.87
829.212,-0.32,-0.85,-0.36,-0.87
829.234,-0.38,-0.96,-0.36,-0.88
829.256,-0.49,-0.93,-0.39,-0.91
829.278,-0.39,-1.06,-0.38,-0.95
829.300,-0.40,-0.90,-0.40,-0.94
829.322,-0.30,-0.90,-0.39,-0.95
829.344,-0.45,-1.03,-0.41,-0.96
829.366,-0.46,-0.86,-0.40,-0.95
829.388,-0.41,-1.10,-0.40,-0.96
829.410,-0.42,-0.94,-0.41,-0.97
829.432,-0.35,-0.98,-0.42,-0.98
829.454,-0.30,-0.89,-0.39,-0.95
829.476,-0.39,-0.92,-0.37,-0.97
829.498,-0.36,-0.91,-0.36,-0.93
829.520,-0.41,-0.86,-0.36,-0.91
829.542,-0.27,-0.95,-0.35,-0.91
829.564,-0.32,-0.97,-0.35,-0.92
829.586,-0.23,-0.83,-0.32,-0.90
829.608,-0.14,-0.95,-0.27,-0.91
829.630,-0.24,-0.98,-0.24,-0.94
829.652,-0.27,-0.87,-0.24,-0.92
829.674,-0.23,-0.86,-0.22,-0.90
829.696,-0.27,-0.91,-0.23,-0.91
829.718,-0.26,-0.97,-0.25,-0.92
829.740,-0.35,-0.95,-0.28,-0.91
829.762,-0.43,-0.95,-0.31,-0.93
829.784,-0.36,-0.80,-0.33,-0.92
829.806,-0.41,-0.76,-0.36,-0.89
829.828,-0.44,-0.89,-0.40,-0.87
829.850,-0.51,-0.97,-0.43,-0.87
829.872,-0.50,-1.08,-0.44,-0.90
829.894,-0.54,-0.97,-0.48,-0.93
829.916,-0.50,-0.91,-0.50,-0.96
829.938,-0.42,-0.88,-0.49,-0.96
829.960,-0.30,-0.96,-0.45,-0.96
829.982,-0.25,-1.05,-0.40,-0.95
830.004,-0.30,-1.03,-0.35,-0.97
830.026,-0.31,-0.93,-0.32,-0.97
830.048,-0.28,-0.92,-0.29,-0.98
830.070,-0.22,-0.91,-0.27,-0.97
830.092,-0.22,-0.95,-0.27,-0.95
830.114,-0.28,-1.05,-0.26,-0.95
830.136,-0.45,-1.06,-0.29,-0.98
830.158,-0.42,-0.99,-0.32,-0.99
830.180,-0.28,-0.99,-0.33,-1.01
830.202,-0.33,-1.12,-0.35,-1.04
830.224,-0.20,-1.01,-0.34,-1.03
830.246,-0.29,-1.08,-0.30,-1.04
830.268,-0.40,-0.94,-0.30,-1.03
830.290,-0.56,-1.02,-0.36,-1.03
830.312,-0.27,-0.84,-0.34,-0.98
830.334,-0.33,-0.92,-0.37,-0.96
830.356,-0.44,-0.87,-0.40,-0.92
830.378,-0.33,-0.78,-0.39,-0.89
830.400,-0.12,-0.87,-0.30,-0.86
830.422,-0.16,-0.92,-0.28,-0.87
830.444,-0.30,-0.84,-0.27,-0.86
830.466,-0.30,-0.89,-0.24,-0.86
830.488,-0.22,-0.89,-0.22,-0.88
830.510,-0.10,-0.74,-0.22,-0.86
830.532,-0.22,-0.83,-0.23,-0.84
830.554,-0.33,-0.90,-0.23,-0.85
830.576,-0.31,-0.81,-0.24,-0.83
830.598,-0.20,-0.73,-0.23,-0.80
830.620,-0.44,-0.85,-0.30,-0.82
830.642,-0.40,-0.87,-0.34,-0.83
830.664,-0.40,-0.94,-0.35,-0.84
830.686,-0.37,-0.76,-0.36,-0.83
830.708,-0.48,-0.82,-0.42,-0.85
830.730,-0.34,-0.91,-0.40,-0.86
830.752,-0.37,-0.97,-0.39,-0.88
830.774,-0.39,-0.97,-0.39,-0.89
830.796,-0.29,-0.95,-0.37,-0.92
830.818,-0.37,-0.96,-0.35,-0.95
830.840,-0.36,-0.85,-0.36,-0.94
830.862,-0.33,-0.90,-0.35,-0.93
830.884,-0.30,-0.90,-0.33,-0.91
830.906,-0.27,-0.87,-0.33,-0.90
830.928,-0.18,-1.00,-0.29,-0.90
830.950,-0.18,-0.98,-0.25,-0.93
830.972,-0.19,-1.07,-0.22,-0.96
830.994,-0.26,-1.02,-0.22,-0.99
831.016,-0.43,-1.03,-0.25,-1.02
831.038,-0.27,-1.00,-0.27,-1.02
831.060,-0.16,-0.96,-0.26,-1.02
831.082,-0.22,-1.01,-0.27,-1.00
831.104,-0.30,-1.11,-0.28,-1.02
831.126,-0.32,-0.96,-0.25,-1.01
831.148,-0.47,-0.97,-0.29,-1.00
831.170,-0.25,-0.84,-0.31,-0.98
831.192,-0.33,-1.00,-0.33,-0.98
831.214,-0.48,-1.00,-0.37,-0.95
831.236,-0.55,-0.65,-0.42,-0.89
831.258,-0.44,-0.84,-0.41,-0.87
831.280,-0.27,-0.94,-0.41,-0.89
831.302,-0.43,-0.85,-0.43,-0.86
831.324,-0.34,-0.81,-0.41,-0.82
831.346,-0.34,-0.92,-0.36,-0.87
831.368,-0.21,-0.96,-0.32,-0.90
831.390,-0.30,-1.00,-0.32,-0.91
831.412,-0.40,-0.97,-0.32,-0.93
831.434,-0.36,-1.06,-0.32,-0.98
831.456,-0.55,-0.92,-0.36,-0.98
831.478,-0.42,-0.86,-0.41,-0.96
831.500,-0.42,-0.85,-0.43,-0.93
831.522,-0.38,-0.87,-0.43,-0.91
831.544,-0.39,-0.84,-0.43,-0.87
831.566,-0.43,-1.01,-0.41,-0.89
831.588,-0.37,-0.92,-0.40,-0.90
831.610,-0.30,-0.93,-0.37,-0.91
831.632,-0.36,-0.88,-0.37,-0.92
831.654,-0.33,-0.72,-0.36,-0.89
831.676,-0.21,-0.81,-0.31,-0.85
831.698,-0.19,-0.83,-0.28,-0.83
831.720,-0.11,-0.85,-0.24,-0.82
831.742,-0.25,-0.82,-0.22,-0.81
831.764,-0.48,-1.01,-0.25,-0.86
831.786,-0.44,-0.95,-0.29,-0.89
831.808,-0.45,-1.15,-0.35,-0.96
831.830,-0.41,-0.95,-0.41,-0.98
831.852,-0.39,-0.85,-0.43,-0.98
831.874,-0.52,-0.91,-0.44,-0.96
831.896,-0.50,-0.86,-0.45,-0.94
831.918,-0.52,-0.77,-0.47,-0.87
831.940,-0.29,-0.89,-0.44,-0.86
831.962,-0.37,-1.16,-0.44,-0.92
831.984,-0.52,-1.21,-0.44,-0.98
832.006,-0.54,-1.15,-0.45,-1.04
832.028,-0.57,-1.04,-0.46,-1.09
832.050,-0.54,-1.00,-0.51,-1.11
832.072,-0.38,-0.85,-0.51,-1.05
832.094,-0.21,-0.87,-0.45,-0.98
832.116,-0.28,-0.97,-0.40,-0.95
832.138,-0.35,-0.88,-0.35,-0.91
832.160,-0.32,-0.91,-0.31,-0.90
832.182,-0.42,-0.79,-0.32,-0.88
832.204,-0.46,-0.89,-0.37,-0.89
832.226,-0.37,-0.82,-0.38,-0.86
832.248,-0.42,-0.82,-0.40,-0.85
832.270,-0.24,-0.89,-0.38,-0.84
832.292,-0.23,-1.12,-0.34,-0.91
832.314,-0.28,-1.06,-0.31,-0.94
832.336,-0.41,-0.87,-0.32,-0.95
832.358,-0.35,-0.98,-0.30,-0.98
832.380,-0.43,-0.95,-0.34,-1.00
832.402,-0.31,-0.99,-0.36,-0.97
832.424,-0.35,-0.87,-0.37,-0.93
832.446,-0.21,-1.06,-0.33,-0.97
832.468,-0.25,-1.04,-0.31,-0.98
832.490,-0.29,-1.03,-0.28,-1.00
832.512,-0.31,-1.02,-0.28,-1.00
832.534,-0.33,-0.94,-0.28,-1.02
832.556,-0.31,-0.79,-0.30,-0.96
832.578,-0.25,-0.80,-0.30,-0.92
832.600,-0.09,-0.93,-0.26,-0.90
832.622,-0.23,-0.95,-0.24,-0.88
832.644,-0.26,-0.88,-0.23,-0.87
832.666,-0.45,-0.83,-0.26,-0.88
832.688,-0.38,-0.98,-0.28,-0.91
832.710,-0.32,-0.98,-0.33,-0.92
832.732,-0.38,-0.93,-0.36,-0.92
832.754,-0.23,-1.03,-0.35,-0.95
832.776,-0.32,-1.04,-0.33,-0.99
832.798,-0.18,-0.99,-0.29,-0.99
832.820,-0.41,-0.90,-0.30,-0.98
832.842,-0.36,-0.97,-0.30,-0.99
832.864,-0.39,-1.05,-0.33,-0.99
832.886,-0.42,-1.06,-0.35,-0.99
832.908,-0.30,-1.03,-0.38,-1.00
832.930,-0.36,-1.03,-0.37,-1.03
832.952,-0.28,-0.99,-0.35,-1.03
832.974,-0.28,-1.08,-0.33,-1.04
832.996,-0.25,-1.08,-0.29,-1.04
833.018,-0.32,-0.95,-0.30,-1.03
833.040,-0.32,-1.10,-0.29,-1.04
833.062,-0.28,-1.08,-0.29,-1.06
833.084,-0.33,-1.16,-0.30,-1.07
833.106,-0.28,-1.17,-0.31,-1.09
833.128,-0.31,-1.05,-0.30,-1.11
833.150,-0.32,-1.17,-0.30,-1.13
833.172,-0.32,-1.14,-0.31,-1.14
833.194,-0.37,-1.00,-0.32,-1.11
833.216,-0.36,-0.93,-0.34,-1.06
833.238,-0.33,-0.98,-0.34,-1.04
833.260,-0.34,-0.86,-0.34,-0.98
833.282,-0.38,-0.93,-0.36,-0.94
833.304,-0.42,-0.96,-0.37,-0.93
833.326,-0.37,-1.02,-0.37,-0.95
833.348,-0.25,-0.95,-0.35,-0.94
833.370,-0.22,-0.87,-0.33,-0.95
833.392,-0.31,-0.94,-0.31,-0.95
833.414,-0.26,-0.99,-0.28,-0.95
833.436,-0.42,-0.89,-0.29,-0.93
833.458,-0.24,-0.98,-0.29,-0.93
833.480,-0.27,-1.10,-0.30,-0.98
833.502,-0.19,-1.01,-0.28,-0.99
833.524,-0.31,-1.09,-0.29,-1.01
833.546,-0.34,-1.03,-0.27,-1.04
833.568,-0.28,-1.11,-0.28,-1.07
833.590,-0.29,-1.06,-0.28,-1.06
833.612,-0.26,-1.02,-0.30,-1.06
833.634,-0.19,-0.83,-0.27,-1.01
833.656,-0.26,-0.94,-0.26,-0.99
833.678,-0.30,-0.96,-0.26,-0.96
833.700,-0.33,-1.06,-0.27,-0.96
833.722,-0.17,-0.85,-0.25,-0.93
833.744,-0.20,-0.92,-0.25,-0.95
833.766,-0.32,-0.78,-0.26,-0.91
833.788,-0.24,-0.86,-0.25,-0.89
833.810,-0.05,-0.85,-0.20,-0.85
833.832,-0.22,-0.97,-0.21,-0.88
833.854,-0.26,-0.79,-0.22,-0.85
833.876,-0.07,-0.93,-0.17,-0.88
833.898,-0.24,-1.09,-0.17,-0.93
833.920,-0.39,-1.20,-0.24,-1.00
833.942,-0.42,-1.11,-0.28,-1.02
833.964,-0.23,-1.03,-0.27,-1.07
833.986,-0.16,-0.89,-0.29,-1.06
834.008,-0.26,-0.83,-0.29,-1.01
834.030,-0.17,-0.91,-0.25,-0.95
834.052,-0.23,-0.99,-0.21,-0.93
834.074,-0.35,-0.85,-0.23,-0.89
834.096,-0.36,-1.08,-0.27,-0.93
834.118,-0.29,-0.88,-0.28,-0.94
834.140,-0.15,-0.75,-0.28,-0.91
834.162,-0.18,-0.86,-0.27,-0.88
834.184,-0.35,-0.97,-0.27,-0.91
834.206,-0.29,-0.92,-0.25,-0.88
834.228,-0.36,-0.92,-0.27,-0.88
834.250,-0.37,-0.92,-0.31,-0.92
834.272,-0.20,-0.86,-0.31,-0.92
834.294,-0.38,-0.95,-0.32,-0.91
834.316,-0.31,-0.86,-0.32,-0.90
834.338,-0.44,-0.82,-0.34,-0.88
834.360,-0.50,-0.85,-0.37,-0.87
834.382,-0.37,-0.86,-0.40,-0.87
834.404,-0.33,-0.91,-0.39,-0.86
834.426,-0.27,-1.02,-0.38,-0.89
834.448,-0.24,-1.03,-0.34,-0.93
834.470,-0.29,-1.08,-0.30,-0.98
834.492,-0.37,-1.08,-0.30,-1.02
834.514,-0.34,-1.13,-0.30,-1.07
834.536,-0.35,-1.07,-0.32,-1.08
834.558,-0.28,-1.03,-0.33,-1.08
834.580,-0.34,-1.08,-0.34,-1.08
834.602,-0.43,-1.13,-0.35,-1.09
834.624,-0.47,-1.06,-0.37,-1.07
834.646,-0.18,-1.05,-0.34,-1.07
834.668,-0.30,-0.96,-0.34,-1.06
834.690,-0.35,-0.87,-0.35,-1.01
834.712,-0.25,-0.82,-0.31,-0.95
834.734,-0.13,-0.80,-0.24,-0.90
834.756,-0.15,-0.71,-0.24,-0.83
834.778,-0.34,-0.78,-0.24,-0.80
834.800,-0.29,-0.89,-0.23,-0.80
834.822,-0.29,-1.00,-0.24,-0.84
834.844,-0.29,-0.99,-0.27,-0.87
834.866,-0.36,-0.97,-0.31,-0.93
834.888,-0.41,-1.03,-0.33,-0.98
834.910,-0.30,-1.05,-0.33,-1.01
834.932,-0.22,-0.90,-0.32,-0.99
834.954,-0.19,-1.01,-0.30,-0.99
834.976,-0.27,-0.98,-0.28,-0.99
834.998,-0.37,-0.99,-0.27,-0.99
835.020,-0.34,-0.93,-0.28,-0.96
835.042,-0.32,-1.02,-0.30,-0.99
835.064,-0.32,-0.95,-0.32,-0.97
835.086,-0.43,-0.87,-0.36,-0.95
835.108,-0.43,-0.80,-0.37,-0.91
835.130,-0.22,-0.71,-0.34,-0.87
835.152,-0.23,-0.92,-0.33,-0.85
835.174,-0.25,-0.82,-0.31,-0.82
835.196,-0.29,-0.80,-0.28,-0.81
835.218,-0.40,-0.90,-0.28,-0.83
835.240,-0.47,-1.02,-0.33,-0.89
835.262,-0.37,-0.95,-0.36,-0.90
835.284,-0.35,-0.90,-0.38,-0.91
835.306,-0.31,-0.83,-0.38,-0.92
835.328,-0.26,-0.79,-0.35,-0.90
835.350,-0.36,-1.08,-0.33,-0.91
835.372,-0.41,-0.92,-0.34,-0.90
835.394,-0.24,-0.99,-0.32,-0.92
835.416,-0.37,-0.92,-0.33,-0.94
835.438,-0.32,-0.88,-0.34,-0.96
835.460,-0.41,-0.83,-0.35,-0.91
835.482,-0.26,-0.92,-0.32,-0.91
835.504,-0.18,-0.92,-0.31,-0.89
835.526,-0.26,-0.99,-0.29,-0.91
835.548,-0.20,-0.92,-0.26,-0.92
835.570,-0.18,-0.87,-0.22,-0.92
835.592,-0.30,-0.98,-0.22,-0.94
835.614,-0.30,-0.81,-0.25,-0.91
835.636,-0.23,-0.77,-0.24,-0.87
835.658,-0.27,-0.76,-0.26,-0.84
835.680,-0.28,-0.87,-0.28,-0.84
835.702,-0.35,-0.97,-0.29,-0.84
835.724,-0.31,-0.93,-0.29,-0.86
835.746,-0.42,-1.03,-0.33,-0.91
835.768,-0.35,-0.97,-0.34,-0.95
835.790,-0.27,-0.91,-0.34,-0.96
835.812,-0.43,-0.94,-0.36,-0.96
835.834,-0.47,-0.98,-0.39,-0.97
835.856,-0.32,-1.11,-0.37,-0.98
835.878,-0.38,-1.06,-0.37,-1.00
835.900,-0.34,-1.17,-0.39,-1.05
835.922,-0.30,-1.13,-0.36,-1.09
835.944,-0.31,-1.00,-0.33,-1.09
835.966,-0.29,-1.01,-0.32,-1.07
835.988,-0.34,-0.84,-0.32,-1.03
836.010,-0.23,-1.08,-0.29,-1.01
836.032,-0.27,-1.00,-0.29,-0.99
836.054,-0.24,-1.13,-0.27,-1.01
836.076,-0.36,-0.97,-0.29,-1.00
836.098,-0.35,-1.09,-0.29,-1.05
836.120,-0.24,-1.08,-0.29,-1.05
836.142,-0.39,-0.91,-0.32,-1.04
836.164,-0.37,-1.00,-0.34,-1.01
836.186,-0.50,-1.03,-0.37,-1.02
836.208,-0.38,-1.02,-0.38,-1.01
836.230,-0.49,-0.93,-0.43,-0.98
836.252,-0.40,-0.91,-0.43,-0.98
836.274,-0.28,-0.91,-0.41,-0.96
836.296,-0.30,-1.03,-0.37,-0.96
836.318,-0.30,-0.87,-0.35,-0.93
836.340,-0.16,-0.78,-0.29,-0.90
836.362,-0.10,-0.87,-0.23,-0.89
836.384,-0.19,-0.85,-0.21,-0.88
836.406,-0.44,-1.01,-0.24,-0.88
836.428,-0.27,-0.85,-0.23,-0.87
836.450,-0.33,-0.79,-0.27,-0.87
836.472,-0.45,-1.03,-0.34,-0.91
836.494,-0.38,-0.76,-0.37,-0.89
836.516,-0.33,-0.79,-0.35,-0.84
836.538,-0.32,-0.89,-0.36,-0.85
836.560,-0.36,-0.97,-0.37,-0.89
836.582,-0.27,-1.09,-0.33,-0.90
836.604,-0.30,-1.14,-0.32,-0.98
836.626,-0.31,-1.11,-0.31,-1.04
836.648,-0.28,-0.97,-0.30,-1.06
836.670,-0.28,-0.86,-0.29,-1.03
836.692,-0.29,-0.88,-0.29,-0.99
836.714,-0.31,-0.96,-0.29,-0.96
836.736,-0.27,-1.02,-0.29,-0.94
836.758,-0.27,-0.96,-0.28,-0.94
836.780,-0.37,-0.92,-0.30,-0.95
836.802,-0.33,-0.88,-0.31,-0.95
836.824,-0.45,-0.80,-0.34,-0.92
836.846,-0.27,-0.79,-0.34,-0.87
836.868,-0.21,-0.76,-0.33,-0.83
836.890,-0.18,-0.93,-0.29,-0.83
836.912,-0.06,-1.09,-0.23,-0.87
836.934,-0.21,-1.04,-0.19,-0.92
836.956,-0.41,-0.99,-0.21,-0.96
836.978,-0.38,-0.97,-0.25,-1.00
837.000,-0.38,-1.02,-0.29,-1.02
837.022,-0.39,-1.10,-0.35,-1.02
837.044,-0.33,-0.98,-0.38,-1.01
837.066,-0.28,-1.02,-0.35,-1.02
837.088,-0.26,-1.03,-0.33,-1.03
837.110,-0.10,-1.10,-0.27,-1.05
837.132,-0.05,-1.11,-0.20,-1.05
837.154,-0.02,-1.09,-0.14,-1.07
837.176,-0.18,-1.01,-0.12,-1.07
837.198,-0.28,-1.04,-0.13,-1.07
837.220,-0.34,-0.87,-0.17,-1.02
837.242,-0.25,-0.83,-0.21,-0.97
837.264,-0.32,-0.93,-0.27,-0.94
837.286,-0.39,-0.98,-0.32,-0.93
837.308,-0.36,-0.88,-0.33,-0.90
837.330,-0.43,-0.87,-0.35,-0.90
837.352,-0.27,-0.83,-0.35,-0.90
837.374,-0.39,-0.81,-0.37,-0.87
837.396,-0.41,-0.58,-0.37,-0.79
837.418,-0.39,-0.67,-0.38,-0.75
837.440,-0.34,-0.82,-0.36,-0.74
837.462,-0.23,-0.94,-0.35,-0.76
837.484,-0.37,-0.85,-0.35,-0.77
837.506,-0.42,-0.97,-0.35,-0.85
837.528,-0.27,-1.07,-0.33,-0.93
837.550,-0.38,-1.15,-0.33,-1.00
837.572,-0.29,-1.17,-0.35,-1.04
837.594,-0.21,-1.05,-0.31,-1.08
837.616,-0.32,-1.02,-0.29,-1.09
837.638,-0.17,-0.99,-0.27,-1.08
837.660,-0.22,-0.84,-0.24,-1.01
837.682,-0.23,-0.89,-0.23,-0.96
837.704,-0.18,-0.90,-0.22,-0.93
837.726,-0.46,-0.98,-0.25,-0.92
837.748,-0.46,-1.15,-0.31,-0.95
837.770,-0.31,-0.98,-0.33,-0.98
837.792,-0.28,-0.84,-0.34,-0.97
837.814,-0.23,-1.03,-0.35,-1.00
837.836,-0.33,-1.06,-0.32,-1.01
837.858,-0.54,-0.91,-0.34,-0.96
837.880,-0.27,-1.00,-0.33,-0.97
837.902,-0.20,-1.04,-0.31,-1.01
837.924,-0.33,-0.95,-0.33,-0.99
837.946,-0.26,-0.88,-0.32,-0.96
837.968,-0.40,-0.98,-0.29,-0.97
837.990,-0.39,-0.93,-0.32,-0.96
838.012,-0.22,-0.85,-0.32,-0.92
838.034,-0.29,-0.87,-0.31,-0.90
838.056,-0.27,-0.94,-0.31,-0.91
838.078,-0.40,-1.02,-0.31,-0.92
838.100,-0.37,-0.96,-0.31,-0.93
838.122,-0.41,-0.96,-0.35,-0.95
838.144,-0.24,-0.82,-0.34,-0.94
838.166,-0.42,-0.83,-0.37,-0.92
838.188,-0.27,-0.90,-0.34,-0.89
838.210,-0.39,-1.05,-0.35,-0.91
838.232,-0.36,-0.98,-0.34,-0.92
838.254,-0.38,-0.93,-0.36,-0.94
838.276,-0.31,-0.99,-0.34,-0.97
838.298,-0.27,-0.92,-0.34,-0.97
838.320,-0.36,-0.90,-0.34,-0.94
838.342,-0.29,-0.86,-0.32,-0.92
838.364,-0.23,-0.93,-0.29,-0.92
838.386,-0.24,-0.95,-0.28,-0.91
838.408,-0.29,-0.98,-0.28,-0.92
838.430,-0.38,-1.01,-0.29,-0.95
838.452,-0.44,-0.93,-0.32,-0.96
838.474,-0.38,-0.84,-0.35,-0.94
838.496,-0.30,-0.93,-0.36,-0.94
838.518,-0.37,-0.93,-0.37,-0.93
838.540,-0.14,-0.95,-0.33,-0.92
838.562,-0.16,-0.91,-0.27,-0.91
838.584,-0.31,-0.86,-0.26,-0.92
838.606,-0.34,-1.07,-0.26,-0.94
838.628,-0.26,-0.98,-0.24,-0.95
838.650,-0.21,-0.82,-0.26,-0.93
838.672,-0.16,-0.84,-0.26,-0.91
838.694,-0.10,-0.92,-0.21,-0.93
838.716,-0.28,-0.92,-0.20,-0.90
838.738,-0.23,-0.93,-0.20,-0.89
838.760,-0.14,-0.86,-0.18,-0.89
838.782,-0.18,-0.83,-0.19,-0.89
838.804,-0.20,-0.79,-0.21,-0.87
838.826,-0.18,-0.95,-0.19,-0.87
838.848,-0.23,-0.96,-0.19,-0.88
838.870,-0.27,-0.81,-0.21,-0.87
838.892,-0.17,-0.86,-0.21,-0.87
838.914,-0.16,-0.95,-0.20,-0.91
838.936,-0.21,-0.95,-0.21,-0.91
838.958,-0.20,-0.88,-0.20,-0.89
838.980,-0.28,-1.00,-0.20,-0.93
839.002,-0.15,-0.94,-0.20,-0.94
839.024,-0.25,-0.90,-0.22,-0.93
839.046,-0.28,-0.92,-0.23,-0.93
839.068,-0.24,-0.88,-0.24,-0.93
839.090,-0.20,-0.84,-0.22,-0.90
839.112,-0.30,-0.84,-0.25,-0.88
839.134,-0.31,-0.73,-0.27,-0.84
839.156,-0.27,-0.77,-0.26,-0.81
839.178,-0.19,-0.81,-0.25,-0.80
839.200,-0.29,-0.94,-0.27,-0.82
839.222,-0.25,-1.07,-0.26,-0.86
839.244,-0.31,-1.17,-0.26,-0.95
839.266,-0.28,-1.05,-0.26,-1.01
839.288,-0.24,-1.09,-0.27,-1.06
839.310,-0.16,-0.96,-0.25,-1.07
839.332,-0.24,-0.97,-0.25,-1.05
839.354,-0.29,-0.92,-0.24,-1.00
839.376,-0.37,-0.97,-0.26,-0.98
839.398,-0.32,-1.04,-0.28,-0.97
839.420,-0.42,-1.02,-0.33,-0.98
839.442,-0.43,-1.07,-0.37,-1.00
839.464,-0.49,-0.93,-0.41,-1.01
839.486,-0.43,-1.01,-0.42,-1.01
839.508,-0.41,-1.04,-0.44,-1.01
839.530,-0.31,-1.12,-0.41,-1.03
839.552,-0.29,-0.96,-0.39,-1.01
839.574,-0.28,-0.98,-0.34,-1.02
839.596,-0.33,-1.23,-0.32,-1.07
839.618,-0.18,-1.18,-0.28,-1.09
839.640,-0.37,-1.05,-0.29,-1.08
839.662,-0.33,-1.02,-0.30,-1.09
839.684,-0.34,-0.91,-0.31,-1.08
839.706,-0.37,-0.99,-0.32,-1.03
839.728,-0.54,-0.87,-0.39,-0.97
839.750,-0.47,-0.84,-0.41,-0.93
839.772,-0.45,-0.96,-0.43,-0.91
839.794,-0.36,-1.01,-0.44,-0.93
839.816,-0.38,-0.95,-0.44,-0.93
839.838,-0.32,-0.91,-0.40,-0.93
839.860,-0.44,-0.90,-0.39,-0.95
839.882,-0.25,-0.80,-0.35,-0.91
839.904,-0.19,-0.88,-0.32,-0.89
839.926,-0.27,-0.90,-0.29,-0.88
839.948,-0.23,-0.86,-0.28,-0.87
839.970,-0.45,-0.94,-0.28,-0.88
839.992,-0.37,-0.90,-0.30,-0.90
840.014,-0.29,-0.80,-0.32,-0.88
840.036,-0.45,-0.98,-0.36,-0.90
840.058,-0.39,-0.98,-0.39,-0.92
840.080,-0.34,-0.96,-0.37,-0.92
840.102,-0.26,-1.11,-0.35,-0.97
840.124,-0.23,-1.15,-0.33,-1.04
840.146,-0.16,-0.98,-0.28,-1.04
840.168,-0.21,-0.96,-0.24,-1.03
840.190,-0.22,-0.98,-0.22,-1.04
840.212,-0.17,-0.93,-0.20,-1.00
840.234,-0.23,-1.04,-0.20,-0.98
840.256,-0.27,-0.95,-0.22,-0.97
840.278,-0.21,-0.90,-0.22,-0.96
840.300,-0.22,-1.04,-0.22,-0.97
840.322,-0.19,-0.85,-0.22,-0.96
840.344,-0.38,-0.88,-0.25,-0.92
840.366,-0.39,-0.90,-0.28,-0.91
840.388,-0.30,-0.82,-0.30,-0.90
840.410,-0.41,-0.81,-0.33,-0.85
840.432,-0.42,-0.93,-0.38,-0.87
840.454,-0.40,-0.88,-0.38,-0.87
840.476,-0.22,-1.01,-0.35,-0.89
840.498,-0.25,-1.05,-0.34,-0.94
840.520,-0.40,-1.04,-0.34,-0.98
840.542,-0.32,-1.07,-0.32,-1.01
840.564,-0.32,-1.01,-0.30,-1.04
840.586,-0.27,-0.90,-0.31,-1.01
840.608,-0.28,-0.99,-0.32,-1.00
840.630,-0.26,-0.91,-0.29,-0.98
840.652,-0.32,-0.85,-0.29,-0.93
840.674,-0.32,-0.95,-0.29,-0.92
840.696,-0.42,-0.94,-0.32,-0.93
840.718,-0.39,-0.95,-0.34,-0.92
840.740,-0.46,-0.91,-0.38,-0.92
840.762,-0.41,-0.88,-0.40,-0.93
840.784,-0.33,-1.03,-0.40,-0.94
840.806,-0.29,-1.10,-0.38,-0.97
840.828,-0.30,-0.96,-0.36,-0.98
840.850,-0.29,-0.93,-0.32,-0.98
840.872,-0.36,-0.97,-0.31,-1.00
840.894,-0.39,-1.13,-0.33,-1.02
840.916,-0.27,-1.01,-0.32,-1.00
840.938,-0.19,-0.92,-0.30,-0.99
840.960,-0.24,-0.91,-0.29,-0.99
840.982,-0.23,-0.86,-0.26,-0.97
841.004,-0.29,-0.95,-0.24,-0.93
841.026,-0.33,-0.80,-0.26,-0.89
841.048,-0.33,-0.85,-0.28,-0.87
841.070,-0.50,-0.87,-0.34,-0.87
841.092,-0.43,-1.08,-0.38,-0.91
841.114,-0.22,-1.07,-0.36,-0.93
841.136,-0.18,-1.05,-0.33,-0.98
841.158,-0.32,-0.94,-0.33,-1.00
841.180,-0.46,-0.86,-0.32,-1.00
841.202,-0.45,-0.90,-0.33,-0.96
841.224,-0.29,-0.91,-0.34,-0.93
841.246,-0.37,-1.00,-0.38,-0.92
841.268,-0.47,-0.91,-0.41,-0.92
841.290,-0.43,-1.06,-0.40,-0.96
841.312,-0.40,-1.04,-0.39,-0.98
841.334,-0.34,-1.05,-0.40,-1.01
841.356,-0.35,-1.01,-0.40,-1.01
841.378,-0.31,-1.05,-0.37,-1.04
841.400,-0.36,-0.93,-0.35,-1.02
841.422,-0.26,-0.93,-0.32,-0.99
841.444,-0.32,-0.96,-0.32,-0.98
841.466,-0.23,-1.00,-0.30,-0.97
841.488,-0.34,-0.85,-0.30,-0.93
841.510,-0.35,-0.76,-0.30,-0.90
841.532,-0.42,-0.91,-0.33,-0.90
841.554,-0.44,-0.90,-0.36,-0.88
841.576,-0.49,-0.80,-0.41,-0.84
841.598,-0.36,-1.05,-0.41,-0.88
841.620,-0.40,-0.87,-0.42,-0.91
841.642,-0.27,-0.80,-0.39,-0.88
841.664,-0.30,-0.82,-0.36,-0.87
841.686,-0.36,-0.78,-0.34,-0.86
841.708,-0.32,-0.85,-0.33,-0.82
841.730,-0.34,-0.90,-0.32,-0.83
841.752,-0.28,-0.98,-0.32,-0.87
841.774,-0.27,-0.99,-0.31,-0.90
841.796,-0.35,-1.09,-0.31,-0.96
841.818,-0.37,-1.15,-0.32,-1.02
841.840,-0.36,-0.97,-0.33,-1.04
841.862,-0.35,-1.07,-0.34,-1.05
841.884,-0.18,-1.03,-0.32,-1.06
841.906,-0.31,-1.10,-0.31,-1.06
841.928,-0.08,-1.10,-0.26,-1.05
841.950,-0.20,-0.95,-0.22,-1.05
841.972,-0.18,-0.88,-0.19,-1.01
841.994,-0.25,-1.03,-0.20,-1.01
842.016,-0.16,-1.03,-0.17,-1.00
842.038,-0.19,-1.05,-0.20,-0.99
842.060,-0.39,-1.05,-0.23,-1.01
842.082,-0.35,-1.06,-0.27,-1.04
842.104,-0.34,-1.09,-0.29,-1.06
842.126,-0.34,-0.98,-0.32,-1.05
842.148,-0.35,-0.78,-0.35,-0.99
842.170,-0.25,-0.83,-0.33,-0.95
842.192,-0.19,-0.85,-0.29,-0.91
842.214,-0.24,-0.90,-0.27,-0.87
842.236,-0.27,-0.91,-0.26,-0.85
842.258,-0.32,-0.92,-0.25,-0.88
842.280,-0.27,-1.15,-0.26,-0.95
842.302,-0.29,-0.98,-0.28,-0.97
842.324,-0.36,-1.02,-0.30,-1.00
842.346,-0.24,-0.97,-0.30,-1.01
842.368,-0.27,-0.95,-0.29,-1.01
842.390,-0.24,-0.88,-0.28,-0.96
842.412,-0.12,-0.95,-0.25,-0.95
842.434,-0.32,-0.97,-0.24,-0.94
842.456,-0.28,-0.80,-0.25,-0.91
842.478,-0.29,-0.98,-0.25,-0.92
842.500,-0.41,-0.93,-0.28,-0.93
842.522,-0.45,-0.91,-0.35,-0.92
842.544,-0.40,-0.86,-0.37,-0.90
842.566,-0.48,-0.88,-0.41,-0.91
842.588,-0.41,-0.89,-0.43,-0.89
842.610,-0.35,-0.87,-0.42,-0.88
842.632,-0.40,-0.90,-0.41,-0.88
842.654,-0.40,-0.89,-0.41,-0.89
842.676,-0.43,-0.90,-0.40,-0.89
842.698,-0.38,-1.05,-0.39,-0.92
842.720,-0.41,-0.98,-0.40,-0.94
842.742,-0.39,-0.87,-0.40,-0.94
842.764,-0.26,-0.82,-0.37,-0.92
842.786,-0.33,-0.96,-0.35,-0.94
842.808,-0.29,-0.97,-0.34,-0.92
842.830,-0.26,-1.09,-0.31,-0.94
842.852,-0.19,-0.82,-0.27,-0.93
842.874,-0.17,-0.87,-0.25,-0.94
842.896,-0.22,-0.79,-0.23,-0.91
842.918,-0.38,-0.83,-0.24,-0.88
842.940,-0.31,-0.93,-0.25,-0.85
842.962,-0.41,-0.83,-0.30,-0.85
842.984,-0.31,-0.92,-0.33,-0.86
843.006,-0.39,-0.91,-0.36,-0.88
843.028,-0.34,-0.92,-0.35,-0.90
843.050,-0.28,-0.81,-0.35,-0.88
843.072,-0.05,-0.96,-0.27,-0.90
843.094,-0.13,-0.96,-0.24,-0.91
843.116,-0.16,-0.93,-0.19,-0.92
843.138,-0.33,-1.01,-0.19,-0.93
843.160,-0.22,-1.02,-0.18,-0.98
843.182,-0.22,-1.09,-0.21,-1.00
843.204,-0.31,-1.04,-0.25,-1.02
843.226,-0.21,-0.93,-0.26,-1.02
843.248,-0.24,-0.88,-0.24,-0.99
843.270,-0.25,-0.92,-0.25,-0.97
843.292,-0.33,-0.95,-0.27,-0.94
843.314,-0.26,-0.99,-0.26,-0.93
843.336,-0.07,-1.03,-0.23,-0.95
843.358,-0.18,-1.16,-0.22,-1.01
843.380,-0.24,-1.08,-0.22,-1.04
843.402,-0.20,-1.03,-0.19,-1.06
843.424,-0.29,-0.88,-0.20,-1.04
843.446,-0.25,-0.90,-0.23,-1.01
843.468,-0.46,-0.95,-0.29,-0.97
843.490,-0.41,-0.82,-0.32,-0.92
843.512,-0.36,-0.90,-0.35,-0.89
843.534,-0.33,-0.99,-0.36,-0.91
843.556,-0.24,-1.08,-0.36,-0.95
843.578,-0.26,-1.11,-0.32,-0.98
843.600,-0.24,-1.08,-0.29,-1.03
843.622,-0.16,-0.96,-0.25,-1.04
843.644,-0.09,-0.87,-0.20,-1.02
843.666,-0.18,-0.87,-0.19,-0.98
843.688,-0.24,-0.97,-0.18,-0.95
843.710,-0.32,-1.01,-0.20,-0.94
843.732,-0.30,-1.03,-0.23,-0.95
843.754,-0.34,-1.02,-0.28,-0.98
843.776,-0.35,-0.93,-0.31,-0.99
843.798,-0.10,-1.02,-0.28,-1.00
843.820,-0.22,-0.90,-0.26,-0.98
843.842,-0.24,-0.85,-0.25,-0.94
843.864,-0.29,-0.97,-0.24,-0.93
843.886,-0.30,-0.88,-0.23,-0.92
843.908,-0.29,-0.85,-0.27,-0.89
843.930,-0.36,-0.81,-0.30,-0.87
843.952,-0.27,-0.87,-0.30,-0.88
843.974,-0.38,-0.92,-0.32,-0.87
843.996,-0.33,-0.90,-0.33,-0.87
844.018,-0.32,-0.95,-0.33,-0.89
844.040,-0.43,-0.86,-0.35,-0.90
844.062,-0.43,-1.04,-0.38,-0.93
844.084,-0.38,-0.97,-0.38,-0.94
844.106,-0.25,-0.85,-0.36,-0.93
844.128,-0.36,-0.88,-0.37,-0.92
844.150,-0.31,-0.92,-0.35,-0.93
844.172,-0.30,-0.98,-0.32,-0.92
844.194,-0.41,-1.10,-0.33,-0.95
844.216,-0.24,-0.93,-0.32,-0.96
844.238,-0.36,-0.86,-0.32,-0.96
844.260,-0.35,-0.91,-0.33,-0.96
844.282,-0.51,-0.94,-0.37,-0.95
844.304,-0.37,-1.03,-0.37,-0.93
844.326,-0.27,-0.98,-0.37,-0.94
844.348,-0.17,-0.92,-0.33,-0.96
844.370,-0.31,-0.88,-0.33,-0.95
844.392,-0.14,-0.99,-0.25,-0.96
844.414,-0.18,-0.80,-0.21,-0.91
844.436,-0.20,-0.74,-0.20,-0.87
844.458,-0.34,-0.73,-0.23,-0.83
844.480,-0.43,-0.79,-0.26,-0.81
844.502,-0.48,-0.90,-0.33,-0.79
844.524,-0.35,-0.78,-0.36,-0.79
844.546,-0.29,-0.77,-0.38,-0.79
844.568,-0.24,-0.89,-0.36,-0.83
844.590,-0.16,-1.06,-0.30,-0.88
844.612,-0.16,-1.05,-0.24,-0.91
844.634,-0.16,-0.88,-0.20,-0.93
844.656,-0.11,-1.08,-0.17,-0.99
844.678,-0.16,-1.02,-0.15,-1.02
844.700,-0.20,-0.95,-0.16,-1.00
844.722,-0.25,-0.94,-0.18,-0.97
844.744,-0.18,-1.02,-0.18,-1.00
844.766,-0.32,-0.81,-0.22,-0.95
844.788,-0.37,-0.70,-0.26,-0.88
844.810,-0.24,-0.90,-0.27,-0.87
844.832,-0.23,-0.84,-0.27,-0.85
844.854,-0.37,-0.85,-0.31,-0.82
844.876,-0.27,-1.03,-0.30,-0.86
844.898,-0.23,-1.08,-0.27,-0.94
844.920,-0.33,-0.89,-0.29,-0.94
844.942,-0.42,-1.12,-0.32,-0.99
844.964,-0.45,-1.00,-0.34,-1.02
844.986,-0.53,-0.90,-0.39,-1.00
845.008,-0.41,-0.78,-0.43,-0.94
845.030,-0.35,-0.74,-0.43,-0.91
845.052,-0.39,-0.84,-0.43,-0.85
845.074,-0.22,-0.84,-0.38,-0.82
845.096,-0.16,-1.00,-0.31,-0.84
845.118,-0.33,-1.00,-0.29,-0.88
845.140,-0.26,-0.98,-0.27,-0.93
845.162,-0.27,-0.93,-0.25,-0.95
845.184,-0.26,-0.88,-0.26,-0.96
845.206,-0.38,-0.91,-0.30,-0.94
845.228,-0.36,-1.00,-0.31,-0.94
845.250,-0.37,-0.90,-0.33,-0.92
845.272,-0.30,-0.82,-0.33,-0.90
845.294,-0.42,-0.89,-0.37,-0.90
845.316,-0.37,-0.85,-0.36,-0.89
845.338,-0.26,-0.90,-0.34,-0.87
845.360,-0.33,-0.92,-0.34,-0.88
845.382,-0.29,-1.00,-0.33,-0.91
845.404,-0.32,-0.84,-0.31,-0.90
845.426,-0.33,-0.91,-0.31,-0.91
845.448,-0.32,-0.84,-0.32,-0.90
845.470,-0.55,-0.92,-0.36,-0.90
845.492,-0.40,-0.97,-0.38,-0.90
845.514,-0.33,-1.10,-0.39,-0.95
845.536,-0.26,-0.99,-0.37,-0.96
845.558,-0.19,-0.87,-0.35,-0.97
845.580,-0.26,-0.97,-0.29,-0.98
845.602,-0.33,-1.05,-0.27,-1.00
845.624,-0.30,-0.92,-0.27,-0.96
845.646,-0.39,-0.99,-0.29,-0.96
845.668,-0.29,-0.96,-0.31,-0.98
845.690,-0.27,-1.02,-0.32,-0.99
845.712,-0.19,-0.95,-0.29,-0.97
845.734,-0.15,-0.96,-0.26,-0.98
845.756,-0.22,-1.05,-0.22,-0.99
845.778,-0.26,-0.88,-0.22,-0.97
845.800,-0.39,-0.78,-0.24,-0.92
845.822,-0.29,-1.00,-0.26,-0.93
845.844,-0.31,-1.01,-0.29,-0.94
845.866,-0.42,-1.06,-0.33,-0.95
845.888,-0.38,-0.95,-0.36,-0.96
845.910,-0.36,-0.91,-0.35,-0.99
845.932,-0.39,-0.92,-0.37,-0.97
845.954,-0.47,-1.03,-0.40,-0.97
845.976,-0.33,-1.04,-0.39,-0.97
845.998,-0.44,-1.02,-0.40,-0.98
846.020,-0.40,-0.86,-0.41,-0.97
846.042,-0.38,-0.95,-0.40,-0.98
846.064,-0.31,-1.03,-0.37,-0.98
846.086,-0.36,-0.98,-0.38,-0.97
846.108,-0.48,-1.04,-0.39,-0.97
846.130,-0.41,-0.78,-0.39,-0.96
846.152,-0.23,-0.81,-0.36,-0.93
846.174,-0.28,-0.89,-0.35,-0.90
846.196,-0.22,-0.87,-0.32,-0.88
846.218,-0.19,-0.94,-0.27,-0.86
846.240,-0.24,-0.92,-0.23,-0.89
846.262,-0.46,-0.99,-0.28,-0.92
846.284,-0.38,-0.91,-0.30,-0.93
846.306,-0.36,-0.94,-0.33,-0.94
846.328,-0.39,-0.89,-0.37,-0.93
846.350,-0.40,-0.95,-0.40,-0.94
846.372,-0.40,-0.91,-0.39,-0.92
846.394,-0.29,-0.99,-0.37,-0.94
846.416,-0.22,-0.95,-0.34,-0.94
846.438,-0.18,-0.99,-0.30,-0.96
846.460,-0.26,-0.95,-0.27,-0.96
846.482,-0.25,-0.97,-0.24,-0.97
846.504,-0.42,-0.99,-0.27,-0.97
846.526,-0.27,-0.88,-0.28,-0.96
846.548,-0.32,-0.90,-0.30,-0.94
846.570,-0.32,-0.87,-0.32,-0.92
846.592,-0.13,-0.92,-0.29,-0.91
846.614,-0.14,-0.91,-0.24,-0.90
846.636,-0.13,-0.88,-0.21,-0.90
846.658,-0.30,-0.92,-0.20,-0.90
846.680,-0.26,-1.02,-0.19,-0.93
846.702,-0.34,-0.95,-0.23,-0.94
846.724,-0.42,-0.97,-0.29,-0.95
846.746,-0.23,-1.11,-0.31,-0.99
846.768,-0.29,-1.06,-0.31,-1.02
846.790,-0.18,-0.91,-0.29,-1.00
846.812,-0.23,-0.88,-0.27,-0.99
846.834,-0.33,-0.93,-0.25,-0.98
846.856,-0.29,-1.02,-0.26,-0.96
846.878,-0.27,-1.02,-0.26,-0.95
846.900,-0.18,-0.83,-0.26,-0.94
846.922,-0.11,-0.84,-0.24,-0.93
846.944,-0.24,-0.98,-0.22,-0.94
846.966,-0.31,-0.88,-0.22,-0.91
846.988,-0.26,-0.94,-0.22,-0.89
847.010,-0.24,-1.14,-0.23,-0.96
847.032,-0.38,-1.11,-0.29,-1.01
847.054,-0.27,-1.03,-0.29,-1.02
847.076,-0.22,-1.04,-0.27,-1.05
847.098,-0.37,-1.05,-0.30,-1.07
847.120,-0.35,-0.99,-0.32,-1.04
847.142,-0.33,-1.03,-0.31,-1.03
847.164,-0.27,-1.06,-0.31,-1.03
847.186,-0.29,-0.96,-0.32,-1.02
847.208,-0.25,-0.88,-0.30,-0.98
847.230,-0.34,-1.04,-0.30,-0.99
847.252,-0.04,-1.02,-0.24,-0.99
847.274,-0.31,-0.99,-0.25,-0.98
847.296,-0.27,-1.11,-0.24,-1.01
847.318,-0.13,-1.04,-0.22,-1.04
847.340,-0.32,-1.10,-0.21,-1.05
847.362,-0.24,-1.01,-0.25,-1.05
847.384,-0.34,-1.02,-0.26,-1.06
847.406,-0.28,-1.12,-0.26,-1.06
847.428,-0.24,-1.19,-0.28,-1.09
847.450,-0.27,-1.10,-0.27,-1.09
847.472,-0.29,-0.96,-0.28,-1.08
847.494,-0.42,-0.87,-0.30,-1.05
847.516,-0.38,-0.82,-0.32,-0.99
847.538,-0.41,-0.94,-0.35,-0.94
847.560,-0.50,-1.02,-0.40,-0.92
847.582,-0.49,-1.11,-0.44,-0.95
847.604,-0.35,-0.93,-0.43,-0.96
847.626,-0.20,-0.96,-0.39,-0.99
847.648,-0.24,-0.85,-0.36,-0.97
847.670,-0.21,-0.83,-0.30,-0.94
847.692,-0.30,-0.90,-0.26,-0.89
847.714,-0.34,-0.78,-0.26,-0.86
847.736,-0.37,-0.87,-0.29,-0.85
847.758,-0.43,-0.87,-0.33,-0.85
847.780,-0.24,-1.02,-0.34,-0.89
847.802,-0.41,-0.98,-0.36,-0.90
847.824,-0.32,-1.07,-0.35,-0.96
847.846,-0.38,-1.09,-0.36,-1.01
847.868,-0.14,-1.00,-0.30,-1.03
847.890,-0.25,-0.95,-0.30,-1.02
847.912,-0.35,-1.01,-0.29,-1.02
847.934,-0.36,-0.91,-0.30,-0.99
847.956,-0.23,-0.86,-0.27,-0.95
847.978,-0.25,-0.98,-0.29,-0.94
848.000,-0.21,-0.92,-0.28,-0.94
848.022,-0.08,-0.81,-0.23,-0.90
848.044,-0.18,-0.93,-0.19,-0.90
848.066,-0.31,-0.89,-0.21,-0.91
848.088,-0.25,-0.99,-0.21,-0.91
848.110,-0.16,-1.03,-0.20,-0.93
848.132,-0.22,-1.02,-0.22,-0.97
848.154,-0.19,-1.02,-0.23,-0.99
848.176,-0.25,-1.07,-0.21,-1.03
848.198,-0.27,-1.08,-0.22,-1.04
848.220,-0.44,-0.92,-0.27,-1.02
848.242,-0.42,-0.87,-0.31,-0.99
848.264,-0.21,-0.79,-0.32,-0.95
848.286,-0.42,-0.76,-0.35,-0.88
848.308,-0.44,-0.92,-0.39,-0.85
848.330,-0.39,-1.01,-0.38,-0.87
848.352,-0.40,-1.13,-0.37,-0.92
848.374,-0.31,-0.94,-0.39,-0.95
848.396,-0.37,-0.91,-0.38,-0.98
848.418,-0.39,-0.86,-0.37,-0.97
848.440,-0.25,-0.94,-0.34,-0.96
848.462,-0.50,-0.95,-0.36,-0.92
848.484,-0.42,-0.87,-0.39,-0.91
848.506,-0.29,-0.89,-0.37,-0.90
848.528,-0.30,-0.92,-0.35,-0.91
848.550,-0.19,-1.01,-0.34,-0.93
848.572,-0.30,-1.02,-0.30,-0.94
848.594,-0.32,-1.11,-0.28,-0.99
848.616,-0.20,-0.93,-0.26,-1.00
848.638,-0.24,-0.93,-0.25,-1.00
848.660,-0.18,-0.93,-0.25,-0.98
848.682,-0.16,-0.82,-0.22,-0.94
848.704,-0.11,-1.04,-0.18,-0.93
848.726,-0.27,-1.04,-0.19,-0.95
848.748,-0.35,-0.95,-0.21,-0.96
848.770,-0.23,-0.99,-0.22,-0.97
848.792,-0.14,-0.81,-0.22,-0.97
848.814,-0.23,-0.90,-0.24,-0.94
848.836,-0.28,-0.99,-0.25,-0.93
848.858,-0.37,-1.03,-0.25,-0.94
848.880,-0.42,-1.03,-0.29,-0.95
848.902,-0.24,-0.96,-0.31,-0.98
848.924,-0.51,-0.94,-0.36,-0.99
848.946,-0.39,-1.01,-0.39,-0.99
848.968,-0.39,-0.98,-0.39,-0.98
848.990,-0.38,-0.94,-0.38,-0.97
849.012,-0.46,-0.93,-0.43,-0.96
849.034,-0.35,-0.92,-0.39,-0.96
849.056,-0.38,-0.90,-0.39,-0.93
849.078,-0.28,-0.89,-0.37,-0.92
849.100,-0.37,-0.94,-0.37,-0.92
849.122,-0.26,-0.76,-0.33,-0.88
849.144,-0.26,-0.73,-0.31,-0.84
849.166,-0.34,-0.68,-0.30,-0.80
849.188,-0.35,-0.89,-0.32,-0.80
849.210,-0.63,-0.99,-0.37,-0.81
849.232,-0.55,-1.00,-0.43,-0.86
849.254,-0.45,-0.91,-0.46,-0.89
849.276,-0.60,-0.94,-0.52,-0.95
849.298,-0.36,-0.92,-0.52,-0.95
849.320,-0.29,-0.96,-0.45,-0.95
849.342,-0.30,-0.98,-0.40,-0.94
849.364,-0.31,-0.64,-0.37,-0.89
849.386,-0.25,-0.81,-0.30,-0.86
849.408,-0.23,-0.89,-0.28,-0.86
849.430,-0.24,-0.94,-0.27,-0.85
849.452,-0.19,-1.06,-0.24,-0.87
849.474,-0.30,-1.12,-0.24,-0.96
849.496,-0.14,-1.13,-0.22,-1.03
849.518,-0.22,-1.03,-0.22,-1.06
849.540,-0.26,-1.00,-0.22,-1.07
849.562,-0.25,-1.19,-0.23,-1.09
849.584,-0.13,-0.99,-0.20,-1.07
849.606,-0.24,-1.01,-0.22,-1.04
849.628,-0.27,-0.92,-0.23,-1.02
849.650,-0.42,-0.95,-0.26,-1.01
849.672,-0.38,-0.84,-0.29,-0.94
849.694,-0.40,-0.87,-0.34,-0.92
849.716,-0.38,-0.76,-0.37,-0.87
849.738,-0.34,-0.78,-0.38,-0.84
849.760,-0.37,-0.80,-0.37,-0.81
849.782,-0.39,-1.06,-0.38,-0.85
849.804,-0.38,-0.96,-0.37,-0.87
849.826,-0.33,-0.92,-0.36,-0.90
849.848,-0.32,-1.01,-0.36,-0.95
849.870,-0.21,-0.99,-0.33,-0.99
849.892,-0.12,-0.90,-0.27,-0.96
849.914,-0.13,-0.70,-0.22,-0.90
849.936,-0.32,-0.78,-0.22,-0.88
849.958,-0.29,-0.93,-0.21,-0.86
849.980,-0.32,-0.88,-0.24,-0.84
850.002,-0.39,-1.08,-0.29,-0.87
850.024,-0.27,-0.98,-0.32,-0.93
850.046,-0.30,-1.04,-0.31,-0.98
850.068,-0.39,-0.88,-0.33,-0.97
850.090,-0.26,-0.97,-0.32,-0.99
850.112,-0.26,-0.87,-0.30,-0.95
850.134,-0.27,-0.87,-0.30,-0.93
850.156,-0.34,-0.91,-0.30,-0.90
850.178,-0.30,-0.97,-0.29,-0.92
850.200,-0.40,-1.02,-0.31,-0.93
850.222,-0.33,-1.05,-0.33,-0.96
850.244,-0.33,-1.11,-0.34,-1.01
850.266,-0.39,-1.09,-0.35,-1.05
850.288,-0.23,-0.98,-0.34,-1.05
850.310,-0.13,-0.92,-0.28,-1.03
850.332,-0.34,-0.95,-0.28,-1.01
850.354,-0.32,-0.83,-0.28,-0.95
850.376,-0.26,-0.79,-0.26,-0.89
850.398,-0.22,-0.94,-0.25,-0.89
850.420,-0.19,-0.94,-0.27,-0.89
850.442,-0.23,-1.02,-0.24,-0.90
850.464,-0.15,-0.88,-0.21,-0.91
850.486,-0.28,-0.79,-0.21,-0.91
850.508,-0.30,-0.93,-0.23,-0.91
850.530,-0.28,-0.94,-0.25,-0.91
850.552,-0.20,-1.07,-0.24,-0.92
850.574,-0.20,-0.93,-0.25,-0.93
850.596,-0.23,-0.96,-0.24,-0.97
850.618,-0.30,-0.79,-0.24,-0.94
850.640,-0.21,-0.87,-0.23,-0.92
850.662,-0.39,-0.69,-0.27,-0.85
850.684,-0.38,-0.73,-0.30,-0.81
850.706,-0.42,-0.72,-0.34,-0.76
850.728,-0.46,-0.95,-0.37,-0.79
850.750,-0.37,-0.96,-0.40,-0.81
850.772,-0.14,-0.94,-0.35,-0.86
850.794,-0.26,-0.85,-0.33,-0.88
850.816,-0.22,-0.97,-0.29,-0.93
850.838,-0.39,-1.06,-0.28,-0.96
850.860,-0.39,-1.01,-0.28,-0.97
850.882,-0.48,-0.97,-0.35,-0.97
850.904,-0.38,-0.91,-0.37,-0.98
850.926,-0.20,-0.88,-0.37,-0.97
850.948,-0.30,-0.99,-0.35,-0.95
850.970,-0.32,-1.07,-0.34,-0.96
850.992,-0.31,-1.04,-0.30,-0.98
851.014,-0.24,-1.10,-0.27,-1.02
851.036,-0.18,-0.95,-0.27,-1.03
851.058,-0.26,-1.00,-0.26,-1.03
851.080,-0.34,-1.00,-0.27,-1.02
851.102,-0.39,-0.85,-0.28,-0.98
851.124,-0.36,-0.84,-0.31,-0.93
851.146,-0.41,-0.88,-0.35,-0.91
851.168,-0.24,-0.95,-0.35,-0.90
851.190,-0.33,-0.94,-0.35,-0.89
851.212,-0.36,-0.80,-0.34,-0.88
851.234,-0.31,-0.80,-0.33,-0.87
851.256,-0.24,-0.82,-0.30,-0.86
851.278,-0.17,-0.84,-0.28,-0.84
851.300,-0.27,-0.98,-0.27,-0.85
851.322,-0.37,-0.88,-0.27,-0.86
851.344,-0.38,-0.86,-0.29,-0.88
851.366,-0.43,-0.93,-0.32,-0.90
851.388,-0.43,-1.20,-0.38,-0.97
851.410,-0.31,-1.15,-0.38,-1.00
851.432,-0.30,-0.99,-0.37,-1.03
851.454,-0.49,-0.93,-0.39,-1.04
851.476,-0.35,-0.87,-0.38,-1.03
851.498,-0.32,-0.96,-0.35,-0.98
851.520,-0.35,-0.97,-0.36,-0.94
851.542,-0.36,-1.07,-0.37,-0.96
851.564,-0.18,-0.93,-0.31,-0.96
851.586,-0.42,-1.11,-0.33,-1.01
851.608,-0.21,-1.04,-0.30,-1.02
851.630,-0.24,-1.00,-0.28,-1.03
851.652,-0.26,-0.86,-0.26,-0.99
851.674,-0.22,-0.71,-0.27,-0.94
851.696,-0.18,-0.94,-0.22,-0.91
851.718,-0.34,-0.96,-0.25,-0.89
851.740,-0.26,-1.01,-0.25,-0.90
851.762,-0.25,-0.90,-0.25,-0.90
851.784,-0.25,-0.86,-0.26,-0.93
851.806,-0.20,-0.96,-0.26,-0.94
851.828,-0.27,-0.71,-0.25,-0.89
851.850,-0.25,-0.91,-0.24,-0.87
851.872,-0.31,-0.91,-0.26,-0.87
851.894,-0.33,-0.89,-0.27,-0.88
851.916,-0.37,-0.95,-0.31,-0.87
851.938,-0.34,-0.99,-0.32,-0.93
851.960,-0.34,-0.95,-0.34,-0.94
851.982,-0.34,-0.96,-0.34,-0.95
852.004,-0.35,-1.05,-0.35,-0.98
852.026,-0.32,-0.81,-0.34,-0.95
852.048,-0.34,-0.77,-0.34,-0.91
852.070,-0.36,-0.77,-0.34,-0.87
852.092,-0.26,-0.86,-0.33,-0.85
852.114,-0.30,-1.14,-0.32,-0.87
852.136,-0.19,-1.04,-0.29,-0.92
852.158,-0.27,-1.01,-0.28,-0.96
852.180,-0.21,-0.91,-0.25,-0.99
852.202,-0.30,-0.92,-0.25,-1.00
852.224,-0.41,-1.14,-0.28,-1.00
852.246,-0.34,-1.15,-0.31,-1.03
852.268,-0.27,-1.00,-0.31,-1.02
852.290,-0.24,-0.97,-0.31,-1.04
852.312,-0.18,-0.96,-0.29,-1.04
852.334,-0.41,-0.95,-0.29,-1.01
852.356,-0.17,-0.94,-0.25,-0.96
852.378,-0.09,-0.77,-0.22,-0.92
852.400,-0.30,-0.92,-0.23,-0.91
852.422,-0.27,-0.83,-0.25,-0.88
852.444,-0.31,-1.02,-0.23,-0.90
852.466,-0.37,-0.98,-0.27,-0.90
852.488,-0.32,-1.02,-0.31,-0.95
852.510,-0.32,-0.96,-0.32,-0.96
852.532,-0.31,-0.87,-0.33,-0.97
852.554,-0.41,-0.88,-0.35,-0.94
852.576,-0.26,-0.78,-0.32,-0.90
852.598,-0.23,-0.81,-0.31,-0.86
852.620,-0.30,-0.92,-0.30,-0.85
852.642,-0.40,-0.86,-0.32,-0.85
852.664,-0.25,-0.95,-0.29,-0.86
852.686,-0.28,-1.09,-0.29,-0.93
852.708,-0.38,-1.02,-0.32,-0.97
852.730,-0.42,-0.91,-0.35,-0.97
852.752,-0.38,-0.93,-0.34,-0.98
852.774,-0.35,-0.93,-0.36,-0.98
852.796,-0.29,-0.91,-0.36,-0.94
852.818,-0.26,-0.99,-0.34,-0.93
852.840,-0.32,-1.00,-0.32,-0.95
852.862,-0.42,-1.09,-0.33,-0.98
852.884,-0.42,-1.04,-0.34,-1.01
852.906,-0.41,-0.92,-0.37,-1.01
852.928,-0.43,-1.06,-0.40,-1.02
852.950,-0.20,-0.91,-0.38,-1.00
852.972,-0.24,-1.08,-0.34,-1.00
852.994,-0.37,-1.05,-0.33,-1.00
853.016,-0.41,-1.00,-0.33,-1.02
853.038,-0.31,-0.99,-0.31,-1.01
853.060,-0.16,-1.02,-0.30,-1.03
853.082,-0.27,-1.00,-0.30,-1.01
853.104,-0.39,-0.95,-0.31,-0.99
853.126,-0.30,-0.91,-0.29,-0.97
853.148,-0.34,-0.85,-0.29,-0.95
853.170,-0.32,-0.83,-0.32,-0.91
853.192,-0.40,-0.83,-0.35,-0.87
853.214,-0.57,-0.85,-0.39,-0.85
853.236,-0.56,-0.99,-0.44,-0.87
853.258,-0.49,-0.94,-0.47,-0.89
853.280,-0.28,-0.92,-0.46,-0.91
853.302,-0.33,-0.98,-0.45,-0.94
853.324,-0.39,-0.86,-0.41,-0.94
853.346,-0.37,-0.65,-0.37,-0.87
853.368,-0.30,-0.67,-0.33,-0.82
853.390,-0.36,-0.94,-0.35,-0.82
853.412,-0.32,-0.95,-0.35,-0.81
853.434,-0.33,-0.94,-0.34,-0.83
853.456,-0.25,-0.84,-0.31,-0.87
853.478,-0.28,-0.81,-0.31,-0.90
853.500,-0.30,-0.82,-0.30,-0.87
853.522,-0.24,-0.87,-0.28,-0.86
853.544,-0.28,-0.94,-0.27,-0.86
853.566,-0.22,-1.03,-0.26,-0.89
853.588,-0.24,-0.97,-0.26,-0.93
853.610,-0.36,-0.92,-0.27,-0.95
853.632,-0.43,-0.89,-0.31,-0.95
853.654,-0.48,-0.91,-0.35,-0.94
853.676,-0.35,-0.86,-0.37,-0.91
853.698,-0.28,-0.92,-0.38,-0.90
853.720,-0.28,-0.96,-0.36,-0.91
853.742,-0.28,-0.95,-0.33,-0.92
853.764,-0.33,-1.21,-0.30,-0.98
853.786,-0.38,-1.05,-0.31,-1.02
853.808,-0.50,-1.09,-0.35,-1.05
853.830,-0.46,-1.00,-0.39,-1.06
853.852,-0.43,-0.89,-0.42,-1.05
853.874,-0.38,-0.97,-0.43,-1.00
853.896,-0.35,-0.82,-0.42,-0.95
853.918,-0.25,-0.93,-0.37,-0.92
853.940,-0.22,-0.93,-0.33,-0.91
853.962,-0.22,-0.98,-0.28,-0.93
853.984,-0.17,-0.93,-0.24,-0.92
854.006,-0.06,-0.94,-0.18,-0.94
854.028,-0.17,-0.95,-0.17,-0.95
854.050,-0.24,-1.05,-0.17,-0.97
854.072,-0.32,-0.86,-0.19,-0.95
854.094,-0.31,-0.85,-0.22,-0.93
854.116,-0.37,-0.91,-0.28,-0.92
854.138,-0.36,-0.94,-0.32,-0.92
854.160,-0.32,-0.93,-0.34,-0.90
854.182,-0.30,-1.03,-0.33,-0.93
854.204,-0.32,-0.98,-0.33,-0.96
854.226,-0.36,-0.92,-0.33,-0.96
854.248,-0.51,-0.97,-0.36,-0.97
854.270,-0.46,-1.05,-0.39,-0.99
854.292,-0.43,-1.13,-0.42,-1.01
854.314,-0.41,-1.05,-0.43,-1.02
854.336,-0.35,-0.96,-0.43,-1.03
854.358,-0.54,-0.90,-0.44,-1.02
854.380,-0.42,-0.81,-0.43,-0.97
854.402,-0.51,-0.93,-0.45,-0.93
854.424,-0.43,-0.93,-0.45,-0.91
854.446,-0.41,-0.92,-0.46,-0.90
854.468,-0.29,-0.81,-0.41,-0.88
854.490,-0.19,-0.78,-0.37,-0.87
854.512,-0.30,-0.84,-0.32,-0.86
854.534,-0.28,-0.73,-0.29,-0.82
854.556,-0.38,-0.88,-0.29,-0.81
854.578,-0.34,-0.85,-0.30,-0.82
854.600,-0.26,-0.96,-0.31,-0.85
854.622,-0.21,-0.96,-0.29,-0.88
854.644,-0.33,-1.06,-0.30,-0.94
854.666,-0.19,-0.99,-0.27,-0.96
854.688,-0.30,-1.11,-0.26,-1.02
854.710,-0.32,-1.00,-0.27,-1.02
854.732,-0.23,-0.96,-0.27,-1.02
854.754,-0.24,-0.97,-0.26,-1.01
854.776,-0.24,-0.92,-0.27,-0.99
854.798,-0.19,-0.95,-0.24,-0.96
854.820,-0.26,-0.85,-0.23,-0.93
854.842,-0.30,-0.85,-0.25,-0.91
854.864,-0.40,-0.79,-0.28,-0.87
854.886,-0.24,-0.98,-0.28,-0.88
854.908,-0.35,-1.01,-0.31,-0.90
854.930,-0.40,-1.06,-0.34,-0.94
854.952,-0.17,-1.21,-0.31,-1.01
854.974,-0.20,-1.10,-0.27,-1.07
854.996,-0.18,-1.05,-0.26,-1.09
855.018,-0.30,-1.05,-0.25,-1.09
855.040,-0.28,-0.93,-0.23,-1.07
855.062,-0.28,-0.86,-0.25,-1.00
855.084,-0.27,-0.95,-0.26,-0.97
855.106,-0.31,-0.78,-0.29,-0.91
855.128,-0.31,-0.96,-0.29,-0.90
855.150,-0.39,-1.17,-0.31,-0.94
855.172,-0.47,-1.00,-0.35,-0.97
855.194,-0.46,-1.01,-0.39,-0.98
855.216,-0.41,-0.92,-0.41,-1.01
855.238,-0.20,-0.85,-0.39,-0.99
855.260,-0.17,-0.90,-0.34,-0.94
855.282,-0.20,-0.92,-0.29,-0.92
855.304,-0.32,-0.87,-0.26,-0.89
855.326,-0.33,-1.00,-0.24,-0.91
855.348,-0.33,-1.09,-0.27,-0.96
855.370,-0.48,-0.89,-0.33,-0.95
855.392,-0.40,-0.99,-0.37,-0.97
855.414,-0.24,-0.98,-0.36,-0.99
855.436,-0.25,-0.78,-0.34,-0.95
855.458,-0.31,-0.83,-0.34,-0.89
855.480,-0.26,-0.92,-0.29,-0.90
855.502,-0.27,-1.04,-0.27,-0.91
855.524,-0.42,-1.01,-0.30,-0.92
855.546,-0.27,-0.89,-0.31,-0.94
855.568,-0.15,-0.95,-0.27,-0.96
855.590,-0.08,-1.00,-0.24,-0.98
855.612,-0.15,-0.98,-0.21,-0.97
855.634,-0.25,-0.94,-0.18,-0.95
855.656,-0.34,-1.03,-0.19,-0.98
855.678,-0.47,-1.08,-0.26,-1.01
855.700,-0.51,-1.08,-0.34,-1.02
855.722,-0.45,-1.03,-0.40,-1.03
855.744,-0.32,-0.99,-0.42,-1.04
855.766,-0.12,-1.02,-0.37,-1.04
855.788,-0.39,-0.85,-0.36,-0.99
855.810,-0.35,-0.98,-0.33,-0.97
855.832,-0.19,-1.01,-0.27,-0.97
855.854,-0.37,-0.93,-0.28,-0.96
855.876,-0.25,-0.98,-0.31,-0.95
855.898,-0.36,-1.08,-0.30,-1.00
855.920,-0.39,-1.10,-0.31,-1.02
855.942,-0.32,-1.16,-0.34,-1.05
855.964,-0.27,-1.18,-0.32,-1.10
855.986,-0.42,-0.92,-0.35,-1.09
856.008,-0.42,-0.88,-0.36,-1.05
856.030,-0.40,-0.82,-0.37,-0.99
856.052,-0.40,-1.04,-0.38,-0.97
856.074,-0.28,-0.93,-0.38,-0.92
856.096,-0.27,-0.93,-0.35,-0.92
856.118,-0.38,-0.77,-0.35,-0.90
856.140,-0.31,-1.09,-0.33,-0.95
856.162,-0.25,-0.99,-0.30,-0.94
856.184,-0.20,-0.84,-0.28,-0.92
856.206,-0.37,-0.96,-0.30,-0.93
856.228,-0.51,-0.94,-0.33,-0.96
856.250,-0.38,-1.05,-0.34,-0.96
856.272,-0.26,-1.08,-0.34,-0.97
856.294,-0.35,-1.11,-0.37,-1.03
856.316,-0.36,-0.97,-0.37,-1.03
856.338,-0.39,-0.94,-0.35,-1.03
856.360,-0.42,-0.85,-0.36,-0.99
856.382,-0.32,-0.81,-0.37,-0.94
856.404,-0.30,-0.98,-0.36,-0.91
856.426,-0.42,-0.92,-0.37,-0.90
856.448,-0.36,-1.13,-0.36,-0.94
856.470,-0.24,-1.08,-0.33,-0.98
856.492,-0.14,-1.14,-0.29,-1.05
856.514,-0.38,-1.16,-0.31,-1.09
856.536,-0.35,-1.06,-0.29,-1.11
856.558,-0.39,-1.05,-0.30,-1.10
856.580,-0.30,-1.10,-0.31,-1.10
856.602,-0.27,-1.01,-0.34,-1.08
856.624,-0.21,-0.89,-0.30,-1.02
856.646,-0.20,-0.93,-0.27,-1.00
856.668,-0.41,-1.10,-0.28,-1.01
856.690,-0.48,-1.01,-0.31,-0.99
856.712,-0.32,-0.96,-0.32,-0.98
856.734,-0.26,-0.92,-0.33,-0.98
856.756,-0.40,-0.90,-0.37,-0.98
856.778,-0.38,-0.86,-0.37,-0.93
856.800,-0.49,-0.97,-0.37,-0.92
856.822,-0.32,-0.90,-0.37,-0.91
856.844,-0.22,-0.83,-0.36,-0.89
856.866,-0.42,-0.91,-0.37,-0.89
856.888,-0.30,-0.89,-0.35,-0.90
856.910,-0.37,-0.95,-0.33,-0.90
856.932,-0.20,-0.98,-0.30,-0.91
856.954,-0.33,-0.92,-0.32,-0.93
856.976,-0.33,-1.05,-0.31,-0.96
856.998,-0.30,-0.97,-0.31,-0.97
857.020,-0.23,-0.96,-0.28,-0.98
857.042,-0.22,-0.76,-0.28,-0.93
857.064,-0.21,-0.82,-0.26,-0.91
857.086,-0.26,-0.83,-0.24,-0.87
857.108,-0.28,-1.05,-0.24,-0.88
857.130,-0.30,-0.93,-0.25,-0.88
857.152,-0.32,-0.97,-0.27,-0.92
857.174,-0.23,-1.01,-0.28,-0.96
857.196,-0.23,-0.87,-0.27,-0.97
857.218,-0.30,-0.90,-0.28,-0.94
857.240,-0.32,-1.08,-0.28,-0.97
857.262,-0.35,-0.97,-0.29,-0.97
857.284,-0.38,-1.00,-0.32,-0.96
857.306,-0.21,-1.04,-0.31,-1.00
857.328,-0.20,-0.85,-0.29,-0.99
857.350,-0.17,-0.94,-0.26,-0.96
857.372,-0.29,-0.94,-0.25,-0.95
857.394,-0.31,-0.84,-0.24,-0.92
857.416,-0.37,-1.05,-0.27,-0.92
857.438,-0.44,-1.00,-0.32,-0.95
857.460,-0.32,-1.09,-0.35,-0.98
857.482,-0.33,-1.01,-0.35,-1.00
857.504,-0.31,-1.00,-0.35,-1.03
857.526,-0.28,-0.93,-0.34,-1.01
857.548,-0.27,-0.93,-0.30,-0.99
857.570,-0.26,-0.97,-0.29,-0.97
857.592,-0.27,-0.98,-0.28,-0.96
857.614,-0.32,-0.99,-0.28,-0.96
857.636,-0.39,-1.06,-0.30,-0.99
857.658,-0.23,-1.09,-0.29,-1.02
857.680,-0.28,-1.13,-0.30,-1.05
857.702,-0.36,-0.90,-0.32,-1.03
857.724,-0.33,-1.01,-0.32,-1.04
857.746,-0.42,-0.96,-0.32,-1.02
857.768,-0.37,-0.94,-0.35,-0.99
857.790,-0.34,-0.80,-0.36,-0.92
857.812,-0.33,-0.98,-0.36,-0.94
857.834,-0.27,-0.94,-0.35,-0.92
857.856,-0.20,-0.93,-0.30,-0.92
857.878,-0.16,-0.94,-0.26,-0.92
857.900,-0.30,-1.04,-0.25,-0.97
857.922,-0.30,-0.97,-0.25,-0.96
857.944,-0.17,-0.98,-0.23,-0.97
857.966,-0.16,-0.84,-0.22,-0.95
857.988,-0.10,-0.90,-0.21,-0.95
858.010,0.00,-0.94,-0.15,-0.93
858.032,-0.24,-1.19,-0.13,-0.97
858.054,-0.34,-1.07,-0.17,-0.99
858.076,-0.42,-0.99,-0.22,-1.02
858.098,-0.36,-1.04,-0.27,-1.05
858.120,-0.28,-1.01,-0.33,-1.06
858.142,-0.35,-1.14,-0.35,-1.05
858.164,-0.23,-1.04,-0.33,-1.04
858.186,-0.10,-0.92,-0.26,-1.03
858.208,-0.24,-0.91,-0.24,-1.00
858.230,-0.29,-0.94,-0.24,-0.99
858.252,-0.18,-1.06,-0.21,-0.97
858.274,-0.10,-1.08,-0.18,-0.98
858.296,-0.16,-0.86,-0.19,-0.97
858.318,-0.18,-0.95,-0.18,-0.98
858.340,-0.25,-0.93,-0.17,-0.98
858.362,-0.21,-1.07,-0.18,-0.98
858.384,-0.42,-1.11,-0.24,-0.98
858.406,-0.33,-1.01,-0.28,-1.01
858.428,-0.36,-0.98,-0.31,-1.02
858.450,-0.38,-1.09,-0.34,-1.05
858.472,-0.25,-0.98,-0.35,-1.03
858.494,-0.30,-1.10,-0.32,-1.03
858.516,-0.31,-1.01,-0.32,-1.03
858.538,-0.30,-1.12,-0.31,-1.06
858.560,-0.33,-1.14,-0.30,-1.07
858.582,-0.32,-1.21,-0.31,-1.12
858.604,-0.24,-1.18,-0.30,-1.13
858.626,-0.42,-1.12,-0.32,-1.15
858.648,-0.46,-0.88,-0.35,-1.11
858.670,-0.36,-0.94,-0.36,-1.07
858.692,-0.34,-0.94,-0.36,-1.01
858.714,-0.16,-1.05,-0.35,-0.99
858.736,-0.19,-0.86,-0.30,-0.93
858.758,-0.17,-0.93,-0.24,-0.94
858.780,-0.31,-0.91,-0.23,-0.94
858.802,-0.42,-0.96,-0.25,-0.94
858.824,-0.33,-0.86,-0.28,-0.90
858.846,-0.34,-0.99,-0.31,-0.93
858.868,-0.36,-1.00,-0.35,-0.94
858.890,-0.29,-0.83,-0.35,-0.93
858.912,-0.36,-0.94,-0.34,-0.92
858.934,-0.27,-0.97,-0.32,-0.95
858.956,-0.36,-0.93,-0.33,-0.93
858.978,-0.31,-0.75,-0.32,-0.88
859.000,-0.23,-0.87,-0.31,-0.89
859.022,-0.20,-0.91,-0.27,-0.89
859.044,-0.26,-0.96,-0.27,-0.88
859.066,-0.29,-1.02,-0.26,-0.90
859.088,-0.38,-0.98,-0.27,-0.95
859.110,-0.37,-1.08,-0.30,-0.99
859.132,-0.35,-1.04,-0.33,-1.02
859.154,-0.33,-1.04,-0.34,-1.03
859.176,-0.35,-0.99,-0.36,-1.03
859.198,-0.43,-0.99,-0.37,-1.03
859.220,-0.41,-1.01,-0.37,-1.01
859.242,-0.42,-1.00,-0.39,-1.01
859.264,-0.46,-0.99,-0.41,-1.00
859.286,-0.30,-1.11,-0.40,-1.02
859.308,-0.25,-1.14,-0.37,-1.05
859.330,-0.26,-0.97,-0.34,-1.04
859.352,-0.20,-1.09,-0.29,-1.06
859.374,-0.18,-0.95,-0.24,-1.05
859.396,-0.24,-1.04,-0.23,-1.04
859.418,-0.28,-0.85,-0.23,-0.98
859.440,-0.20,-0.94,-0.22,-0.97
859.462,-0.28,-1.00,-0.24,-0.96
859.484,-0.29,-1.00,-0.26,-0.97
859.506,-0.41,-1.11,-0.29,-0.98
859.528,-0.30,-1.19,-0.30,-1.05
859.550,-0.27,-1.13,-0.31,-1.09
859.572,-0.17,-0.96,-0.29,-1.08
859.594,-0.16,-0.87,-0.26,-1.05
859.616,-0.18,-0.88,-0.22,-1.01
859.638,-0.27,-0.97,-0.21,-0.96
859.660,-0.26,-0.90,-0.21,-0.92
859.682,-0.32,-0.98,-0.24,-0.92
859.704,-0.28,-0.96,-0.26,-0.94
859.726,-0.32,-0.97,-0.29,-0.96
859.748,-0.31,-0.98,-0.30,-0.96
859.770,-0.36,-1.00,-0.32,-0.98
859.792,-0.35,-0.96,-0.32,-0.97
859.814,-0.34,-0.98,-0.34,-0.98
859.836,-0.21,-1.01,-0.31,-0.99
859.858,-0.23,-1.06,-0.30,-1.00
859.880,-0.21,-1.06,-0.27,-1.01
859.902,-0.33,-1.04,-0.26,-1.03
859.924,-0.25,-0.92,-0.25,-1.02
859.946,-0.29,-0.82,-0.26,-0.98
859.968,-0.43,-0.90,-0.30,-0.95
859.990,-0.29,-0.96,-0.32,-0.93
860.012,-0.42,-0.89,-0.34,-0.90
860.034,-0.39,-0.94,-0.36,-0.90
860.056,-0.46,-1.06,-0.40,-0.95
860.078,-0.48,-0.95,-0.41,-0.96
860.100,-0.50,-0.90,-0.45,-0.95
860.122,-0.41,-0.93,-0.45,-0.96
860.144,-0.33,-0.89,-0.44,-0.95
860.166,-0.35,-0.95,-0.41,-0.92
860.188,-0.22,-0.79,-0.36,-0.89
860.210,-0.19,-0.80,-0.30,-0.87
860.232,-0.17,-0.94,-0.25,-0.87
860.254,-0.24,-0.91,-0.23,-0.88
860.276,-0.34,-1.08,-0.23,-0.90
860.298,-0.37,-0.94,-0.26,-0.93
860.320,-0.33,-0.85,-0.29,-0.94
860.342,-0.36,-1.02,-0.33,-0.96
860.364,-0.22,-0.99,-0.32,-0.98
860.386,-0.28,-0.90,-0.31,-0.94
860.408,-0.31,-0.97,-0.30,-0.95
860.430,-0.34,-0.95,-0.30,-0.97
860.452,-0.29,-0.94,-0.29,-0.95
860.474,-0.46,-1.00,-0.34,-0.95
860.496,-0.40,-0.93,-0.36,-0.96
860.518,-0.30,-0.90,-0.36,-0.94
860.540,-0.24,-0.73,-0.34,-0.90
860.562,-0.31,-0.86,-0.34,-0.88
860.584,-0.30,-0.85,-0.31,-0.85
860.606,-0.31,-0.91,-0.29,-0.85
860.628,-0.20,-1.14,-0.27,-0.90
860.650,-0.17,-1.13,-0.26,-0.98
860.672,-0.19,-0.99,-0.23,-1.00
860.694,-0.17,-0.96,-0.21,-1.03
860.716,-0.30,-0.98,-0.21,-1.04
860.738,-0.26,-0.86,-0.22,-0.98
860.760,-0.30,-0.91,-0.24,-0.94
860.782,-0.40,-0.84,-0.29,-0.91
860.804,-0.42,-1.03,-0.34,-0.92
860.826,-0.40,-1.03,-0.36,-0.93
860.848,-0.37,-1.05,-0.38,-0.97
860.870,-0.34,-1.05,-0.39,-1.00
860.892,-0.40,-0.98,-0.39,-1.03
860.914,-0.27,-1.09,-0.36,-1.04
860.936,-0.33,-1.09,-0.34,-1.05
860.958,-0.33,-1.13,-0.33,-1.07
860.980,-0.38,-1.10,-0.34,-1.08
861.002,-0.36,-1.12,-0.33,-1.11
861.024,-0.41,-1.18,-0.36,-1.12
861.046,-0.34,-1.03,-0.36,-1.11
861.068,-0.34,-1.01,-0.37,-1.09
861.090,-0.15,-0.87,-0.32,-1.04
861.112,-0.22,-0.99,-0.29,-1.02
861.134,-0.14,-1.13,-0.24,-1.01
861.156,-0.33,-1.05,-0.24,-1.01
861.178,-0.35,-0.87,-0.24,-0.98
861.200,-0.26,-0.90,-0.26,-0.99
861.222,-0.29,-1.06,-0.27,-1.00
861.244,-0.40,-0.89,-0.33,-0.95
861.266,-0.30,-1.00,-0.32,-0.94
861.288,-0.19,-1.01,-0.29,-0.97
861.310,-0.35,-1.03,-0.31,-1.00
861.332,-0.28,-1.03,-0.30,-0.99
861.354,-0.20,-0.96,-0.26,-1.01
861.376,-0.16,-0.89,-0.24,-0.98
861.398,-0.28,-0.82,-0.25,-0.95
861.420,-0.24,-0.86,-0.23,-0.91
861.442,-0.25,-0.73,-0.23,-0.85
861.464,-0.26,-0.81,-0.24,-0.82
861.486,-0.36,-0.78,-0.28,-0.80
861.508,-0.37,-0.90,-0.30,-0.82
861.530,-0.29,-1.03,-0.31,-0.85
861.552,-0.32,-0.92,-0.32,-0.89
861.574,-0.34,-0.84,-0.34,-0.89
861.596,-0.41,-0.87,-0.35,-0.91
861.618,-0.48,-0.83,-0.37,-0.90
861.640,-0.41,-0.91,-0.39,-0.87
861.662,-0.39,-0.89,-0.41,-0.87
861.684,-0.45,-0.97,-0.43,-0.89
861.706,-0.40,-0.98,-0.43,-0.92
861.728,-0.23,-1.10,-0.38,-0.97
861.750,-0.21,-1.09,-0.34,-1.01
861.772,-0.36,-1.10,-0.33,-1.05
861.794,-0.30,-1.04,-0.30,-1.06
861.816,-0.30,-1.01,-0.28,-1.07
861.838,-0.22,-1.00,-0.28,-1.05
861.860,-0.30,-0.97,-0.30,-1.02
861.882,-0.44,-1.03,-0.31,-1.01
861.904,-0.30,-0.95,-0.31,-0.99
861.926,-0.32,-1.07,-0.32,-1.00
861.948,-0.33,-1.02,-0.34,-1.01
861.970,-0.14,-0.88,-0.31,-0.99
861.992,-0.23,-0.83,-0.26,-0.95
862.014,-0.41,-0.79,-0.29,-0.92
862.036,-0.39,-0.93,-0.30,-0.89
862.058,-0.50,-0.99,-0.33,-0.88
862.080,-0.54,-1.12,-0.41,-0.93
862.102,-0.49,-1.03,-0.47,-0.97
862.124,-0.58,-0.96,-0.50,-1.01
862.146,-0.46,-0.91,-0.51,-1.00
862.168,-0.34,-0.95,-0.48,-0.99
862.190,-0.36,-0.93,-0.45,-0.96
862.212,-0.36,-1.10,-0.42,-0.97
862.234,-0.39,-0.91,-0.38,-0.96
862.256,-0.39,-0.95,-0.37,-0.97
862.278,-0.35,-0.81,-0.37,-0.94
862.300,-0.38,-0.95,-0.37,-0.94
862.322,-0.30,-0.90,-0.36,-0.90
862.344,-0.36,-1.05,-0.36,-0.93
862.366,-0.32,-1.05,-0.34,-0.95
862.388,-0.35,-0.83,-0.34,-0.96
862.410,-0.23,-0.95,-0.31,-0.96
862.432,-0.27,-0.97,-0.31,-0.97
862.454,-0.29,-1.02,-0.29,-0.96
862.476,-0.38,-1.02,-0.30,-0.96
862.498,-0.27,-0.97,-0.29,-0.99
862.520,-0.39,-0.98,-0.32,-0.99
862.542,-0.27,-0.86,-0.32,-0.97
862.564,-0.26,-0.93,-0.31,-0.95
862.586,-0.43,-0.81,-0.32,-0.91
862.608,-0.37,-0.79,-0.34,-0.87
862.630,-0.35,-0.75,-0.34,-0.83
862.652,-0.28,-0.78,-0.34,-0.81
862.674,-0.34,-0.97,-0.35,-0.82
862.696,-0.30,-0.95,-0.33,-0.85
862.718,-0.24,-0.94,-0.30,-0.88
862.740,-0.34,-1.09,-0.30,-0.95
862.762,-0.39,-1.06,-0.32,-1.00
862.784,-0.46,-1.07,-0.35,-1.02
862.806,-0.36,-0.93,-0.36,-1.02
862.828,-0.42,-0.79,-0.39,-0.99
862.850,-0.46,-0.89,-0.42,-0.95
862.872,-0.51,-0.85,-0.44,-0.91
862.894,-0.37,-1.00,-0.42,-0.89
862.916,-0.28,-1.03,-0.41,-0.91
862.938,-0.38,-1.08,-0.40,-0.97
862.960,-0.42,-0.93,-0.39,-0.98
862.982,-0.33,-0.85,-0.36,-0.98
863.004,-0.40,-0.86,-0.36,-0.95
863.026,-0.37,-0.89,-0.38,-0.92
863.048,-0.27,-0.93,-0.36,-0.89
863.070,-0.20,-0.84,-0.31,-0.87
863.092,-0.17,-0.86,-0.28,-0.88
863.114,-0.15,-0.68,-0.23,-0.84
863.136,-0.26,-0.75,-0.21,-0.81
863.158,-0.24,-0.94,-0.20,-0.81
863.180,-0.34,-1.00,-0.23,-0.85
863.202,-0.33,-0.89,-0.26,-0.85
863.224,-0.47,-0.77,-0.33,-0.87
863.246,-0.31,-0.71,-0.34,-0.86
863.268,-0.29,-0.81,-0.35,-0.84
863.290,-0.14,-0.71,-0.31,-0.78
863.312,-0.13,-0.76,-0.27,-0.75
863.334,-0.12,-0.69,-0.20,-0.74
863.356,-0.24,-0.77,-0.18,-0.75
863.378,-0.38,-0.91,-0.20,-0.77
863.400,-0.27,-0.92,-0.23,-0.81
863.422,-0.22,-0.86,-0.25,-0.83
863.444,-0.16,-0.91,-0.25,-0.87
863.466,-0.28,-0.86,-0.26,-0.89
863.488,-0.20,-0.87,-0.23,-0.88
863.510,-0.19,-0.78,-0.21,-0.86
863.532,-0.16,-0.73,-0.20,-0.83
863.554,-0.05,-1.07,-0.18,-0.86
863.576,-0.06,-1.04,-0.13,-0.90
863.598,-0.17,-1.02,-0.13,-0.93
863.620,-0.32,-0.86,-0.15,-0.94
863.642,-0.44,-0.89,-0.21,-0.98
863.664,-0.44,-0.82,-0.29,-0.93
863.686,-0.34,-0.87,-0.34,-0.89
863.708,-0.37,-0.86,-0.38,-0.86
863.730,-0.39,-0.93,-0.40,-0.87
863.752,-0.41,-0.86,-0.39,-0.87
863.774,-0.26,-0.78,-0.35,-0.86
863.796,-0.21,-0.81,-0.33,-0.85
863.818,-0.38,-0.84,-0.33,-0.84
863.840,-0.28,-0.91,-0.31,-0.84
863.862,-0.22,-0.82,-0.27,-0.83
863.884,-0.30,-0.92,-0.28,-0.86
863.906,-0.38,-0.88,-0.31,-0.87
863.928,-0.27,-0.91,-0.29,-0.89
863.950,-0.28,-1.01,-0.29,-0.91
863.972,-0.31,-1.08,-0.31,-0.96
863.994,-0.32,-1.03,-0.31,-0.98
864.016,-0.44,-0.94,-0.32,-0.99
864.038,-0.22,-1.07,-0.31,-1.03
864.060,-0.26,-1.07,-0.31,-1.04
864.082,-0.38,-0.98,-0.32,-1.02
864.104,-0.38,-1.06,-0.34,-1.02
864.126,-0.38,-1.00,-0.32,-1.04
864.148,-0.49,-0.94,-0.38,-1.01
864.170,-0.30,-0.83,-0.39,-0.96
864.192,-0.32,-0.90,-0.37,-0.95
864.214,-0.35,-0.80,-0.37,-0.89
864.236,-0.21,-0.85,-0.33,-0.86
864.258,-0.10,-0.75,-0.26,-0.83
864.280,-0.17,-0.92,-0.23,-0.84
864.302,-0.14,-0.95,-0.19,-0.85
864.324,-0.10,-1.02,-0.14,-0.90
864.346,-0.18,-1.02,-0.14,-0.93
864.368,-0.30,-0.91,-0.18,-0.96
864.390,-0.32,-0.94,-0.21,-0.97
864.412,-0.44,-1.06,-0.27,-0.99
864.434,-0.28,-1.08,-0.30,-1.00
864.456,-0.25,-1.12,-0.32,-1.02
864.478,-0.31,-1.13,-0.32,-1.07
864.500,-0.32,-1.08,-0.32,-1.09
864.522,-0.34,-0.97,-0.30,-1.08
864.544,-0.27,-1.06,-0.30,-1.07
864.566,-0.28,-0.95,-0.30,-1.04
864.588,-0.26,-0.88,-0.29,-0.99
864.610,-0.33,-0.90,-0.30,-0.95
864.632,-0.30,-0.96,-0.29,-0.95
864.654,-0.30,-1.02,-0.29,-0.94
864.676,-0.28,-0.95,-0.29,-0.94
864.698,-0.30,-0.93,-0.30,-0.95
864.720,-0.26,-1.01,-0.29,-0.97
864.742,-0.11,-0.92,-0.25,-0.97
864.764,-0.16,-0.95,-0.22,-0.95
864.786,-0.21,-1.08,-0.21,-0.98
864.808,-0.28,-0.86,-0.20,-0.96
864.830,-0.53,-0.92,-0.26,-0.95
864.852,-0.41,-0.88,-0.32,-0.94
864.874,-0.38,-1.01,-0.36,-0.95
864.896,-0.30,-1.06,-0.38,-0.95
864.918,-0.15,-0.96,-0.35,-0.97
864.940,-0.28,-1.10,-0.30,-1.00
864.962,-0.26,-0.94,-0.27,-1.01
864.984,-0.38,-1.01,-0.27,-1.01
865.006,-0.28,-0.96,-0.27,-0.99
865.028,-0.28,-1.02,-0.30,-1.01
865.050,-0.32,-1.05,-0.30,-1.00
865.072,-0.45,-0.99,-0.34,-1.01
865.094,-0.36,-0.98,-0.34,-1.00
865.116,-0.22,-1.09,-0.33,-1.03
865.138,-0.15,-0.91,-0.30,-1.00
865.160,-0.15,-1.08,-0.27,-1.01
865.182,-0.28,-0.95,-0.23,-1.00
865.204,-0.30,-1.06,-0.22,-1.02
865.226,-0.39,-1.06,-0.25,-1.01
865.248,-0.34,-1.07,-0.29,-1.04
865.270,-0.28,-0.97,-0.32,-1.02
865.292,-0.34,-1.07,-0.33,-1.05
865.314,-0.23,-1.19,-0.32,-1.07
865.336,-0.24,-1.06,-0.29,-1.07
865.358,-0.35,-0.95,-0.29,-1.05
865.380,-0.48,-0.86,-0.33,-1.03
865.402,-0.33,-0.94,-0.33,-1.00
865.424,-0.15,-0.79,-0.31,-0.92
865.446,-0.29,-0.93,-0.32,-0.89
865.468,-0.35,-0.87,-0.32,-0.88
865.490,-0.27,-0.87,-0.28,-0.88
865.512,-0.24,-0.90,-0.26,-0.87
865.534,-0.32,-0.87,-0.29,-0.89
865.556,-0.32,-0.93,-0.30,-0.89
865.579,-0.42,-0.91,-0.31,-0.90
865.601,-0.32,-0.93,-0.32,-0.91
865.623,-0.22,-0.98,-0.32,-0.92
865.645,-0.27,-0.82,-0.31,-0.91
865.667,-0.25,-0.93,-0.30,-0.91
865.689,-0.30,-1.02,-0.27,-0.94
865.711,-0.14,-1.15,-0.24,-0.98
865.733,-0.17,-1.15,-0.23,-1.01
865.755,-0.16,-1.00,-0.20,-1.05
865.777,-0.11,-0.92,-0.18,-1.05
865.799,-0.28,-0.91,-0.17,-1.03
865.821,-0.34,-1.02,-0.21,-1.00
865.843,-0.26,-1.01,-0.23,-0.97
865.865,-0.31,-0.97,-0.26,-0.97
865.887,-0.36,-1.06,-0.31,-0.99
865.909,-0.43,-1.04,-0.34,-1.02
865.931,-0.53,-1.07,-0.38,-1.03
865.953,-0.46,-0.97,-0.42,-1.02
865.975,-0.43,-0.91,-0.44,-1.01
865.997,-0.43,-0.89,-0.46,-0.98
866.019,-0.42,-0.94,-0.45,-0.96
866.041,-0.27,-0.84,-0.40,-0.91
866.063,-0.22,-0.90,-0.35,-0.90
866.085,-0.26,-1.05,-0.32,-0.92
866.107,-0.13,-1.14,-0.26,-0.97
866.129,-0.26,-0.99,-0.23,-0.98
866.151,-0.32,-1.03,-0.24,-1.02
866.173,-0.52,-0.91,-0.30,-1.02
866.195,-0.31,-0.62,-0.31,-0.94
866.217,-0.43,-0.68,-0.37,-0.85
866.239,-0.24,-0.76,-0.36,-0.80
866.261,-0.22,-0.71,-0.34,-0.74
866.283,-0.24,-0.96,-0.29,-0.75
866.305,-0.42,-0.94,-0.31,-0.81
866.327,-0.19,-0.99,-0.26,-0.87
866.349,-0.22,-0.90,-0.26,-0.90
866.371,-0.32,-0.94,-0.28,-0.95
866.393,-0.24,-1.00,-0.28,-0.95
866.415,-0.34,-1.00,-0.26,-0.97
866.437,-0.40,-0.87,-0.30,-0.94
866.459,-0.37,-0.97,-0.33,-0.96
866.481,-0.40,-0.92,-0.35,-0.95
866.503,-0.47,-1.12,-0.40,-0.98
866.525,-0.44,-0.92,-0.42,-0.96
866.547,-0.25,-0.88,-0.39,-0.96
866.569,-0.30,-1.06,-0.37,-0.98
866.591,-0.19,-1.01,-0.33,-1.00
866.613,-0.16,-1.10,-0.27,-0.99
866.635,-0.21,-1.01,-0.22,-1.01
866.657,-0.36,-1.01,-0.24,-1.04
866.679,-0.19,-1.00,-0.22,-1.03
866.701,-0.26,-1.02,-0.24,-1.03
866.723,-0.32,-0.89,-0.27,-0.99
866.745,-0.24,-0.89,-0.27,-0.96
866.767,-0.39,-0.83,-0.28,-0.93
866.789,-0.25,-0.94,-0.29,-0.91
866.811,-0.41,-1.07,-0.32,-0.92
866.833,-0.26,-0.97,-0.31,-0.94
866.855,-0.35,-1.01,-0.33,-0.96
866.877,-0.30,-0.96,-0.31,-0.99
866.899,-0.33,-0.98,-0.33,-1.00
866.921,-0.32,-0.93,-0.31,-0.97
866.943,-0.34,-1.05,-0.33,-0.99
866.965,-0.38,-1.08,-0.33,-1.00
866.987,-0.49,-1.01,-0.37,-1.01
867.009,-0.49,-1.01,-0.40,-1.02
867.031,-0.24,-1.10,-0.39,-1.05
867.053,-0.25,-1.10,-0.37,-1.06
867.075,-0.23,-1.00,-0.34,-1.04
867.097,-0.22,-1.02,-0.29,-1.05
867.119,-0.24,-1.05,-0.24,-1.05
867.141,-0.25,-1.02,-0.24,-1.04
867.163,-0.34,-1.01,-0.26,-1.02
867.185,-0.21,-1.06,-0.25,-1.03
867.207,-0.41,-1.06,-0.29,-1.04
867.229,-0.33,-0.85,-0.31,-1.00
867.251,-0.39,-0.83,-0.34,-0.96
867.273,-0.45,-0.91,-0.36,-0.94
867.295,-0.42,-0.92,-0.40,-0.91
867.317,-0.37,-0.83,-0.39,-0.87
867.339,-0.34,-0.76,-0.39,-0.85
867.361,-0.26,-0.90,-0.37,-0.86
867.383,-0.08,-0.91,-0.29,-0.86
867.405,-0.12,-0.96,-0.23,-0.87
867.427,-0.22,-0.82,-0.20,-0.87
867.449,-0.44,-0.85,-0.22,-0.89
867.471,-0.08,-1.03,-0.19,-0.91
867.493,-0.17,-1.10,-0.21,-0.95
867.515,-0.24,-0.96,-0.23,-0.95
867.537,-0.26,-0.94,-0.24,-0.98
867.559,-0.28,-0.77,-0.21,-0.96
867.581,-0.23,-0.88,-0.24,-0.93
867.603,-0.32,-0.76,-0.27,-0.86
867.625,-0.24,-0.79,-0.27,-0.83
867.647,-0.38,-0.91,-0.29,-0.82
867.669,-0.30,-0.88,-0.29,-0.84
867.691,-0.20,-1.03,-0.29,-0.87
867.713,-0.37,-0.90,-0.30,-0.90
867.735,-0.28,-0.82,-0.31,-0.91
867.757,-0.12,-0.99,-0.25,-0.92
867.779,-0.35,-0.97,-0.26,-0.94
867.801,-0.37,-1.01,-0.30,-0.94
867.823,-0.38,-1.04,-0.30,-0.97
867.845,-0.38,-1.03,-0.32,-1.01
867.867,-0.31,-1.03,-0.36,-1.02
867.889,-0.35,-0.99,-0.36,-1.02
867.911,-0.34,-1.07,-0.35,-1.03
867.933,-0.30,-1.05,-0.34,-1.03
867.955,-0.33,-0.90,-0.33,-1.01
867.977,-0.34,-0.85,-0.33,-0.97
867.999,-0.34,-0.94,-0.33,-0.96
868.021,-0.29,-1.09,-0.32,-0.97
868.043,-0.34,-1.01,-0.33,-0.96
868.065,-0.38,-1.01,-0.34,-0.98
868.087,-0.43,-0.96,-0.36,-1.00
868.109,-0.41,-0.93,-0.37,-1.00
868.131,-0.42,-0.99,-0.40,-0.98
868.153,-0.34,-0.97,-0.40,-0.97
868.175,-0.28,-1.06,-0.38,-0.98
868.197,-0.22,-1.20,-0.33,-1.03
868.219,-0.19,-1.10,-0.29,-1.06
868.241,-0.25,-1.09,-0.26,-1.08
868.263,-0.31,-0.89,-0.25,-1.07
868.285,-0.36,-0.86,-0.27,-1.03
868.307,-0.48,-0.86,-0.32,-0.96
868.329,-0.35,-0.97,-0.35,-0.93
868.351,-0.21,-1.01,-0.34,-0.92
868.373,-0.39,-1.07,-0.36,-0.95
868.395,-0.41,-1.07,-0.37,-1.00
868.417,-0.32,-0.89,-0.34,-1.00
868.439,-0.27,-0.82,-0.32,-0.97
868.461,-0.26,-0.79,-0.33,-0.93
868.483,-0.47,-0.97,-0.35,-0.91
868.505,-0.32,-1.09,-0.33,-0.91
868.527,-0.36,-0.94,-0.34,-0.92
868.549,-0.31,-0.87,-0.34,-0.93
868.571,-0.34,-0.91,-0.36,-0.96
868.593,-0.24,-0.92,-0.31,-0.95
868.615,-0.10,-1.02,-0.27,-0.93
868.637,-0.20,-0.96,-0.24,-0.94
868.659,-0.22,-1.00,-0.22,-0.96
868.681,-0.27,-1.02,-0.21,-0.98
868.703,-0.15,-0.92,-0.19,-0.98
868.725,-0.26,-0.90,-0.22,-0.96
868.747,-0.24,-0.78,-0.23,-0.92
868.769,-0.25,-0.92,-0.23,-0.91
868.791,-0.28,-0.74,-0.24,-0.85
868.813,-0.25,-0.78,-0.26,-0.82
868.835,-0.29,-0.83,-0.26,-0.81
868.857,-0.29,-0.95,-0.27,-0.84
868.879,-0.57,-0.90,-0.34,-0.84
868.901,-0.52,-1.05,-0.38,-0.90
868.923,-0.27,-0.95,-0.39,-0.94
868.945,-0.19,-1.00,-0.37,-0.97
868.967,-0.09,-0.85,-0.33,-0.95
868.989,-0.09,-0.82,-0.23,-0.93
869.011,-0.08,-0.84,-0.14,-0.89
869.033,-0.24,-0.78,-0.14,-0.86
869.055,-0.40,-1.05,-0.18,-0.87
869.077,-0.30,-1.06,-0.22,-0.91
869.099,-0.46,-1.04,-0.30,-0.95
869.121,-0.33,-0.82,-0.35,-0.95
869.143,-0.39,-0.90,-0.38,-0.97
869.165,-0.25,-0.94,-0.35,-0.95
869.187,-0.05,-0.90,-0.30,-0.92
869.209,-0.25,-0.93,-0.25,-0.90
869.231,-0.39,-1.05,-0.27,-0.94
869.253,-0.37,-0.90,-0.26,-0.94
869.275,-0.09,-0.88,-0.23,-0.93
869.297,-0.24,-1.01,-0.27,-0.95
869.319,-0.31,-0.99,-0.28,-0.97
869.341,-0.45,-0.97,-0.29,-0.95
869.363,-0.41,-0.96,-0.30,-0.96
869.385,-0.28,-0.97,-0.34,-0.98
869.407,-0.31,-0.89,-0.35,-0.96
869.429,-0.22,-0.84,-0.33,-0.93
869.451,-0.13,-0.82,-0.27,-0.90
869.473,-0.28,-0.96,-0.24,-0.90
869.495,-0.21,-1.02,-0.23,-0.91
869.517,-0.16,-0.98,-0.20,-0.92
869.539,-0.21,-0.99,-0.20,-0.95
869.561,-0.23,-0.98,-0.22,-0.99
869.583,-0.19,-1.19,-0.20,-1.03
869.605,-0.27,-1.04,-0.21,-1.04
869.627,-0.18,-0.82,-0.22,-1.00
869.649,-0.27,-0.72,-0.23,-0.95
869.671,-0.24,-0.91,-0.23,-0.94
869.693,-0.24,-1.10,-0.24,-0.92
869.715,-0.14,-0.98,-0.21,-0.91
869.737,-0.10,-0.99,-0.20,-0.94
869.759,-0.23,-0.96,-0.19,-0.99
869.781,-0.34,-1.01,-0.21,-1.01
869.803,-0.40,-1.11,-0.24,-1.01
869.825,-0.43,-0.81,-0.30,-0.98
869.847,-0.52,-0.80,-0.38,-0.94
869.869,-0.38,-0.91,-0.41,-0.93
869.891,-0.39,-1.05,-0.42,-0.94
869.913,-0.27,-1.04,-0.40,-0.92
869.935,-0.24,-0.97,-0.36,-0.95
869.957,-0.35,-0.84,-0.33,-0.96
869.979,-0.35,-1.00,-0.32,-0.98
870.001,-0.30,-0.89,-0.30,-0.95
870.023,-0.16,-0.99,-0.28,-0.94
870.045,-0.28,-0.89,-0.29,-0.92
870.067,-0.16,-1.00,-0.25,-0.95
870.089,-0.26,-1.15,-0.23,-0.98
870.111,-0.13,-0.98,-0.20,-1.00
870.133,-0.16,-0.94,-0.20,-0.99
870.155,-0.11,-0.95,-0.16,-1.00
870.177,-0.18,-0.93,-0.17,-0.99
870.199,-0.29,-0.83,-0.17,-0.93
870.221,-0.41,-1.06,-0.23,-0.94
870.243,-0.32,-0.95,-0.26,-0.94
870.265,-0.48,-0.83,-0.34,-0.92
870.287,-0.49,-0.82,-0.40,-0.90
870.309,-0.31,-0.96,-0.40,-0.92
870.331,-0.27,-0.90,-0.37,-0.89
870.353,-0.36,-0.98,-0.38,-0.90
870.375,-0.25,-0.98,-0.34,-0.93
870.397,-0.12,-0.95,-0.26,-0.95
870.419,-0.18,-0.97,-0.24,-0.96
870.441,-0.19,-0.90,-0.22,-0.96
870.463,-0.26,-1.07,-0.20,-0.97
870.485,-0.29,-0.86,-0.21,-0.95
870.507,-0.32,-0.96,-0.25,-0.95
870.529,-0.23,-1.01,-0.26,-0.96
870.551,-0.23,-0.99,-0.27,-0.98
870.573,-0.34,-0.94,-0.28,-0.95
870.595,-0.40,-0.88,-0.30,-0.96
870.617,-0.54,-0.97,-0.35,-0.96
870.639,-0.28,-1.16,-0.36,-0.99
870.661,-0.38,-0.89,-0.39,-0.97
870.683,-0.32,-0.80,-0.38,-0.94
870.705,-0.23,-0.79,-0.35,-0.92
870.727,-0.26,-0.77,-0.29,-0.88
870.749,-0.28,-0.90,-0.29,-0.83
870.771,-0.39,-0.97,-0.30,-0.85
870.793,-0.39,-0.91,-0.31,-0.87
870.815,-0.37,-1.01,-0.34,-0.91
870.837,-0.47,-1.01,-0.38,-0.96
870.859,-0.43,-0.91,-0.41,-0.96
870.881,-0.35,-0.98,-0.40,-0.96
870.903,-0.37,-0.90,-0.40,-0.96
870.925,-0.39,-0.86,-0.40,-0.93
870.947,-0.31,-0.82,-0.37,-0.89
870.969,-0.17,-0.74,-0.32,-0.86
870.991,-0.33,-0.85,-0.31,-0.83
871.013,-0.33,-0.82,-0.31,-0.82
871.035,-0.25,-0.86,-0.28,-0.82
871.057,-0.27,-0.92,-0.27,-0.84
871.079,-0.30,-0.98,-0.30,-0.89
871.101,-0.23,-1.01,-0.28,-0.92
871.123,-0.33,-0.94,-0.28,-0.94
871.145,-0.32,-1.04,-0.29,-0.98
871.167,-0.27,-0.94,-0.29,-0.98
871.189,-0.28,-1.17,-0.29,-1.02
871.211,-0.23,-1.03,-0.29,-1.02
871.233,-0.20,-1.09,-0.26,-1.05
871.255,-0.28,-1.08,-0.25,-1.06
871.277,-0.16,-0.99,-0.23,-1.07
871.299,-0.24,-1.02,-0.22,-1.04
871.321,-0.29,-1.12,-0.23,-1.06
871.343,-0.27,-1.02,-0.25,-1.05
871.365,-0.32,-0.97,-0.26,-1.02
871.387,-0.36,-0.93,-0.30,-1.01
871.409,-0.42,-0.93,-0.33,-0.99
871.431,-0.21,-1.08,-0.32,-0.99
871.453,-0.25,-0.67,-0.31,-0.92
871.475,-0.27,-0.67,-0.30,-0.86
871.497,-0.26,-0.88,-0.28,-0.85
871.519,-0.14,-0.99,-0.23,-0.86
871.541,-0.18,-0.92,-0.22,-0.83
871.563,-0.26,-0.93,-0.22,-0.88
871.585,-0.44,-0.90,-0.26,-0.92
871.607,-0.46,-1.12,-0.30,-0.97
871.629,-0.45,-0.99,-0.36,-0.97
871.651,-0.44,-0.94,-0.41,-0.98
871.673,-0.28,-0.81,-0.41,-0.95
871.695,-0.18,-0.92,-0.36,-0.96
871.717,-0.11,-0.93,-0.29,-0.92
871.739,-0.23,-0.86,-0.25,-0.89
871.761,-0.24,-0.85,-0.21,-0.87
871.783,-0.20,-0.83,-0.19,-0.88
871.805,-0.22,-0.93,-0.20,-0.88
871.827,-0.38,-0.91,-0.25,-0.88
871.849,-0.54,-0.92,-0.32,-0.89
871.871,-0.47,-0.85,-0.36,-0.89
871.893,-0.37,-0.96,-0.40,-0.91
871.915,-0.17,-0.98,-0.39,-0.92
871.937,-0.19,-0.81,-0.35,-0.90
871.959,-0.32,-1.05,-0.30,-0.93
871.981,-0.33,-0.96,-0.28,-0.95
872.003,-0.33,-1.01,-0.27,-0.96
872.025,-0.37,-0.94,-0.31,-0.95
872.047,-0.29,-0.85,-0.33,-0.96
872.069,-0.23,-0.91,-0.31,-0.93
872.091,-0.27,-0.88,-0.30,-0.92
872.113,-0.26,-0.97,-0.28,-0.91
872.135,-0.29,-0.79,-0.27,-0.88
872.157,-0.41,-0.93,-0.29,-0.90
872.179,-0.33,-0.90,-0.31,-0.89
872.201,-0.43,-0.95,-0.34,-0.91
872.223,-0.34,-0.87,-0.36,-0.89
872.245,-0.43,-0.94,-0.39,-0.92
872.267,-0.32,-1.01,-0.37,-0.93
872.289,-0.38,-1.14,-0.38,-0.98
872.311,-0.40,-1.08,-0.37,-1.01
872.333,-0.32,-1.00,-0.37,-1.03
872.355,-0.32,-1.01,-0.35,-1.05
872.377,-0.32,-1.09,-0.35,-1.06
872.399,-0.34,-1.06,-0.34,-1.05
872.421,-0.29,-1.20,-0.32,-1.07
872.443,-0.28,-0.99,-0.31,-1.07
872.465,-0.14,-0.93,-0.27,-1.05
872.487,-0.25,-1.05,-0.26,-1.05
872.509,-0.30,-1.06,-0.25,-1.05
872.531,-0.35,-1.03,-0.26,-1.01
872.553,-0.38,-1.09,-0.28,-1.03
872.575,-0.18,-1.03,-0.29,-1.05
872.597,-0.31,-1.02,-0.30,-1.05
872.619,-0.30,-1.07,-0.30,-1.05
872.641,-0.35,-0.82,-0.30,-1.01
872.663,-0.18,-1.06,-0.26,-1.00
872.685,-0.23,-1.09,-0.27,-1.01
872.707,-0.39,-0.85,-0.29,-0.98
872.729,-0.25,-0.87,-0.28,-0.94
872.751,-0.20,-0.93,-0.25,-0.96
872.773,-0.07,-1.07,-0.23,-0.96
872.795,-0.30,-0.98,-0.24,-0.94
872.817,-0.36,-0.85,-0.24,-0.94
872.839,-0.31,-0.98,-0.25,-0.96
872.861,-0.20,-0.99,-0.25,-0.97
872.883,-0.17,-0.99,-0.27,-0.96
872.905,-0.42,-0.98,-0.29,-0.96
872.927,-0.31,-0.99,-0.28,-0.99
872.949,-0.23,-0.88,-0.27,-0.97
872.971,-0.36,-0.75,-0.30,-0.92
872.993,-0.22,-0.91,-0.31,-0.90
873.015,-0.21,-0.86,-0.27,-0.88
873.037,-0.37,-0.83,-0.28,-0.85
873.059,-0.34,-0.84,-0.30,-0.84
873.081,-0.34,-0.86,-0.30,-0.86
873.103,-0.34,-0.79,-0.32,-0.84
873.125,-0.28,-0.89,-0.33,-0.84
873.147,-0.42,-1.05,-0.34,-0.89
873.169,-0.33,-1.13,-0.34,-0.94
873.191,-0.31,-1.00,-0.34,-0.97
873.213,-0.26,-0.92,-0.32,-1.00
873.235,-0.19,-0.84,-0.30,-0.99
873.257,-0.23,-0.98,-0.26,-0.97
873.279,-0.08,-0.79,-0.21,-0.91
873.301,-0.13,-0.98,-0.18,-0.90
873.323,-0.18,-0.98,-0.16,-0.91
873.345,-0.16,-1.07,-0.16,-0.96
873.367,-0.19,-1.10,-0.15,-0.98
873.389,-0.28,-1.00,-0.19,-1.03
873.411,-0.40,-0.89,-0.24,-1.01
873.433,-0.40,-0.79,-0.29,-0.97
873.455,-0.32,-0.88,-0.32,-0.93
873.477,-0.36,-1.06,-0.35,-0.92
873.499,-0.30,-1.09,-0.36,-0.94
873.521,-0.27,-0.91,-0.33,-0.95
873.543,-0.40,-0.95,-0.33,-0.98
873.565,-0.42,-0.88,-0.35,-0.98
873.587,-0.38,-0.83,-0.35,-0.93
873.609,-0.29,-0.77,-0.35,-0.87
873.631,-0.39,-0.81,-0.38,-0.85
873.653,-0.34,-0.82,-0.36,-0.82
873.675,-0.32,-0.76,-0.34,-0.80
873.697,-0.54,-0.89,-0.38,-0.81
873.719,-0.34,-0.80,-0.39,-0.82
873.741,-0.21,-0.79,-0.35,-0.81
873.763,-0.34,-0.91,-0.35,-0.83
873.785,-0.32,-0.88,-0.35,-0.85
873.807,-0.36,-0.92,-0.31,-0.86
873.829,-0.27,-0.93,-0.30,-0.89
873.851,-0.38,-0.86,-0.33,-0.90
873.873,-0.23,-0.83,-0.31,-0.88
873.895,-0.08,-0.87,-0.26,-0.88
873.917,-0.28,-0.89,-0.25,-0.88
873.939,-0.30,-1.07,-0.25,-0.90
873.961,-0.28,-0.85,-0.23,-0.90
873.983,-0.34,-0.96,-0.26,-0.93
874.005,-0.22,-0.84,-0.28,-0.92
874.027,-0.30,-0.89,-0.29,-0.92
874.049,-0.22,-0.78,-0.27,-0.86
874.071,-0.29,-0.82,-0.27,-0.86
874.093,-0.31,-0.84,-0.27,-0.83
874.115,-0.36,-1.12,-0.30,-0.89
874.137,-0.37,-1.01,-0.31,-0.91
874.159,-0.28,-0.97,-0.32,-0.95
874.181,-0.35,-0.99,-0.33,-0.99
874.203,-0.33,-0.84,-0.34,-0.99
874.225,-0.43,-0.97,-0.35,-0.96
874.247,-0.37,-0.93,-0.35,-0.94
874.269,-0.28,-1.00,-0.35,-0.95
874.291,-0.25,-1.02,-0.33,-0.95
874.313,-0.30,-1.09,-0.33,-1.00
874.335,-0.22,-1.01,-0.28,-1.01
874.357,-0.27,-1.15,-0.26,-1.05
874.379,-0.17,-1.01,-0.24,-1.06
874.401,-0.26,-0.88,-0.24,-1.03
874.423,-0.28,-0.93,-0.24,-1.00
874.445,-0.29,-0.83,-0.25,-0.96
874.467,-0.24,-0.85,-0.25,-0.90
874.489,-0.32,-0.84,-0.28,-0.87
874.511,-0.39,-1.03,-0.30,-0.90
874.533,-0.55,-0.92,-0.36,-0.89
874.555,-0.39,-0.79,-0.38,-0.89
874.577,-0.46,-0.75,-0.42,-0.87
874.599,-0.51,-0.88,-0.46,-0.87
874.621,-0.42,-0.79,-0.47,-0.83
874.643,-0.42,-0.75,-0.44,-0.79
874.665,-0.30,-0.74,-0.42,-0.78
874.687,-0.25,-1.06,-0.38,-0.84
874.709,-0.33,-1.02,-0.34,-0.87
874.731,-0.40,-0.85,-0.34,-0.88
874.753,-0.39,-0.84,-0.33,-0.90
874.775,-0.50,-0.63,-0.37,-0.88
874.797,-0.33,-0.78,-0.39,-0.82
874.819,-0.40,-0.91,-0.40,-0.80
874.841,-0.22,-0.96,-0.37,-0.82
874.863,-0.12,-0.86,-0.31,-0.83
874.885,-0.12,-0.87,-0.24,-0.88
874.907,-0.20,-0.96,-0.21,-0.91
874.929,-0.36,-0.91,-0.20,-0.91
874.951,-0.34,-0.99,-0.23,-0.92
874.973,-0.42,-0.99,-0.29,-0.94
874.995,-0.25,-1.05,-0.31,-0.98
875.017,-0.28,-1.04,-0.33,-1.00
875.039,-0.31,-1.03,-0.32,-1.02
875.061,-0.46,-0.97,-0.34,-1.02
875.083,-0.19,-1.02,-0.30,-1.02
875.105,-0.29,-1.17,-0.31,-1.05
875.127,-0.27,-0.97,-0.30,-1.03
875.149,-0.18,-0.80,-0.28,-0.99
875.171,-0.32,-0.94,-0.25,-0.98
875.193,-0.37,-0.95,-0.29,-0.97
875.215,-0.23,-0.97,-0.27,-0.93
875.237,-0.28,-1.06,-0.28,-0.94
875.259,-0.34,-0.97,-0.31,-0.98
875.281,-0.36,-0.92,-0.32,-0.97
875.303,-0.36,-0.94,-0.31,-0.97
875.325,-0.47,-0.94,-0.36,-0.97
875.347,-0.35,-0.90,-0.38,-0.93
875.369,-0.35,-0.97,-0.38,-0.93
875.391,-0.27,-0.93,-0.36,-0.94
875.413,-0.34,-0.88,-0.36,-0.92
875.435,-0.20,-0.90,-0.30,-0.92
875.457,-0.27,-0.93,-0.29,-0.92
875.479,-0.31,-0.85,-0.28,-0.90
875.501,-0.25,-0.81,-0.27,-0.87
875.523,-0.28,-0.80,-0.26,-0.86
875.545,-0.13,-0.69,-0.25,-0.82
875.567,-0.25,-0.85,-0.24,-0.80
875.589,-0.31,-1.04,-0.24,-0.84
875.611,-0.42,-0.90,-0.28,-0.86
875.633,-0.45,-1.00,-0.31,-0.90
875.655,-0.35,-0.93,-0.36,-0.94
875.677,-0.30,-1.05,-0.37,-0.98
875.699,-0.13,-1.03,-0.33,-0.98
875.721,-0.13,-0.94,-0.27,-0.99
875.743,-0.22,-0.97,-0.23,-0.98
875.765,-0.31,-0.82,-0.22,-0.96
875.787,-0.34,-0.90,-0.23,-0.93
875.809,-0.51,-1.08,-0.30,-0.94
875.831,-0.23,-1.07,-0.32,-0.97
875.853,-0.44,-0.93,-0.37,-0.96
875.875,-0.25,-0.93,-0.35,-0.98
875.897,-0.33,-1.00,-0.35,-1.00
875.919,-0.33,-0.96,-0.32,-0.98
875.941,-0.25,-1.05,-0.32,-0.97
875.963,-0.17,-1.00,-0.27,-0.99
875.985,-0.29,-0.93,-0.27,-0.99
876.007,-0.33,-0.84,-0.27,-0.96
876.029,-0.26,-1.00,-0.26,-0.96
876.051,-0.26,-1.05,-0.26,-0.96
876.073,-0.26,-1.00,-0.28,-0.96
876.095,-0.31,-0.94,-0.28,-0.97
876.117,-0.40,-1.01,-0.30,-1.00
876.139,-0.31,-0.94,-0.31,-0.99
876.161,-0.28,-0.93,-0.31,-0.96
876.183,-0.30,-0.81,-0.32,-0.93
876.205,-0.42,-0.99,-0.34,-0.94
876.227,-0.32,-1.00,-0.33,-0.93
876.249,-0.39,-0.88,-0.34,-0.92
876.271,-0.32,-1.03,-0.35,-0.94
876.293,-0.38,-1.06,-0.37,-0.99
876.315,-0.42,-0.96,-0.37,-0.99
876.337,-0.35,-0.90,-0.37,-0.97
876.359,-0.40,-0.90,-0.37,-0.97
876.381,-0.39,-0.89,-0.39,-0.94
876.403,-0.38,-0.92,-0.39,-0.91
876.425,-0.36,-0.83,-0.38,-0.89
876.447,-0.48,-0.99,-0.40,-0.91
876.469,-0.52,-0.91,-0.43,-0.91
876.491,-0.57,-0.79,-0.46,-0.89
876.513,-0.32,-1.04,-0.45,-0.91
876.535,-0.18,-1.22,-0.41,-0.99
876.557,-0.38,-1.18,-0.39,-1.03
876.579,-0.32,-1.11,-0.35,-1.07
876.601,-0.25,-1.18,-0.29,-1.15
876.623,-0.18,-1.11,-0.26,-1.16
876.645,-0.29,-1.06,-0.28,-1.13
876.667,-0.28,-1.01,-0.26,-1.09
876.689,-0.31,-0.85,-0.26,-1.04
876.711,-0.19,-0.82,-0.25,-0.97
876.733,-0.16,-0.95,-0.25,-0.94
876.755,-0.22,-1.01,-0.23,-0.93
876.777,-0.26,-0.92,-0.23,-0.91
876.799,-0.36,-0.89,-0.24,-0.92
876.821,-0.43,-0.86,-0.29,-0.93
876.843,-0.46,-0.97,-0.35,-0.93
876.865,-0.39,-1.08,-0.38,-0.94
876.887,-0.41,-1.02,-0.41,-0.96
876.909,-0.27,-0.95,-0.39,-0.98
876.931,-0.31,-1.06,-0.37,-1.02
876.953,-0.29,-0.95,-0.33,-1.01
876.975,-0.31,-1.01,-0.32,-1.00
876.997,-0.25,-0.87,-0.29,-0.97
877.019,-0.24,-0.99,-0.28,-0.98
877.041,-0.21,-0.96,-0.26,-0.96
877.063,-0.33,-0.93,-0.27,-0.95
877.085,-0.44,-0.94,-0.29,-0.94
877.107,-0.27,-0.85,-0.30,-0.93
877.129,-0.36,-0.97,-0.32,-0.93
877.151,-0.31,-0.86,-0.34,-0.91
877.173,-0.34,-0.81,-0.34,-0.89
877.195,-0.39,-0.91,-0.33,-0.88
877.217,-0.34,-0.97,-0.35,-0.90
877.239,-0.35,-0.89,-0.35,-0.89
877.261,-0.19,-0.76,-0.32,-0.87
877.283,-0.25,-0.87,-0.30,-0.88
877.305,-0.30,-1.06,-0.29,-0.91
877.327,-0.25,-0.95,-0.27,-0.91
877.349,-0.29,-0.94,-0.26,-0.92
877.371,-0.30,-1.03,-0.28,-0.97
877.393,-0.42,-1.16,-0.31,-1.03
877.415,-0.36,-1.02,-0.32,-1.02
877.437,-0.40,-1.14,-0.35,-1.06
877.459,-0.25,-1.01,-0.35,-1.07
877.481,-0.29,-1.01,-0.34,-1.07
877.503,-0.30,-1.03,-0.32,-1.04
877.525,-0.22,-0.99,-0.29,-1.04
877.547,-0.12,-1.03,-0.24,-1.01
877.569,-0.05,-1.08,-0.20,-1.03
877.591,-0.17,-0.92,-0.17,-1.01
877.613,-0.24,-1.06,-0.16,-1.02
877.635,-0.24,-0.96,-0.16,-1.01
877.657,-0.33,-1.10,-0.21,-1.02
877.679,-0.30,-1.03,-0.26,-1.01
877.701,-0.20,-1.06,-0.26,-1.04
877.723,-0.20,-1.06,-0.25,-1.04
877.745,-0.25,-0.91,-0.26,-1.03
877.767,-0.30,-0.85,-0.25,-0.98
877.789,-0.32,-0.89,-0.25,-0.95
877.811,-0.36,-0.88,-0.29,-0.92
877.833,-0.29,-0.91,-0.30,-0.89
877.855,-0.39,-0.99,-0.33,-0.90
877.877,-0.41,-1.01,-0.35,-0.94
877.899,-0.31,-0.98,-0.35,-0.95
877.921,-0.25,-0.95,-0.33,-0.97
877.943,-0.26,-1.14,-0.32,-1.01
877.965,-0.39,-1.22,-0.32,-1.06
877.987,-0.21,-1.05,-0.28,-1.07
878.009,-0.36,-0.88,-0.29,-1.05
878.031,-0.35,-0.97,-0.31,-1.05
878.053,-0.41,-1.10,-0.34,-1.04
878.075,-0.52,-0.87,-0.37,-0.97
878.097,-0.42,-1.01,-0.41,-0.97
878.119,-0.41,-0.95,-0.42,-0.98
878.141,-0.33,-1.10,-0.42,-1.01
878.163,-0.22,-0.98,-0.38,-0.98
878.185,-0.17,-1.01,-0.31,-1.01
878.207,-0.14,-0.96,-0.25,-1.00
878.229,-0.24,-0.98,-0.22,-1.01
878.251,-0.37,-0.72,-0.23,-0.93
878.273,-0.37,-0.71,-0.26,-0.88
878.295,-0.30,-0.91,-0.28,-0.86
878.317,-0.41,-0.96,-0.34,-0.86
878.339,-0.20,-0.96,-0.33,-0.85
878.361,-0.15,-1.02,-0.29,-0.91
878.383,-0.30,-0.95,-0.27,-0.96
878.405,-0.29,-0.98,-0.27,-0.97
878.427,-0.32,-0.85,-0.25,-0.95
878.449,-0.42,-0.89,-0.30,-0.94
878.471,-0.40,-1.08,-0.35,-0.95
878.493,-0.36,-0.95,-0.36,-0.95
878.515,-0.33,-1.01,-0.37,-0.96
878.537,-0.33,-0.95,-0.37,-0.98
878.559,-0.30,-0.94,-0.34,-0.99
878.581,-0.25,-0.94,-0.31,-0.96
878.603,-0.47,-0.78,-0.34,-0.92
878.625,-0.38,-0.75,-0.35,-0.87
878.647,-0.31,-0.82,-0.34,-0.85
878.669,-0.46,-0.88,-0.37,-0.83
878.691,-0.44,-1.07,-0.41,-0.86
878.713,-0.36,-1.04,-0.39,-0.91
878.735,-0.21,-1.06,-0.36,-0.97
878.757,-0.15,-1.12,-0.32,-1.03
878.779,-0.09,-1.05,-0.25,-1.07
878.801,-0.17,-0.90,-0.20,-1.03
878.823,-0.34,-0.93,-0.19,-1.01
878.845,-0.36,-0.99,-0.22,-1.00
878.867,-0.25,-0.96,-0.24,-0.97
878.889,-0.24,-1.04,-0.27,-0.96
878.911,-0.22,-1.20,-0.28,-1.02
878.933,-0.18,-0.98,-0.25,-1.03
878.955,-0.32,-0.73,-0.24,-0.98
878.977,-0.23,-0.86,-0.24,-0.96
878.999,-0.22,-0.84,-0.23,-0.92
879.021,-0.30,-0.89,-0.25,-0.86
879.043,-0.50,-0.84,-0.31,-0.83
879.065,-0.44,-1.07,-0.34,-0.90
879.087,-0.30,-0.99,-0.35,-0.93
879.109,-0.27,-1.03,-0.36,-0.96
879.131,-0.31,-1.08,-0.36,-1.00
879.153,-0.44,-0.89,-0.35,-1.01
879.175,-0.46,-1.08,-0.36,-1.01
879.197,-0.47,-0.90,-0.39,-1.00
879.219,-0.33,-0.83,-0.40,-0.96
879.241,-0.26,-0.78,-0.39,-0.90
879.263,-0.32,-0.87,-0.37,-0.89
879.285,-0.32,-0.98,-0.34,-0.87
879.307,-0.29,-1.05,-0.30,-0.90
879.329,-0.34,-1.02,-0.31,-0.94
879.351,-0.25,-1.00,-0.30,-0.98
879.373,-0.39,-1.04,-0.32,-1.02
879.395,-0.37,-0.98,-0.33,-1.02
879.417,-0.46,-1.02,-0.36,-1.01
879.439,-0.31,-1.07,-0.36,-1.02
879.461,-0.35,-1.10,-0.38,-1.04
879.483,-0.27,-1.07,-0.35,-1.05
879.505,-0.43,-1.05,-0.36,-1.06
879.527,-0.36,-0.91,-0.34,-1.04
879.549,-0.33,-0.92,-0.35,-1.01
879.571,-0.30,-0.92,-0.34,-0.97
879.593,-0.28,-1.03,-0.34,-0.97
879.615,-0.33,-0.95,-0.32,-0.95
879.637,-0.34,-0.99,-0.32,-0.96
879.659,-0.42,-1.08,-0.33,-0.99
879.681,-0.34,-0.86,-0.34,-0.98
879.703,-0.39,-0.94,-0.36,-0.96
879.725,-0.41,-0.90,-0.38,-0.95
879.747,-0.35,-0.94,-0.38,-0.94
879.769,-0.29,-0.99,-0.36,-0.93
879.791,-0.30,-0.94,-0.35,-0.94
879.813,-0.22,-0.94,-0.31,-0.94
879.835,-0.29,-0.85,-0.29,-0.93
879.857,-0.26,-0.88,-0.27,-0.92
879.879,-0.32,-0.83,-0.28,-0.89
879.901,-0.33,-0.91,-0.28,-0.88
879.923,-0.31,-0.99,-0.30,-0.89
879.945,-0.27,-0.98,-0.30,-0.92
879.967,-0.29,-0.83,-0.30,-0.91
879.989,-0.33,-0.74,-0.31,-0.89
880.011,-0.40,-0.87,-0.32,-0.88
880.033,-0.33,-0.87,-0.32,-0.86
880.055,-0.23,-0.90,-0.32,-0.84
880.077,-0.23,-1.07,-0.30,-0.89
880.099,-0.25,-1.03,-0.29,-0.95
880.121,-0.05,-0.89,-0.22,-0.95
880.143,-0.19,-0.93,-0.19,-0.96
880.165,-0.40,-0.89,-0.22,-0.96
880.187,-0.23,-0.92,-0.22,-0.93
880.209,-0.29,-1.03,-0.23,-0.93
880.231,-0.28,-1.09,-0.28,-0.97
880.253,-0.23,-1.20,-0.29,-1.03
880.275,-0.34,-0.94,-0.27,-1.04
880.297,-0.40,-0.89,-0.31,-1.03
880.319,-0.40,-0.98,-0.33,-1.02
880.341,-0.38,-1.04,-0.35,-1.01
880.363,-0.35,-0.80,-0.37,-0.93
880.385,-0.33,-0.82,-0.37,-0.91
880.407,-0.33,-0.92,-0.36,-0.91
880.429,-0.35,-0.93,-0.35,-0.90
880.451,-0.18,-1.00,-0.31,-0.89
880.473,-0.25,-0.91,-0.29,-0.92
880.495,-0.28,-1.02,-0.28,-0.96
880.517,-0.39,-0.97,-0.29,-0.97
880.539,-0.40,-1.05,-0.30,-0.99
880.561,-0.28,-1.03,-0.32,-1.00
880.583,-0.30,-1.07,-0.33,-1.03
880.605,-0.23,-0.94,-0.32,-1.01
880.627,-0.23,-0.95,-0.29,-1.01
880.649,-0.26,-0.92,-0.26,-0.98
880.671,-0.22,-0.97,-0.25,-0.97
880.693,-0.39,-0.89,-0.27,-0.93
880.715,-0.25,-0.92,-0.27,-0.93
880.737,-0.49,-0.96,-0.32,-0.93
880.759,-0.45,-0.89,-0.36,-0.93
880.781,-0.34,-0.84,-0.38,-0.90
880.803,-0.26,-0.98,-0.36,-0.92
880.825,-0.38,-0.99,-0.38,-0.93
880.847,-0.38,-0.96,-0.36,-0.93
880.869,-0.30,-0.88,-0.33,-0.93
880.891,-0.15,-0.81,-0.29,-0.92
880.913,-0.09,-0.87,-0.26,-0.90
880.935,-0.17,-0.67,-0.22,-0.84
880.957,-0.30,-0.88,-0.20,-0.82
880.979,-0.25,-0.89,-0.19,-0.82
881.001,-0.35,-0.95,-0.23,-0.85
881.023,-0.13,-0.95,-0.24,-0.87
881.045,-0.28,-0.91,-0.26,-0.92
881.067,-0.28,-0.91,-0.26,-0.92
881.089,-0.40,-0.86,-0.29,-0.92
881.111,-0.44,-0.95,-0.31,-0.92
881.133,-0.47,-0.97,-0.37,-0.92
881.155,-0.50,-0.99,-0.42,-0.94
881.177,-0.44,-0.96,-0.45,-0.95
881.199,-0.43,-0.89,-0.46,-0.95
881.221,-0.42,-0.73,-0.45,-0.91
881.243,-0.50,-0.96,-0.46,-0.91
881.265,-0.35,-1.06,-0.43,-0.92
881.287,-0.22,-1.05,-0.38,-0.94
881.309,-0.26,-0.87,-0.35,-0.93
881.331,-0.33,-0.90,-0.33,-0.97
881.353,-0.38,-0.94,-0.31,-0.96
881.375,-0.34,-0.84,-0.31,-0.92
881.397,-0.18,-1.09,-0.30,-0.93
881.419,-0.23,-0.96,-0.29,-0.95
881.441,-0.37,-0.78,-0.30,-0.92
881.463,-0.28,-0.94,-0.28,-0.92
881.485,-0.45,-1.03,-0.30,-0.96
881.507,-0.27,-1.14,-0.32,-0.97
881.529,-0.29,-1.22,-0.33,-1.02
881.551,-0.33,-0.96,-0.32,-1.06
881.573,-0.31,-1.05,-0.33,-1.08
881.595,-0.24,-0.90,-0.29,-1.05
881.617,-0.25,-0.97,-0.28,-1.02
881.639,-0.38,-0.84,-0.30,-0.94
881.661,-0.20,-0.89,-0.28,-0.93
881.683,-0.26,-0.85,-0.27,-0.89
881.705,-0.23,-0.97,-0.26,-0.90
881.727,-0.35,-0.95,-0.28,-0.90
881.749,-0.36,-0.99,-0.28,-0.93
881.771,-0.29,-0.89,-0.30,-0.93
881.793,-0.27,-1.03,-0.30,-0.97
881.815,-0.20,-1.20,-0.29,-1.01
881.837,-0.31,-1.06,-0.29,-1.03
881.859,-0.32,-1.04,-0.28,-1.04
881.881,-0.37,-1.11,-0.29,-1.09
881.903,-0.19,-1.12,-0.28,-1.11
881.925,-0.33,-0.89,-0.30,-1.04
881.947,-0.23,-0.83,-0.29,-1.00
881.969,-0.32,-1.00,-0.29,-0.99
881.991,-0.27,-1.03,-0.27,-0.97
882.013,-0.19,-0.93,-0.27,-0.94
882.035,-0.33,-1.16,-0.27,-0.99
882.057,-0.38,-1.13,-0.30,-1.05
882.079,-0.38,-1.06,-0.31,-1.06
882.101,-0.28,-0.99,-0.31,-1.05
882.123,-0.26,-0.99,-0.33,-1.07
882.145,-0.21,-0.84,-0.30,-1.00
882.167,-0.27,-0.78,-0.28,-0.93
882.189,-0.24,-0.76,-0.25,-0.87
882.211,-0.32,-0.95,-0.26,-0.86
882.233,-0.45,-1.19,-0.30,-0.90
882.255,-0.39,-0.97,-0.33,-0.93
882.277,-0.29,-0.96,-0.34,-0.97
882.299,-0.40,-1.06,-0.37,-1.03
882.321,-0.39,-1.14,-0.38,-1.06
882.343,-0.15,-1.14,-0.32,-1.05
882.365,-0.18,-1.16,-0.28,-1.09
882.387,-0.31,-1.04,-0.29,-1.11
882.409,-0.05,-1.02,-0.22,-1.10
882.431,-0.10,-1.14,-0.16,-1.10
882.453,-0.21,-1.12,-0.17,-1.10
882.475,-0.23,-0.95,-0.18,-1.05
882.497,-0.14,-0.86,-0.15,-1.02
882.519,-0.27,-0.94,-0.19,-1.00
882.541,-0.27,-0.87,-0.22,-0.95
882.563,-0.41,-0.97,-0.26,-0.92
882.585,-0.35,-1.06,-0.29,-0.94
882.607,-0.31,-0.97,-0.32,-0.96
882.629,-0.35,-1.13,-0.34,-1.00
882.651,-0.32,-0.95,-0.35,-1.02
882.673,-0.24,-1.01,-0.31,-1.02
882.695,-0.34,-0.86,-0.31,-0.98
882.717,-0.33,-0.98,-0.32,-0.99
882.739,-0.30,-1.04,-0.31,-0.97
882.761,-0.40,-0.93,-0.32,-0.96
882.783,-0.31,-1.07,-0.34,-0.98
882.805,-0.26,-0.98,-0.32,-1.00
882.827,-0.33,-0.91,-0.32,-0.99
882.849,-0.44,-0.84,-0.35,-0.95
882.871,-0.31,-0.89,-0.33,-0.94
882.893,-0.51,-0.96,-0.37,-0.92
882.915,-0.45,-0.88,-0.41,-0.90
882.937,-0.37,-0.94,-0.42,-0.90
882.959,-0.28,-1.10,-0.38,-0.95
882.981,-0.24,-0.90,-0.37,-0.96
883.003,-0.17,-1.00,-0.30,-0.96
883.025,-0.18,-1.00,-0.25,-0.99
883.047,-0.19,-0.88,-0.21,-0.98
883.069,-0.04,-0.82,-0.16,-0.92
883.091,-0.20,-0.90,-0.16,-0.92
883.113,-0.23,-0.90,-0.17,-0.90
883.135,-0.24,-1.06,-0.18,-0.91
883.157,-0.29,-0.95,-0.20,-0.93
883.179,-0.28,-1.02,-0.25,-0.97
883.201,-0.18,-1.04,-0.24,-0.99
883.223,-0.12,-1.00,-0.22,-1.01
883.245,-0.10,-0.97,-0.19,-1.00
883.267,-0.29,-0.85,-0.19,-0.98
883.289,-0.26,-0.86,-0.19,-0.94
883.311,-0.31,-0.91,-0.22,-0.92
883.333,-0.26,-1.16,-0.24,-0.95
883.355,-0.34,-0.93,-0.29,-0.94
883.377,-0.42,-0.94,-0.32,-0.96
883.399,-0.45,-1.00,-0.36,-0.99
883.421,-0.41,-0.99,-0.38,-1.00
883.443,-0.38,-0.90,-0.40,-0.95
883.465,-0.31,-0.80,-0.39,-0.93
883.487,-0.47,-0.89,-0.40,-0.92
883.509,-0.43,-0.90,-0.40,-0.90
883.531,-0.27,-0.75,-0.37,-0.85
883.553,-0.27,-0.93,-0.35,-0.85
883.575,-0.34,-0.99,-0.36,-0.89
883.597,-0.36,-1.00,-0.33,-0.91
883.619,-0.24,-0.92,-0.30,-0.92
883.641,-0.23,-0.83,-0.29,-0.93
883.663,-0.20,-0.81,-0.27,-0.91
883.685,-0.31,-0.89,-0.27,-0.89
883.707,-0.30,-0.91,-0.26,-0.87
883.729,-0.16,-0.95,-0.24,-0.88
883.751,-0.25,-1.14,-0.24,-0.94
883.773,-0.26,-1.03,-0.26,-0.98
883.795,-0.41,-0.91,-0.28,-0.99
883.817,-0.44,-0.82,-0.30,-0.97
883.839,-0.26,-0.97,-0.32,-0.97
883.861,-0.27,-1.05,-0.33,-0.96
883.883,-0.26,-1.20,-0.33,-0.99
883.905,-0.32,-1.05,-0.31,-1.02
883.927,-0.33,-1.06,-0.29,-1.07
883.949,-0.38,-0.93,-0.31,-1.06
883.971,-0.34,-0.90,-0.33,-1.03
883.993,-0.34,-0.91,-0.34,-0.97
884.015,-0.37,-0.83,-0.35,-0.93
884.037,-0.30,-0.89,-0.35,-0.89
884.059,-0.30,-0.92,-0.33,-0.89
884.081,-0.40,-1.01,-0.34,-0.91
884.103,-0.41,-0.91,-0.36,-0.91
884.125,-0.44,-1.08,-0.37,-0.96
884.147,-0.39,-1.01,-0.39,-0.99
884.169,-0.35,-0.95,-0.40,-0.99
884.191,-0.43,-0.98,-0.40,-0.99
884.213,-0.38,-0.91,-0.40,-0.99
884.235,-0.49,-1.00,-0.41,-0.97
884.257,-0.35,-1.01,-0.40,-0.97
884.279,-0.28,-1.01,-0.39,-0.98
884.301,-0.34,-1.00,-0.37,-0.99
884.323,-0.16,-0.91,-0.32,-0.99
884.345,-0.32,-0.91,-0.29,-0.97
884.367,-0.39,-0.97,-0.30,-0.96
884.389,-0.34,-1.05,-0.31,-0.97
884.411,-0.24,-0.84,-0.29,-0.94
884.433,-0.34,-0.91,-0.33,-0.94
884.455,-0.08,-0.92,-0.28,-0.94
884.477,-0.27,-0.97,-0.25,-0.94
884.499,-0.27,-0.92,-0.24,-0.91
884.521,-0.26,-0.82,-0.24,-0.91
884.543,-0.10,-0.68,-0.20,-0.86
884.565,-0.22,-0.66,-0.22,-0.81
884.587,-0.28,-0.84,-0.23,-0.78
884.609,-0.17,-0.76,-0.21,-0.75
884.631,-0.23,-0.82,-0.20,-0.75
884.653,-0.44,-0.71,-0.27,-0.76
884.675,-0.41,-0.90,-0.31,-0.81
884.697,-0.26,-1.10,-0.30,-0.86
884.719,-0.43,-0.97,-0.35,-0.90
884.741,-0.36,-0.86,-0.38,-0.91
884.763,-0.12,-0.93,-0.32,-0.95
884.785,-0.23,-0.97,-0.28,-0.97
884.807,-0.31,-0.97,-0.29,-0.94
884.829,-0.42,-1.06,-0.29,-0.96
884.851,-0.33,-1.16,-0.28,-1.02
884.873,-0.29,-1.00,-0.32,-1.03
884.895,-0.27,-0.91,-0.32,-1.02
884.917,-0.31,-0.91,-0.32,-1.01
884.939,-0.42,-0.70,-0.32,-0.94
884.961,-0.41,-0.89,-0.34,-0.88
884.983,-0.35,-1.08,-0.35,-0.90
885.005,-0.39,-0.97,-0.38,-0.91
885.027,-0.24,-1.04,-0.36,-0.94
885.049,-0.26,-0.91,-0.33,-0.98
885.071,-0.40,-0.88,-0.33,-0.98
885.093,-0.41,-0.82,-0.34,-0.92
885.115,-0.39,-0.88,-0.34,-0.91
885.137,-0.38,-0.70,-0.37,-0.84
885.159,-0.34,-0.98,-0.38,-0.85
885.181,-0.31,-1.05,-0.37,-0.89
885.203,-0.29,-1.06,-0.34,-0.93
885.225,-0.30,-0.88,-0.32,-0.93
885.247,-0.29,-0.87,-0.31,-0.97
885.269,-0.27,-0.82,-0.29,-0.94
885.291,-0.28,-0.83,-0.29,-0.89
885.313,-0.44,-0.69,-0.32,-0.82
885.335,-0.32,-0.78,-0.32,-0.80
885.357,-0.22,-0.95,-0.31,-0.81
885.379,-0.03,-1.07,-0.26,-0.86
885.401,-0.14,-1.04,-0.23,-0.91
885.423,-0.27,-1.03,-0.20,-0.97
885.445,-0.23,-1.19,-0.18,-1.06
885.467,-0.28,-1.00,-0.19,-1.07
885.489,-0.22,-0.87,-0.23,-1.03
885.511,-0.27,-1.00,-0.25,-1.02
885.533,-0.23,-0.96,-0.25,-1.00
885.555,-0.33,-0.94,-0.27,-0.95
885.577,-0.34,-1.00,-0.28,-0.95
885.599,-0.40,-1.01,-0.31,-0.98
885.621,-0.44,-0.81,-0.35,-0.94
885.643,-0.36,-0.89,-0.37,-0.93
885.665,-0.30,-1.07,-0.37,-0.96
885.687,-0.25,-0.94,-0.35,-0.94
885.709,-0.28,-1.15,-0.33,-0.97
885.731,-0.29,-0.98,-0.30,-1.01
885.753,-0.27,-1.07,-0.28,-1.04
885.775,-0.33,-1.04,-0.28,-1.04
885.797,-0.24,-0.99,-0.28,-1.05
885.819,-0.11,-0.95,-0.25,-1.01
885.841,-0.19,-0.96,-0.23,-1.00
885.863,-0.15,-0.91,-0.20,-0.97
885.885,-0.20,-1.02,-0.18,-0.97
885.907,-0.29,-0.86,-0.19,-0.94
885.929,-0.30,-0.89,-0.23,-0.93
885.951,-0.17,-0.98,-0.22,-0.93
885.973,-0.14,-0.96,-0.22,-0.94
885.995,-0.31,-0.82,-0.24,-0.90
886.017,-0.36,-0.85,-0.26,-0.90
886.039,-0.23,-1.02,-0.24,-0.93
886.061,-0.15,-0.90,-0.24,-0.91
886.083,-0.08,-0.71,-0.23,-0.86
886.105,-0.21,-0.79,-0.21,-0.85
886.127,-0.30,-0.80,-0.19,-0.84
886.149,-0.30,-0.89,-0.21,-0.82
886.171,-0.43,-0.94,-0.26,-0.83
886.193,-0.46,-0.92,-0.34,-0.87
886.215,-0.29,-0.87,-0.36,-0.88
886.237,-0.25,-0.88,-0.35,-0.90
886.259,-0.24,-1.09,-0.33,-0.94
886.281,-0.29,-1.02,-0.31,-0.96
886.303,-0.24,-0.88,-0.26,-0.95
886.325,-0.21,-0.98,-0.25,-0.97
886.347,-0.28,-0.94,-0.25,-0.98
886.369,-0.16,-0.84,-0.24,-0.93
886.391,-0.18,-0.95,-0.21,-0.92
886.413,-0.25,-0.84,-0.22,-0.91
886.435,-0.31,-0.79,-0.24,-0.87
886.457,-0.20,-0.92,-0.22,-0.87
886.479,-0.24,-1.04,-0.24,-0.91
886.501,-0.29,-0.92,-0.26,-0.90
886.523,-0.24,-0.82,-0.26,-0.90
886.545,-0.25,-0.82,-0.24,-0.90
886.567,-0.35,-0.82,-0.27,-0.88
886.589,-0.28,-0.89,-0.28,-0.85
886.611,-0.19,-0.76,-0.26,-0.82
886.633,-0.26,-1.00,-0.27,-0.86
886.655,-0.21,-0.98,-0.26,-0.89
886.677,-0.27,-0.83,-0.24,-0.89
886.699,-0.28,-0.99,-0.24,-0.91
886.721,-0.30,-1.11,-0.26,-0.98
886.743,-0.24,-1.05,-0.26,-0.99
886.765,-0.27,-0.90,-0.27,-0.98
886.787,-0.12,-1.00,-0.24,-1.01
886.809,-0.28,-0.99,-0.24,-1.01
886.831,-0.13,-0.94,-0.21,-0.98
886.853,-0.13,-1.03,-0.19,-0.97
886.875,-0.24,-1.04,-0.18,-1.00
886.897,-0.33,-0.98,-0.22,-1.00
886.919,-0.30,-0.99,-0.23,-1.00
886.941,-0.29,-0.96,-0.26,-1.00
886.963,-0.24,-0.94,-0.28,-0.98
886.985,-0.24,-0.83,-0.28,-0.94
887.007,-0.31,-0.87,-0.28,-0.92
887.029,-0.28,-0.93,-0.27,-0.91
887.051,-0.30,-1.05,-0.27,-0.92
887.073,-0.41,-1.00,-0.31,-0.94
887.095,-0.44,-0.95,-0.35,-0.96
887.117,-0.28,-0.95,-0.34,-0.98
887.139,-0.22,-1.00,-0.33,-0.99
887.161,-0.32,-1.01,-0.33,-0.98
887.183,-0.34,-1.10,-0.32,-1.00
887.205,-0.29,-1.07,-0.29,-1.03
887.227,-0.30,-1.00,-0.29,-1.04
887.249,-0.19,-0.96,-0.29,-1.03
887.271,-0.30,-0.98,-0.28,-1.02
887.293,-0.28,-0.89,-0.27,-0.98
887.315,-0.20,-0.67,-0.25,-0.90
887.337,-0.16,-0.77,-0.23,-0.85
887.359,-0.23,-0.92,-0.23,-0.85
887.381,-0.19,-0.85,-0.21,-0.82
887.403,-0.28,-0.85,-0.21,-0.81
887.425,-0.34,-1.08,-0.24,-0.89
887.447,-0.37,-1.06,-0.28,-0.95
887.469,-0.43,-1.07,-0.32,-0.98
887.491,-0.29,-0.86,-0.34,-0.98
887.513,-0.14,-0.78,-0.31,-0.97
887.535,-0.38,-0.94,-0.32,-0.94
887.557,-0.22,-0.94,-0.29,-0.92
887.579,-0.08,-1.05,-0.22,-0.91
887.601,-0.21,-1.01,-0.21,-0.94
887.623,-0.27,-0.91,-0.23,-0.97
887.645,-0.29,-0.77,-0.21,-0.94
887.667,-0.45,-0.84,-0.26,-0.92
887.689,-0.41,-1.05,-0.33,-0.92
887.711,-0.23,-1.02,-0.33,-0.92
887.733,-0.18,-1.02,-0.31,-0.94
887.755,-0.28,-0.98,-0.31,-0.98
887.777,-0.37,-0.78,-0.29,-0.97
887.799,-0.43,-0.74,-0.30,-0.91
887.821,-0.36,-0.81,-0.32,-0.87
887.843,-0.26,-0.93,-0.34,-0.85
887.865,-0.31,-0.94,-0.35,-0.84
887.887,-0.22,-0.89,-0.32,-0.86
887.909,-0.22,-0.80,-0.27,-0.87
887.931,-0.10,-0.95,-0.22,-0.90
887.953,-0.22,-1.09,-0.21,-0.93
887.975,-0.27,-0.83,-0.21,-0.91
887.997,-0.26,-0.89,-0.21,-0.91
888.019,-0.19,-1.08,-0.21,-0.97
888.041,-0.30,-1.10,-0.25,-1.00
888.063,-0.39,-1.20,-0.28,-1.02
888.085,-0.43,-1.03,-0.31,-1.06
888.107,-0.18,-1.03,-0.30,-1.09
888.129,-0.10,-0.85,-0.28,-1.04
888.151,-0.13,-1.08,-0.25,-1.04
888.173,-0.18,-1.05,-0.20,-1.01
888.195,-0.33,-0.98,-0.18,-1.00
888.217,-0.35,-0.94,-0.22,-0.98
888.239,-0.26,-0.91,-0.25,-0.99
888.261,-0.26,-0.96,-0.28,-0.97
888.283,-0.19,-1.05,-0.28,-0.97
888.305,-0.15,-1.17,-0.24,-1.01
888.327,-0.19,-1.03,-0.21,-1.02
888.349,-0.09,-0.84,-0.18,-1.01
888.371,-0.15,-0.99,-0.15,-1.02
888.393,-0.14,-1.01,-0.14,-1.01
888.415,-0.19,-0.95,-0.15,-0.96
888.437,-0.12,-1.04,-0.14,-0.97
888.459,-0.16,-1.01,-0.15,-1.00
888.481,-0.20,-1.13,-0.16,-1.03
888.503,-0.25,-0.93,-0.18,-1.01
888.525,-0.17,-1.03,-0.18,-1.03
888.547,-0.30,-0.83,-0.22,-0.99
888.569,-0.19,-0.88,-0.22,-0.96
888.591,-0.24,-0.84,-0.23,-0.90
888.613,-0.27,-0.80,-0.23,-0.88
888.635,-0.18,-0.80,-0.24,-0.83
888.657,-0.19,-0.83,-0.21,-0.83
888.679,-0.33,-1.00,-0.24,-0.85
888.701,-0.32,-0.98,-0.26,-0.88
888.723,-0.35,-0.98,-0.27,-0.92
888.745,-0.30,-0.95,-0.30,-0.95
888.767,-0.26,-0.93,-0.31,-0.97
888.789,-0.28,-1.08,-0.30,-0.98
888.811,-0.22,-1.12,-0.28,-1.01
888.833,-0.39,-1.09,-0.29,-1.03
888.855,-0.36,-1.18,-0.30,-1.08
888.877,-0.37,-1.13,-0.32,-1.12
888.899,-0.36,-1.08,-0.34,-1.12
888.921,-0.24,-0.98,-0.34,-1.09
888.943,-0.26,-0.89,-0.32,-1.05
888.965,-0.46,-0.96,-0.34,-1.01
888.987,-0.41,-0.89,-0.35,-0.96
889.009,-0.38,-0.90,-0.35,-0.92
889.031,-0.35,-1.11,-0.37,-0.95
889.053,-0.23,-1.04,-0.37,-0.98
889.075,-0.24,-0.94,-0.32,-0.98
889.097,-0.34,-0.97,-0.31,-0.99
889.119,-0.37,-0.87,-0.31,-0.99
889.141,-0.21,-1.06,-0.28,-0.98
889.163,-0.21,-1.03,-0.27,-0.97
889.185,-0.23,-0.92,-0.27,-0.97
889.207,-0.30,-1.02,-0.26,-0.98
889.229,-0.18,-1.02,-0.23,-1.01
889.251,-0.17,-0.88,-0.22,-0.97
889.273,-0.22,-0.97,-0.22,-0.96
889.295,-0.21,-0.94,-0.22,-0.97
889.317,-0.33,-0.89,-0.22,-0.94
889.339,-0.25,-0.86,-0.24,-0.91
889.361,-0.33,-0.85,-0.27,-0.90
889.383,-0.34,-0.96,-0.29,-0.90
889.405,-0.37,-1.14,-0.32,-0.94
889.427,-0.30,-0.96,-0.32,-0.95
889.449,-0.32,-0.95,-0.33,-0.97
889.471,-0.31,-0.97,-0.33,-1.00
889.493,-0.23,-0.99,-0.31,-1.00
889.515,-0.30,-0.94,-0.29,-0.96
889.537,-0.20,-1.10,-0.27,-0.99
889.559,-0.26,-1.17,-0.26,-1.03
889.581,-0.29,-1.00,-0.26,-1.04
889.603,-0.30,-0.99,-0.27,-1.04
889.625,-0.37,-0.92,-0.28,-1.04
889.647,-0.25,-0.94,-0.29,-1.00
889.669,-0.30,-0.97,-0.30,-0.96
889.691,-0.42,-0.89,-0.33,-0.94
889.713,-0.29,-0.90,-0.33,-0.92
889.735,-0.20,-0.89,-0.29,-0.92
889.757,-0.16,-0.96,-0.27,-0.92
889.779,-0.18,-1.04,-0.25,-0.94
889.801,-0.16,-0.99,-0.20,-0.96
889.823,-0.14,-1.07,-0.17,-0.99
889.845,-0.23,-0.97,-0.17,-1.01
889.867,-0.18,-1.06,-0.18,-1.03
889.889,-0.30,-0.95,-0.20,-1.01
889.911,-0.31,-0.99,-0.23,-1.01
889.933,-0.23,-0.85,-0.25,-0.96
889.955,-0.36,-0.89,-0.28,-0.95
889.977,-0.20,-0.82,-0.28,-0.90
889.999,-0.37,-0.92,-0.29,-0.89
890.021,-0.39,-1.04,-0.31,-0.90
890.043,-0.49,-0.93,-0.36,-0.92
890.065,-0.30,-1.05,-0.35,-0.95
890.087,-0.31,-1.00,-0.37,-0.99
890.109,-0.32,-0.90,-0.36,-0.98
890.131,-0.32,-0.94,-0.35,-0.96
890.153,-0.43,-1.05,-0.34,-0.99
890.175,-0.34,-1.08,-0.34,-0.99
890.197,-0.30,-1.05,-0.34,-1.00
890.219,-0.39,-0.98,-0.36,-1.02
890.241,-0.32,-0.91,-0.36,-1.01
890.263,-0.43,-0.88,-0.36,-0.98
890.285,-0.40,-0.87,-0.37,-0.94
890.307,-0.19,-0.99,-0.35,-0.93
890.329,-0.16,-1.01,-0.30,-0.93
890.351,-0.22,-0.76,-0.28,-0.90
890.373,-0.18,-0.93,-0.23,-0.91
890.395,-0.32,-0.94,-0.21,-0.93
890.417,-0.33,-1.00,-0.24,-0.93
890.439,-0.27,-0.81,-0.26,-0.89
890.461,-0.20,-0.78,-0.26,-0.89
890.483,-0.26,-0.97,-0.28,-0.90
890.505,-0.24,-0.98,-0.26,-0.91
890.527,-0.34,-1.18,-0.26,-0.94
890.549,-0.26,-1.02,-0.26,-0.99
890.571,-0.17,-1.01,-0.25,-1.03
890.593,-0.12,-0.93,-0.23,-1.02
890.615,-0.13,-0.90,-0.20,-1.01
890.637,-0.16,-1.04,-0.17,-0.98
890.659,-0.18,-1.02,-0.15,-0.98
890.681,-0.09,-1.02,-0.14,-0.98
890.703,-0.26,-1.03,-0.16,-1.00
890.725,-0.45,-1.06,-0.23,-1.03
890.747,-0.39,-1.10,-0.27,-1.05
890.769,-0.32,-0.99,-0.30,-1.04
890.791,-0.03,-1.08,-0.29,-1.05
890.813,-0.37,-0.92,-0.31,-1.03
890.835,-0.61,-0.83,-0.34,-0.98
890.857,-0.43,-0.99,-0.35,-0.96
890.879,-0.31,-0.83,-0.35,-0.93
890.901,-0.37,-0.95,-0.42,-0.90
890.923,-0.33,-0.90,-0.41,-0.90
890.945,-0.31,-0.80,-0.35,-0.89
890.967,-0.27,-0.83,-0.32,-0.86
890.989,-0.21,-0.87,-0.30,-0.87
891.011,-0.25,-0.98,-0.27,-0.88
891.033,-0.21,-0.94,-0.25,-0.88
891.055,-0.30,-1.01,-0.25,-0.93
891.077,-0.31,-0.91,-0.26,-0.94
891.099,-0.28,-0.93,-0.27,-0.95
891.121,-0.25,-0.93,-0.27,-0.94
891.143,-0.27,-0.91,-0.28,-0.94
891.165,-0.41,-0.90,-0.30,-0.92
891.187,-0.30,-1.01,-0.30,-0.94
891.209,-0.22,-0.95,-0.29,-0.94
891.231,-0.21,-1.00,-0.28,-0.95
891.253,-0.28,-1.04,-0.28,-0.98
891.275,-0.29,-1.01,-0.26,-1.00
891.297,-0.25,-1.08,-0.25,-1.02
891.319,-0.38,-1.07,-0.28,-1.04
891.341,-0.21,-0.97,-0.28,-1.03
891.363,-0.33,-1.12,-0.29,-1.05
891.385,-0.26,-0.97,-0.29,-1.04
891.407,-0.19,-0.96,-0.27,-1.02
891.429,-0.24,-0.82,-0.25,-0.97
891.451,-0.28,-0.91,-0.26,-0.96
891.473,-0.31,-1.00,-0.26,-0.93
891.495,-0.36,-0.92,-0.28,-0.92
891.517,-0.28,-0.87,-0.29,-0.90
891.539,-0.35,-0.97,-0.32,-0.93
891.561,-0.34,-1.02,-0.33,-0.96
891.583,-0.36,-1.17,-0.34,-0.99
891.605,-0.19,-0.92,-0.30,-0.99
891.627,-0.32,-1.04,-0.31,-1.02
891.649,-0.45,-0.91,-0.33,-1.01
891.671,-0.38,-0.98,-0.34,-1.00
891.693,-0.29,-1.18,-0.33,-1.01
891.715,-0.41,-1.03,-0.37,-1.03
891.737,-0.42,-0.96,-0.39,-1.01
891.759,-0.44,-1.01,-0.39,-1.03
891.781,-0.35,-0.91,-0.38,-1.02
891.803,-0.24,-0.78,-0.37,-0.94
891.825,-0.40,-0.92,-0.37,-0.92
891.847,-0.29,-0.96,-0.34,-0.92
891.869,-0.23,-1.03,-0.30,-0.92
891.891,-0.18,-1.15,-0.27,-0.97
891.913,-0.22,-0.96,-0.26,-1.00
891.935,-0.26,-1.08,-0.24,-1.04
891.957,-0.08,-1.12,-0.19,-1.07
891.979,-0.20,-0.94,-0.19,-1.05
892.001,-0.16,-0.84,-0.18,-0.99
892.023,-0.25,-0.78,-0.19,-0.95
892.045,-0.20,-0.76,-0.18,-0.89
892.067,-0.31,-0.90,-0.22,-0.84
892.089,-0.22,-0.87,-0.23,-0.83
892.111,-0.25,-0.99,-0.25,-0.86
892.133,-0.31,-1.03,-0.26,-0.91
892.155,-0.43,-0.85,-0.30,-0.93
892.177,-0.32,-0.80,-0.31,-0.91
892.199,-0.50,-0.92,-0.36,-0.92
892.221,-0.28,-0.91,-0.37,-0.90
892.243,-0.34,-0.94,-0.37,-0.88
892.265,-0.27,-1.05,-0.34,-0.92
892.287,-0.40,-1.02,-0.36,-0.97
892.309,-0.31,-1.14,-0.32,-1.01
892.331,-0.34,-1.14,-0.33,-1.06
892.353,-0.26,-0.97,-0.32,-1.06
892.375,-0.15,-0.98,-0.29,-1.05
892.397,-0.24,-1.04,-0.26,-1.05
892.419,-0.32,-1.06,-0.26,-1.04
892.441,-0.24,-0.95,-0.24,-1.00
892.463,-0.23,-0.91,-0.24,-0.99
892.485,-0.30,-0.90,-0.27,-0.97
892.507,-0.32,-0.98,-0.28,-0.96
892.529,-0.40,-0.85,-0.30,-0.92
892.551,-0.39,-1.11,-0.33,-0.95
892.573,-0.35,-1.06,-0.35,-0.98
892.595,-0.55,-1.04,-0.40,-1.01
892.617,-0.54,-1.05,-0.45,-1.02
892.639,-0.25,-1.02,-0.42,-1.06
892.661,-0.23,-1.06,-0.38,-1.05
892.683,-0.24,-0.92,-0.36,-1.02
892.705,-0.21,-0.91,-0.29,-0.99
892.727,-0.29,-0.90,-0.24,-0.96
892.749,-0.21,-0.93,-0.24,-0.94
892.771,-0.29,-0.80,-0.25,-0.89
892.793,-0.26,-0.86,-0.25,-0.88
892.815,-0.30,-0.82,-0.27,-0.86
892.837,-0.37,-0.80,-0.29,-0.84
892.859,-0.26,-0.81,-0.30,-0.82
892.881,-0.35,-0.99,-0.31,-0.86
892.903,-0.36,-0.87,-0.33,-0.86
892.925,-0.35,-0.79,-0.34,-0.85
892.947,-0.32,-1.03,-0.33,-0.90
892.969,-0.29,-1.09,-0.33,-0.95
892.991,-0.26,-0.92,-0.32,-0.94
893.013,-0.13,-1.07,-0.27,-0.98
893.035,-0.14,-1.05,-0.23,-1.03
893.057,-0.29,-0.97,-0.22,-1.02
893.079,-0.24,-1.09,-0.21,-1.02
893.101,-0.21,-1.07,-0.20,-1.05
893.123,-0.41,-1.06,-0.26,-1.05
893.145,-0.30,-1.12,-0.29,-1.06
893.167,-0.29,-1.05,-0.29,-1.08
893.189,-0.33,-0.96,-0.31,-1.05
893.211,-0.24,-1.07,-0.31,-1.05
893.233,-0.24,-1.10,-0.28,-1.06
893.255,-0.17,-0.99,-0.25,-1.03
893.277,-0.19,-0.87,-0.23,-1.00
893.299,-0.17,-0.86,-0.20,-0.98
893.321,-0.16,-0.95,-0.19,-0.95
893.343,-0.24,-0.95,-0.19,-0.92
893.365,-0.28,-0.92,-0.21,-0.91
893.387,-0.29,-0.94,-0.23,-0.92
893.409,-0.18,-1.00,-0.23,-0.95
893.431,-0.21,-0.77,-0.24,-0.92
893.453,-0.28,-0.77,-0.25,-0.88
893.475,-0.51,-0.93,-0.29,-0.88
893.497,-0.39,-0.93,-0.31,-0.88
893.519,-0.24,-1.13,-0.33,-0.91
893.541,-0.25,-1.04,-0.33,-0.96
893.563,-0.16,-0.91,-0.31,-0.99
893.585,-0.24,-0.94,-0.26,-0.99
893.607,-0.36,-1.05,-0.25,-1.01
893.629,-0.28,-0.93,-0.26,-0.97
893.651,-0.30,-0.99,-0.27,-0.96
893.673,-0.35,-1.05,-0.31,-0.99
893.695,-0.42,-0.89,-0.34,-0.98
893.717,-0.34,-0.97,-0.34,-0.97
893.739,-0.34,-0.95,-0.35,-0.97
893.761,-0.32,-0.92,-0.35,-0.96
893.783,-0.38,-0.91,-0.36,-0.93
893.805,-0.30,-0.73,-0.34,-0.90
893.827,-0.20,-0.89,-0.31,-0.88
893.849,-0.36,-0.85,-0.31,-0.86
893.871,-0.51,-0.96,-0.35,-0.87
893.893,-0.54,-0.90,-0.38,-0.87
893.915,-0.50,-0.86,-0.42,-0.89
893.937,-0.38,-0.97,-0.46,-0.91
893.959,-0.47,-0.97,-0.48,-0.93
893.981,-0.37,-1.08,-0.45,-0.96
894.003,-0.33,-1.09,-0.41,-0.99
894.025,-0.35,-1.13,-0.38,-1.05
894.047,-0.25,-1.06,-0.35,-1.07
894.069,-0.29,-1.10,-0.32,-1.09
894.091,-0.09,-0.99,-0.26,-1.07
894.113,-0.29,-0.96,-0.25,-1.05
894.135,-0.21,-1.02,-0.23,-1.03
894.157,-0.27,-1.00,-0.23,-1.01
894.179,-0.21,-0.90,-0.21,-0.97
894.201,-0.17,-0.91,-0.23,-0.96
894.223,-0.35,-0.84,-0.24,-0.93
894.245,-0.41,-0.74,-0.28,-0.88
894.267,-0.36,-0.90,-0.30,-0.86
894.289,-0.28,-0.94,-0.31,-0.87
894.311,-0.23,-1.01,-0.33,-0.89
894.333,-0.20,-1.02,-0.30,-0.92
894.355,-0.22,-1.06,-0.26,-0.99
894.377,-0.30,-1.14,-0.25,-1.03
894.399,-0.21,-1.04,-0.23,-1.05
894.421,-0.21,-0.83,-0.23,-1.02
894.443,-0.37,-0.85,-0.26,-0.98
894.465,-0.31,-0.94,-0.28,-0.96
894.487,-0.33,-0.84,-0.29,-0.90
894.509,-0.33,-0.89,-0.31,-0.87
894.531,-0.35,-0.99,-0.34,-0.90
894.553,-0.36,-1.10,-0.34,-0.95
894.575,-0.21,-1.03,-0.32,-0.97
894.597,-0.34,-1.16,-0.32,-1.03
894.619,-0.32,-0.95,-0.32,-1.05
894.641,-0.34,-0.83,-0.31,-1.01
894.663,-0.36,-0.84,-0.31,-0.96
894.685,-0.38,-0.74,-0.35,-0.90
894.707,-0.34,-0.86,-0.35,-0.84
894.729,-0.18,-0.86,-0.32,-0.83
894.751,-0.28,-1.03,-0.31,-0.87
894.773,-0.29,-0.94,-0.29,-0.89
894.795,-0.31,-0.87,-0.28,-0.91
894.817,-0.36,-1.05,-0.28,-0.95
894.839,-0.31,-0.94,-0.31,-0.97
894.861,-0.23,-0.85,-0.30,-0.93
894.883,-0.16,-0.97,-0.27,-0.94
894.905,-0.37,-0.96,-0.29,-0.95
894.927,-0.24,-1.03,-0.26,-0.95
894.949,-0.23,-1.08,-0.25,-0.98
894.971,-0.21,-1.10,-0.24,-1.03
894.993,-0.32,-1.00,-0.27,-1.03
895.015,-0.34,-0.98,-0.27,-1.04
895.037,-0.28,-0.97,-0.28,-1.03
895.059,-0.21,-0.97,-0.27,-1.00
895.081,-0.32,-0.89,-0.29,-0.96
895.103,-0.36,-0.87,-0.30,-0.94
895.125,-0.24,-0.83,-0.28,-0.91
895.147,-0.35,-0.78,-0.30,-0.87
895.169,-0.15,-0.92,-0.28,-0.86
895.191,-0.26,-0.83,-0.27,-0.85
895.213,-0.30,-0.73,-0.26,-0.82
895.235,-0.21,-0.89,-0.25,-0.83
895.257,-0.28,-0.77,-0.24,-0.83
895.279,-0.26,-0.81,-0.26,-0.81
895.301,-0.36,-0.81,-0.28,-0.80
895.323,-0.45,-0.97,-0.31,-0.85
895.345,-0.27,-1.03,-0.32,-0.88
895.367,-0.34,-1.10,-0.34,-0.94
895.389,-0.46,-0.91,-0.38,-0.96
895.411,-0.34,-0.87,-0.37,-0.98
895.433,-0.37,-0.79,-0.36,-0.94
895.455,-0.38,-0.77,-0.38,-0.89
895.477,-0.25,-1.01,-0.36,-0.87
895.499,-0.15,-0.91,-0.30,-0.87
895.521,-0.37,-1.00,-0.30,-0.90
895.543,-0.28,-0.98,-0.29,-0.93
895.565,-0.33,-0.84,-0.28,-0.95
895.587,-0.24,-0.82,-0.27,-0.91
895.609,-0.43,-0.74,-0.33,-0.88
895.631,-0.43,-0.86,-0.34,-0.85
895.653,-0.27,-0.91,-0.34,-0.83
895.675,-0.32,-0.87,-0.34,-0.84
895.697,-0.29,-0.84,-0.35,-0.84
895.719,-0.33,-0.91,-0.33,-0.88
895.741,-0.17,-0.92,-0.28,-0.89
895.763,-0.35,-1.00,-0.29,-0.91
895.785,-0.30,-1.10,-0.29,-0.95
895.807,-0.23,-0.93,-0.28,-0.97
895.829,-0.29,-1.02,-0.27,-0.99
895.851,-0.41,-1.02,-0.32,-1.01
895.873,-0.43,-0.91,-0.33,-1.00
895.895,-0.30,-1.08,-0.33,-0.99
895.917,-0.43,-0.94,-0.37,-0.99
895.939,-0.48,-0.95,-0.41,-0.98
895.961,-0.52,-0.94,-0.43,-0.96
895.983,-0.47,-0.92,-0.44,-0.97
896.005,-0.34,-0.89,-0.45,-0.93
896.027,-0.28,-0.90,-0.42,-0.92
896.049,-0.47,-0.90,-0.42,-0.91
896.071,-0.43,-0.80,-0.40,-0.88
896.093,-0.40,-0.78,-0.38,-0.85
896.115,-0.35,-0.78,-0.39,-0.83
896.137,-0.27,-0.79,-0.38,-0.81
896.159,-0.39,-0.94,-0.37,-0.82
896.181,-0.38,-1.04,-0.36,-0.87
896.203,-0.38,-1.14,-0.35,-0.94
896.225,-0.34,-0.89,-0.35,-0.96
896.247,-0.30,-1.11,-0.36,-1.02
896.269,-0.30,-1.20,-0.34,-1.08
896.291,-0.14,-0.94,-0.29,-1.06
896.313,-0.19,-0.80,-0.25,-0.99
896.335,-0.28,-0.91,-0.24,-0.99
896.357,-0.28,-0.87,-0.24,-0.94
896.379,-0.28,-0.97,-0.23,-0.90
896.401,-0.27,-1.05,-0.26,-0.92
896.423,-0.23,-0.86,-0.27,-0.93
896.445,-0.25,-0.92,-0.26,-0.93
896.467,-0.23,-0.91,-0.25,-0.94
896.489,-0.31,-0.87,-0.26,-0.92
896.511,-0.21,-0.81,-0.25,-0.87
896.533,-0.30,-0.84,-0.26,-0.87
896.555,-0.25,-0.87,-0.26,-0.86
896.577,-0.16,-0.95,-0.25,-0.87
896.599,-0.13,-0.98,-0.21,-0.89
896.621,-0.13,-1.00,-0.19,-0.93
896.643,-0.23,-1.02,-0.18,-0.96
896.665,-0.27,-0.84,-0.18,-0.96
896.687,-0.32,-1.00,-0.22,-0.97
896.709,-0.33,-0.90,-0.26,-0.95
896.731,-0.18,-0.77,-0.27,-0.91
896.753,-0.14,-0.74,-0.25,-0.85
896.775,-0.24,-0.82,-0.24,-0.85
896.797,-0.28,-0.99,-0.23,-0.84
896.819,-0.25,-0.89,-0.22,-0.84
896.841,-0.43,-0.90,-0.27,-0.87
896.863,-0.25,-0.80,-0.29,-0.88
896.885,-0.30,-0.69,-0.30,-0.85
896.907,-0.37,-0.81,-0.32,-0.82
896.929,-0.35,-0.82,-0.34,-0.80
896.951,-0.31,-0.69,-0.32,-0.76
896.973,-0.35,-0.88,-0.34,-0.78
896.995,-0.48,-1.01,-0.37,-0.84
897.017,-0.38,-1.05,-0.37,-0.89
897.039,-0.29,-0.87,-0.36,-0.90
897.061,-0.24,-0.93,-0.35,-0.95
897.083,-0.28,-0.83,-0.33,-0.94
897.105,-0.36,-0.79,-0.31,-0.89
897.127,-0.33,-0.89,-0.30,-0.86
897.149,-0.38,-1.03,-0.32,-0.89
897.171,-0.27,-1.14,-0.32,-0.94
897.193,-0.26,-0.99,-0.32,-0.97
897.215,-0.27,-1.13,-0.30,-1.04
897.237,-0.39,-1.11,-0.31,-1.08
897.259,-0.32,-1.07,-0.30,-1.09
897.281,-0.30,-1.08,-0.31,-1.08
897.303,-0.22,-0.95,-0.30,-1.07
897.325,-0.20,-1.01,-0.29,-1.04
897.347,-0.12,-1.03,-0.23,-1.03
897.369,-0.27,-1.04,-0.22,-1.02
897.391,-0.25,-1.06,-0.21,-1.02
897.413,-0.23,-0.91,-0.21,-1.01
897.435,-0.37,-0.90,-0.25,-0.99
897.457,-0.26,-0.83,-0.28,-0.95
897.479,-0.17,-0.87,-0.26,-0.91
897.501,-0.27,-0.96,-0.26,-0.89
897.523,-0.39,-1.01,-0.29,-0.91
897.545,-0.28,-1.11,-0.27,-0.96
897.567,-0.52,-1.10,-0.33,-1.01
897.589,-0.46,-1.02,-0.38,-1.04
897.611,-0.40,-0.94,-0.41,-1.04
897.633,-0.38,-0.91,-0.41,-1.02
897.655,-0.33,-0.84,-0.42,-0.96
897.677,-0.34,-0.85,-0.38,-0.91
897.699,-0.37,-0.88,-0.36,-0.88
897.721,-0.33,-0.91,-0.35,-0.88
897.743,-0.35,-0.93,-0.34,-0.88
897.765,-0.32,-0.84,-0.34,-0.88
897.787,-0.42,-0.81,-0.36,-0.87
897.809,-0.33,-0.78,-0.35,-0.85
897.831,-0.32,-0.98,-0.35,-0.87
897.853,-0.22,-0.99,-0.32,-0.88
897.875,-0.25,-1.02,-0.31,-0.92
897.897,-0.33,-0.99,-0.29,-0.95
897.919,-0.34,-0.94,-0.29,-0.98
897.941,-0.27,-0.85,-0.28,-0.96
897.963,-0.38,-0.76,-0.31,-0.91
897.985,-0.22,-1.08,-0.31,-0.92
898.007,-0.30,-1.06,-0.30,-0.94
898.029,-0.06,-0.95,-0.25,-0.94
898.051,-0.27,-0.90,-0.25,-0.95
898.073,-0.29,-0.98,-0.23,-0.99
898.095,-0.22,-0.99,-0.23,-0.98
898.117,-0.20,-0.89,-0.21,-0.94
898.139,-0.26,-0.94,-0.25,-0.94
898.161,-0.28,-0.85,-0.25,-0.93
898.183,-0.28,-0.97,-0.25,-0.93
898.205,-0.28,-1.09,-0.26,-0.95
898.227,-0.27,-0.99,-0.27,-0.97
898.249,-0.24,-0.82,-0.27,-0.94
898.271,-0.26,-0.74,-0.27,-0.92
898.293,-0.23,-0.73,-0.26,-0.87
898.315,-0.26,-0.76,-0.25,-0.81
898.337,-0.19,-0.82,-0.24,-0.77
898.359,-0.27,-0.85,-0.24,-0.78
898.381,-0.27,-1.00,-0.24,-0.83
898.403,-0.20,-0.94,-0.24,-0.87
898.425,-0.33,-0.88,-0.25,-0.90
898.447,-0.23,-0.98,-0.26,-0.93
898.469,-0.27,-0.88,-0.26,-0.94
898.491,-0.16,-0.88,-0.24,-0.91
898.513,-0.16,-0.91,-0.23,-0.91
898.535,-0.41,-0.88,-0.25,-0.91
898.557,-0.46,-0.91,-0.29,-0.89
898.579,-0.44,-1.05,-0.33,-0.93
898.601,-0.28,-1.06,-0.35,-0.96
898.623,-0.26,-1.06,-0.37,-0.99
898.645,-0.32,-1.01,-0.35,-1.02
898.667,-0.36,-0.74,-0.33,-0.98
898.689,-0.26,-1.07,-0.30,-0.99
898.711,-0.35,-0.97,-0.31,-0.97
898.733,-0.32,-0.89,-0.32,-0.94
898.755,-0.29,-1.05,-0.32,-0.94
898.777,-0.21,-0.97,-0.29,-0.99
898.799,-0.28,-0.98,-0.29,-0.97
898.821,-0.25,-0.95,-0.27,-0.97
898.843,-0.30,-0.99,-0.27,-0.99
898.865,-0.35,-0.89,-0.28,-0.96
898.887,-0.34,-0.91,-0.30,-0.94
898.909,-0.16,-1.13,-0.28,-0.97
898.931,-0.23,-1.00,-0.28,-0.98
898.953,-0.24,-1.13,-0.26,-1.01
898.975,-0.28,-1.01,-0.25,-1.04
898.997,-0.38,-0.83,-0.26,-1.02
899.019,-0.39,-1.00,-0.30,-0.99
899.041,-0.39,-0.79,-0.34,-0.95
899.063,-0.39,-0.99,-0.37,-0.92
899.085,-0.34,-1.01,-0.38,-0.92
899.107,-0.45,-0.92,-0.39,-0.94
899.129,-0.37,-1.03,-0.39,-0.95
899.151,-0.34,-1.06,-0.38,-1.00
899.173,-0.27,-0.99,-0.35,-1.00
899.195,-0.18,-0.90,-0.32,-0.98
899.217,-0.21,-0.90,-0.27,-0.98
899.239,-0.24,-0.99,-0.25,-0.97
899.261,-0.37,-0.93,-0.25,-0.94
899.283,-0.42,-1.04,-0.28,-0.95
899.305,-0.35,-0.93,-0.32,-0.96
899.327,-0.41,-0.91,-0.36,-0.96
899.349,-0.38,-1.04,-0.39,-0.97
899.371,-0.20,-0.98,-0.35,-0.98
899.393,-0.27,-0.93,-0.32,-0.96
899.415,-0.27,-0.85,-0.31,-0.94
899.437,-0.33,-0.76,-0.29,-0.91
899.459,-0.44,-0.86,-0.30,-0.88
899.481,-0.32,-0.98,-0.33,-0.88
899.503,-0.15,-0.83,-0.30,-0.86
899.525,-0.17,-0.90,-0.28,-0.87
899.547,-0.13,-0.89,-0.24,-0.89
899.569,-0.41,-0.83,-0.24,-0.89
899.591,-0.31,-0.92,-0.23,-0.87
899.613,-0.32,-0.95,-0.27,-0.90
899.635,-0.39,-0.97,-0.31,-0.91
899.657,-0.34,-0.97,-0.35,-0.93
899.679,-0.18,-0.91,-0.31,-0.94
899.701,-0.37,-0.87,-0.32,-0.93
899.723,-0.40,-0.82,-0.34,-0.91
899.745,-0.31,-0.94,-0.32,-0.90
899.767,-0.36,-0.92,-0.32,-0.89
899.789,-0.36,-0.86,-0.36,-0.88
899.811,-0.24,-0.91,-0.33,-0.89
899.833,-0.38,-0.99,-0.33,-0.92
899.855,-0.23,-1.03,-0.31,-0.94
899.877,-0.26,-1.07,-0.29,-0.97
899.899,-0.28,-0.97,-0.28,-0.99
899.921,-0.18,-0.80,-0.27,-0.97
899.943,-0.28,-0.95,-0.25,-0.96
899.965,-0.28,-0.98,-0.26,-0.95
899.987,-0.32,-0.99,-0.27,-0.94
900.009,-0.48,-0.85,-0.31,-0.91
900.031,-0.42,-0.86,-0.36,-0.93
900.053,-0.40,-0.88,-0.38,-0.91
900.075,-0.53,-0.89,-0.43,-0.89
900.097,-0.34,-0.93,-0.43,-0.88
900.119,-0.31,-1.00,-0.40,-0.91
900.141,-0.31,-1.00,-0.38,-0.94
900.163,-0.38,-1.01,-0.37,-0.97
900.185,-0.31,-0.85,-0.33,-0.96
900.207,-0.34,-0.75,-0.33,-0.92
900.229,-0.33,-0.84,-0.33,-0.89
900.251,-0.32,-0.85,-0.34,-0.86
900.273,-0.45,-1.00,-0.35,-0.86
900.295,-0.35,-0.96,-0.36,-0.88
900.317,-0.27,-1.10,-0.34,-0.95
900.339,-0.19,-1.10,-0.32,-1.00
900.361,-0.32,-0.95,-0.32,-1.02
900.383,-0.20,-0.90,-0.27,-1.00
900.405,-0.23,-1.05,-0.24,-1.02
900.427,-0.17,-1.06,-0.22,-1.01
900.449,-0.18,-1.12,-0.22,-1.02
900.471,-0.18,-1.03,-0.19,-1.03
900.493,-0.34,-1.01,-0.22,-1.05
900.515,-0.28,-1.08,-0.23,-1.06
900.537,-0.31,-1.02,-0.26,-1.05
900.559,-0.26,-0.92,-0.27,-1.01
900.581,-0.38,-0.88,-0.31,-0.98
900.603,-0.28,-0.94,-0.30,-0.97
900.625,-0.34,-1.08,-0.31,-0.97
900.647,-0.42,-1.10,-0.34,-0.98
900.669,-0.37,-1.05,-0.36,-1.01
900.691,-0.33,-1.03,-0.35,-1.04
900.713,-0.35,-1.08,-0.36,-1.07
900.735,-0.30,-0.93,-0.35,-1.04
900.757,-0.22,-0.87,-0.31,-0.99
900.779,-0.27,-0.87,-0.29,-0.96
900.801,-0.24,-0.87,-0.28,-0.92
900.823,-0.31,-1.11,-0.27,-0.93
900.845,-0.25,-1.02,-0.26,-0.95
900.867,-0.18,-0.97,-0.25,-0.97
900.889,-0.20,-0.86,-0.24,-0.97
900.911,-0.17,-0.90,-0.22,-0.97
900.933,-0.40,-0.67,-0.24,-0.88
900.955,-0.44,-0.83,-0.28,-0.85
900.977,-0.40,-0.96,-0.32,-0.84
900.999,-0.33,-0.75,-0.35,-0.82
901.021,-0.32,-1.02,-0.38,-0.85
901.043,-0.18,-0.89,-0.33,-0.89
901.065,-0.03,-0.96,-0.25,-0.92
901.087,-0.22,-1.01,-0.22,-0.93
901.109,-0.29,-0.92,-0.21,-0.96
901.131,-0.30,-0.83,-0.20,-0.92
901.153,-0.37,-0.77,-0.24,-0.90
901.175,-0.18,-0.92,-0.27,-0.89
901.197,-0.25,-1.06,-0.28,-0.90
901.219,-0.34,-0.88,-0.29,-0.89
901.241,-0.33,-0.96,-0.29,-0.92
901.263,-0.29,-0.94,-0.28,-0.95
901.285,-0.31,-1.01,-0.30,-0.97
901.307,-0.19,-0.90,-0.29,-0.94
901.329,-0.33,-0.95,-0.29,-0.95
901.351,-0.27,-1.14,-0.28,-0.99
901.373,-0.41,-0.94,-0.30,-0.99
901.395,-0.49,-0.96,-0.34,-0.98
901.417,-0.31,-0.91,-0.36,-0.98
901.439,-0.36,-1.01,-0.37,-0.99
901.461,-0.44,-0.83,-0.40,-0.93
901.483,-0.38,-0.78,-0.40,-0.90
901.505,-0.29,-0.77,-0.36,-0.86
901.527,-0.34,-0.88,-0.36,-0.85
901.549,-0.38,-0.79,-0.37,-0.81
901.571,-0.24,-0.88,-0.33,-0.82
901.593,-0.19,-1.02,-0.29,-0.87
901.615,-0.42,-1.21,-0.31,-0.96
901.637,-0.50,-0.94,-0.35,-0.97
901.659,-0.36,-1.01,-0.34,-1.01
901.681,-0.26,-1.11,-0.35,-1.06
901.703,-0.35,-1.21,-0.38,-1.10
901.725,-0.30,-0.96,-0.35,-1.05
901.747,-0.36,-0.95,-0.33,-1.05
901.769,-0.36,-0.91,-0.33,-1.03
901.791,-0.40,-0.84,-0.35,-0.97
901.813,-0.26,-0.78,-0.34,-0.89
901.835,-0.28,-0.80,-0.33,-0.86
901.857,-0.27,-1.10,-0.31,-0.89
901.879,-0.45,-1.22,-0.33,-0.95
901.901,-0.56,-0.96,-0.36,-0.97
901.923,-0.44,-0.95,-0.40,-1.01
901.945,-0.40,-0.83,-0.42,-1.01
901.967,-0.46,-0.82,-0.46,-0.96
901.989,-0.37,-0.93,-0.45,-0.90
902.011,-0.27,-1.01,-0.39,-0.91
902.033,-0.37,-0.97,-0.37,-0.91
902.055,-0.42,-0.91,-0.38,-0.93
902.077,-0.35,-1.03,-0.36,-0.97
902.099,-0.45,-0.81,-0.37,-0.95
902.121,-0.44,-0.88,-0.41,-0.92
902.143,-0.46,-0.89,-0.42,-0.90
902.165,-0.45,-0.89,-0.43,-0.90
902.187,-0.44,-1.01,-0.45,-0.90
902.209,-0.16,-0.89,-0.39,-0.91
902.231,-0.19,-0.86,-0.34,-0.91
902.253,-0.33,-0.80,-0.31,-0.89
902.275,-0.32,-0.73,-0.29,-0.86
902.297,-0.22,-0.69,-0.24,-0.79
902.319,-0.24,-0.93,-0.26,-0.80
902.341,-0.20,-0.93,-0.26,-0.82
902.363,-0.41,-0.99,-0.28,-0.85
902.385,-0.24,-1.11,-0.26,-0.93
902.407,-0.26,-1.07,-0.27,-1.01
902.429,-0.38,-1.00,-0.30,-1.02
902.451,-0.53,-0.89,-0.36,-1.01
902.473,-0.40,-1.01,-0.36,-1.02
902.495,-0.30,-0.83,-0.37,-0.96
902.517,-0.25,-1.07,-0.37,-0.96
902.539,-0.30,-1.08,-0.36,-0.98
902.561,-0.17,-1.08,-0.28,-1.01
902.583,-0.33,-1.00,-0.27,-1.01
902.605,-0.13,-0.91,-0.24,-1.03
902.627,-0.18,-1.06,-0.22,-1.03
902.649,-0.16,-0.97,-0.19,-1.00
902.671,-0.20,-0.97,-0.20,-0.98
902.693,-0.28,-0.80,-0.19,-0.94
902.715,-0.30,-0.83,-0.22,-0.93
902.737,-0.36,-0.77,-0.26,-0.87
902.759,-0.16,-0.93,-0.26,-0.86
902.781,-0.19,-1.05,-0.26,-0.88
902.803,-0.22,-1.17,-0.25,-0.95
902.825,-0.21,-1.01,-0.23,-0.99
902.847,-0.24,-0.97,-0.20,-1.03
902.869,-0.41,-0.84,-0.25,-1.01
902.891,-0.33,-0.84,-0.28,-0.97
902.913,-0.28,-0.81,-0.29,-0.89
902.935,-0.16,-0.84,-0.28,-0.86
902.957,-0.38,-0.95,-0.31,-0.86
902.979,-0.35,-0.96,-0.30,-0.88
903.001,-0.35,-0.84,-0.30,-0.88
903.023,-0.26,-0.88,-0.30,-0.89
903.045,-0.33,-0.90,-0.33,-0.91
903.067,-0.31,-0.77,-0.32,-0.87
903.089,-0.38,-0.88,-0.33,-0.85
903.111,-0.35,-0.81,-0.33,-0.85
903.133,-0.31,-1.03,-0.34,-0.88
903.155,-0.32,-0.86,-0.33,-0.87
903.177,-0.32,-0.82,-0.34,-0.88
903.199,-0.22,-1.04,-0.30,-0.91
903.221,-0.38,-0.86,-0.31,-0.92
903.243,-0.20,-0.94,-0.29,-0.90
903.265,-0.33,-1.03,-0.29,-0.94
903.287,-0.23,-0.99,-0.27,-0.97
903.309,-0.17,-0.97,-0.26,-0.96
903.331,-0.21,-0.86,-0.23,-0.96
903.353,-0.23,-1.01,-0.23,-0.97
903.375,-0.35,-1.03,-0.24,-0.97
903.397,-0.27,-0.91,-0.25,-0.96
903.419,-0.36,-0.91,-0.28,-0.94
903.441,-0.33,-0.87,-0.31,-0.95
903.463,-0.35,-0.87,-0.33,-0.92
903.485,-0.35,-0.92,-0.33,-0.90
903.507,-0.33,-0.91,-0.34,-0.90
903.529,-0.40,-0.83,-0.35,-0.88
903.551,-0.32,-0.89,-0.35,-0.88
903.573,-0.24,-0.78,-0.33,-0.87
903.595,-0.27,-0.82,-0.31,-0.85
903.617,-0.31,-0.85,-0.31,-0.83
903.639,-0.43,-0.85,-0.31,-0.84
903.661,-0.38,-0.88,-0.33,-0.84
903.683,-0.31,-0.97,-0.34,-0.87
903.705,-0.38,-0.91,-0.36,-0.89
903.727,-0.48,-1.02,-0.40,-0.93
903.749,-0.34,-1.10,-0.38,-0.98
903.771,-0.27,-0.95,-0.36,-0.99
903.793,-0.12,-0.97,-0.32,-0.99
903.815,-0.08,-0.85,-0.26,-0.98
903.837,-0.23,-0.92,-0.21,-0.96
903.859,-0.41,-0.92,-0.22,-0.92
903.881,-0.33,-0.92,-0.23,-0.92
903.903,-0.35,-0.87,-0.28,-0.90
903.925,-0.27,-1.04,-0.32,-0.93
903.947,-0.20,-1.04,-0.31,-0.96
903.969,-0.43,-0.99,-0.32,-0.97
903.991,-0.31,-1.08,-0.31,-1.00
904.013,-0.25,-1.01,-0.29,-1.03
904.035,-0.36,-0.94,-0.31,-1.01
904.057,-0.28,-0.97,-0.33,-1.00
904.079,-0.22,-0.86,-0.28,-0.97
904.101,-0.18,-1.00,-0.26,-0.96
904.123,-0.22,-0.97,-0.25,-0.95
904.145,-0.36,-0.98,-0.25,-0.96
904.167,-0.19,-1.07,-0.23,-0.98
904.189,-0.28,-1.09,-0.25,-1.02
904.211,-0.35,-0.95,-0.28,-1.01
904.233,-0.36,-0.77,-0.31,-0.97
904.255,-0.37,-0.85,-0.31,-0.95
904.277,-0.26,-0.96,-0.32,-0.92
904.299,-0.36,-0.88,-0.34,-0.88
904.321,-0.32,-0.92,-0.33,-0.88
904.343,-0.30,-0.91,-0.32,-0.90
904.365,-0.27,-1.03,-0.30,-0.94
904.387,-0.29,-1.00,-0.31,-0.95
904.409,-0.23,-0.99,-0.28,-0.97
904.431,-0.37,-1.01,-0.29,-0.99
904.453,-0.27,-0.88,-0.29,-0.98
904.475,-0.23,-0.97,-0.28,-0.97
904.497,-0.30,-1.17,-0.28,-1.00
904.519,-0.19,-1.09,-0.27,-1.02
904.541,-0.20,-1.06,-0.24,-1.03
904.563,-0.14,-1.01,-0.21,-1.06
904.585,-0.27,-1.01,-0.22,-1.07
904.607,-0.28,-0.94,-0.22,-1.02
904.629,-0.23,-1.06,-0.22,-1.02
904.651,-0.38,-1.08,-0.26,-1.02
904.673,-0.25,-1.00,-0.28,-1.02
904.695,-0.40,-0.86,-0.31,-0.99
904.717,-0.30,-0.92,-0.31,-0.98
904.739,-0.36,-0.92,-0.34,-0.96
904.761,-0.45,-0.98,-0.35,-0.94
904.783,-0.40,-0.88,-0.38,-0.91
904.805,-0.26,-0.98,-0.35,-0.94
904.827,-0.26,-1.05,-0.35,-0.96
904.849,-0.30,-1.16,-0.33,-1.01
904.871,-0.37,-1.25,-0.32,-1.06
904.893,-0.37,-1.01,-0.31,-1.09
904.915,-0.33,-1.01,-0.33,-1.10
904.937,-0.18,-0.87,-0.31,-1.06
904.959,-0.14,-0.73,-0.28,-0.97
904.981,-0.30,-0.82,-0.26,-0.89
905.003,-0.33,-0.96,-0.26,-0.88
905.025,-0.40,-0.81,-0.27,-0.84
905.047,-0.45,-0.77,-0.32,-0.82
905.069,-0.40,-0.95,-0.38,-0.86
905.091,-0.40,-1.01,-0.40,-0.90
905.113,-0.36,-0.96,-0.40,-0.90
905.135,-0.33,-0.91,-0.39,-0.92
905.157,-0.26,-0.94,-0.35,-0.95
905.179,-0.23,-0.79,-0.32,-0.92
905.201,-0.37,-0.84,-0.31,-0.89
905.223,-0.28,-0.96,-0.29,-0.89
905.245,-0.25,-1.04,-0.28,-0.91
905.267,-0.18,-1.04,-0.26,-0.93
905.289,-0.35,-0.92,-0.29,-0.96
905.311,-0.37,-1.04,-0.29,-1.00
905.333,-0.19,-1.11,-0.27,-1.03
905.355,-0.17,-0.88,-0.25,-1.00
905.377,-0.26,-0.94,-0.27,-0.98
905.399,-0.36,-0.85,-0.27,-0.96
905.421,-0.34,-0.90,-0.26,-0.94
905.443,-0.25,-1.00,-0.28,-0.91
905.465,-0.31,-0.81,-0.30,-0.90
905.487,-0.30,-0.70,-0.31,-0.85
905.509,-0.29,-0.80,-0.30,-0.84
905.531,-0.34,-0.82,-0.30,-0.83
905.553,-0.08,-0.72,-0.26,-0.77
905.575,0.09,-0.79,-0.18,-0.77
905.597,-0.05,-0.92,-0.13,-0.81
905.619,-0.25,-0.97,-0.13,-0.84
905.641,-0.34,-1.00,-0.13,-0.88
905.663,-0.46,-1.10,-0.20,-0.96
905.685,-0.38,-1.20,-0.30,-1.04
905.707,-0.41,-0.87,-0.37,-1.03
905.729,-0.40,-0.92,-0.40,-1.02
905.751,-0.40,-0.86,-0.41,-0.99
905.773,-0.40,-0.77,-0.40,-0.92
905.795,-0.39,-0.87,-0.40,-0.86
905.817,-0.28,-0.86,-0.37,-0.86
905.839,-0.21,-1.01,-0.34,-0.87
905.861,-0.32,-0.96,-0.32,-0.89
905.883,-0.30,-1.04,-0.30,-0.95
905.905,-0.27,-1.07,-0.28,-0.99
905.927,-0.23,-0.98,-0.27,-1.01
905.949,-0.23,-1.04,-0.27,-1.02
905.971,-0.30,-1.00,-0.27,-1.03
905.993,-0.24,-0.98,-0.25,-1.01
906.015,-0.38,-0.90,-0.28,-0.98
906.037,-0.39,-1.05,-0.31,-0.99
906.059,-0.41,-0.99,-0.34,-0.98
906.081,-0.29,-1.08,-0.34,-1.00
906.103,-0.30,-1.03,-0.35,-1.01
906.125,-0.19,-1.02,-0.32,-1.03
906.147,-0.26,-0.91,-0.29,-1.01
906.169,-0.20,-0.95,-0.25,-1.00
906.191,-0.09,-0.97,-0.21,-0.98
906.213,-0.30,-0.98,-0.21,-0.97
906.235,-0.15,-1.07,-0.20,-0.98
906.257,-0.47,-1.04,-0.24,-1.00
906.279,-0.36,-1.05,-0.27,-1.02
906.301,-0.22,-0.89,-0.30,-1.01
906.323,-0.27,-0.84,-0.29,-0.98
906.345,-0.35,-0.80,-0.33,-0.92
906.367,-0.25,-0.88,-0.29,-0.89
906.389,-0.28,-0.84,-0.27,-0.85
906.411,-0.36,-0.86,-0.30,-0.84
906.433,-0.36,-1.05,-0.32,-0.89
906.455,-0.30,-0.86,-0.31,-0.90
906.477,-0.39,-0.80,-0.34,-0.88
906.499,-0.23,-0.83,-0.33,-0.88
906.521,-0.34,-0.67,-0.32,-0.84
906.543,-0.41,-0.92,-0.33,-0.82
906.565,-0.22,-0.82,-0.32,-0.81
906.587,-0.19,-0.87,-0.28,-0.82
906.609,-0.25,-0.91,-0.28,-0.84
906.631,-0.46,-0.94,-0.31,-0.89
906.653,-0.38,-0.96,-0.30,-0.90
906.675,-0.31,-1.00,-0.32,-0.94
906.697,-0.37,-0.96,-0.35,-0.95
906.719,-0.43,-0.74,-0.39,-0.92
906.741,-0.23,-0.90,-0.34,-0.91
906.763,-0.24,-0.88,-0.32,-0.90
906.785,-0.39,-0.91,-0.33,-0.88
906.807,-0.40,-0.85,-0.34,-0.86
906.829,-0.34,-0.87,-0.32,-0.88
906.851,-0.29,-0.82,-0.33,-0.87
906.873,-0.42,-1.11,-0.37,-0.91
906.895,-0.36,-1.17,-0.36,-0.96
906.917,-0.32,-1.00,-0.35,-0.99
906.939,-0.23,-1.05,-0.32,-1.03
906.961,-0.37,-0.95,-0.34,-1.06
906.983,-0.33,-0.89,-0.32,-1.01
907.005,-0.30,-0.70,-0.31,-0.92
907.027,-0.26,-0.95,-0.30,-0.91
907.049,-0.19,-1.01,-0.29,-0.90
907.071,-0.37,-0.98,-0.29,-0.91
907.093,-0.20,-0.94,-0.26,-0.92
907.115,-0.22,-0.83,-0.25,-0.94
907.137,-0.28,-0.93,-0.25,-0.94
907.159,-0.30,-0.99,-0.27,-0.93
907.181,-0.37,-0.85,-0.27,-0.91
907.203,-0.37,-0.94,-0.31,-0.91
907.225,-0.53,-0.76,-0.37,-0.89
907.247,-0.30,-0.87,-0.37,-0.88
907.269,-0.36,-0.80,-0.39,-0.84
907.291,-0.32,-0.94,-0.38,-0.86
907.313,-0.37,-1.00,-0.38,-0.87
907.335,-0.33,-1.05,-0.34,-0.93
907.357,-0.35,-1.01,-0.35,-0.96
907.379,-0.40,-0.98,-0.35,-1.00
907.401,-0.22,-1.04,-0.33,-1.02
907.423,-0.24,-0.96,-0.31,-1.01
907.445,-0.32,-1.14,-0.31,-1.03
907.467,-0.38,-1.04,-0.31,-1.03
907.489,-0.24,-0.98,-0.28,-1.03
907.511,-0.15,-1.01,-0.27,-1.03
907.533,-0.16,-0.90,-0.25,-1.01
907.555,-0.28,-0.95,-0.24,-0.98
907.577,-0.39,-0.97,-0.24,-0.96
907.599,-0.29,-0.99,-0.25,-0.96
907.621,-0.33,-0.96,-0.29,-0.95
907.643,-0.34,-0.93,-0.33,-0.96
907.665,-0.31,-1.07,-0.33,-0.98
907.687,-0.33,-0.98,-0.32,-0.99
907.709,-0.35,-1.08,-0.33,-1.00
907.731,-0.42,-1.01,-0.35,-1.01
907.753,-0.35,-1.04,-0.35,-1.04
907.775,-0.26,-0.97,-0.34,-1.02
907.797,-0.46,-0.99,-0.37,-1.02
907.819,-0.43,-0.90,-0.38,-0.98
907.841,-0.31,-0.96,-0.36,-0.97
907.863,-0.29,-1.05,-0.35,-0.97
907.885,-0.37,-0.97,-0.37,-0.97
907.907,-0.38,-0.84,-0.36,-0.94
907.929,-0.35,-0.92,-0.34,-0.95
907.951,-0.39,-0.94,-0.36,-0.94
907.973,-0.50,-0.95,-0.40,-0.92
907.995,-0.34,-0.98,-0.39,-0.93
908.017,-0.38,-0.92,-0.39,-0.94
908.039,-0.25,-1.00,-0.37,-0.96
908.061,-0.31,-1.07,-0.36,-0.98
908.083,-0.32,-1.06,-0.32,-1.01
908.105,-0.16,-1.04,-0.28,-1.02
908.127,-0.15,-0.79,-0.24,-0.99
908.149,-0.15,-0.93,-0.22,-0.98
908.171,-0.26,-1.02,-0.21,-0.97
908.193,-0.11,-0.83,-0.17,-0.92
908.215,-0.15,-0.84,-0.16,-0.88
908.237,-0.25,-0.96,-0.18,-0.92
908.259,-0.28,-1.02,-0.21,-0.93
908.281,-0.20,-1.11,-0.20,-0.95
908.303,-0.28,-1.18,-0.23,-1.02
908.325,-0.19,-1.10,-0.24,-1.07
908.347,-0.27,-0.95,-0.24,-1.07
908.369,-0.18,-1.09,-0.22,-1.09
908.391,-0.34,-0.89,-0.25,-1.04
908.413,-0.20,-1.02,-0.24,-1.01
908.435,-0.38,-1.13,-0.27,-1.02
908.457,-0.38,-1.02,-0.30,-1.03
908.479,-0.48,-0.87,-0.36,-0.99
908.501,-0.35,-0.92,-0.36,-0.99
908.523,-0.23,-1.00,-0.36,-0.99
908.545,-0.17,-0.97,-0.32,-0.96
908.567,-0.14,-0.94,-0.27,-0.94
908.589,-0.27,-1.00,-0.23,-0.97
908.611,-0.33,-0.89,-0.23,-0.96
908.633,-0.37,-0.76,-0.26,-0.91
908.655,-0.28,-0.98,-0.28,-0.91
908.677,-0.43,-0.94,-0.34,-0.91
908.699,-0.38,-0.89,-0.36,-0.89
908.721,-0.40,-0.94,-0.37,-0.90
908.743,-0.46,-0.83,-0.39,-0.92
908.765,-0.37,-0.91,-0.41,-0.90
908.787,-0.40,-0.95,-0.40,-0.90
908.809,-0.32,-0.90,-0.39,-0.91
908.831,-0.41,-0.94,-0.39,-0.91
908.853,-0.17,-1.02,-0.33,-0.94
908.875,-0.22,-1.07,-0.30,-0.98
908.897,-0.17,-1.06,-0.26,-1.00
908.919,-0.28,-0.99,-0.25,-1.02
908.941,-0.29,-0.98,-0.23,-1.02
908.963,-0.32,-0.88,-0.26,-1.00
908.985,-0.32,-1.00,-0.28,-0.98
909.007,-0.24,-0.94,-0.29,-0.96
909.029,-0.25,-0.97,-0.28,-0.95
909.051,-0.31,-1.03,-0.29,-0.96
909.073,-0.27,-1.10,-0.28,-1.01
909.095,-0.25,-1.14,-0.26,-1.04
909.117,-0.19,-1.15,-0.25,-1.08
909.139,-0.39,-0.91,-0.28,-1.07
909.161,-0.29,-1.01,-0.28,-1.06
909.183,-0.44,-0.91,-0.31,-1.02
909.205,-0.38,-0.92,-0.34,-0.98
909.227,-0.32,-0.97,-0.36,-0.94
909.249,-0.36,-0.93,-0.36,-0.95
909.271,-0.33,-0.90,-0.37,-0.93
909.293,-0.25,-0.91,-0.33,-0.93
909.315,-0.25,-0.95,-0.30,-0.93
909.337,-0.17,-0.95,-0.27,-0.93
909.359,-0.22,-0.83,-0.24,-0.91
909.381,-0.33,-0.90,-0.24,-0.91
909.403,-0.31,-0.88,-0.26,-0.90
909.425,-0.31,-0.93,-0.27,-0.90
909.447,-0.31,-1.05,-0.30,-0.92
909.469,-0.25,-1.05,-0.30,-0.96
909.491,-0.33,-1.06,-0.30,-0.99
909.513,-0.49,-1.10,-0.34,-1.04
909.535,-0.38,-0.91,-0.35,-1.03
909.557,-0.27,-0.90,-0.34,-1.00
909.579,-0.33,-0.88,-0.36,-0.97
909.601,-0.41,-0.96,-0.38,-0.95
909.623,-0.39,-0.84,-0.36,-0.90
909.645,-0.24,-0.80,-0.33,-0.88
909.667,-0.22,-0.78,-0.32,-0.85
909.689,-0.35,-0.77,-0.32,-0.83
909.711,-0.21,-0.83,-0.28,-0.80
909.733,-0.36,-0.99,-0.28,-0.83
909.755,-0.30,-1.06,-0.29,-0.89
909.777,-0.32,-1.01,-0.31,-0.93
909.799,-0.39,-0.93,-0.32,-0.96
909.821,-0.39,-0.79,-0.35,-0.96
909.843,-0.23,-0.92,-0.33,-0.94
909.865,-0.21,-0.82,-0.31,-0.89
909.887,-0.47,-0.71,-0.34,-0.83
909.909,-0.29,-0.91,-0.32,-0.83
909.931,-0.32,-0.94,-0.30,-0.86
909.953,-0.24,-0.97,-0.31,-0.87
909.975,-0.46,-1.08,-0.36,-0.92
909.997,-0.43,-0.98,-0.35,-0.98
910.019,-0.41,-0.87,-0.37,-0.97
910.041,-0.29,-0.92,-0.37,-0.96
910.063,-0.37,-0.95,-0.39,-0.96
910.085,-0.30,-1.06,-0.36,-0.96
910.107,-0.23,-1.09,-0.32,-0.98
910.129,-0.26,-0.97,-0.29,-1.00
910.151,-0.25,-0.99,-0.28,-1.01
910.173,-0.37,-0.80,-0.28,-0.98
910.195,-0.42,-0.85,-0.31,-0.94
910.217,-0.42,-0.83,-0.34,-0.89
910.239,-0.48,-0.88,-0.39,-0.87
910.261,-0.39,-0.96,-0.42,-0.86
910.283,-0.38,-0.84,-0.42,-0.87
910.305,-0.37,-0.91,-0.41,-0.88
910.327,-0.41,-0.90,-0.41,-0.90
910.349,-0.44,-0.83,-0.40,-0.89
910.371,-0.34,-0.93,-0.39,-0.88
910.393,-0.18,-0.92,-0.35,-0.90
910.415,-0.16,-0.96,-0.31,-0.91
910.437,-0.32,-0.88,-0.29,-0.90
910.459,-0.25,-0.86,-0.25,-0.91
910.481,-0.28,-0.97,-0.24,-0.92
910.503,-0.30,-0.88,-0.26,-0.91
910.525,-0.32,-0.88,-0.29,-0.89
910.547,-0.22,-0.79,-0.27,-0.88
910.569,-0.21,-0.89,-0.27,-0.88
910.591,-0.20,-1.01,-0.25,-0.89
910.613,-0.15,-0.99,-0.22,-0.91
910.635,-0.22,-1.10,-0.20,-0.96
910.657,-0.29,-1.14,-0.21,-1.03
910.679,-0.31,-1.07,-0.23,-1.06
910.701,-0.34,-1.05,-0.26,-1.07
910.723,-0.26,-1.00,-0.28,-1.07
910.745,-0.19,-1.07,-0.28,-1.07
910.767,-0.26,-0.90,-0.27,-1.02
910.789,-0.40,-0.88,-0.29,-0.98
910.811,-0.32,-1.08,-0.29,-0.99
910.833,-0.30,-1.12,-0.29,-1.01
910.855,-0.38,-1.23,-0.33,-1.04
910.877,-0.40,-1.04,-0.36,-1.07
910.899,-0.40,-0.93,-0.36,-1.08
910.921,-0.31,-1.13,-0.36,-1.09
910.943,-0.26,-0.88,-0.35,-1.04
910.965,-0.39,-0.93,-0.35,-0.98
910.987,-0.37,-0.93,-0.35,-0.96
911.009,-0.39,-0.91,-0.34,-0.96
911.031,-0.38,-0.88,-0.36,-0.91
911.053,-0.26,-1.03,-0.36,-0.94
911.075,-0.20,-0.99,-0.32,-0.95
911.097,-0.15,-0.98,-0.28,-0.96
911.119,-0.12,-1.22,-0.22,-1.02
911.141,-0.25,-1.11,-0.20,-1.07
911.163,-0.28,-0.91,-0.20,-1.04
911.185,-0.22,-0.91,-0.20,-1.03
911.207,-0.37,-1.01,-0.25,-1.03
911.229,-0.28,-0.84,-0.28,-0.96
911.251,-0.27,-0.99,-0.28,-0.93
911.273,-0.36,-1.03,-0.30,-0.96
911.295,-0.32,-1.08,-0.32,-0.99
911.317,-0.30,-1.08,-0.31,-1.00
911.339,-0.29,-1.09,-0.31,-1.05
911.361,-0.30,-1.00,-0.31,-1.06
911.383,-0.29,-1.04,-0.30,-1.06
911.405,-0.46,-1.00,-0.33,-1.04
911.427,-0.51,-1.03,-0.37,-1.03
911.449,-0.40,-1.15,-0.39,-1.04
911.471,-0.24,-1.10,-0.38,-1.06
911.493,-0.36,-1.06,-0.39,-1.07
911.515,-0.37,-1.08,-0.38,-1.08
911.537,-0.34,-1.00,-0.34,-1.08
911.559,-0.18,-0.86,-0.30,-1.02
911.581,-0.23,-0.91,-0.30,-0.98
911.603,-0.20,-1.08,-0.26,-0.99
911.625,-0.21,-1.02,-0.23,-0.97
911.647,-0.17,-1.00,-0.20,-0.97
911.669,-0.17,-0.92,-0.20,-0.99
911.691,-0.35,-0.89,-0.22,-0.98
911.713,-0.33,-0.92,-0.25,-0.95
911.735,-0.44,-1.03,-0.29,-0.95
911.757,-0.37,-1.08,-0.33,-0.97
911.779,-0.38,-0.88,-0.37,-0.96
911.801,-0.40,-0.90,-0.38,-0.96
911.823,-0.40,-0.90,-0.40,-0.96
911.845,-0.31,-0.82,-0.37,-0.92
911.867,-0.32,-1.00,-0.36,-0.90
911.889,-0.29,-0.93,-0.34,-0.91
911.911,-0.25,-0.80,-0.31,-0.89
911.933,-0.33,-0.73,-0.30,-0.86
911.955,-0.45,-0.93,-0.33,-0.88
911.977,-0.55,-1.03,-0.37,-0.88
911.999,-0.39,-1.05,-0.39,-0.91
912.021,-0.41,-1.06,-0.43,-0.96
912.043,-0.47,-1.01,-0.45,-1.02
912.065,-0.38,-1.08,-0.44,-1.05
912.087,-0.34,-1.03,-0.40,-1.05
912.109,-0.34,-0.99,-0.39,-1.03
912.131,-0.41,-0.96,-0.39,-1.01
912.153,-0.42,-0.90,-0.38,-0.99
912.175,-0.36,-0.81,-0.37,-0.94
912.197,-0.25,-0.79,-0.36,-0.89
912.219,-0.39,-0.96,-0.37,-0.88
912.241,-0.47,-0.94,-0.38,-0.88
912.263,-0.36,-0.96,-0.37,-0.89
912.285,-0.21,-0.77,-0.34,-0.88
912.307,-0.44,-0.93,-0.37,-0.91
912.329,-0.47,-1.08,-0.39,-0.94
912.351,-0.29,-1.04,-0.35,-0.96
912.373,-0.39,-1.00,-0.36,-0.96
912.395,-0.52,-0.84,-0.42,-0.98
912.417,-0.43,-0.79,-0.42,-0.95
912.439,-0.27,-1.02,-0.38,-0.94
912.461,-0.24,-0.85,-0.37,-0.90
912.483,-0.31,-0.83,-0.35,-0.87
912.505,-0.46,-0.86,-0.34,-0.87
912.527,-0.40,-1.00,-0.34,-0.91
912.549,-0.37,-0.96,-0.36,-0.90
912.571,-0.28,-0.92,-0.36,-0.91
912.593,-0.16,-1.05,-0.33,-0.96
912.615,-0.20,-1.08,-0.28,-1.00
912.637,-0.34,-0.95,-0.27,-0.99
912.659,-0.32,-0.86,-0.26,-0.97
912.681,-0.18,-0.89,-0.24,-0.97
912.703,-0.23,-0.96,-0.25,-0.95
912.725,-0.37,-0.88,-0.29,-0.91
912.747,-0.54,-0.84,-0.33,-0.89
912.769,-0.43,-0.93,-0.35,-0.90
912.791,-0.25,-1.02,-0.36,-0.93
912.813,-0.29,-0.85,-0.38,-0.90
912.835,-0.40,-0.89,-0.38,-0.91
912.857,-0.38,-0.85,-0.35,-0.91
912.879,-0.43,-0.89,-0.35,-0.90
912.901,-0.42,-0.88,-0.38,-0.87
912.923,-0.22,-0.91,-0.37,-0.88
912.945,-0.28,-0.96,-0.35,-0.90
912.967,-0.25,-1.03,-0.32,-0.93
912.989,-0.30,-0.99,-0.29,-0.95
913.011,-0.18,-0.82,-0.25,-0.94
913.033,-0.24,-0.80,-0.25,-0.92
913.055,-0.28,-0.95,-0.25,-0.92
913.077,-0.15,-1.03,-0.23,-0.92
913.099,-0.19,-1.02,-0.21,-0.92
913.121,-0.21,-1.03,-0.21,-0.97
913.143,-0.18,-1.05,-0.20,-1.02
913.165,-0.24,-1.05,-0.19,-1.04
913.187,-0.18,-1.05,-0.20,-1.04
913.209,-0.24,-1.06,-0.21,-1.05
913.231,-0.40,-0.89,-0.25,-1.02
913.253,-0.31,-1.14,-0.27,-1.04
913.275,-0.40,-1.02,-0.31,-1.03
913.297,-0.35,-0.96,-0.34,-1.01
913.319,-0.32,-0.85,-0.36,-0.97
913.341,-0.34,-0.89,-0.34,-0.97
913.363,-0.30,-1.05,-0.34,-0.95
913.385,-0.20,-0.93,-0.30,-0.94
913.407,-0.18,-0.87,-0.27,-0.92
913.429,-0.14,-0.72,-0.23,-0.89
913.451,-0.29,-0.73,-0.22,-0.86
913.473,-0.37,-0.82,-0.24,-0.81
913.495,-0.27,-1.02,-0.25,-0.83
913.517,-0.11,-0.96,-0.24,-0.85
913.539,-0.11,-0.97,-0.23,-0.90
913.561,-0.14,-1.07,-0.20,-0.97
913.583,-0.07,-0.99,-0.14,-1.00
