Time(s),Raw_Roll,Raw_Pitch,Smooth_Roll,Smooth_Pitch
369.213,0.49,3.31,0.49,3.31
369.235,0.21,3.17,0.35,3.24
369.257,0.24,3.28,0.31,3.25
369.279,0.38,3.16,0.33,3.23
369.301,0.44,3.21,0.35,3.23
369.323,0.31,3.23,0.32,3.21
369.345,0.26,3.20,0.33,3.22
369.367,0.32,3.26,0.34,3.21
369.389,0.16,3.20,0.30,3.22
369.411,0.21,3.39,0.25,3.26
369.433,0.31,3.43,0.25,3.30
369.455,0.29,3.32,0.26,3.32
369.477,0.08,3.46,0.21,3.36
369.499,0.31,3.42,0.24,3.40
369.521,0.25,3.51,0.25,3.43
369.543,0.34,3.52,0.25,3.45
369.565,0.27,3.34,0.25,3.45
369.587,0.38,3.41,0.31,3.44
369.609,0.60,3.48,0.37,3.45
369.631,0.36,3.34,0.39,3.42
369.653,0.34,3.47,0.39,3.41
369.675,0.30,3.47,0.40,3.43
369.697,0.31,3.53,0.38,3.46
369.719,0.35,3.51,0.33,3.46
369.741,0.34,3.40,0.33,3.48
369.763,0.18,3.51,0.30,3.48
369.785,0.27,3.35,0.29,3.46
369.807,0.26,3.39,0.28,3.43
369.829,0.21,3.34,0.25,3.40
369.851,0.38,3.36,0.26,3.39
369.873,0.36,3.29,0.30,3.35
369.895,0.28,3.19,0.30,3.31
369.917,0.37,3.23,0.32,3.28
369.939,0.26,3.20,0.33,3.25
369.961,0.34,3.17,0.32,3.22
369.983,0.30,3.38,0.31,3.23
370.005,0.43,3.44,0.34,3.28
370.027,0.36,3.42,0.34,3.32
370.049,0.33,3.30,0.35,3.34
370.071,0.24,3.36,0.33,3.38
370.093,0.30,3.39,0.33,3.38
370.115,0.20,3.31,0.29,3.36
370.137,0.16,3.43,0.25,3.36
370.159,0.27,3.43,0.23,3.38
370.181,0.27,3.41,0.24,3.39
370.203,0.36,3.59,0.25,3.43
370.225,0.27,3.50,0.27,3.47
370.247,0.23,3.37,0.28,3.46
370.269,0.23,3.33,0.27,3.44
370.291,0.09,3.34,0.24,3.43
370.313,0.27,3.39,0.22,3.39
370.335,0.30,3.55,0.22,3.40
370.357,0.29,3.59,0.24,3.44
370.379,0.31,3.46,0.25,3.47
370.401,0.36,3.41,0.31,3.48
370.423,0.41,3.52,0.33,3.51
370.445,0.44,3.41,0.36,3.48
370.467,0.33,3.43,0.37,3.45
370.489,0.30,3.54,0.37,3.46
370.511,0.38,3.34,0.37,3.45
370.533,0.36,3.39,0.36,3.42
370.555,0.36,3.22,0.35,3.38
370.577,0.32,3.21,0.34,3.34
370.599,0.39,3.24,0.36,3.28
370.621,0.33,3.38,0.35,3.29
370.643,0.37,3.37,0.35,3.28
370.665,0.37,3.39,0.36,3.32
370.687,0.35,3.37,0.36,3.35
370.709,0.34,3.49,0.35,3.40
370.731,0.25,3.44,0.34,3.41
370.753,0.38,3.34,0.34,3.41
370.775,0.44,3.31,0.35,3.39
370.797,0.39,3.24,0.36,3.36
370.819,0.32,3.27,0.36,3.32
370.841,0.39,3.30,0.38,3.29
370.863,0.28,3.41,0.36,3.31
370.885,0.33,3.42,0.34,3.33
370.907,0.35,3.46,0.33,3.37
370.929,0.28,3.45,0.33,3.41
370.951,0.33,3.36,0.31,3.42
370.973,0.28,3.37,0.31,3.41
370.995,0.29,3.16,0.31,3.36
371.017,0.41,3.22,0.32,3.31
371.039,0.31,3.34,0.32,3.29
371.061,0.35,3.34,0.33,3.29
371.083,0.32,3.33,0.34,3.28
371.105,0.30,3.42,0.34,3.33
371.127,0.38,3.50,0.33,3.39
371.149,0.47,3.39,0.36,3.40
371.171,0.46,3.53,0.39,3.43
371.193,0.39,3.51,0.40,3.47
371.215,0.41,3.50,0.42,3.49
371.237,0.44,3.59,0.43,3.50
371.259,0.32,3.48,0.40,3.52
371.281,0.28,3.62,0.37,3.54
371.303,0.13,3.53,0.32,3.54
371.325,0.18,3.42,0.27,3.53
371.347,0.18,3.39,0.22,3.49
371.369,0.30,3.50,0.21,3.49
371.391,0.31,3.62,0.22,3.49
371.413,0.27,3.53,0.25,3.49
371.435,0.32,3.59,0.28,3.53
371.457,0.38,3.45,0.32,3.54
371.479,0.46,3.45,0.35,3.53
371.501,0.40,3.37,0.37,3.48
371.523,0.23,3.29,0.36,3.43
371.545,0.37,3.25,0.37,3.36
371.567,0.27,3.32,0.35,3.34
371.589,0.12,3.27,0.28,3.30
371.611,0.06,3.20,0.21,3.27
371.633,0.11,3.40,0.19,3.29
371.655,0.24,3.44,0.16,3.33
371.677,0.20,3.38,0.15,3.34
371.699,0.26,3.58,0.17,3.40
371.721,0.33,3.57,0.23,3.47
371.743,0.43,3.52,0.29,3.50
371.765,0.42,3.38,0.33,3.49
371.787,0.24,3.46,0.34,3.50
371.809,0.28,3.32,0.34,3.45
371.831,0.48,3.18,0.37,3.37
371.853,0.46,3.40,0.38,3.35
371.875,0.42,3.40,0.38,3.35
371.897,0.24,3.44,0.38,3.35
371.919,0.25,3.36,0.37,3.36
371.941,0.25,3.46,0.32,3.41
371.963,0.40,3.36,0.31,3.40
371.985,0.26,3.25,0.28,3.37
372.007,0.32,3.40,0.30,3.37
372.029,0.24,3.45,0.29,3.38
372.051,0.15,3.32,0.27,3.36
372.073,0.19,3.38,0.23,3.36
372.095,0.34,3.27,0.25,3.36
372.117,0.15,3.18,0.21,3.32
372.139,0.34,3.19,0.23,3.27
372.161,0.15,3.32,0.23,3.27
372.183,0.33,3.28,0.26,3.25
372.205,0.34,3.32,0.26,3.26
372.227,0.33,3.27,0.30,3.28
372.249,0.28,3.37,0.29,3.31
372.271,0.35,3.18,0.33,3.28
372.293,0.35,3.38,0.33,3.30
372.315,0.40,3.39,0.34,3.32
372.337,0.49,3.27,0.37,3.32
372.359,0.30,3.45,0.38,3.33
372.381,0.30,3.44,0.37,3.39
372.403,0.23,3.40,0.34,3.39
372.425,0.29,3.38,0.32,3.39
372.447,0.31,3.28,0.29,3.39
372.469,0.27,3.43,0.28,3.39
372.491,0.25,3.59,0.27,3.42
372.513,0.37,3.50,0.30,3.44
372.535,0.40,3.46,0.32,3.45
372.557,0.35,3.36,0.33,3.47
372.579,0.43,3.34,0.36,3.45
372.601,0.25,3.30,0.36,3.39
372.623,0.46,3.24,0.38,3.34
372.645,0.41,3.20,0.38,3.29
372.667,0.37,3.32,0.38,3.28
372.689,0.45,3.33,0.39,3.28
372.711,0.28,3.32,0.39,3.28
372.733,0.33,3.24,0.37,3.28
372.755,0.32,3.38,0.35,3.32
372.777,0.26,3.40,0.33,3.33
372.799,0.19,3.50,0.28,3.37
372.821,0.13,3.42,0.25,3.39
372.843,0.12,3.50,0.20,3.44
372.865,0.32,3.56,0.20,3.48
372.887,0.22,3.47,0.20,3.49
372.909,0.22,3.45,0.20,3.48
372.931,0.35,3.50,0.25,3.50
372.953,0.35,3.36,0.29,3.47
372.975,0.35,3.29,0.30,3.41
372.997,0.38,3.36,0.33,3.39
373.019,0.40,3.40,0.37,3.38
373.041,0.50,3.28,0.40,3.34
373.063,0.38,3.32,0.40,3.33
373.085,0.20,3.48,0.37,3.37
373.107,0.25,3.33,0.35,3.36
373.129,0.31,3.38,0.33,3.36
373.151,0.33,3.27,0.29,3.36
373.173,0.26,3.13,0.27,3.32
373.195,0.39,3.20,0.31,3.26
373.217,0.31,3.29,0.32,3.25
373.239,0.28,3.32,0.31,3.24
373.261,0.36,3.33,0.32,3.25
373.283,0.32,3.36,0.33,3.30
373.305,0.41,3.41,0.34,3.34
373.327,0.46,3.25,0.37,3.33
373.349,0.38,3.21,0.39,3.31
373.371,0.29,3.23,0.37,3.29
373.393,0.35,3.36,0.38,3.29
373.415,0.30,3.64,0.36,3.34
373.437,0.27,3.43,0.32,3.37
373.459,0.32,3.38,0.31,3.41
373.481,0.45,3.31,0.34,3.42
373.503,0.45,3.27,0.36,3.41
373.525,0.33,3.27,0.36,3.33
373.547,0.24,3.35,0.36,3.32
373.569,0.23,3.31,0.34,3.30
373.591,0.38,3.23,0.33,3.29
373.613,0.20,3.15,0.28,3.26
373.635,0.23,3.21,0.26,3.25
373.657,0.23,3.32,0.25,3.24
373.679,0.23,3.49,0.25,3.28
373.701,0.15,3.36,0.21,3.31
373.723,0.24,3.43,0.22,3.36
373.745,0.15,3.34,0.20,3.39
373.767,0.30,3.45,0.21,3.41
373.789,0.35,3.30,0.24,3.38
373.811,0.24,3.34,0.26,3.37
373.833,0.25,3.31,0.26,3.35
373.855,0.20,3.45,0.27,3.37
373.877,0.34,3.51,0.28,3.38
373.899,0.11,3.44,0.23,3.41
373.921,0.27,3.39,0.23,3.42
373.943,0.33,3.29,0.25,3.42
373.965,0.35,3.21,0.28,3.37
373.987,0.38,3.39,0.29,3.34
374.009,0.34,3.27,0.33,3.31
374.031,0.44,3.28,0.37,3.29
374.053,0.44,3.35,0.39,3.30
374.075,0.44,3.30,0.41,3.32
374.097,0.35,3.31,0.40,3.30
374.119,0.19,3.31,0.37,3.31
374.141,0.25,3.31,0.33,3.32
374.163,0.22,3.25,0.29,3.30
374.185,0.31,3.13,0.26,3.26
374.207,0.31,3.21,0.26,3.24
374.229,0.27,3.27,0.27,3.23
374.251,0.22,3.33,0.27,3.24
374.273,0.41,3.39,0.30,3.27
374.295,0.36,3.41,0.31,3.32
374.317,0.30,3.25,0.31,3.33
374.339,0.18,3.42,0.29,3.36
374.361,0.26,3.22,0.30,3.34
374.383,0.41,3.18,0.30,3.30
374.405,0.43,3.19,0.32,3.25
374.427,0.44,3.25,0.34,3.25
374.449,0.46,3.31,0.40,3.23
374.471,0.26,3.36,0.40,3.26
374.493,0.14,3.48,0.35,3.32
374.515,0.08,3.41,0.28,3.36
374.537,0.25,3.19,0.24,3.35
374.559,0.21,3.30,0.19,3.35
374.581,0.40,3.39,0.22,3.35
374.603,0.48,3.43,0.28,3.34
374.625,0.50,3.45,0.37,3.35
374.647,0.45,3.50,0.41,3.41
374.669,0.49,3.38,0.46,3.43
374.691,0.49,3.46,0.48,3.44
374.713,0.28,3.49,0.44,3.46
374.735,0.32,3.46,0.41,3.46
374.757,0.45,3.42,0.41,3.44
374.779,0.45,3.30,0.40,3.43
374.801,0.37,3.36,0.37,3.41
374.823,0.43,3.47,0.40,3.40
374.845,0.25,3.56,0.39,3.42
374.867,0.24,3.58,0.35,3.45
374.889,0.19,3.40,0.30,3.47
374.911,0.25,3.47,0.27,3.50
374.933,0.24,3.42,0.23,3.49
374.955,0.28,3.41,0.24,3.46
374.977,0.24,3.41,0.24,3.42
374.999,0.33,3.38,0.27,3.42
375.021,0.33,3.36,0.28,3.40
375.043,0.44,3.49,0.32,3.41
375.065,0.30,3.47,0.33,3.42
375.087,0.37,3.68,0.35,3.48
375.109,0.40,3.58,0.37,3.52
375.131,0.36,3.52,0.37,3.55
375.153,0.43,3.33,0.37,3.52
375.175,0.39,3.42,0.39,3.51
375.197,0.38,3.29,0.39,3.43
375.219,0.25,3.35,0.36,3.38
375.241,0.26,3.28,0.34,3.33
375.263,0.29,3.20,0.31,3.31
375.285,0.24,3.15,0.28,3.25
375.307,0.34,3.30,0.28,3.26
375.329,0.37,3.37,0.30,3.26
375.351,0.32,3.30,0.31,3.26
375.373,0.26,3.30,0.31,3.28
375.395,0.23,3.43,0.30,3.34
375.417,0.20,3.39,0.28,3.36
375.439,0.20,3.41,0.24,3.37
375.461,0.19,3.47,0.22,3.40
375.483,0.18,3.48,0.20,3.44
375.505,0.31,3.34,0.22,3.42
375.527,0.35,3.37,0.25,3.41
375.549,0.23,3.35,0.25,3.40
375.571,0.26,3.33,0.27,3.37
375.593,0.27,3.36,0.28,3.35
375.615,0.36,3.42,0.29,3.37
375.637,0.12,3.20,0.25,3.33
375.659,0.31,3.27,0.26,3.32
375.681,0.36,3.26,0.28,3.30
375.703,0.32,3.30,0.29,3.29
375.725,0.30,3.36,0.28,3.28
375.747,0.39,3.22,0.34,3.28
375.769,0.25,3.13,0.32,3.25
375.791,0.27,3.18,0.31,3.24
375.813,0.28,3.26,0.30,3.23
375.835,0.25,3.19,0.29,3.20
375.857,0.20,3.33,0.25,3.22
375.879,0.31,3.32,0.26,3.26
375.901,0.37,3.36,0.28,3.29
375.923,0.45,3.36,0.32,3.31
375.945,0.31,3.26,0.33,3.33
375.967,0.30,3.37,0.35,3.33
375.989,0.24,3.34,0.33,3.34
376.011,0.24,3.37,0.31,3.34
376.033,0.33,3.35,0.28,3.34
376.055,0.32,3.10,0.29,3.31
376.077,0.35,3.26,0.30,3.28
376.099,0.42,3.42,0.33,3.30
376.121,0.44,3.44,0.37,3.31
376.143,0.47,3.47,0.40,3.34
376.165,0.43,3.49,0.42,3.42
376.187,0.50,3.40,0.45,3.44
376.209,0.28,3.32,0.42,3.42
376.231,0.28,3.37,0.39,3.41
376.253,0.19,3.55,0.34,3.43
376.275,0.20,3.60,0.29,3.45
376.297,0.26,3.50,0.24,3.47
376.319,0.24,3.52,0.23,3.51
376.341,0.31,3.49,0.24,3.53
376.363,0.40,3.70,0.28,3.56
376.385,0.39,3.52,0.32,3.55
376.407,0.29,3.57,0.33,3.56
376.429,0.35,3.42,0.35,3.54
376.451,0.28,3.47,0.34,3.54
376.473,0.17,3.41,0.30,3.48
376.495,0.18,3.42,0.25,3.46
376.517,0.45,3.41,0.29,3.43
376.539,0.42,3.38,0.30,3.42
376.561,0.32,3.48,0.31,3.42
376.583,0.26,3.39,0.33,3.42
376.605,0.34,3.38,0.36,3.41
376.627,0.32,3.31,0.33,3.39
376.649,0.29,3.35,0.31,3.38
376.671,0.29,3.54,0.30,3.39
376.693,0.27,3.59,0.30,3.43
376.715,0.28,3.43,0.29,3.44
376.737,0.34,3.37,0.29,3.46
376.759,0.31,3.40,0.30,3.47
376.781,0.41,3.30,0.32,3.42
376.803,0.31,3.45,0.33,3.39
376.825,0.32,3.48,0.34,3.40
376.847,0.35,3.54,0.34,3.43
376.869,0.42,3.42,0.36,3.44
376.891,0.41,3.36,0.36,3.45
376.913,0.49,3.40,0.40,3.44
376.935,0.38,3.47,0.41,3.44
376.957,0.37,3.29,0.41,3.39
376.979,0.17,3.15,0.36,3.33
377.001,0.13,3.32,0.31,3.33
377.023,0.25,3.17,0.26,3.28
377.045,0.34,3.25,0.25,3.24
377.067,0.26,3.11,0.23,3.20
377.089,0.35,3.24,0.27,3.22
377.111,0.21,3.41,0.28,3.24
377.133,0.28,3.53,0.29,3.31
377.155,0.35,3.51,0.29,3.36
377.177,0.36,3.45,0.31,3.43
377.199,0.34,3.35,0.31,3.45
377.221,0.40,3.45,0.35,3.46
377.243,0.20,3.44,0.33,3.44
377.265,0.30,3.42,0.32,3.42
377.287,0.23,3.35,0.29,3.40
377.309,0.34,3.27,0.29,3.39
377.331,0.24,3.37,0.26,3.37
377.353,0.36,3.41,0.29,3.36
377.375,0.49,3.22,0.33,3.32
377.397,0.32,3.40,0.35,3.33
377.419,0.31,3.27,0.34,3.33
377.441,0.34,3.29,0.36,3.32
377.463,0.37,3.33,0.37,3.30
377.485,0.34,3.22,0.34,3.30
377.507,0.49,3.21,0.37,3.26
377.529,0.37,3.22,0.38,3.25
377.551,0.48,3.17,0.41,3.23
377.573,0.39,3.27,0.41,3.22
377.595,0.54,3.25,0.45,3.22
377.617,0.37,3.30,0.43,3.24
377.639,0.38,3.22,0.43,3.24
377.661,0.31,3.34,0.40,3.28
377.683,0.40,3.26,0.40,3.27
377.705,0.36,3.28,0.36,3.28
377.727,0.46,3.20,0.38,3.26
377.749,0.28,3.42,0.36,3.30
377.771,0.29,3.47,0.36,3.33
377.793,0.27,3.46,0.33,3.37
377.815,0.35,3.37,0.33,3.38
377.837,0.46,3.40,0.33,3.42
377.859,0.35,3.42,0.34,3.42
377.881,0.43,3.26,0.37,3.38
377.903,0.36,3.46,0.39,3.38
377.925,0.39,3.29,0.40,3.37
377.947,0.21,3.14,0.35,3.31
377.969,0.27,3.31,0.33,3.29
377.991,0.42,3.19,0.33,3.28
378.013,0.38,3.28,0.33,3.24
378.035,0.37,3.27,0.33,3.24
378.057,0.34,3.31,0.36,3.27
378.079,0.26,3.27,0.35,3.26
378.101,0.36,3.37,0.34,3.30
378.123,0.23,3.34,0.31,3.31
378.145,0.24,3.42,0.29,3.34
378.167,0.35,3.35,0.29,3.35
378.189,0.36,3.37,0.31,3.37
378.211,0.30,3.21,0.30,3.34
378.233,0.48,3.41,0.35,3.35
378.255,0.56,3.35,0.41,3.34
378.277,0.47,3.41,0.43,3.35
378.299,0.33,3.46,0.43,3.37
378.321,0.31,3.47,0.43,3.42
378.343,0.38,3.35,0.41,3.41
378.365,0.26,3.33,0.35,3.40
378.387,0.31,3.28,0.32,3.38
378.409,0.32,3.42,0.32,3.37
378.431,0.22,3.46,0.30,3.37
378.453,0.29,3.35,0.28,3.37
378.475,0.42,3.40,0.31,3.38
378.497,0.42,3.36,0.33,3.40
378.519,0.35,3.31,0.34,3.38
378.541,0.52,3.33,0.40,3.35
378.563,0.40,3.21,0.42,3.32
378.585,0.15,3.40,0.37,3.32
378.607,0.20,3.25,0.32,3.30
378.629,0.22,3.30,0.30,3.30
378.651,0.38,3.50,0.27,3.33
378.673,0.25,3.30,0.24,3.35
378.695,0.32,3.40,0.27,3.35
378.717,0.41,3.29,0.32,3.36
378.739,0.27,3.32,0.33,3.36
378.761,0.36,3.33,0.32,3.33
378.783,0.32,3.21,0.34,3.31
378.805,0.31,3.30,0.33,3.29
378.827,0.30,3.39,0.31,3.31
378.849,0.27,3.31,0.31,3.31
378.871,0.32,3.54,0.30,3.35
378.893,0.28,3.54,0.30,3.42
378.915,0.17,3.49,0.27,3.45
378.937,0.23,3.36,0.25,3.45
378.959,0.23,3.47,0.25,3.48
378.981,0.39,3.28,0.26,3.43
379.003,0.42,3.44,0.29,3.41
379.025,0.51,3.62,0.36,3.43
379.047,0.43,3.50,0.40,3.46
379.069,0.42,3.30,0.43,3.43
379.091,0.43,3.17,0.44,3.41
379.113,0.38,3.20,0.43,3.36
379.135,0.19,3.05,0.37,3.24
379.157,0.26,3.21,0.34,3.19
379.179,0.22,3.13,0.30,3.15
379.201,0.25,3.30,0.26,3.18
379.223,0.19,3.24,0.22,3.19
379.245,0.32,3.25,0.25,3.23
379.267,0.41,3.26,0.28,3.24
379.289,0.45,3.26,0.32,3.26
379.311,0.39,3.33,0.35,3.27
379.333,0.50,3.32,0.41,3.28
379.355,0.35,3.47,0.42,3.33
379.377,0.34,3.27,0.41,3.33
379.399,0.33,3.36,0.38,3.35
379.421,0.45,3.42,0.39,3.37
379.443,0.37,3.40,0.37,3.38
379.465,0.38,3.19,0.37,3.33
379.487,0.40,3.24,0.39,3.32
379.509,0.45,3.25,0.41,3.30
379.531,0.35,3.35,0.39,3.29
379.553,0.33,3.31,0.38,3.27
379.575,0.28,3.47,0.36,3.32
379.597,0.26,3.47,0.33,3.37
379.619,0.19,3.34,0.28,3.39
379.641,0.17,3.24,0.25,3.37
379.663,0.27,3.38,0.23,3.38
379.685,0.36,3.37,0.25,3.36
379.707,0.41,3.47,0.28,3.36
379.729,0.34,3.38,0.31,3.37
379.751,0.33,3.19,0.34,3.36
379.773,0.48,3.23,0.38,3.33
379.795,0.20,3.29,0.35,3.31
379.817,0.30,3.29,0.33,3.28
379.839,0.35,3.31,0.33,3.26
379.861,0.27,3.45,0.32,3.31
379.883,0.20,3.48,0.26,3.36
379.905,0.25,3.44,0.27,3.39
379.927,0.19,3.47,0.25,3.43
379.949,0.29,3.58,0.24,3.48
379.971,0.22,3.61,0.23,3.52
379.993,0.24,3.63,0.24,3.55
380.015,0.36,3.56,0.26,3.57
380.037,0.42,3.47,0.31,3.57
380.059,0.36,3.37,0.32,3.53
380.081,0.30,3.38,0.34,3.48
380.103,0.26,3.30,0.34,3.42
380.125,0.26,3.34,0.32,3.37
380.147,0.31,3.22,0.30,3.32
380.169,0.28,3.39,0.28,3.33
380.191,0.39,3.25,0.30,3.30
380.213,0.30,3.41,0.31,3.32
380.235,0.36,3.41,0.33,3.34
380.257,0.32,3.38,0.33,3.37
380.279,0.28,3.39,0.33,3.37
380.301,0.49,3.33,0.35,3.38
380.323,0.41,3.38,0.37,3.38
380.345,0.52,3.32,0.40,3.36
380.367,0.49,3.27,0.44,3.34
380.389,0.37,3.43,0.46,3.35
380.411,0.25,3.34,0.41,3.35
380.433,0.29,3.50,0.38,3.37
380.455,0.40,3.43,0.36,3.39
380.477,0.34,3.38,0.33,3.42
380.499,0.39,3.25,0.33,3.38
380.521,0.34,3.22,0.35,3.36
380.543,0.22,3.28,0.34,3.31
380.565,0.32,3.32,0.32,3.29
380.587,0.47,3.41,0.35,3.30
380.609,0.38,3.43,0.35,3.33
380.631,0.38,3.38,0.35,3.36
380.653,0.31,3.30,0.37,3.37
380.675,0.23,3.28,0.35,3.36
380.697,0.19,3.18,0.30,3.31
380.719,0.27,3.23,0.28,3.27
380.741,0.18,3.30,0.24,3.26
380.763,0.34,3.42,0.24,3.28
380.785,0.25,3.36,0.25,3.30
380.807,0.35,3.33,0.28,3.33
380.829,0.34,3.28,0.29,3.34
380.851,0.31,3.25,0.32,3.33
380.873,0.36,3.23,0.32,3.29
380.895,0.29,3.34,0.33,3.29
380.917,0.26,3.36,0.31,3.29
380.939,0.26,3.58,0.30,3.35
380.961,0.41,3.52,0.32,3.41
380.983,0.38,3.36,0.32,3.43
381.005,0.32,3.34,0.33,3.43
381.027,0.42,3.46,0.36,3.45
381.049,0.44,3.30,0.39,3.40
381.071,0.23,3.27,0.36,3.35
381.093,0.34,3.26,0.35,3.33
381.115,0.19,3.27,0.32,3.31
381.137,0.14,3.43,0.27,3.31
381.159,0.28,3.37,0.24,3.32
381.181,0.32,3.39,0.25,3.34
381.203,0.42,3.38,0.27,3.37
381.225,0.31,3.41,0.29,3.40
381.247,0.35,3.55,0.34,3.42
381.269,0.27,3.27,0.33,3.40
381.291,0.25,3.39,0.32,3.40
381.313,0.27,3.41,0.29,3.41
381.335,0.20,3.39,0.27,3.40
381.357,0.44,3.33,0.29,3.36
381.379,0.38,3.47,0.31,3.40
381.401,0.26,3.49,0.31,3.42
381.423,0.41,3.45,0.34,3.43
381.445,0.40,3.59,0.38,3.47
381.467,0.35,3.46,0.36,3.49
381.489,0.25,3.34,0.33,3.47
381.511,0.36,3.38,0.35,3.44
381.533,0.48,3.41,0.37,3.44
381.555,0.36,3.43,0.36,3.40
381.577,0.36,3.46,0.36,3.40
381.599,0.22,3.46,0.36,3.43
381.621,0.31,3.36,0.35,3.42
381.643,0.48,3.34,0.35,3.41
381.665,0.39,3.41,0.35,3.41
381.687,0.40,3.46,0.36,3.41
381.709,0.28,3.52,0.37,3.42
381.731,0.24,3.38,0.36,3.42
381.753,0.26,3.42,0.31,3.44
381.775,0.25,3.29,0.29,3.41
381.797,0.40,3.29,0.29,3.38
381.819,0.23,3.27,0.28,3.33
381.841,0.27,3.42,0.28,3.34
381.863,0.18,3.35,0.27,3.32
381.885,0.14,3.50,0.24,3.37
381.907,0.29,3.47,0.22,3.40
381.929,0.27,3.30,0.23,3.41
381.951,0.34,3.36,0.24,3.40
381.973,0.30,3.33,0.27,3.39
381.995,0.27,3.22,0.29,3.34
382.017,0.33,3.23,0.30,3.29
382.039,0.44,3.14,0.34,3.26
382.061,0.37,3.22,0.34,3.23
382.083,0.43,3.20,0.37,3.20
382.105,0.43,3.16,0.40,3.19
382.127,0.32,3.17,0.40,3.18
382.149,0.30,3.21,0.37,3.19
382.171,0.18,3.19,0.33,3.19
382.193,0.17,3.17,0.28,3.18
382.215,0.22,3.16,0.24,3.18
382.237,0.39,3.22,0.25,3.19
382.259,0.52,3.23,0.30,3.19
382.281,0.27,3.25,0.31,3.21
382.303,0.30,3.23,0.34,3.22
382.325,0.32,3.35,0.36,3.26
382.347,0.32,3.52,0.35,3.32
382.369,0.36,3.61,0.31,3.39
382.391,0.31,3.65,0.32,3.47
382.413,0.31,3.43,0.32,3.51
382.435,0.30,3.47,0.32,3.54
382.457,0.36,3.42,0.33,3.52
382.479,0.21,3.50,0.30,3.49
382.501,0.30,3.59,0.30,3.48
382.523,0.39,3.48,0.31,3.49
382.545,0.45,3.50,0.34,3.50
382.567,0.35,3.44,0.34,3.50
382.589,0.27,3.44,0.35,3.49
382.611,0.30,3.32,0.35,3.44
382.633,0.38,3.39,0.35,3.42
382.655,0.29,3.33,0.32,3.38
382.677,0.26,3.32,0.30,3.36
382.699,0.25,3.33,0.30,3.34
382.721,0.30,3.39,0.30,3.35
382.743,0.33,3.34,0.29,3.34
382.765,0.41,3.10,0.31,3.30
382.787,0.36,3.32,0.33,3.30
382.809,0.27,3.38,0.33,3.31
382.831,0.20,3.32,0.31,3.29
382.853,0.14,3.37,0.28,3.30
382.875,0.21,3.39,0.24,3.36
382.897,0.21,3.47,0.21,3.39
382.919,0.32,3.55,0.22,3.42
382.941,0.31,3.44,0.24,3.44
382.963,0.32,3.27,0.27,3.42
382.985,0.25,3.49,0.28,3.44
383.007,0.12,3.44,0.26,3.44
383.029,0.30,3.55,0.26,3.44
383.051,0.13,3.34,0.22,3.42
383.073,0.28,3.23,0.22,3.41
383.095,0.22,3.42,0.21,3.40
383.117,0.35,3.45,0.26,3.40
383.139,0.47,3.35,0.29,3.36
383.161,0.42,3.27,0.35,3.34
383.183,0.46,3.35,0.38,3.37
383.205,0.45,3.44,0.43,3.37
383.227,0.38,3.27,0.44,3.34
383.249,0.37,3.31,0.42,3.33
383.271,0.39,3.30,0.41,3.33
383.293,0.25,3.34,0.37,3.33
383.315,0.24,3.31,0.33,3.31
383.337,0.27,3.34,0.30,3.32
383.359,0.45,3.29,0.32,3.32
383.381,0.43,3.41,0.33,3.34
383.403,0.59,3.41,0.40,3.35
383.425,0.52,3.25,0.45,3.34
383.447,0.40,3.23,0.48,3.32
383.469,0.37,3.23,0.46,3.31
383.491,0.40,3.19,0.46,3.26
383.513,0.52,3.40,0.44,3.26
383.535,0.18,3.42,0.37,3.29
383.557,0.33,3.39,0.36,3.33
383.579,0.33,3.33,0.35,3.35
383.601,0.33,3.38,0.34,3.38
383.623,0.22,3.35,0.28,3.37
383.645,0.36,3.18,0.31,3.33
383.667,0.31,3.14,0.31,3.28
383.689,0.36,3.14,0.32,3.24
383.711,0.29,3.18,0.31,3.20
383.733,0.22,3.23,0.31,3.17
383.755,0.28,3.35,0.29,3.21
383.777,0.25,3.24,0.28,3.23
383.799,0.48,3.27,0.30,3.25
383.821,0.53,3.27,0.35,3.27
383.843,0.48,3.29,0.40,3.28
383.865,0.38,3.18,0.42,3.25
383.887,0.22,3.25,0.42,3.25
383.909,0.32,3.31,0.39,3.26
383.931,0.28,3.38,0.34,3.28
383.953,0.39,3.40,0.32,3.30
383.975,0.31,3.40,0.30,3.35
383.997,0.36,3.40,0.33,3.38
384.019,0.40,3.46,0.35,3.41
384.041,0.27,3.39,0.35,3.41
384.063,0.36,3.25,0.34,3.38
384.085,0.43,3.25,0.36,3.35
384.107,0.28,3.34,0.35,3.34
384.129,0.35,3.35,0.34,3.32
384.151,0.48,3.37,0.38,3.31
384.173,0.43,3.32,0.39,3.33
384.195,0.33,3.33,0.37,3.34
384.217,0.34,3.41,0.39,3.36
384.239,0.43,3.23,0.40,3.33
384.261,0.31,3.23,0.37,3.30
384.283,0.32,3.32,0.35,3.30
384.305,0.44,3.40,0.37,3.32
384.327,0.34,3.45,0.37,3.33
384.349,0.44,3.37,0.37,3.35
384.371,0.25,3.27,0.36,3.36
384.393,0.31,3.37,0.36,3.37
384.415,0.30,3.25,0.33,3.34
384.437,0.47,3.34,0.35,3.32
384.459,0.48,3.32,0.36,3.31
384.481,0.32,3.36,0.38,3.33
384.503,0.30,3.47,0.37,3.35
384.525,0.31,3.27,0.38,3.35
384.547,0.11,3.38,0.30,3.36
384.569,0.17,3.24,0.24,3.34
384.591,0.28,3.09,0.23,3.29
384.613,0.36,3.28,0.25,3.25
384.635,0.26,3.24,0.24,3.25
384.657,0.15,3.22,0.24,3.21
384.679,0.13,3.39,0.24,3.24
384.701,0.20,3.44,0.22,3.31
384.723,0.32,3.51,0.21,3.36
384.745,0.25,3.37,0.21,3.39
384.767,0.38,3.39,0.26,3.42
384.789,0.45,3.50,0.32,3.44
384.811,0.44,3.47,0.37,3.45
384.833,0.39,3.39,0.38,3.42
384.855,0.27,3.46,0.39,3.44
384.877,0.40,3.59,0.39,3.48
384.899,0.29,3.33,0.36,3.45
384.921,0.32,3.36,0.33,3.43
384.943,0.26,3.38,0.31,3.42
384.965,0.29,3.47,0.31,3.43
384.987,0.20,3.33,0.27,3.37
385.009,0.31,3.26,0.28,3.36
385.031,0.39,3.35,0.29,3.36
385.053,0.34,3.38,0.31,3.36
385.075,0.44,3.22,0.34,3.31
385.097,0.27,3.32,0.35,3.31
385.119,0.28,3.31,0.34,3.32
385.141,0.39,3.19,0.34,3.28
385.163,0.44,3.17,0.36,3.24
385.185,0.37,3.32,0.35,3.26
385.207,0.35,3.17,0.37,3.23
385.229,0.32,3.34,0.37,3.24
385.251,0.26,3.46,0.35,3.29
385.273,0.24,3.42,0.31,3.34
385.295,0.24,3.41,0.28,3.36
385.317,0.40,3.43,0.29,3.41
385.339,0.34,3.45,0.30,3.43
385.361,0.16,3.19,0.28,3.38
385.383,0.25,3.22,0.28,3.34
385.405,0.34,3.36,0.30,3.33
385.427,0.22,3.30,0.26,3.30
385.449,0.25,3.24,0.24,3.26
385.471,0.28,3.36,0.27,3.30
385.493,0.35,3.21,0.29,3.29
385.515,0.38,3.25,0.30,3.27
385.537,0.27,3.22,0.31,3.26
385.559,0.26,3.18,0.31,3.24
385.581,0.22,3.30,0.30,3.23
385.603,0.35,3.37,0.30,3.26
385.625,0.34,3.31,0.29,3.28
385.647,0.42,3.20,0.32,3.27
385.669,0.34,3.17,0.33,3.27
385.691,0.31,3.30,0.35,3.27
385.713,0.28,3.28,0.34,3.25
385.735,0.23,3.51,0.32,3.29
385.757,0.41,3.45,0.31,3.34
385.779,0.30,3.45,0.31,3.40
385.801,0.40,3.39,0.32,3.42
385.823,0.49,3.35,0.37,3.43
385.845,0.30,3.33,0.38,3.39
385.867,0.29,3.26,0.36,3.36
385.889,0.20,3.48,0.34,3.36
385.911,0.13,3.51,0.28,3.39
385.933,0.13,3.66,0.21,3.45
385.955,0.02,3.54,0.15,3.49
385.977,0.28,3.39,0.15,3.52
385.999,0.41,3.45,0.19,3.51
386.021,0.32,3.38,0.23,3.48
386.043,0.21,3.47,0.25,3.45
386.065,0.13,3.41,0.27,3.42
386.087,0.36,3.43,0.29,3.43
386.109,0.31,3.34,0.27,3.41
386.131,0.22,3.35,0.25,3.40
386.153,0.23,3.37,0.25,3.38
386.175,0.32,3.20,0.29,3.34
386.197,0.41,3.27,0.30,3.31
386.219,0.26,3.33,0.29,3.30
386.241,0.26,3.37,0.30,3.31
386.263,0.38,3.35,0.33,3.30
386.285,0.32,3.36,0.33,3.34
386.307,0.16,3.34,0.28,3.35
386.329,0.26,3.34,0.28,3.35
386.351,0.10,3.28,0.24,3.33
386.373,0.24,3.36,0.22,3.34
386.395,0.24,3.20,0.20,3.30
386.417,0.29,3.23,0.23,3.28
386.439,0.24,3.40,0.22,3.29
386.461,0.41,3.42,0.28,3.32
386.483,0.25,3.35,0.29,3.32
386.505,0.20,3.28,0.28,3.34
386.527,0.33,3.23,0.29,3.34
386.549,0.16,3.06,0.27,3.27
386.571,0.38,3.08,0.26,3.20
386.593,0.37,3.27,0.29,3.18
386.615,0.44,3.49,0.34,3.23
386.637,0.41,3.45,0.35,3.27
386.659,0.34,3.40,0.39,3.34
386.681,0.40,3.40,0.39,3.40
386.703,0.38,3.38,0.39,3.42
386.725,0.34,3.33,0.37,3.39
386.747,0.37,3.45,0.37,3.39
386.769,0.32,3.48,0.36,3.41
386.791,0.26,3.42,0.33,3.41
386.813,0.45,3.29,0.35,3.39
386.835,0.30,3.35,0.34,3.40
386.857,0.33,3.50,0.33,3.41
386.879,0.36,3.49,0.34,3.41
386.901,0.22,3.45,0.33,3.42
386.923,0.27,3.37,0.30,3.43
386.945,0.30,3.33,0.30,3.43
386.967,0.24,3.32,0.28,3.39
386.989,0.37,3.56,0.28,3.41
387.011,0.43,3.37,0.32,3.39
387.033,0.08,3.24,0.28,3.36
387.055,0.12,3.28,0.25,3.35
387.077,0.22,3.42,0.24,3.37
387.099,0.18,3.44,0.21,3.35
387.121,0.33,3.51,0.19,3.38
387.143,0.31,3.32,0.23,3.39
387.165,0.36,3.38,0.28,3.41
387.187,0.43,3.35,0.32,3.40
387.209,0.22,3.44,0.33,3.40
387.231,0.23,3.41,0.31,3.38
387.253,0.34,3.43,0.32,3.40
387.275,0.26,3.43,0.30,3.41
387.297,0.27,3.37,0.26,3.42
387.319,0.14,3.55,0.25,3.44
387.341,0.19,3.49,0.24,3.45
387.363,0.32,3.46,0.24,3.46
387.385,0.36,3.59,0.26,3.49
387.407,0.28,3.57,0.26,3.53
387.429,0.33,3.49,0.30,3.52
387.451,0.44,3.40,0.35,3.50
387.473,0.57,3.42,0.40,3.49
387.495,0.49,3.45,0.42,3.47
387.517,0.37,3.30,0.44,3.41
387.539,0.21,3.38,0.42,3.39
387.561,0.31,3.39,0.39,3.39
387.583,0.35,3.57,0.35,3.42
387.605,0.32,3.50,0.31,3.43
387.627,0.32,3.41,0.30,3.45
387.649,0.28,3.35,0.32,3.44
387.671,0.31,3.43,0.32,3.45
387.693,0.16,3.36,0.28,3.41
387.715,0.24,3.37,0.26,3.38
387.737,0.30,3.41,0.26,3.38
387.759,0.15,3.28,0.23,3.37
387.781,0.21,3.31,0.21,3.35
387.803,0.15,3.34,0.21,3.34
387.825,0.23,3.53,0.21,3.37
387.847,0.35,3.39,0.22,3.37
387.869,0.32,3.41,0.25,3.40
387.891,0.33,3.33,0.28,3.40
387.913,0.31,3.25,0.31,3.38
387.935,0.37,3.22,0.34,3.32
387.957,0.49,3.22,0.36,3.29
387.979,0.49,3.31,0.40,3.27
388.001,0.34,3.35,0.40,3.27
388.023,0.36,3.39,0.41,3.30
388.045,0.36,3.39,0.41,3.33
388.067,0.19,3.44,0.35,3.38
388.089,0.16,3.38,0.28,3.39
388.111,0.20,3.28,0.25,3.38
388.133,0.27,3.27,0.24,3.35
388.155,0.33,3.27,0.23,3.33
388.177,0.24,3.33,0.24,3.31
388.199,0.29,3.39,0.27,3.31
388.221,0.27,3.32,0.28,3.32
388.243,0.31,3.25,0.29,3.31
388.265,0.39,3.33,0.30,3.32
388.287,0.38,3.41,0.33,3.34
388.309,0.29,3.36,0.33,3.33
388.331,0.40,3.37,0.35,3.34
388.353,0.34,3.30,0.36,3.35
388.375,0.41,3.43,0.36,3.37
388.397,0.31,3.48,0.35,3.39
388.419,0.36,3.54,0.36,3.42
388.441,0.43,3.51,0.37,3.45
388.463,0.37,3.37,0.38,3.47
388.485,0.36,3.46,0.37,3.47
388.507,0.32,3.45,0.37,3.47
388.529,0.13,3.46,0.32,3.45
388.551,0.18,3.47,0.27,3.44
388.573,0.43,3.36,0.28,3.44
388.595,0.48,3.32,0.31,3.41
388.617,0.47,3.32,0.34,3.39
388.639,0.47,3.31,0.41,3.36
388.661,0.31,3.18,0.43,3.30
388.683,0.28,3.40,0.40,3.31
388.705,0.20,3.38,0.35,3.32
388.727,0.36,3.30,0.32,3.31
388.749,0.32,3.46,0.29,3.34
388.771,0.32,3.25,0.30,3.36
388.793,0.29,3.37,0.30,3.35
388.815,0.12,3.47,0.28,3.37
388.837,0.29,3.49,0.27,3.41
388.859,0.29,3.46,0.26,3.41
388.881,0.32,3.47,0.26,3.45
388.903,0.26,3.57,0.26,3.49
388.925,0.37,3.41,0.31,3.48
388.947,0.20,3.54,0.29,3.49
388.969,0.23,3.42,0.28,3.48
388.991,0.17,3.50,0.25,3.49
389.013,0.20,3.46,0.23,3.47
389.035,0.26,3.39,0.21,3.46
389.057,0.31,3.33,0.23,3.42
389.079,0.24,3.39,0.24,3.41
389.101,0.40,3.44,0.28,3.40
389.123,0.29,3.41,0.30,3.39
389.145,0.38,3.24,0.32,3.36
389.167,0.24,3.18,0.31,3.33
389.189,0.33,3.20,0.33,3.29
389.211,0.41,3.33,0.33,3.27
389.233,0.42,3.23,0.36,3.24
389.255,0.26,3.11,0.33,3.21
389.277,0.30,3.11,0.34,3.20
389.299,0.27,3.28,0.33,3.21
389.321,0.37,3.18,0.32,3.18
389.343,0.22,3.24,0.28,3.18
389.365,0.18,3.33,0.27,3.23
389.387,0.38,3.28,0.28,3.26
389.409,0.40,3.32,0.31,3.27
389.431,0.22,3.51,0.28,3.34
389.453,0.32,3.46,0.30,3.38
389.475,0.41,3.49,0.35,3.41
389.497,0.46,3.30,0.36,3.42
389.519,0.43,3.29,0.37,3.41
389.541,0.49,3.45,0.42,3.40
389.563,0.53,3.39,0.46,3.38
389.585,0.36,3.42,0.45,3.37
389.607,0.47,3.38,0.46,3.39
389.629,0.41,3.38,0.45,3.40
389.651,0.30,3.28,0.41,3.37
389.673,0.42,3.17,0.39,3.33
389.695,0.30,3.32,0.38,3.31
389.717,0.34,3.31,0.35,3.29
389.739,0.49,3.44,0.37,3.30
389.761,0.44,3.41,0.40,3.33
389.783,0.36,3.34,0.39,3.36
389.805,0.33,3.16,0.39,3.33
389.827,0.31,3.15,0.39,3.30
389.849,0.37,3.31,0.36,3.27
389.871,0.34,3.34,0.34,3.26
389.893,0.38,3.38,0.35,3.27
389.915,0.50,3.40,0.38,3.32
389.937,0.23,3.43,0.36,3.37
389.959,0.24,3.32,0.34,3.37
389.981,0.21,3.11,0.31,3.33
390.003,0.24,3.20,0.28,3.29
390.025,0.37,3.42,0.26,3.30
390.047,0.30,3.38,0.27,3.29
390.069,0.35,3.37,0.29,3.30
390.091,0.39,3.43,0.33,3.36
390.113,0.34,3.40,0.35,3.40
390.135,0.27,3.49,0.33,3.41
390.157,0.26,3.42,0.32,3.42
390.179,0.20,3.29,0.29,3.41
390.201,0.25,3.37,0.26,3.39
390.223,0.35,3.45,0.27,3.40
390.245,0.36,3.55,0.28,3.42
390.267,0.41,3.51,0.31,3.43
390.289,0.40,3.46,0.35,3.47
390.311,0.27,3.45,0.36,3.48
390.333,0.12,3.54,0.31,3.50
390.355,0.26,3.59,0.29,3.51
390.377,0.43,3.53,0.30,3.51
390.399,0.57,3.37,0.33,3.50
390.421,0.31,3.48,0.34,3.50
390.443,0.29,3.47,0.37,3.49
390.465,0.27,3.36,0.37,3.44
390.487,0.39,3.38,0.37,3.41
390.509,0.45,3.50,0.34,3.44
390.531,0.48,3.46,0.38,3.43
390.553,0.43,3.42,0.40,3.42
390.575,0.33,3.52,0.42,3.46
390.597,0.11,3.45,0.36,3.47
390.619,0.21,3.37,0.31,3.44
390.641,0.29,3.23,0.27,3.40
390.663,0.21,3.22,0.23,3.36
390.685,0.31,3.15,0.23,3.28
390.707,0.38,3.35,0.28,3.26
390.729,0.27,3.39,0.29,3.27
390.751,0.31,3.47,0.30,3.32
390.773,0.35,3.46,0.32,3.36
390.795,0.30,3.21,0.32,3.38
390.817,0.23,3.30,0.29,3.37
390.839,0.33,3.44,0.30,3.38
390.861,0.39,3.41,0.32,3.36
390.883,0.22,3.32,0.29,3.34
390.905,0.37,3.22,0.31,3.34
390.927,0.37,3.42,0.34,3.36
390.949,0.31,3.40,0.33,3.35
390.971,0.42,3.54,0.34,3.38
390.993,0.22,3.44,0.34,3.40
391.015,0.38,3.55,0.34,3.47
391.037,0.45,3.35,0.36,3.46
391.059,0.38,3.39,0.37,3.45
391.081,0.32,3.33,0.35,3.41
391.103,0.18,3.33,0.34,3.39
391.125,-0.02,3.44,0.26,3.37
391.147,0.16,3.33,0.20,3.36
391.169,0.09,3.30,0.15,3.35
391.191,0.21,3.22,0.12,3.32
391.213,0.33,3.28,0.15,3.31
391.235,0.38,3.40,0.23,3.31
391.257,0.37,3.53,0.28,3.35
391.279,0.27,3.53,0.31,3.39
391.301,0.43,3.27,0.36,3.40
391.323,0.50,3.12,0.39,3.37
391.345,0.51,3.22,0.42,3.33
391.367,0.46,3.24,0.43,3.28
391.389,0.34,3.36,0.45,3.24
391.411,0.36,3.30,0.43,3.25
391.433,0.38,3.26,0.41,3.28
391.455,0.35,3.24,0.38,3.28
391.477,0.23,3.41,0.33,3.31
391.499,0.39,3.55,0.34,3.35
391.521,0.34,3.55,0.34,3.40
391.543,0.39,3.38,0.34,3.43
391.565,0.34,3.39,0.34,3.46
391.587,0.34,3.38,0.36,3.45
391.609,0.29,3.35,0.34,3.41
391.631,0.38,3.31,0.35,3.36
391.653,0.30,3.35,0.33,3.36
391.675,0.38,3.35,0.34,3.35
391.697,0.34,3.32,0.34,3.34
391.719,0.22,3.41,0.32,3.35
391.741,0.26,3.37,0.30,3.36
391.763,0.34,3.51,0.31,3.39
391.785,0.45,3.58,0.32,3.44
391.807,0.41,3.39,0.34,3.45
391.829,0.41,3.38,0.37,3.45
391.851,0.57,3.35,0.44,3.44
391.873,0.32,3.29,0.43,3.40
391.895,0.39,3.22,0.42,3.33
391.917,0.34,3.41,0.41,3.33
391.939,0.29,3.29,0.38,3.31
391.961,0.49,3.38,0.37,3.32
391.983,0.39,3.35,0.38,3.33
392.005,0.37,3.36,0.38,3.36
392.027,0.43,3.27,0.39,3.33
392.049,0.27,3.37,0.39,3.35
392.071,0.26,3.40,0.34,3.35
392.093,0.35,3.46,0.34,3.37
392.115,0.30,3.25,0.32,3.35
392.137,0.35,3.31,0.31,3.36
392.159,0.28,3.47,0.31,3.38
392.181,0.28,3.53,0.31,3.40
392.203,0.23,3.51,0.29,3.41
392.225,0.25,3.33,0.28,3.43
392.247,0.23,3.42,0.25,3.45
392.269,0.27,3.40,0.25,3.44
392.291,0.36,3.28,0.27,3.39
392.313,0.26,3.36,0.27,3.36
392.335,0.20,3.42,0.26,3.38
392.357,0.35,3.43,0.29,3.38
392.379,0.27,3.48,0.29,3.39
392.401,0.29,3.41,0.27,3.42
392.423,0.29,3.39,0.28,3.43
392.445,0.40,3.16,0.32,3.37
392.467,0.31,3.21,0.31,3.33
392.489,0.31,3.24,0.32,3.28
392.511,0.34,3.41,0.33,3.28
392.533,0.34,3.29,0.34,3.26
392.555,0.41,3.30,0.34,3.29
392.577,0.42,3.36,0.36,3.32
392.599,0.37,3.33,0.38,3.34
392.621,0.37,3.25,0.38,3.31
392.643,0.39,3.23,0.39,3.29
392.665,0.31,3.30,0.37,3.29
392.687,0.26,3.19,0.34,3.26
392.709,0.21,3.50,0.31,3.29
392.731,0.20,3.47,0.27,3.34
392.753,0.22,3.33,0.24,3.36
392.775,0.32,3.43,0.24,3.38
392.797,0.42,3.59,0.27,3.46
392.819,0.36,3.42,0.30,3.45
392.841,0.39,3.37,0.34,3.43
392.863,0.56,3.28,0.41,3.42
392.885,0.36,3.23,0.42,3.38
392.907,0.45,3.48,0.42,3.36
392.929,0.39,3.51,0.43,3.37
392.951,0.39,3.44,0.43,3.39
392.973,0.54,3.39,0.43,3.41
392.995,0.42,3.35,0.44,3.43
393.017,0.45,3.25,0.44,3.39
393.039,0.40,3.24,0.44,3.33
393.061,0.35,3.26,0.43,3.30
393.083,0.39,3.33,0.40,3.29
393.105,0.44,3.30,0.41,3.28
393.127,0.32,3.44,0.38,3.31
393.149,0.32,3.31,0.36,3.33
393.171,0.25,3.39,0.34,3.35
393.193,0.44,3.38,0.35,3.36
393.215,0.39,3.36,0.34,3.38
393.237,0.30,3.40,0.34,3.37
393.259,0.43,3.40,0.36,3.39
393.281,0.48,3.43,0.41,3.39
393.303,0.49,3.23,0.42,3.36
393.325,0.39,3.36,0.42,3.36
393.347,0.38,3.53,0.43,3.39
393.369,0.40,3.43,0.43,3.40
393.391,0.33,3.39,0.40,3.39
393.413,0.30,3.41,0.36,3.42
393.435,0.27,3.26,0.34,3.40
393.457,0.32,3.40,0.32,3.38
393.479,0.29,3.30,0.30,3.35
393.501,0.31,3.33,0.30,3.34
393.523,0.40,3.27,0.32,3.31
393.545,0.24,3.34,0.31,3.33
393.567,0.17,3.57,0.28,3.36
393.589,0.33,3.51,0.29,3.40
393.611,0.39,3.41,0.31,3.42
393.633,0.26,3.51,0.28,3.47
393.655,0.22,3.48,0.27,3.50
393.677,0.33,3.46,0.31,3.47
393.699,0.12,3.40,0.26,3.45
393.721,0.34,3.39,0.25,3.45
393.743,0.34,3.41,0.27,3.43
393.765,0.29,3.24,0.28,3.38
393.787,0.15,3.33,0.25,3.35
393.809,0.21,3.28,0.27,3.33
393.831,0.25,3.47,0.25,3.35
393.853,0.33,3.41,0.25,3.35
393.875,0.37,3.56,0.26,3.41
393.897,0.39,3.44,0.31,3.43
393.919,0.29,3.59,0.33,3.49
393.941,0.23,3.44,0.32,3.49
393.963,0.15,3.39,0.29,3.48
393.985,0.21,3.27,0.25,3.43
394.007,0.27,3.16,0.23,3.37
394.029,0.20,3.31,0.21,3.31
394.051,0.28,3.39,0.22,3.30
394.073,0.49,3.27,0.29,3.28
394.095,0.42,3.34,0.33,3.29
394.117,0.45,3.25,0.37,3.31
394.139,0.37,3.27,0.40,3.30
394.161,0.39,3.14,0.42,3.25
394.183,0.30,3.19,0.39,3.24
394.205,0.45,3.18,0.39,3.21
394.227,0.41,3.35,0.38,3.23
394.249,0.30,3.36,0.37,3.24
394.271,0.27,3.35,0.35,3.29
394.293,0.21,3.32,0.33,3.31
394.315,0.29,3.39,0.30,3.35
394.337,0.33,3.44,0.28,3.37
394.359,0.24,3.28,0.27,3.36
394.381,0.09,3.20,0.23,3.33
394.403,0.20,3.25,0.23,3.31
394.425,0.17,3.20,0.21,3.27
394.447,0.27,3.31,0.19,3.25
394.469,0.27,3.27,0.20,3.25
394.491,0.36,3.20,0.25,3.25
394.513,0.23,3.26,0.26,3.25
394.535,0.32,3.12,0.29,3.23
394.557,0.30,3.23,0.30,3.22
394.579,0.20,3.48,0.28,3.26
394.601,0.35,3.55,0.28,3.33
394.623,0.41,3.35,0.32,3.35
394.645,0.35,3.30,0.32,3.38
394.667,0.38,3.27,0.34,3.39
394.689,0.37,3.21,0.37,3.34
394.711,0.45,3.25,0.39,3.28
394.733,0.29,3.34,0.37,3.27
394.755,0.24,3.49,0.35,3.31
394.777,0.23,3.48,0.32,3.35
394.799,0.20,3.46,0.28,3.40
394.821,0.28,3.31,0.25,3.42
394.843,0.28,3.33,0.25,3.41
394.865,0.37,3.25,0.27,3.37
394.887,0.33,3.53,0.29,3.38
394.909,0.40,3.53,0.33,3.39
394.931,0.43,3.36,0.36,3.40
394.953,0.47,3.29,0.40,3.39
394.975,0.33,3.21,0.39,3.38
394.997,0.38,3.21,0.40,3.32
395.019,0.29,3.23,0.38,3.26
395.041,0.36,3.14,0.37,3.22
395.063,0.29,3.21,0.33,3.20
395.085,0.31,3.44,0.33,3.25
395.107,0.36,3.34,0.32,3.27
395.129,0.58,3.44,0.38,3.31
395.151,0.31,3.36,0.37,3.36
395.173,0.36,3.28,0.38,3.37
395.195,0.20,3.45,0.36,3.37
395.217,0.22,3.45,0.33,3.40
395.239,0.25,3.40,0.27,3.39
395.261,0.28,3.30,0.26,3.38
395.283,0.27,3.34,0.24,3.39
395.305,0.53,3.33,0.31,3.36
395.327,0.37,3.26,0.34,3.33
395.349,0.28,3.28,0.35,3.30
395.371,0.30,3.39,0.35,3.32
395.393,0.44,3.34,0.38,3.32
395.415,0.38,3.32,0.35,3.32
395.437,0.28,3.26,0.34,3.32
395.459,0.40,3.33,0.36,3.33
395.481,0.43,3.28,0.39,3.31
395.503,0.53,3.20,0.40,3.28
395.525,0.41,3.22,0.41,3.26
395.547,0.31,3.37,0.42,3.28
395.569,0.33,3.41,0.40,3.30
395.591,0.29,3.39,0.37,3.32
395.613,0.35,3.48,0.34,3.37
395.635,0.31,3.28,0.32,3.39
395.657,0.39,3.20,0.33,3.35
395.679,0.32,3.28,0.33,3.33
395.701,0.39,3.41,0.35,3.33
395.723,0.40,3.38,0.36,3.31
395.745,0.27,3.43,0.35,3.34
395.767,0.44,3.37,0.36,3.37
395.789,0.50,3.33,0.40,3.38
395.811,0.22,3.41,0.37,3.38
395.833,0.29,3.33,0.34,3.37
395.855,0.24,3.37,0.34,3.36
395.877,0.24,3.45,0.30,3.38
395.899,0.22,3.23,0.24,3.36
395.921,0.31,3.25,0.26,3.33
395.943,0.38,3.23,0.28,3.31
395.965,0.29,3.38,0.29,3.31
395.987,0.19,3.41,0.28,3.30
396.009,0.20,3.37,0.27,3.33
396.031,0.23,3.42,0.26,3.36
396.053,0.17,3.27,0.22,3.37
396.075,0.24,3.49,0.21,3.39
396.097,0.22,3.66,0.21,3.44
396.119,0.40,3.67,0.25,3.50
396.141,0.37,3.69,0.28,3.56
396.163,0.36,3.63,0.32,3.63
396.185,0.45,3.52,0.36,3.63
396.207,0.35,3.47,0.39,3.60
396.229,0.36,3.49,0.38,3.56
396.251,0.26,3.66,0.36,3.55
396.273,0.37,3.57,0.36,3.54
396.295,0.36,3.51,0.34,3.54
396.317,0.21,3.46,0.31,3.54
396.339,0.20,3.49,0.28,3.54
396.361,0.33,3.37,0.29,3.48
396.383,0.27,3.35,0.27,3.44
396.405,0.28,3.32,0.26,3.40
396.427,0.33,3.24,0.28,3.35
396.449,0.31,3.33,0.30,3.32
396.471,0.40,3.32,0.32,3.31
396.493,0.41,3.32,0.35,3.31
396.515,0.37,3.26,0.36,3.29
396.537,0.38,3.39,0.37,3.32
396.559,0.40,3.53,0.39,3.36
396.581,0.41,3.48,0.39,3.40
396.603,0.44,3.38,0.40,3.41
396.625,0.26,3.25,0.38,3.41
396.647,0.27,3.19,0.36,3.37
396.669,0.18,3.26,0.31,3.31
396.691,0.25,3.32,0.28,3.28
396.713,0.33,3.24,0.26,3.25
396.735,0.32,3.28,0.27,3.26
396.757,0.21,3.24,0.26,3.27
396.779,0.23,3.23,0.27,3.26
396.801,0.34,3.24,0.29,3.25
396.823,0.21,3.31,0.26,3.26
396.845,0.24,3.27,0.25,3.26
396.867,0.34,3.36,0.27,3.28
396.889,0.29,3.42,0.28,3.32
396.911,0.29,3.59,0.27,3.39
396.933,0.38,3.54,0.31,3.44
396.955,0.44,3.41,0.35,3.46
396.977,0.51,3.36,0.38,3.46
396.999,0.46,3.39,0.42,3.46
397.021,0.34,3.45,0.43,3.43
397.043,0.25,3.31,0.40,3.38
397.065,0.23,3.29,0.36,3.36
397.087,0.29,3.33,0.31,3.35
397.109,0.29,3.36,0.28,3.35
397.131,0.24,3.36,0.26,3.33
397.153,0.31,3.35,0.27,3.34
397.175,0.43,3.43,0.31,3.37
397.197,0.44,3.38,0.34,3.38
397.219,0.36,3.34,0.36,3.37
397.241,0.41,3.26,0.39,3.35
397.263,0.36,3.26,0.40,3.33
397.285,0.28,3.36,0.37,3.32
397.307,0.17,3.40,0.32,3.32
397.329,0.27,3.32,0.30,3.32
397.351,0.23,3.37,0.26,3.34
397.373,0.29,3.49,0.25,3.39
397.395,0.22,3.29,0.24,3.37
397.417,0.18,3.23,0.24,3.34
397.439,0.41,3.30,0.27,3.34
397.461,0.43,3.18,0.31,3.30
397.483,0.43,3.15,0.33,3.23
397.505,0.39,3.06,0.37,3.18
397.527,0.36,3.24,0.40,3.19
397.549,0.29,3.24,0.38,3.17
397.571,0.23,3.28,0.34,3.19
397.593,0.34,3.37,0.32,3.24
397.615,0.25,3.65,0.29,3.36
397.637,0.20,3.53,0.26,3.41
397.659,0.43,3.32,0.29,3.43
397.681,0.42,3.43,0.33,3.46
397.703,0.40,3.26,0.34,3.44
397.725,0.37,3.34,0.36,3.38
397.747,0.33,3.36,0.39,3.34
397.769,0.35,3.41,0.37,3.36
397.791,0.36,3.16,0.36,3.31
397.813,0.41,3.29,0.36,3.31
397.835,0.38,3.19,0.37,3.28
397.857,0.24,3.30,0.35,3.27
397.879,0.32,3.22,0.34,3.23
397.901,0.32,3.34,0.33,3.27
397.923,0.41,3.23,0.33,3.26
397.945,0.47,3.31,0.35,3.28
397.967,0.40,3.15,0.38,3.25
397.989,0.27,3.28,0.37,3.26
398.011,0.24,3.25,0.36,3.24
398.033,0.35,3.38,0.35,3.27
398.055,0.14,3.45,0.28,3.30
398.077,0.22,3.40,0.24,3.35
398.099,0.28,3.38,0.25,3.37
398.121,0.26,3.43,0.25,3.41
398.143,0.32,3.43,0.24,3.42
398.165,0.32,3.31,0.28,3.39
398.187,0.31,3.40,0.30,3.39
398.209,0.42,3.34,0.33,3.38
398.231,0.40,3.49,0.35,3.39
398.253,0.48,3.59,0.39,3.43
398.275,0.34,3.51,0.39,3.47
398.297,0.20,3.31,0.37,3.45
398.319,0.27,3.38,0.34,3.46
398.341,0.26,3.47,0.31,3.45
398.363,0.32,3.19,0.28,3.37
398.385,0.44,3.34,0.30,3.34
398.407,0.37,3.38,0.33,3.35
398.429,0.32,3.38,0.34,3.35
398.451,0.37,3.35,0.36,3.33
398.473,0.24,3.39,0.35,3.37
398.495,0.18,3.33,0.30,3.37
398.517,0.16,3.33,0.25,3.36
398.539,0.41,3.41,0.27,3.36
398.561,0.32,3.35,0.26,3.36
398.583,0.24,3.44,0.26,3.37
398.605,0.22,3.27,0.27,3.36
398.627,0.27,3.44,0.29,3.38
398.649,0.54,3.40,0.32,3.38
398.671,0.30,3.39,0.31,3.39
398.693,0.31,3.30,0.33,3.36
398.715,0.11,3.39,0.31,3.38
398.737,0.16,3.59,0.28,3.41
398.759,0.17,3.47,0.21,3.43
398.781,0.27,3.52,0.20,3.45
398.803,0.44,3.35,0.23,3.46
398.825,0.34,3.32,0.28,3.45
398.847,0.38,3.35,0.32,3.40
398.869,0.38,3.15,0.36,3.34
398.891,0.47,3.12,0.40,3.26
398.913,0.36,3.15,0.39,3.22
398.935,0.32,3.28,0.38,3.21
398.957,0.31,3.36,0.37,3.21
398.979,0.38,3.48,0.37,3.28
399.001,0.38,3.34,0.35,3.32
399.023,0.33,3.42,0.34,3.38
399.045,0.27,3.37,0.33,3.39
399.067,0.19,3.41,0.31,3.40
399.089,0.31,3.50,0.30,3.41
399.111,0.49,3.27,0.32,3.39
399.133,0.35,3.23,0.32,3.36
399.155,0.25,3.42,0.32,3.37
399.177,0.33,3.29,0.35,3.34
399.199,0.15,3.40,0.31,3.32
399.221,0.26,3.27,0.27,3.32
399.243,0.23,3.27,0.24,3.33
399.265,0.24,3.21,0.24,3.29
399.287,0.22,3.38,0.22,3.31
399.309,0.23,3.34,0.24,3.29
399.331,0.29,3.33,0.24,3.31
399.353,0.20,3.49,0.24,3.35
399.375,0.24,3.41,0.24,3.39
399.397,0.37,3.40,0.27,3.39
399.419,0.37,3.48,0.29,3.42
399.441,0.32,3.35,0.30,3.43
399.463,0.30,3.43,0.32,3.41
399.485,0.39,3.34,0.35,3.40
399.507,0.28,3.44,0.33,3.41
399.529,0.20,3.46,0.30,3.40
399.551,0.38,3.61,0.31,3.46
399.573,0.26,3.53,0.30,3.48
399.595,0.14,3.53,0.25,3.51
399.617,0.38,3.38,0.27,3.50
399.639,0.46,3.32,0.32,3.47
399.661,0.34,3.57,0.32,3.47
399.683,0.42,3.53,0.35,3.47
399.705,0.30,3.31,0.38,3.42
399.727,0.44,3.44,0.39,3.43
399.749,0.43,3.57,0.39,3.48
399.771,0.39,3.57,0.40,3.48
399.793,0.45,3.48,0.40,3.47
399.815,0.57,3.32,0.46,3.48
399.837,0.55,3.33,0.48,3.45
399.859,0.42,3.33,0.48,3.41
399.881,0.30,3.38,0.46,3.37
399.903,0.07,3.22,0.38,3.32
399.925,0.17,3.28,0.30,3.31
399.947,0.20,3.33,0.23,3.31
399.969,0.35,3.28,0.22,3.30
399.991,0.37,3.26,0.23,3.27
400.013,0.39,3.35,0.30,3.30
400.035,0.35,3.36,0.33,3.32
400.057,0.23,3.34,0.34,3.32
400.079,0.39,3.18,0.35,3.30
400.101,0.38,3.17,0.35,3.28
400.123,0.35,3.19,0.34,3.25
400.145,0.35,3.25,0.34,3.23
400.167,0.39,3.31,0.37,3.22
400.189,0.31,3.41,0.36,3.27
400.211,0.29,3.39,0.34,3.31
400.233,0.21,3.41,0.31,3.35
400.255,0.17,3.49,0.27,3.40
400.277,0.38,3.38,0.27,3.42
400.299,0.28,3.28,0.27,3.39
400.321,0.45,3.35,0.30,3.38
400.343,0.48,3.43,0.35,3.39
400.365,0.37,3.44,0.39,3.38
400.387,0.32,3.27,0.38,3.35
400.409,0.42,3.25,0.41,3.35
400.431,0.35,3.24,0.39,3.33
400.453,0.35,3.23,0.36,3.29
400.475,0.39,3.24,0.37,3.25
400.497,0.38,3.25,0.38,3.24
400.519,0.40,3.21,0.37,3.23
400.541,0.43,3.19,0.39,3.22
400.563,0.28,3.28,0.38,3.23
400.585,0.28,3.35,0.35,3.26
400.607,0.29,3.33,0.34,3.27
400.629,0.32,3.35,0.32,3.30
400.651,0.23,3.30,0.28,3.32
400.673,0.26,3.41,0.28,3.35
400.695,0.32,3.42,0.28,3.36
400.717,0.23,3.40,0.27,3.38
400.739,0.35,3.37,0.28,3.38
400.761,0.28,3.39,0.29,3.40
400.783,0.29,3.30,0.29,3.38
400.805,0.11,3.31,0.25,3.35
400.827,0.13,3.29,0.23,3.33
400.849,0.19,3.18,0.20,3.29
400.871,0.03,3.28,0.15,3.27
400.893,0.20,3.40,0.13,3.29
400.915,0.29,3.33,0.17,3.30
400.937,0.21,3.40,0.18,3.32
400.959,0.34,3.31,0.21,3.34
400.981,0.41,3.31,0.29,3.35
401.003,0.43,3.25,0.34,3.32
401.025,0.40,3.38,0.36,3.33
401.047,0.37,3.47,0.39,3.34
401.069,0.42,3.48,0.41,3.38
401.091,0.43,3.42,0.41,3.40
401.113,0.29,3.36,0.38,3.42
401.135,0.31,3.49,0.36,3.44
401.157,0.16,3.40,0.32,3.43
401.179,0.27,3.34,0.29,3.40
401.201,0.30,3.42,0.27,3.40
401.223,0.24,3.33,0.26,3.40
401.245,0.28,3.43,0.25,3.38
401.267,0.34,3.61,0.29,3.43
401.289,0.31,3.50,0.29,3.46
401.311,0.25,3.44,0.28,3.46
401.333,0.29,3.45,0.29,3.49
401.355,0.44,3.49,0.33,3.50
401.377,0.28,3.39,0.31,3.45
401.399,0.24,3.23,0.30,3.40
401.421,0.33,3.27,0.32,3.37
401.443,0.24,3.28,0.31,3.33
401.465,0.26,3.28,0.27,3.29
401.487,0.23,3.19,0.26,3.25
401.509,0.31,2.96,0.27,3.20
401.531,0.34,3.05,0.28,3.15
401.553,0.41,3.30,0.31,3.16
401.575,0.38,3.34,0.33,3.17
401.597,0.25,3.43,0.34,3.22
401.619,0.28,3.48,0.33,3.32
401.641,0.30,3.48,0.32,3.41
401.663,0.26,3.29,0.29,3.40
401.685,0.21,3.46,0.26,3.43
401.707,0.09,3.45,0.23,3.43
401.729,0.24,3.41,0.22,3.42
401.751,0.36,3.25,0.23,3.37
401.773,0.27,3.29,0.23,3.37
401.795,0.19,3.25,0.23,3.33
401.817,0.35,3.24,0.28,3.29
401.839,0.27,3.39,0.29,3.28
401.861,0.19,3.32,0.25,3.30
401.883,0.16,3.26,0.23,3.29
401.905,0.17,3.42,0.23,3.33
401.927,0.28,3.26,0.21,3.33
401.949,0.23,3.30,0.21,3.31
401.971,0.27,3.28,0.22,3.30
401.993,0.34,3.41,0.26,3.33
402.015,0.46,3.39,0.32,3.33
402.037,0.35,3.22,0.33,3.32
402.059,0.37,3.31,0.36,3.32
402.081,0.35,3.35,0.37,3.34
402.103,0.43,3.56,0.39,3.37
402.125,0.46,3.38,0.39,3.36
402.147,0.30,3.42,0.38,3.40
402.169,0.19,3.49,0.35,3.44
402.191,0.26,3.34,0.33,3.44
402.213,0.27,3.41,0.30,3.41
402.235,0.26,3.25,0.26,3.38
402.257,0.24,3.41,0.24,3.38
402.279,0.37,3.43,0.28,3.37
402.301,0.54,3.40,0.34,3.38
402.323,0.35,3.41,0.35,3.38
402.345,0.37,3.48,0.37,3.43
402.367,0.42,3.47,0.41,3.44
402.389,0.37,3.47,0.41,3.45
402.411,0.31,3.48,0.36,3.46
402.433,0.35,3.44,0.36,3.47
402.455,0.29,3.37,0.35,3.45
402.477,0.34,3.37,0.33,3.43
402.499,0.31,3.33,0.32,3.40
402.521,0.31,3.45,0.32,3.39
402.543,0.32,3.53,0.31,3.41
402.565,0.27,3.39,0.31,3.41
402.587,0.18,3.35,0.28,3.41
402.609,0.30,3.19,0.28,3.38
402.631,0.42,3.28,0.30,3.35
402.653,0.53,3.40,0.34,3.32
402.675,0.43,3.36,0.37,3.32
402.697,0.20,3.48,0.38,3.34
402.719,0.47,3.42,0.41,3.39
402.741,0.38,3.31,0.40,3.39
402.763,0.42,3.29,0.38,3.37
402.785,0.29,3.32,0.35,3.36
402.807,0.29,3.34,0.37,3.34
402.829,0.32,3.21,0.34,3.29
402.851,0.41,3.24,0.35,3.28
402.873,0.26,3.13,0.31,3.25
402.895,0.33,3.16,0.32,3.22
402.917,0.31,3.33,0.33,3.21
402.939,0.37,3.25,0.34,3.22
402.961,0.47,3.24,0.35,3.22
402.983,0.34,3.34,0.36,3.26
403.005,0.46,3.21,0.39,3.27
403.027,0.34,3.31,0.40,3.27
403.049,0.23,3.43,0.37,3.31
403.071,0.25,3.42,0.32,3.34
403.093,0.31,3.47,0.32,3.37
403.115,0.32,3.49,0.29,3.42
403.137,0.21,3.38,0.26,3.44
403.159,0.34,3.29,0.29,3.41
403.181,0.29,3.31,0.29,3.39
403.203,0.18,3.21,0.27,3.34
403.225,0.29,3.40,0.26,3.32
403.247,0.27,3.41,0.27,3.32
403.269,0.42,3.52,0.29,3.37
403.291,0.22,3.41,0.28,3.39
403.313,0.05,3.44,0.25,3.44
403.335,0.29,3.31,0.25,3.42
403.357,0.20,3.19,0.24,3.37
403.379,0.11,3.13,0.17,3.30
403.401,0.30,3.23,0.19,3.26
403.423,0.42,3.24,0.26,3.22
403.445,0.36,3.27,0.28,3.21
403.467,0.35,3.46,0.31,3.27
403.489,0.21,3.37,0.33,3.31
403.511,0.23,3.38,0.31,3.34
403.533,0.20,3.36,0.27,3.37
403.555,0.17,3.36,0.23,3.39
403.577,0.13,3.26,0.19,3.35
403.599,0.12,3.30,0.17,3.33
403.621,0.26,3.55,0.18,3.37
403.643,0.23,3.45,0.18,3.38
403.665,0.21,3.43,0.19,3.40
403.687,0.23,3.43,0.21,3.43
403.709,0.37,3.52,0.26,3.48
403.731,0.23,3.38,0.25,3.44
403.753,0.24,3.44,0.26,3.44
403.775,0.22,3.44,0.26,3.44
403.797,0.22,3.35,0.26,3.43
403.819,0.29,3.35,0.24,3.39
403.841,0.48,3.45,0.29,3.41
403.863,0.41,3.39,0.32,3.40
403.885,0.40,3.43,0.36,3.39
403.907,0.36,3.22,0.39,3.37
403.929,0.32,3.38,0.39,3.37
403.951,0.30,3.26,0.36,3.34
403.973,0.16,3.27,0.31,3.31
403.995,-0.01,3.09,0.23,3.24
404.017,0.24,3.16,0.20,3.23
404.039,0.26,3.16,0.19,3.19
404.061,0.42,3.34,0.21,3.20
404.083,0.26,3.22,0.23,3.19
404.105,0.39,3.17,0.31,3.21
404.127,0.38,3.12,0.34,3.20
404.149,0.38,3.21,0.37,3.21
404.171,0.32,3.14,0.35,3.17
404.193,0.39,3.32,0.37,3.19
404.215,0.29,3.32,0.35,3.22
404.237,0.34,3.24,0.34,3.25
404.259,0.30,3.29,0.33,3.26
404.281,0.44,3.25,0.35,3.28
404.303,0.43,3.33,0.36,3.29
404.325,0.28,3.37,0.36,3.30
404.347,0.29,3.40,0.35,3.33
404.369,0.29,3.18,0.35,3.31
404.391,0.34,3.32,0.33,3.32
404.413,0.23,3.37,0.29,3.33
404.435,0.17,3.32,0.26,3.32
404.457,0.09,3.29,0.22,3.30
404.479,0.29,3.32,0.22,3.32
404.501,0.24,3.26,0.20,3.31
404.523,0.39,3.19,0.24,3.28
404.545,0.46,3.29,0.29,3.27
404.567,0.55,3.24,0.39,3.26
404.589,0.36,3.18,0.40,3.23
404.611,0.33,3.25,0.42,3.23
404.633,0.31,3.26,0.40,3.24
404.655,0.37,3.36,0.38,3.26
404.677,0.36,3.35,0.35,3.28
404.699,0.34,3.43,0.34,3.33
404.721,0.22,3.31,0.32,3.34
404.743,0.25,3.35,0.31,3.36
404.765,0.29,3.43,0.29,3.37
404.787,0.21,3.43,0.26,3.39
404.809,0.25,3.51,0.24,3.41
404.831,0.35,3.43,0.27,3.43
404.853,0.43,3.34,0.31,3.43
404.875,0.41,3.38,0.33,3.42
404.897,0.37,3.26,0.36,3.38
404.919,0.34,3.44,0.38,3.37
404.941,0.31,3.58,0.37,3.40
404.963,0.31,3.58,0.35,3.45
404.985,0.28,3.49,0.32,3.47
405.007,0.38,3.54,0.32,3.53
405.029,0.35,3.48,0.33,3.53
405.051,0.31,3.41,0.33,3.50
405.073,0.40,3.43,0.34,3.47
405.095,0.25,3.56,0.34,3.48
405.117,0.32,3.37,0.33,3.45
405.139,0.29,3.26,0.31,3.41
405.161,0.31,3.27,0.31,3.38
405.183,0.41,3.34,0.32,3.36
405.205,0.44,3.41,0.35,3.33
405.227,0.42,3.32,0.37,3.32
405.249,0.40,3.49,0.40,3.37
405.271,0.32,3.42,0.40,3.40
405.293,0.31,3.56,0.38,3.44
405.315,0.39,3.43,0.37,3.44
405.337,0.27,3.51,0.34,3.48
405.359,0.26,3.57,0.31,3.50
405.381,0.25,3.40,0.30,3.49
405.403,0.18,3.37,0.27,3.46
405.425,0.26,3.45,0.24,3.46
405.447,0.36,3.38,0.26,3.43
405.469,0.32,3.52,0.27,3.42
405.491,0.33,3.60,0.29,3.46
405.513,0.30,3.60,0.31,3.51
405.535,0.29,3.28,0.32,3.48
405.557,0.19,3.19,0.29,3.44
405.579,0.37,3.29,0.30,3.39
405.601,0.47,3.42,0.32,3.36
405.623,0.50,3.47,0.36,3.33
405.645,0.39,3.47,0.38,3.37
405.667,0.41,3.60,0.43,3.45
405.689,0.45,3.39,0.44,3.47
405.711,0.44,3.31,0.44,3.45
405.733,0.26,3.36,0.39,3.43
405.755,0.31,3.27,0.37,3.39
405.777,0.36,3.29,0.36,3.32
405.799,0.44,3.43,0.36,3.33
405.821,0.42,3.32,0.36,3.33
405.843,0.30,3.43,0.37,3.35
405.865,0.32,3.46,0.37,3.39
405.887,0.33,3.41,0.36,3.41
405.909,0.21,3.40,0.32,3.40
405.931,0.21,3.48,0.27,3.44
405.953,0.31,3.31,0.28,3.41
405.975,0.32,3.30,0.28,3.38
405.997,0.29,3.26,0.27,3.35
406.019,0.27,3.41,0.28,3.35
406.041,0.36,3.45,0.31,3.35
406.063,0.27,3.29,0.30,3.34
406.085,0.35,3.29,0.31,3.34
406.107,0.35,3.22,0.32,3.33
406.129,0.38,3.19,0.34,3.29
406.151,0.26,3.21,0.32,3.24
406.173,0.23,3.06,0.31,3.19
406.195,0.30,3.15,0.30,3.17
406.217,0.22,3.29,0.28,3.18
406.239,0.36,3.16,0.27,3.17
406.261,0.38,3.31,0.30,3.19
406.283,0.41,3.22,0.33,3.23
406.305,0.44,3.38,0.36,3.27
406.327,0.39,3.25,0.40,3.26
406.349,0.42,3.23,0.41,3.28
406.371,0.26,3.30,0.38,3.28
406.393,0.28,3.35,0.36,3.30
406.415,0.29,3.24,0.33,3.27
406.437,0.40,3.35,0.33,3.29
406.459,0.33,3.40,0.31,3.33
406.481,0.35,3.49,0.33,3.37
406.503,0.25,3.41,0.32,3.38
406.525,0.39,3.46,0.34,3.42
406.547,0.30,3.61,0.32,3.47
406.569,0.25,3.48,0.31,3.49
406.591,0.23,3.65,0.28,3.52
406.613,0.41,3.53,0.32,3.55
406.635,0.33,3.44,0.30,3.54
406.657,0.47,3.35,0.34,3.49
406.679,0.45,3.33,0.38,3.46
406.701,0.43,3.38,0.42,3.41
406.723,0.40,3.33,0.42,3.37
406.745,0.44,3.37,0.44,3.35
406.767,0.42,3.29,0.43,3.34
406.789,0.32,3.25,0.40,3.32
406.811,0.48,3.47,0.41,3.34
406.833,0.42,3.47,0.42,3.37
406.855,0.39,3.37,0.41,3.37
406.877,0.38,3.41,0.40,3.39
406.899,0.38,3.40,0.41,3.42
406.921,0.40,3.26,0.39,3.38
406.943,0.45,3.26,0.40,3.34
406.965,0.36,3.25,0.39,3.32
406.987,0.25,3.44,0.37,3.32
407.009,0.27,3.40,0.35,3.32
407.031,0.35,3.38,0.34,3.35
407.053,0.38,3.35,0.32,3.36
407.075,0.35,3.37,0.32,3.39
407.097,0.39,3.44,0.35,3.39
407.119,0.32,3.39,0.36,3.39
407.141,0.46,3.30,0.38,3.37
407.163,0.39,3.35,0.38,3.37
407.185,0.29,3.41,0.37,3.38
407.207,0.24,3.50,0.34,3.39
407.229,0.25,3.57,0.33,3.43
407.251,0.18,3.32,0.27,3.43
407.273,0.11,3.35,0.21,3.43
407.295,0.07,3.21,0.17,3.39
407.317,0.26,3.36,0.17,3.36
407.339,0.23,3.43,0.17,3.33
407.361,0.07,3.30,0.15,3.33
407.383,0.15,3.34,0.16,3.33
407.405,0.22,3.19,0.19,3.32
407.427,0.34,3.17,0.20,3.29
407.449,0.39,3.29,0.23,3.26
407.471,0.48,3.38,0.32,3.27
407.493,0.41,3.17,0.37,3.24
407.515,0.38,3.16,0.40,3.23
407.537,0.30,3.25,0.39,3.25
407.559,0.27,3.42,0.37,3.28
407.581,0.52,3.32,0.38,3.26
407.603,0.49,3.38,0.39,3.31
407.625,0.59,3.22,0.43,3.32
407.647,0.42,3.22,0.46,3.31
407.669,0.31,3.32,0.47,3.29
407.691,0.30,3.27,0.42,3.28
407.713,0.32,3.32,0.39,3.27
407.735,0.34,3.32,0.34,3.29
407.757,0.24,3.39,0.30,3.32
407.779,0.34,3.35,0.31,3.33
407.801,0.26,3.37,0.30,3.35
407.823,0.27,3.56,0.29,3.40
407.845,0.19,3.56,0.26,3.45
407.867,0.30,3.52,0.27,3.47
407.889,0.37,3.59,0.28,3.52
407.911,0.37,3.62,0.30,3.57
407.933,0.40,3.53,0.33,3.56
407.955,0.34,3.41,0.36,3.53
407.977,0.32,3.36,0.36,3.50
407.999,0.40,3.39,0.37,3.46
408.021,0.41,3.39,0.37,3.42
408.043,0.27,3.43,0.35,3.40
408.065,0.33,3.31,0.35,3.38
408.087,0.49,3.25,0.38,3.35
408.109,0.57,3.27,0.41,3.33
408.131,0.31,3.35,0.39,3.32
408.153,0.24,3.38,0.39,3.31
408.175,0.19,3.24,0.36,3.30
408.197,0.14,3.16,0.29,3.28
408.219,0.37,3.23,0.25,3.27
408.241,0.53,3.15,0.29,3.23
408.263,0.29,3.25,0.30,3.21
408.285,0.30,3.37,0.33,3.23
408.307,0.39,3.23,0.38,3.25
408.329,0.43,3.31,0.39,3.26
408.351,0.35,3.34,0.35,3.30
408.373,0.36,3.32,0.37,3.31
408.395,0.32,3.35,0.37,3.31
408.417,0.39,3.30,0.37,3.32
408.439,0.28,3.30,0.34,3.32
408.461,0.35,3.34,0.34,3.32
408.483,0.28,3.29,0.32,3.32
408.505,0.18,3.26,0.30,3.30
408.527,0.24,3.31,0.27,3.30
408.549,0.24,3.23,0.26,3.29
408.571,0.37,3.26,0.26,3.27
408.593,0.33,3.29,0.27,3.27
408.615,0.21,3.23,0.28,3.26
408.637,0.14,3.43,0.26,3.29
408.659,0.33,3.38,0.28,3.32
408.681,0.43,3.19,0.29,3.30
408.703,0.39,3.20,0.30,3.29
408.725,0.62,3.25,0.38,3.29
408.747,0.65,3.33,0.48,3.27
408.769,0.51,3.28,0.52,3.25
408.791,0.44,3.40,0.52,3.29
408.813,0.41,3.31,0.53,3.31
408.835,0.34,3.41,0.47,3.35
408.857,0.27,3.32,0.39,3.34
408.879,0.28,3.38,0.35,3.36
408.901,0.30,3.23,0.32,3.33
408.923,0.37,3.52,0.31,3.37
408.945,0.25,3.42,0.29,3.37
408.967,0.40,3.48,0.32,3.41
408.989,0.41,3.44,0.35,3.42
409.011,0.32,3.40,0.35,3.45
409.033,0.33,3.48,0.34,3.44
409.055,0.32,3.49,0.36,3.46
409.077,0.32,3.43,0.34,3.45
409.099,0.38,3.57,0.33,3.47
409.121,0.41,3.40,0.35,3.47
409.143,0.15,3.37,0.32,3.45
409.165,0.26,3.26,0.30,3.41
409.187,0.32,3.41,0.30,3.40
409.209,0.51,3.38,0.33,3.36
409.231,0.47,3.41,0.34,3.37
409.253,0.40,3.32,0.39,3.36
409.275,0.37,3.37,0.41,3.38
409.297,0.32,3.43,0.41,3.38
409.319,0.37,3.42,0.39,3.39
409.341,0.29,3.33,0.35,3.37
409.363,0.33,3.49,0.34,3.41
409.385,0.19,3.34,0.30,3.40
409.407,0.29,3.33,0.29,3.38
409.429,0.46,3.39,0.31,3.38
409.451,0.43,3.30,0.34,3.37
409.473,0.42,3.32,0.36,3.34
409.495,0.38,3.28,0.40,3.32
409.517,0.42,3.27,0.42,3.31
409.539,0.37,3.43,0.40,3.32
409.561,0.34,3.34,0.39,3.33
409.583,0.26,3.38,0.35,3.34
409.605,0.35,3.26,0.35,3.34
409.627,0.47,3.28,0.36,3.34
409.649,0.39,3.26,0.36,3.30
409.671,0.30,3.18,0.35,3.27
409.693,0.36,3.20,0.37,3.24
409.715,0.45,3.35,0.39,3.25
409.737,0.39,3.24,0.38,3.25
409.759,0.49,3.19,0.40,3.23
409.781,0.32,3.16,0.40,3.23
409.803,0.33,3.24,0.40,3.24
409.825,0.28,3.27,0.36,3.22
409.847,0.31,3.23,0.35,3.22
409.869,0.33,3.25,0.31,3.23
409.891,0.21,3.35,0.29,3.27
409.913,0.20,3.34,0.27,3.29
409.935,0.37,3.18,0.28,3.27
409.957,0.27,3.24,0.28,3.27
409.979,0.19,3.37,0.25,3.30
410.001,0.30,3.38,0.27,3.30
410.023,0.23,3.51,0.27,3.34
410.045,0.31,3.51,0.26,3.40
410.067,0.26,3.33,0.26,3.42
410.089,0.30,3.46,0.28,3.44
410.111,0.31,3.24,0.28,3.41
410.133,0.25,3.38,0.29,3.38
410.155,0.26,3.36,0.28,3.35
410.177,0.30,3.19,0.28,3.33
410.199,0.28,3.20,0.28,3.27
410.221,0.22,3.27,0.26,3.28
410.243,0.21,3.34,0.25,3.27
410.265,0.26,3.22,0.25,3.24
410.287,0.40,3.41,0.27,3.29
410.309,0.48,3.36,0.31,3.32
410.331,0.31,3.33,0.33,3.33
410.353,0.20,3.30,0.33,3.32
410.375,0.18,3.22,0.31,3.32
410.397,0.32,3.17,0.30,3.28
410.419,0.21,3.18,0.24,3.24
410.441,0.23,3.23,0.23,3.22
410.463,0.36,3.45,0.26,3.25
410.485,0.41,3.37,0.31,3.28
410.507,0.41,3.38,0.32,3.32
410.529,0.31,3.40,0.34,3.37
410.551,0.39,3.39,0.38,3.40
410.573,0.31,3.44,0.37,3.40
410.595,0.35,3.32,0.35,3.39
410.617,0.27,3.36,0.33,3.38
410.639,0.29,3.39,0.32,3.38
410.661,0.40,3.41,0.32,3.38
410.683,0.13,3.28,0.29,3.35
410.705,0.27,3.28,0.27,3.34
410.727,0.32,3.32,0.28,3.34
410.749,0.34,3.47,0.29,3.35
410.771,0.33,3.53,0.28,3.38
410.793,0.44,3.47,0.34,3.41
410.815,0.40,3.53,0.37,3.46
410.837,0.27,3.45,0.36,3.49
410.859,0.37,3.44,0.36,3.48
410.881,0.27,3.43,0.35,3.46
410.903,0.23,3.36,0.31,3.44
410.925,0.14,3.38,0.26,3.41
410.947,0.41,3.26,0.28,3.37
410.969,0.24,3.44,0.26,3.37
410.991,0.19,3.48,0.24,3.38
411.013,0.21,3.37,0.24,3.39
411.035,0.22,3.35,0.25,3.38
411.057,0.17,3.29,0.21,3.39
411.079,0.14,3.46,0.19,3.39
411.101,0.14,3.43,0.18,3.38
411.123,0.26,3.44,0.19,3.39
411.145,0.38,3.34,0.22,3.39
411.167,0.31,3.35,0.25,3.40
411.189,0.36,3.32,0.29,3.38
411.211,0.30,3.23,0.32,3.34
411.233,0.33,3.14,0.34,3.28
411.255,0.34,3.21,0.33,3.25
411.277,0.37,3.34,0.34,3.25
411.299,0.34,3.15,0.34,3.21
411.321,0.31,3.20,0.34,3.21
411.343,0.29,3.39,0.33,3.26
411.365,0.13,3.34,0.29,3.28
411.387,0.21,3.37,0.26,3.29
411.409,0.42,3.31,0.27,3.32
411.431,0.43,3.20,0.30,3.32
411.453,0.50,3.29,0.34,3.30
411.475,0.32,3.28,0.38,3.29
411.497,0.19,3.43,0.37,3.30
411.519,0.17,3.39,0.32,3.32
411.541,0.21,3.40,0.28,3.36
411.563,0.25,3.42,0.23,3.38
411.585,0.25,3.24,0.21,3.38
411.607,0.31,3.36,0.24,3.36
411.629,0.44,3.46,0.29,3.38
411.651,0.27,3.40,0.30,3.38
411.673,0.33,3.50,0.32,3.39
411.695,0.34,3.43,0.34,3.43
411.717,0.43,3.33,0.36,3.42
411.739,0.20,3.18,0.31,3.37
411.761,0.39,3.27,0.34,3.34
411.783,0.33,3.16,0.34,3.27
411.805,0.40,3.19,0.35,3.23
411.827,0.24,3.20,0.31,3.20
411.849,0.25,3.30,0.32,3.22
411.871,0.17,3.31,0.28,3.23
411.893,0.25,3.42,0.26,3.28
411.915,0.22,3.43,0.23,3.33
411.937,0.23,3.44,0.22,3.38
411.959,0.19,3.50,0.21,3.42
411.981,0.23,3.59,0.22,3.48
412.003,0.29,3.41,0.23,3.47
412.025,0.30,3.41,0.25,3.47
412.047,0.41,3.44,0.28,3.47
412.069,0.32,3.58,0.31,3.49
412.091,0.24,3.48,0.31,3.46
412.113,0.22,3.53,0.30,3.49
412.135,0.26,3.62,0.29,3.53
412.157,0.21,3.58,0.25,3.56
412.179,0.32,3.49,0.25,3.54
412.201,0.23,3.40,0.25,3.52
412.223,0.35,3.50,0.27,3.52
412.245,0.36,3.40,0.29,3.47
412.267,0.33,3.37,0.32,3.43
412.289,0.47,3.37,0.35,3.41
412.311,0.27,3.56,0.36,3.44
412.333,0.39,3.49,0.36,3.44
412.355,0.44,3.45,0.38,3.45
412.377,0.44,3.43,0.40,3.46
412.399,0.34,3.37,0.38,3.46
412.421,0.34,3.37,0.39,3.42
412.443,0.35,3.42,0.38,3.41
412.465,0.40,3.36,0.37,3.39
412.487,0.39,3.19,0.36,3.34
412.509,0.22,3.20,0.34,3.31
412.531,0.21,3.31,0.31,3.30
412.553,0.24,3.29,0.29,3.27
412.575,0.20,3.29,0.25,3.26
412.597,0.43,3.33,0.26,3.28
412.619,0.49,3.36,0.31,3.32
412.641,0.37,3.38,0.35,3.33
412.663,0.38,3.41,0.37,3.35
412.685,0.28,3.60,0.39,3.42
412.707,0.30,3.56,0.36,3.46
412.729,0.22,3.49,0.31,3.49
412.751,0.41,3.53,0.32,3.52
412.773,0.23,3.50,0.29,3.54
412.795,0.30,3.37,0.29,3.49
412.817,0.37,3.32,0.31,3.44
412.839,0.36,3.27,0.33,3.40
412.861,0.36,3.39,0.32,3.37
412.883,0.40,3.34,0.36,3.34
412.905,0.35,3.25,0.37,3.31
412.927,0.18,3.23,0.33,3.30
412.949,0.25,3.42,0.31,3.33
412.971,0.26,3.30,0.29,3.31
412.993,0.29,3.26,0.27,3.29
413.015,0.27,3.24,0.25,3.29
413.037,0.23,3.38,0.26,3.32
413.059,0.36,3.20,0.28,3.28
413.081,0.15,3.26,0.26,3.27
413.103,0.14,3.24,0.23,3.26
413.125,0.19,3.18,0.21,3.25
413.147,0.29,3.29,0.23,3.23
413.169,0.30,3.34,0.21,3.26
413.191,0.31,3.52,0.25,3.31
413.213,0.15,3.37,0.25,3.34
413.235,0.06,3.52,0.22,3.41
413.257,0.24,3.45,0.21,3.44
413.279,0.11,3.40,0.17,3.45
413.301,0.27,3.38,0.17,3.42
413.323,0.21,3.48,0.18,3.45
413.345,0.37,3.42,0.24,3.43
413.367,0.27,3.47,0.25,3.43
413.389,0.32,3.56,0.29,3.46
413.411,0.28,3.30,0.29,3.45
413.433,0.29,3.37,0.31,3.42
413.455,0.34,3.49,0.30,3.44
413.477,0.31,3.30,0.31,3.40
413.499,0.37,3.44,0.32,3.38
413.521,0.37,3.44,0.34,3.41
413.543,0.42,3.29,0.36,3.39
413.565,0.51,3.33,0.40,3.36
413.587,0.51,3.28,0.44,3.36
413.609,0.35,3.33,0.43,3.33
413.631,0.27,3.27,0.41,3.30
413.653,0.24,3.22,0.38,3.29
413.675,0.35,3.31,0.34,3.28
413.697,0.39,3.37,0.32,3.30
413.719,0.32,3.31,0.31,3.30
413.741,0.30,3.39,0.32,3.32
413.763,0.34,3.44,0.34,3.36
413.785,0.20,3.53,0.31,3.41
413.807,0.30,3.53,0.29,3.44
413.829,0.16,3.49,0.26,3.48
413.851,0.19,3.38,0.24,3.47
413.873,0.28,3.32,0.23,3.45
413.895,0.29,3.37,0.24,3.42
413.917,0.25,3.40,0.23,3.39
413.939,0.29,3.45,0.26,3.38
413.961,0.45,3.44,0.31,3.40
413.983,0.39,3.35,0.33,3.40
414.005,0.32,3.49,0.34,3.43
414.027,0.28,3.35,0.35,3.42
414.049,0.24,3.35,0.34,3.40
414.071,0.29,3.34,0.30,3.38
414.093,0.23,3.35,0.27,3.38
414.115,0.30,3.34,0.27,3.35
414.137,0.32,3.36,0.28,3.35
414.159,0.26,3.43,0.28,3.36
414.181,0.30,3.27,0.28,3.35
414.203,0.36,3.36,0.31,3.35
414.225,0.35,3.49,0.32,3.38
414.247,0.39,3.61,0.33,3.43
414.269,0.37,3.59,0.35,3.46
414.291,0.22,3.46,0.34,3.50
414.313,0.07,3.34,0.28,3.50
414.335,0.29,3.25,0.27,3.45
414.357,0.16,3.36,0.22,3.40
414.379,0.27,3.56,0.20,3.39
414.401,0.32,3.54,0.22,3.41
414.423,0.28,3.46,0.26,3.43
414.445,0.25,3.45,0.26,3.47
414.467,0.13,3.43,0.25,3.49
414.489,0.35,3.44,0.27,3.46
414.511,0.49,3.51,0.30,3.46
414.533,0.39,3.16,0.32,3.40
414.555,0.32,3.25,0.34,3.36
414.577,0.30,3.40,0.37,3.35
414.599,0.38,3.44,0.38,3.35
414.621,0.35,3.40,0.35,3.33
414.643,0.25,3.41,0.32,3.38
414.665,0.14,3.36,0.28,3.40
414.687,0.12,3.35,0.25,3.39
414.709,0.16,3.37,0.20,3.38
414.731,0.26,3.23,0.19,3.34
414.753,0.29,3.37,0.19,3.34
414.775,0.38,3.40,0.24,3.34
414.797,0.33,3.34,0.28,3.34
414.819,0.37,3.16,0.33,3.30
414.841,0.25,3.30,0.32,3.31
414.863,0.14,3.35,0.29,3.31
414.885,0.26,3.41,0.27,3.31
414.907,0.21,3.43,0.25,3.33
414.929,0.34,3.44,0.24,3.39
414.951,0.28,3.33,0.25,3.39
414.973,0.30,3.25,0.28,3.37
414.995,0.37,3.43,0.30,3.38
415.017,0.53,3.46,0.36,3.38
415.039,0.29,3.43,0.35,3.38
415.061,0.39,3.46,0.38,3.41
415.083,0.50,3.49,0.42,3.45
415.105,0.47,3.37,0.44,3.44
415.127,0.51,3.46,0.43,3.44
415.149,0.38,3.35,0.45,3.43
415.171,0.44,3.43,0.46,3.42
415.193,0.36,3.36,0.43,3.39
415.215,0.34,3.28,0.41,3.38
415.237,0.24,3.31,0.35,3.35
415.259,0.33,3.36,0.34,3.35
415.281,0.34,3.38,0.32,3.34
415.303,0.56,3.52,0.36,3.37
415.325,0.40,3.39,0.37,3.39
415.347,0.38,3.31,0.40,3.39
415.369,0.32,3.28,0.40,3.38
415.391,0.32,3.34,0.40,3.37
415.413,0.34,3.30,0.35,3.32
415.435,0.45,3.20,0.36,3.29
415.457,0.37,3.30,0.36,3.28
415.479,0.33,3.43,0.36,3.31
415.501,0.23,3.36,0.34,3.32
415.523,0.30,3.25,0.34,3.31
415.545,0.31,3.33,0.31,3.33
415.567,0.34,3.29,0.30,3.33
415.589,0.33,3.12,0.30,3.27
415.611,0.47,3.43,0.35,3.28
415.633,0.39,3.40,0.37,3.31
415.655,0.32,3.37,0.37,3.32
415.677,0.32,3.32,0.37,3.33
415.699,0.30,3.26,0.36,3.36
415.721,0.28,3.33,0.32,3.34
415.743,0.33,3.36,0.31,3.33
415.765,0.36,3.44,0.32,3.34
415.787,0.41,3.39,0.34,3.36
415.809,0.44,3.26,0.36,3.36
415.831,0.41,3.35,0.39,3.36
415.853,0.41,3.29,0.41,3.35
415.875,0.19,3.33,0.37,3.32
415.897,0.12,3.23,0.31,3.29
415.919,0.29,3.41,0.28,3.32
415.941,0.29,3.48,0.26,3.35
415.963,0.29,3.48,0.24,3.39
415.985,0.24,3.51,0.25,3.42
416.007,0.10,3.43,0.24,3.46
416.029,0.16,3.52,0.22,3.48
416.051,0.35,3.51,0.23,3.49
416.073,0.17,3.34,0.20,3.46
416.095,0.25,3.44,0.21,3.45
416.117,0.34,3.44,0.25,3.45
416.139,0.16,3.34,0.25,3.41
416.161,0.24,3.23,0.23,3.36
416.183,0.22,3.11,0.24,3.31
416.205,-0.02,3.27,0.19,3.28
416.227,0.28,3.31,0.18,3.25
416.249,0.25,3.47,0.19,3.28
416.271,0.26,3.40,0.20,3.31
416.293,0.18,3.29,0.19,3.35
416.315,0.23,3.24,0.24,3.34
416.337,0.21,3.35,0.23,3.35
416.359,0.33,3.26,0.24,3.31
416.381,0.49,3.37,0.29,3.30
416.403,0.43,3.45,0.34,3.33
416.425,0.41,3.41,0.37,3.37
416.447,0.28,3.32,0.39,3.36
416.469,0.26,3.48,0.37,3.41
416.491,0.23,3.55,0.32,3.44
416.513,0.13,3.36,0.26,3.42
416.535,0.20,3.39,0.22,3.42
416.557,0.28,3.34,0.22,3.42
416.579,0.39,3.47,0.25,3.42
416.601,0.34,3.27,0.27,3.37
416.623,0.23,3.34,0.29,3.36
416.645,0.24,3.35,0.30,3.35
416.667,0.22,3.51,0.28,3.39
416.689,0.23,3.47,0.25,3.39
416.711,0.13,3.43,0.21,3.42
416.733,0.27,3.35,0.22,3.42
416.755,0.19,3.25,0.21,3.40
416.777,0.26,3.21,0.22,3.34
416.799,0.32,3.29,0.23,3.31
416.821,0.37,3.23,0.28,3.27
416.843,0.37,3.20,0.30,3.24
416.865,0.27,3.30,0.32,3.25
416.887,0.32,3.23,0.33,3.25
416.909,0.23,3.29,0.31,3.25
416.931,0.30,3.30,0.30,3.26
416.953,0.30,3.24,0.28,3.27
416.975,0.35,3.40,0.30,3.29
416.997,0.37,3.38,0.31,3.32
417.019,0.39,3.41,0.34,3.35
417.041,0.44,3.52,0.37,3.39
417.063,0.43,3.47,0.40,3.44
417.085,0.34,3.62,0.39,3.48
417.107,0.30,3.60,0.38,3.52
417.129,0.17,3.62,0.34,3.57
417.151,0.28,3.55,0.30,3.57
417.173,0.33,3.41,0.28,3.56
417.195,0.36,3.23,0.29,3.48
417.217,0.31,3.31,0.29,3.42
417.239,0.34,3.41,0.32,3.38
417.261,0.27,3.10,0.32,3.29
417.283,0.35,3.32,0.33,3.27
417.305,0.23,3.32,0.30,3.29
417.327,0.31,3.49,0.30,3.33
417.349,0.27,3.54,0.29,3.35
417.371,0.11,3.56,0.25,3.45
417.393,0.41,3.66,0.27,3.51
417.415,0.42,3.56,0.30,3.56
417.437,0.36,3.43,0.31,3.55
417.459,0.30,3.40,0.32,3.52
417.481,0.30,3.45,0.36,3.50
417.503,0.35,3.39,0.35,3.45
417.525,0.11,3.31,0.28,3.40
417.547,0.11,3.32,0.23,3.37
417.569,0.21,3.22,0.22,3.34
417.591,0.35,3.36,0.23,3.32
417.613,0.38,3.34,0.23,3.31
417.635,0.27,3.33,0.26,3.31
417.657,0.27,3.38,0.30,3.33
417.679,0.44,3.51,0.34,3.38
417.701,0.41,3.44,0.35,3.40
417.723,0.29,3.22,0.34,3.38
417.745,0.26,3.25,0.33,3.36
417.767,0.26,3.37,0.33,3.36
417.789,0.24,3.34,0.29,3.32
417.811,0.20,3.40,0.25,3.32
417.833,0.37,3.43,0.27,3.36
417.855,0.35,3.26,0.28,3.36
417.877,0.30,3.31,0.29,3.35
417.899,0.46,3.29,0.34,3.34
417.921,0.24,3.35,0.34,3.33
417.943,0.18,3.43,0.31,3.33
417.965,0.28,3.37,0.29,3.35
417.987,0.27,3.39,0.29,3.37
418.009,0.29,3.48,0.25,3.40
418.031,0.36,3.37,0.28,3.41
418.053,0.34,3.41,0.31,3.40
418.075,0.22,3.27,0.30,3.38
418.097,0.30,3.31,0.30,3.37
418.119,0.28,3.27,0.30,3.33
418.141,0.20,3.36,0.27,3.32
418.163,0.15,3.52,0.23,3.35
418.185,0.16,3.37,0.22,3.37
418.207,0.35,3.40,0.23,3.38
418.229,0.39,3.47,0.25,3.42
418.251,0.25,3.19,0.26,3.39
418.273,0.33,3.41,0.30,3.37
418.295,0.21,3.35,0.31,3.36
418.317,0.21,3.46,0.28,3.38
418.339,0.30,3.26,0.26,3.33
418.361,0.36,3.44,0.28,3.38
418.383,0.41,3.51,0.30,3.40
418.405,0.37,3.39,0.33,3.41
418.427,0.28,3.45,0.34,3.41
418.449,0.26,3.37,0.34,3.43
418.471,0.45,3.33,0.35,3.41
418.493,0.43,3.28,0.36,3.36
418.515,0.37,3.39,0.36,3.36
418.537,0.31,3.21,0.36,3.32
418.559,0.36,3.21,0.38,3.28
418.581,0.37,3.17,0.37,3.25
418.603,0.37,3.23,0.36,3.24
418.625,0.44,3.32,0.37,3.23
418.647,0.36,3.42,0.38,3.27
418.669,0.32,3.28,0.37,3.28
418.691,0.20,3.39,0.34,3.33
418.713,0.29,3.43,0.32,3.37
418.735,0.37,3.42,0.31,3.39
418.757,0.26,3.45,0.29,3.39
418.779,0.45,3.36,0.31,3.41
418.801,0.33,3.34,0.34,3.40
418.823,0.22,3.24,0.33,3.36
418.845,0.25,3.31,0.30,3.34
418.867,0.31,3.19,0.31,3.29
418.889,0.30,3.23,0.28,3.26
418.911,0.24,3.27,0.26,3.25
418.933,0.35,3.38,0.29,3.28
418.955,0.33,3.38,0.31,3.29
418.977,0.31,3.44,0.31,3.34
418.999,0.20,3.34,0.29,3.36
419.021,0.12,3.36,0.26,3.38
419.043,0.18,3.43,0.23,3.39
419.065,0.37,3.21,0.24,3.36
419.087,0.24,3.42,0.22,3.35
419.109,0.23,3.45,0.23,3.37
419.131,0.28,3.49,0.26,3.40
419.153,0.31,3.45,0.29,3.40
419.175,0.37,3.38,0.29,3.44
419.197,0.17,3.43,0.27,3.44
419.219,0.29,3.31,0.28,3.41
419.241,0.25,3.37,0.28,3.39
419.263,0.18,3.33,0.25,3.36
419.285,0.33,3.31,0.24,3.35
419.307,0.23,3.28,0.26,3.32
419.329,0.30,3.35,0.26,3.33
419.351,0.24,3.31,0.26,3.32
419.373,0.36,3.44,0.29,3.34
419.395,0.36,3.47,0.30,3.37
419.417,0.20,3.38,0.29,3.39
419.439,0.24,3.45,0.28,3.41
419.461,0.29,3.32,0.29,3.41
419.483,0.27,3.41,0.27,3.41
419.505,0.19,3.44,0.24,3.40
419.527,0.21,3.49,0.24,3.42
419.549,0.35,3.43,0.26,3.42
419.571,0.33,3.40,0.27,3.43
419.593,0.27,3.41,0.27,3.43
419.615,0.32,3.53,0.30,3.45
419.637,0.22,3.34,0.30,3.42
419.659,0.26,3.48,0.28,3.43
419.681,0.34,3.58,0.28,3.47
419.703,0.42,3.51,0.31,3.49
419.725,0.41,3.42,0.33,3.47
419.747,0.41,3.34,0.37,3.47
419.769,0.28,3.49,0.37,3.47
419.791,0.37,3.52,0.38,3.46
419.813,0.38,3.50,0.37,3.45
419.835,0.28,3.44,0.34,3.46
419.857,0.34,3.37,0.33,3.46
419.879,0.46,3.25,0.37,3.42
419.901,0.43,3.23,0.38,3.36
419.923,0.35,3.27,0.37,3.31
419.945,0.30,3.41,0.38,3.31
419.967,0.34,3.43,0.38,3.32
419.989,0.22,3.35,0.33,3.34
420.011,0.33,3.38,0.31,3.37
420.033,0.21,3.43,0.28,3.40
420.055,0.20,3.45,0.26,3.41
420.077,0.12,3.35,0.22,3.39
420.099,0.35,3.48,0.24,3.42
420.121,0.29,3.44,0.23,3.43
420.143,0.29,3.38,0.25,3.42
420.165,0.26,3.31,0.26,3.39
420.187,0.31,3.24,0.30,3.37
420.209,0.38,3.37,0.31,3.35
420.231,0.13,3.52,0.27,3.36
420.253,0.29,3.44,0.27,3.38
420.275,0.22,3.42,0.27,3.40
420.297,0.30,3.39,0.26,3.43
420.319,0.16,3.54,0.22,3.46
420.341,0.42,3.33,0.28,3.42
420.363,0.31,3.26,0.28,3.39
420.385,0.45,3.47,0.33,3.40
420.407,0.38,3.29,0.34,3.38
420.429,0.46,3.32,0.40,3.33
420.451,0.43,3.42,0.41,3.35
420.473,0.28,3.24,0.40,3.35
420.495,0.28,3.43,0.37,3.34
420.517,0.30,3.40,0.35,3.36
420.539,0.32,3.41,0.32,3.38
420.561,0.36,3.30,0.31,3.36
420.583,0.35,3.34,0.32,3.38
420.605,0.25,3.21,0.32,3.33
420.627,0.27,3.44,0.31,3.34
420.649,0.30,3.29,0.31,3.32
420.671,0.41,3.28,0.32,3.31
420.693,0.43,3.36,0.33,3.32
420.715,0.38,3.54,0.36,3.38
420.737,0.26,3.52,0.36,3.40
420.759,0.32,3.33,0.36,3.41
420.781,0.28,3.39,0.33,3.43
420.803,0.41,3.20,0.33,3.40
420.825,0.32,3.35,0.32,3.36
420.847,0.32,3.29,0.33,3.31
420.869,0.25,3.21,0.32,3.29
420.891,0.22,3.18,0.30,3.25
420.913,0.30,3.12,0.28,3.23
420.935,0.28,3.12,0.27,3.18
420.957,0.29,3.20,0.27,3.17
420.979,0.38,3.39,0.29,3.20
421.001,0.42,3.26,0.33,3.22
421.023,0.31,3.27,0.34,3.25
421.045,0.43,3.35,0.37,3.29
421.067,0.27,3.28,0.36,3.31
421.089,0.44,3.29,0.37,3.29
421.111,0.40,3.38,0.37,3.31
421.133,0.31,3.40,0.37,3.34
421.155,0.28,3.22,0.34,3.31
421.177,0.41,3.18,0.37,3.29
421.199,0.25,3.32,0.33,3.30
421.221,0.20,3.45,0.29,3.31
421.243,0.23,3.40,0.27,3.31
421.265,0.36,3.37,0.29,3.34
421.287,0.36,3.40,0.28,3.39
421.309,0.40,3.20,0.31,3.36
421.331,0.34,3.16,0.34,3.31
421.353,0.31,3.05,0.35,3.24
421.375,0.27,3.00,0.34,3.16
421.397,0.33,3.21,0.33,3.12
421.419,0.27,3.36,0.30,3.16
421.441,0.34,3.38,0.30,3.20
421.463,0.38,3.34,0.32,3.26
421.485,0.40,3.27,0.34,3.31
421.507,0.39,3.17,0.36,3.30
421.529,0.43,3.12,0.39,3.26
421.551,0.40,3.20,0.40,3.22
421.573,0.42,3.07,0.41,3.17
421.595,0.31,3.24,0.39,3.16
421.617,0.26,3.17,0.36,3.16
421.639,0.34,3.35,0.35,3.21
421.661,0.36,3.28,0.34,3.22
421.683,0.35,3.12,0.32,3.23
421.705,0.35,3.43,0.33,3.27
421.727,0.36,3.53,0.35,3.34
421.749,0.20,3.51,0.32,3.37
421.771,0.36,3.25,0.32,3.37
421.793,0.30,3.24,0.31,3.39
421.815,0.21,3.21,0.29,3.35
421.837,0.24,3.26,0.26,3.29
421.859,0.22,3.20,0.27,3.23
421.881,0.17,3.25,0.23,3.23
421.903,0.22,3.37,0.21,3.26
421.925,0.14,3.36,0.20,3.29
421.947,0.18,3.15,0.19,3.27
421.969,0.22,3.30,0.19,3.29
421.991,0.14,3.38,0.18,3.31
422.013,0.08,3.34,0.15,3.31
422.035,0.23,3.41,0.17,3.32
422.057,0.39,3.32,0.21,3.35
422.079,0.57,3.40,0.28,3.37
422.101,0.38,3.39,0.33,3.37
422.123,0.22,3.27,0.36,3.36
422.145,0.30,3.32,0.37,3.34
422.167,0.30,3.45,0.35,3.37
422.189,0.24,3.49,0.29,3.38
422.211,0.32,3.49,0.28,3.40
422.233,0.28,3.39,0.29,3.43
422.255,0.32,3.44,0.29,3.45
422.277,0.29,3.56,0.29,3.47
422.299,0.14,3.49,0.27,3.47
422.321,0.16,3.38,0.24,3.45
422.343,0.44,3.40,0.27,3.45
422.365,0.41,3.45,0.29,3.46
422.387,0.41,3.52,0.31,3.45
422.409,0.47,3.57,0.38,3.46
422.431,0.37,3.42,0.42,3.47
422.453,0.28,3.47,0.39,3.49
422.475,0.16,3.43,0.34,3.48
422.497,0.27,3.37,0.31,3.45
422.519,0.31,3.45,0.28,3.43
422.541,0.42,3.46,0.29,3.44
422.563,0.26,3.36,0.28,3.41
422.585,0.30,3.44,0.31,3.42
422.607,0.31,3.39,0.32,3.42
422.629,0.39,3.27,0.34,3.38
422.651,0.36,3.38,0.32,3.37
422.673,0.28,3.44,0.33,3.38
422.695,0.37,3.41,0.34,3.38
422.717,0.38,3.43,0.36,3.39
422.739,0.41,3.51,0.36,3.43
422.761,0.52,3.50,0.39,3.46
422.783,0.51,3.55,0.44,3.48
422.805,0.47,3.49,0.46,3.50
422.827,0.42,3.41,0.47,3.49
422.849,0.31,3.36,0.45,3.46
422.871,0.28,3.25,0.40,3.41
422.893,0.29,3.39,0.35,3.38
422.915,0.12,3.35,0.28,3.35
422.937,0.29,3.37,0.26,3.34
422.959,0.20,3.29,0.24,3.33
422.981,0.34,3.27,0.25,3.33
423.003,0.35,3.34,0.26,3.32
423.025,0.41,3.34,0.32,3.32
423.047,0.48,3.36,0.36,3.32
423.069,0.53,3.24,0.42,3.31
423.091,0.34,3.28,0.42,3.31
423.113,0.40,3.23,0.43,3.29
423.135,0.26,3.35,0.40,3.29
423.157,0.31,3.46,0.37,3.31
423.179,0.40,3.63,0.34,3.39
423.201,0.46,3.64,0.37,3.46
423.223,0.39,3.55,0.36,3.53
423.245,0.31,3.53,0.37,3.56
423.267,0.33,3.48,0.38,3.57
423.289,0.33,3.56,0.36,3.55
423.311,0.31,3.57,0.33,3.54
423.333,0.42,3.58,0.34,3.54
423.355,0.21,3.50,0.32,3.54
423.377,0.39,3.38,0.33,3.52
423.399,0.36,3.43,0.34,3.49
423.421,0.51,3.50,0.38,3.48
423.443,0.40,3.33,0.37,3.43
423.465,0.32,3.22,0.40,3.37
423.487,0.14,3.22,0.35,3.34
423.509,0.29,3.37,0.33,3.33
423.531,0.26,3.54,0.28,3.34
423.553,0.38,3.54,0.28,3.38
423.575,0.33,3.52,0.28,3.44
423.597,0.35,3.35,0.32,3.46
423.619,0.43,3.37,0.35,3.46
423.641,0.43,3.53,0.38,3.46
423.663,0.45,3.49,0.40,3.45
423.685,0.37,3.47,0.41,3.44
423.707,0.48,3.44,0.43,3.46
423.729,0.34,3.52,0.41,3.49
423.751,0.35,3.40,0.40,3.46
423.773,0.22,3.27,0.35,3.42
423.795,0.11,3.25,0.30,3.38
423.817,0.29,3.25,0.26,3.34
423.839,0.18,3.29,0.23,3.29
423.861,0.30,3.24,0.22,3.26
423.883,0.29,3.33,0.23,3.27
423.905,0.11,3.54,0.23,3.33
423.927,0.29,3.30,0.23,3.34
423.949,0.17,3.16,0.23,3.31
423.971,0.25,3.25,0.22,3.32
423.993,0.34,3.30,0.23,3.31
424.015,0.29,3.38,0.27,3.28
424.037,0.20,3.45,0.25,3.31
424.059,0.29,3.53,0.27,3.38
424.081,0.31,3.34,0.29,3.40
424.103,0.32,3.32,0.28,3.40
424.125,0.34,3.33,0.29,3.39
424.147,0.46,3.36,0.34,3.38
424.169,0.34,3.29,0.35,3.33
424.191,0.29,3.31,0.35,3.32
424.213,0.22,3.38,0.33,3.33
424.235,0.24,3.37,0.31,3.34
424.257,0.12,3.43,0.24,3.36
424.279,0.29,3.27,0.23,3.35
424.301,0.24,3.35,0.22,3.36
424.323,0.26,3.32,0.23,3.35
424.345,0.30,3.36,0.24,3.35
424.367,0.38,3.33,0.29,3.33
424.389,0.35,3.29,0.31,3.33
424.411,0.30,3.34,0.32,3.33
424.433,0.38,3.31,0.34,3.33
424.455,0.45,3.36,0.37,3.33
424.477,0.32,3.36,0.36,3.33
424.499,0.36,3.37,0.36,3.35
424.521,0.30,3.47,0.36,3.37
424.543,0.28,3.48,0.34,3.41
424.565,0.27,3.51,0.31,3.44
424.587,0.37,3.26,0.32,3.42
424.609,0.36,3.35,0.32,3.41
424.631,0.37,3.31,0.33,3.38
424.653,0.21,3.46,0.32,3.38
424.675,0.27,3.42,0.32,3.36
424.697,0.21,3.48,0.28,3.40
424.719,0.31,3.42,0.27,3.42
424.741,0.30,3.30,0.26,3.42
424.763,0.43,3.33,0.30,3.39
424.785,0.34,3.29,0.32,3.36
424.807,0.45,3.23,0.37,3.31
424.829,0.40,3.26,0.38,3.28
424.851,0.41,3.09,0.41,3.24
424.873,0.42,3.20,0.40,3.21
424.895,0.41,3.23,0.42,3.20
424.917,0.58,3.29,0.44,3.21
424.939,0.45,3.34,0.45,3.23
424.961,0.34,3.20,0.44,3.25
424.983,0.45,3.20,0.45,3.25
425.005,0.46,3.16,0.46,3.24
425.027,0.22,3.22,0.38,3.22
425.049,0.19,3.44,0.33,3.24
425.071,0.21,3.52,0.31,3.31
425.093,0.18,3.39,0.25,3.35
425.115,0.21,3.37,0.20,3.39
425.137,0.24,3.30,0.21,3.40
425.159,0.29,3.34,0.23,3.38
425.181,0.28,3.34,0.24,3.35
425.203,0.44,3.29,0.29,3.33
425.225,0.37,3.27,0.32,3.31
425.247,0.32,3.29,0.34,3.31
425.269,0.32,3.32,0.35,3.30
425.291,0.34,3.34,0.36,3.30
425.313,0.42,3.20,0.35,3.28
425.335,0.23,3.21,0.33,3.27
425.357,0.17,3.15,0.30,3.24
425.379,0.34,3.18,0.30,3.22
425.401,0.18,3.28,0.27,3.20
425.423,0.29,3.43,0.24,3.25
425.445,0.43,3.39,0.28,3.29
425.467,0.28,3.27,0.30,3.31
425.489,0.17,3.27,0.27,3.33
425.511,0.13,3.38,0.26,3.35
425.533,0.23,3.46,0.25,3.35
425.555,0.30,3.26,0.22,3.33
425.577,0.23,3.30,0.21,3.33
425.599,0.06,3.32,0.19,3.34
425.621,0.42,3.32,0.25,3.33
425.643,0.40,3.38,0.28,3.32
425.665,0.37,3.29,0.30,3.32
425.687,0.40,3.33,0.33,3.33
425.709,0.38,3.39,0.39,3.34
425.731,0.44,3.40,0.40,3.36
425.753,0.37,3.41,0.39,3.36
425.775,0.29,3.37,0.38,3.38
425.797,0.20,3.35,0.34,3.38
425.819,0.30,3.44,0.32,3.39
425.841,0.43,3.44,0.32,3.40
425.863,0.43,3.42,0.33,3.40
425.885,0.30,3.35,0.33,3.40
425.907,0.27,3.39,0.35,3.41
425.929,0.25,3.46,0.34,3.41
425.951,0.20,3.45,0.29,3.41
425.973,0.15,3.53,0.23,3.44
425.995,0.30,3.42,0.23,3.45
426.017,0.12,3.39,0.20,3.45
426.039,0.36,3.46,0.23,3.45
426.061,0.16,3.46,0.22,3.45
426.083,0.13,3.45,0.21,3.44
426.105,0.31,3.31,0.22,3.41
426.127,0.23,3.38,0.24,3.41
426.149,0.22,3.31,0.21,3.38
426.171,0.19,3.19,0.22,3.33
426.193,0.31,3.19,0.25,3.28
426.215,0.17,3.33,0.22,3.28
426.237,0.26,3.21,0.23,3.25
426.259,0.37,3.34,0.26,3.25
426.281,0.39,3.28,0.30,3.27
426.303,0.38,3.22,0.31,3.28
426.325,0.35,3.13,0.35,3.24
426.347,0.20,3.41,0.34,3.28
426.369,0.23,3.27,0.31,3.26
426.391,0.27,3.37,0.29,3.28
426.413,0.32,3.48,0.27,3.33
426.435,0.34,3.39,0.27,3.38
426.457,0.35,3.30,0.30,3.36
426.479,0.57,3.37,0.37,3.38
426.501,0.47,3.30,0.41,3.37
426.523,0.42,3.52,0.43,3.38
426.545,0.38,3.62,0.44,3.42
426.567,0.28,3.47,0.42,3.46
426.589,0.17,3.39,0.34,3.46
426.611,0.22,3.28,0.29,3.46
426.633,0.21,3.33,0.25,3.42
426.655,0.12,3.44,0.20,3.38
426.677,0.29,3.38,0.20,3.36
426.699,0.44,3.38,0.26,3.36
426.721,0.34,3.45,0.28,3.40
426.743,0.34,3.38,0.31,3.41
426.765,0.23,3.27,0.33,3.37
426.787,0.30,3.29,0.33,3.35
426.809,0.32,3.33,0.31,3.34
426.831,0.21,3.18,0.28,3.29
426.853,0.22,3.26,0.26,3.27
426.875,0.40,3.25,0.29,3.26
426.897,0.39,3.23,0.31,3.25
426.919,0.33,3.43,0.31,3.27
426.941,0.30,3.29,0.33,3.29
426.963,0.29,3.34,0.34,3.31
426.985,0.34,3.23,0.33,3.30
427.007,0.42,3.39,0.34,3.34
427.029,0.46,3.41,0.36,3.33
427.051,0.37,3.41,0.38,3.36
427.073,0.34,3.46,0.39,3.38
427.095,0.24,3.34,0.37,3.40
427.117,0.30,3.25,0.34,3.37
427.139,0.31,3.29,0.31,3.35
427.161,0.24,3.43,0.29,3.35
427.183,0.37,3.48,0.29,3.36
427.205,0.24,3.48,0.29,3.39
427.227,0.18,3.36,0.27,3.41
427.249,0.23,3.37,0.25,3.42
427.271,0.22,3.26,0.25,3.39
427.293,0.28,3.15,0.23,3.32
427.315,0.33,3.14,0.25,3.26
427.337,0.20,3.21,0.25,3.23
427.359,0.31,3.28,0.27,3.21
427.381,0.31,3.33,0.29,3.22
427.403,0.28,3.37,0.29,3.27
427.425,0.41,3.50,0.30,3.34
427.447,0.43,3.47,0.35,3.39
427.469,0.43,3.47,0.37,3.43
427.491,0.44,3.38,0.40,3.44
427.513,0.38,3.41,0.42,3.45
427.535,0.44,3.27,0.42,3.40
427.557,0.39,3.23,0.42,3.35
427.579,0.42,3.35,0.41,3.33
427.601,0.35,3.26,0.40,3.30
427.623,0.40,3.21,0.40,3.26
427.645,0.32,3.29,0.38,3.27
427.667,0.14,3.25,0.33,3.27
427.689,0.13,3.22,0.27,3.25
427.711,0.20,3.25,0.24,3.24
427.733,0.28,3.24,0.21,3.25
427.755,0.32,3.32,0.21,3.26
427.777,0.32,3.44,0.25,3.29
427.799,0.33,3.47,0.29,3.34
427.821,0.28,3.44,0.31,3.38
427.843,0.36,3.35,0.32,3.40
427.865,0.26,3.33,0.31,3.41
427.887,0.25,3.42,0.30,3.40
427.909,0.42,3.57,0.31,3.42
427.931,0.54,3.57,0.37,3.45
427.953,0.47,3.46,0.39,3.47
427.975,0.40,3.45,0.42,3.49
427.997,0.32,3.55,0.43,3.52
428.019,0.37,3.58,0.42,3.52
428.041,0.54,3.47,0.42,3.50
428.063,0.37,3.40,0.40,3.49
428.085,0.42,3.49,0.40,3.50
428.107,0.28,3.43,0.40,3.47
428.129,0.18,3.34,0.36,3.43
428.151,0.22,3.39,0.29,3.41
428.173,0.15,3.24,0.25,3.38
428.195,0.27,3.28,0.22,3.34
428.217,0.22,3.42,0.21,3.33
428.239,0.05,3.26,0.18,3.32
428.261,0.20,3.13,0.18,3.27
428.283,0.30,3.17,0.21,3.25
428.305,0.41,3.26,0.24,3.25
428.327,0.43,3.17,0.28,3.20
428.349,0.36,3.36,0.34,3.22
428.371,0.32,3.39,0.36,3.27
428.393,0.40,3.40,0.38,3.32
428.415,0.23,3.30,0.35,3.32
428.437,0.23,3.43,0.31,3.38
428.459,0.23,3.26,0.28,3.36
428.481,0.46,3.47,0.31,3.37
428.503,0.28,3.45,0.29,3.38
428.525,0.27,3.36,0.29,3.39
428.547,0.21,3.31,0.29,3.37
428.569,0.29,3.46,0.30,3.41
428.591,0.34,3.61,0.28,3.44
428.613,0.38,3.69,0.30,3.49
428.635,0.42,3.56,0.33,3.53
428.657,0.22,3.41,0.33,3.55
428.679,0.15,3.42,0.30,3.54
428.701,0.25,3.35,0.28,3.49
428.723,0.34,3.38,0.28,3.42
428.745,0.42,3.39,0.28,3.39
428.767,0.27,3.41,0.29,3.39
428.789,0.39,3.50,0.33,3.41
428.811,0.32,3.35,0.35,3.41
428.833,0.42,3.38,0.36,3.41
428.855,0.43,3.51,0.37,3.43
428.877,0.50,3.40,0.41,3.43
428.899,0.39,3.37,0.41,3.40
428.921,0.45,3.38,0.44,3.41
428.943,0.40,3.53,0.43,3.44
428.965,0.36,3.55,0.42,3.45
428.987,0.39,3.65,0.40,3.50
429.009,0.30,3.40,0.38,3.50
429.031,0.27,3.48,0.34,3.52
429.053,0.22,3.48,0.31,3.51
429.075,0.21,3.30,0.28,3.46
429.097,0.27,3.31,0.25,3.39
429.119,0.34,3.47,0.26,3.41
429.141,0.12,3.41,0.23,3.39
429.163,0.20,3.29,0.23,3.36
429.185,0.25,3.44,0.24,3.38
429.207,0.16,3.25,0.21,3.37
429.229,0.31,3.29,0.21,3.34
429.251,0.27,3.35,0.24,3.32
429.273,0.35,3.41,0.27,3.35
429.295,0.25,3.44,0.27,3.35
429.317,0.36,3.55,0.31,3.41
429.339,0.29,3.52,0.30,3.45
429.361,0.21,3.39,0.29,3.46
429.383,0.45,3.18,0.31,3.42
429.405,0.39,3.18,0.34,3.36
429.427,0.27,3.38,0.32,3.33
429.449,0.33,3.42,0.33,3.31
429.471,0.37,3.33,0.36,3.30
429.493,0.41,3.37,0.35,3.34
429.515,0.17,3.34,0.31,3.37
429.537,0.36,3.24,0.33,3.34
429.559,0.39,3.15,0.34,3.29
429.581,0.42,3.22,0.35,3.26
429.603,0.51,3.29,0.37,3.25
429.625,0.44,3.27,0.42,3.23
429.647,0.46,3.35,0.44,3.26
429.669,0.35,3.34,0.44,3.29
429.691,0.29,3.27,0.41,3.30
429.713,0.44,3.33,0.40,3.31
429.735,0.38,3.42,0.38,3.34
429.757,0.29,3.48,0.35,3.37
429.779,0.33,3.42,0.35,3.38
429.801,0.34,3.49,0.36,3.43
429.823,0.26,3.42,0.32,3.45
429.845,0.32,3.44,0.31,3.45
429.867,0.29,3.63,0.31,3.48
429.889,0.36,3.51,0.31,3.50
429.911,0.44,3.34,0.33,3.47
429.933,0.50,3.64,0.38,3.51
429.955,0.34,3.53,0.39,3.53
429.977,0.44,3.47,0.42,3.50
429.999,0.39,3.51,0.42,3.50
430.021,0.34,3.30,0.40,3.49
430.043,0.23,3.28,0.35,3.42
430.065,0.28,3.37,0.34,3.39
430.087,0.12,3.15,0.27,3.32
430.109,0.14,3.14,0.22,3.25
430.131,0.16,3.29,0.19,3.25
430.153,0.25,3.39,0.19,3.27
430.175,0.23,3.51,0.18,3.30
430.197,0.30,3.51,0.22,3.37
430.219,0.28,3.44,0.24,3.43
430.241,0.29,3.35,0.27,3.44
430.263,0.44,3.44,0.31,3.45
430.285,0.36,3.41,0.33,3.43
430.307,0.49,3.31,0.37,3.39
430.329,0.36,3.34,0.39,3.37
430.351,0.20,3.27,0.37,3.35
430.373,0.29,3.44,0.34,3.35
430.395,0.27,3.36,0.32,3.34
430.417,0.38,3.39,0.30,3.36
430.439,0.37,3.30,0.30,3.35
430.461,0.28,3.41,0.32,3.38
430.483,0.48,3.37,0.36,3.37
430.505,0.44,3.34,0.39,3.36
430.527,0.39,3.29,0.39,3.34
430.549,0.19,3.33,0.36,3.35
430.571,0.18,3.29,0.34,3.32
430.593,0.30,3.36,0.30,3.32
430.615,0.15,3.43,0.24,3.34
430.637,0.37,3.38,0.24,3.36
430.659,0.34,3.30,0.27,3.35
430.681,0.28,3.15,0.29,3.32
430.703,0.30,3.15,0.29,3.28
430.725,0.33,3.24,0.32,3.24
430.747,0.26,3.42,0.30,3.25
430.769,0.27,3.35,0.29,3.26
430.791,0.29,3.36,0.29,3.30
430.813,0.35,3.36,0.30,3.35
430.835,0.27,3.39,0.29,3.38
430.857,0.28,3.09,0.29,3.31
430.879,0.26,3.17,0.29,3.27
430.901,0.29,3.30,0.29,3.26
430.923,0.28,3.37,0.28,3.26
430.945,0.25,3.28,0.27,3.24
430.967,0.19,3.31,0.25,3.29
430.989,0.35,3.41,0.27,3.33
431.011,0.18,3.29,0.25,3.33
431.033,0.26,3.29,0.25,3.32
431.055,0.25,3.32,0.25,3.32
431.077,0.16,3.39,0.24,3.34
431.099,0.23,3.42,0.22,3.34
431.121,0.35,3.19,0.25,3.32
431.143,0.40,3.16,0.28,3.30
431.165,0.41,3.16,0.31,3.26
431.187,0.42,3.11,0.36,3.21
431.209,0.40,3.28,0.40,3.18
431.231,0.31,3.29,0.39,3.20
431.253,0.21,3.32,0.35,3.23
431.275,0.15,3.40,0.30,3.28
431.297,0.06,3.47,0.23,3.35
431.319,0.18,3.48,0.18,3.39
431.341,0.37,3.45,0.19,3.42
431.363,0.31,3.42,0.21,3.44
431.385,0.23,3.37,0.23,3.44
431.407,0.14,3.44,0.25,3.43
431.429,0.19,3.56,0.25,3.45
431.451,0.17,3.48,0.21,3.45
431.473,0.27,3.37,0.20,3.44
431.495,0.25,3.45,0.20,3.46
431.517,0.09,3.47,0.19,3.47
431.539,0.35,3.31,0.23,3.42
431.561,0.27,3.38,0.25,3.40
431.583,0.23,3.28,0.24,3.38
431.605,0.33,3.34,0.25,3.36
431.627,0.29,3.20,0.29,3.30
431.649,0.34,3.36,0.29,3.31
431.671,0.46,3.31,0.33,3.30
431.693,0.33,3.40,0.35,3.32
431.715,0.34,3.45,0.35,3.34
431.737,0.24,3.39,0.34,3.38
431.759,0.40,3.27,0.35,3.36
431.781,0.18,3.33,0.30,3.37
431.803,0.17,3.38,0.27,3.36
431.825,0.31,3.31,0.26,3.34
431.847,0.23,3.40,0.26,3.34
431.869,0.36,3.46,0.25,3.38
431.891,0.18,3.35,0.25,3.38
431.913,0.27,3.21,0.27,3.35
431.935,0.37,3.35,0.28,3.35
431.957,0.40,3.43,0.32,3.36
431.979,0.22,3.55,0.29,3.38
432.001,0.28,3.25,0.31,3.36
432.023,0.21,3.25,0.30,3.37
432.045,0.43,3.32,0.31,3.36
432.067,0.42,3.42,0.31,3.36
432.089,0.31,3.44,0.33,3.34
432.111,0.41,3.51,0.36,3.39
432.133,0.21,3.44,0.36,3.43
432.155,0.38,3.19,0.35,3.40
432.177,0.29,3.26,0.32,3.37
432.199,0.23,3.32,0.30,3.34
432.221,0.19,3.39,0.26,3.32
432.243,0.23,3.36,0.26,3.30
432.265,0.31,3.23,0.25,3.31
432.287,0.41,3.29,0.27,3.32
432.309,0.31,3.36,0.29,3.33
432.331,0.32,3.48,0.32,3.34
432.353,0.28,3.39,0.33,3.35
432.375,0.22,3.39,0.31,3.38
432.397,0.28,3.51,0.28,3.43
432.419,0.39,3.29,0.30,3.41
432.441,0.18,3.38,0.27,3.39
432.463,0.21,3.45,0.26,3.40
432.485,0.35,3.32,0.28,3.39
432.507,0.28,3.27,0.28,3.34
432.529,0.30,3.34,0.26,3.35
432.551,0.23,3.16,0.27,3.31
432.573,0.20,3.22,0.27,3.26
432.595,0.20,3.23,0.24,3.24
432.617,0.21,3.13,0.23,3.22
432.639,0.10,3.24,0.19,3.20
432.661,0.30,3.31,0.20,3.23
432.683,0.38,3.18,0.24,3.22
432.705,0.41,3.18,0.28,3.21
432.727,0.38,3.33,0.31,3.25
432.749,0.46,3.16,0.39,3.23
432.771,0.52,3.27,0.43,3.22
432.793,0.46,3.23,0.45,3.23
432.815,0.45,3.25,0.45,3.25
432.837,0.33,3.16,0.44,3.21
432.859,0.14,3.34,0.38,3.25
432.881,0.20,3.34,0.32,3.26
432.903,0.14,3.31,0.25,3.28
432.925,0.30,3.26,0.22,3.28
432.947,0.30,3.42,0.22,3.33
432.969,0.24,3.42,0.24,3.35
432.991,0.12,3.40,0.22,3.36
433.013,0.11,3.45,0.21,3.39
433.035,0.22,3.62,0.20,3.46
433.057,0.15,3.47,0.17,3.47
433.079,0.13,3.46,0.15,3.48
433.101,0.18,3.44,0.16,3.49
433.123,0.33,3.34,0.20,3.47
433.145,0.19,3.27,0.20,3.40
433.167,0.20,3.41,0.21,3.38
433.189,0.29,3.40,0.24,3.37
433.211,0.33,3.29,0.27,3.34
433.233,0.33,3.28,0.27,3.33
433.255,0.43,3.22,0.32,3.32
433.277,0.33,3.30,0.34,3.30
433.299,0.48,3.36,0.38,3.29
433.321,0.36,3.35,0.39,3.30
433.343,0.22,3.42,0.36,3.33
433.365,0.28,3.46,0.33,3.38
433.387,0.24,3.35,0.32,3.39
433.409,0.44,3.38,0.31,3.39
433.431,0.34,3.36,0.30,3.39
433.453,0.44,3.33,0.35,3.38
433.475,0.30,3.26,0.35,3.34
433.497,0.45,3.29,0.39,3.32
433.519,0.52,3.31,0.41,3.31
433.541,0.41,3.55,0.42,3.35
433.563,0.41,3.40,0.42,3.36
433.585,0.38,3.35,0.43,3.38
433.607,0.39,3.33,0.42,3.39
433.629,0.37,3.37,0.39,3.40
433.651,0.49,3.35,0.41,3.36
433.673,0.38,3.43,0.40,3.37
433.695,0.31,3.42,0.39,3.38
433.717,0.36,3.40,0.38,3.39
433.739,0.21,3.15,0.35,3.35
433.761,0.20,3.09,0.29,3.30
433.783,0.23,3.21,0.26,3.25
433.805,0.32,3.24,0.26,3.22
433.827,0.32,3.06,0.26,3.15
433.849,0.51,3.04,0.32,3.13
433.871,0.37,3.17,0.35,3.14
433.893,0.20,3.29,0.34,3.16
433.915,0.20,3.22,0.32,3.16
433.937,0.26,3.27,0.31,3.20
433.959,0.32,3.35,0.27,3.26
433.981,0.22,3.38,0.24,3.30
434.003,0.24,3.37,0.25,3.32
434.025,0.39,3.32,0.29,3.34
434.047,0.14,3.55,0.26,3.39
434.069,0.30,3.45,0.26,3.41
434.091,0.13,3.34,0.24,3.41
434.113,0.05,3.39,0.20,3.41
434.135,0.25,3.37,0.17,3.42
434.157,0.25,3.28,0.20,3.37
434.179,0.33,3.28,0.20,3.33
434.201,0.22,3.35,0.22,3.33
434.223,0.25,3.35,0.26,3.33
434.245,0.29,3.43,0.27,3.34
434.267,0.24,3.42,0.27,3.37
434.289,0.41,3.38,0.28,3.39
434.311,0.52,3.33,0.34,3.38
434.333,0.43,3.30,0.38,3.37
434.355,0.52,3.09,0.42,3.30
434.377,0.47,3.40,0.47,3.30
434.399,0.27,3.39,0.44,3.30
434.421,0.32,3.47,0.40,3.33
434.443,0.30,3.44,0.38,3.36
434.465,0.24,3.51,0.32,3.44
434.487,0.13,3.46,0.25,3.45
434.509,0.07,3.44,0.21,3.46
434.531,0.07,3.54,0.16,3.48
434.553,0.08,3.38,0.12,3.47
434.575,0.34,3.36,0.14,3.44
434.597,0.30,3.44,0.17,3.43
434.619,0.31,3.37,0.22,3.42
434.641,0.33,3.28,0.27,3.37
434.663,0.26,3.36,0.31,3.36
434.685,0.32,3.33,0.30,3.36
434.707,0.33,3.39,0.31,3.35
434.729,0.31,3.31,0.31,3.33
434.751,0.31,3.27,0.31,3.33
434.773,0.32,3.42,0.32,3.34
434.795,0.39,3.27,0.33,3.33
434.817,0.29,3.31,0.32,3.32
434.839,0.27,3.27,0.32,3.31
434.861,0.26,3.36,0.31,3.33
434.883,0.21,3.28,0.28,3.30
434.905,0.36,3.17,0.28,3.28
434.927,0.35,3.38,0.29,3.29
434.949,0.27,3.19,0.29,3.28
434.971,0.33,3.22,0.30,3.25
434.993,0.26,3.34,0.31,3.26
435.015,0.29,3.43,0.30,3.31
435.037,0.31,3.29,0.29,3.29
435.059,0.27,3.28,0.29,3.31
435.081,0.36,3.38,0.30,3.34
435.103,0.33,3.43,0.31,3.36
435.125,0.27,3.43,0.31,3.36
435.147,0.34,3.20,0.31,3.34
435.169,0.43,3.43,0.35,3.37
435.191,0.33,3.36,0.34,3.37
435.213,0.32,3.42,0.34,3.37
435.235,0.34,3.31,0.35,3.34
435.257,0.31,3.25,0.35,3.35
435.279,0.30,3.24,0.32,3.32
435.301,0.35,3.31,0.32,3.31
435.323,0.35,3.42,0.33,3.31
435.345,0.39,3.21,0.34,3.29
435.367,0.42,3.19,0.36,3.27
435.389,0.37,3.41,0.38,3.31
435.411,0.30,3.30,0.37,3.31
435.433,0.17,3.17,0.33,3.26
435.455,0.27,3.36,0.31,3.29
435.477,0.27,3.52,0.28,3.35
435.499,0.17,3.34,0.24,3.34
435.521,0.31,3.42,0.24,3.36
435.543,0.38,3.43,0.28,3.41
435.565,0.44,3.35,0.31,3.41
435.587,0.46,3.33,0.35,3.37
435.609,0.41,3.18,0.40,3.34
435.631,0.36,3.39,0.41,3.34
435.653,0.31,3.24,0.40,3.30
435.675,0.32,3.29,0.37,3.29
435.697,0.38,3.33,0.36,3.29
435.719,0.33,3.34,0.34,3.32
435.741,0.54,3.42,0.38,3.32
435.763,0.41,3.50,0.40,3.38
435.785,0.45,3.33,0.42,3.38
435.807,0.42,3.26,0.43,3.37
435.829,0.38,3.23,0.44,3.35
435.851,0.22,3.24,0.38,3.31
435.873,0.26,3.37,0.35,3.29
435.895,0.27,3.36,0.31,3.29
435.917,0.42,3.27,0.31,3.29
435.939,0.34,3.42,0.30,3.33
435.961,0.41,3.40,0.34,3.36
435.983,0.52,3.32,0.39,3.35
436.005,0.43,3.20,0.42,3.32
436.027,0.41,3.18,0.42,3.30
436.049,0.45,3.30,0.44,3.28
436.071,0.34,3.23,0.43,3.25
436.093,0.22,3.26,0.37,3.23
436.115,0.43,3.26,0.37,3.25
436.137,0.40,3.52,0.37,3.31
436.159,0.42,3.33,0.36,3.32
436.181,0.40,3.41,0.37,3.36
436.203,0.34,3.36,0.40,3.38
436.225,0.34,3.35,0.38,3.39
436.247,0.31,3.30,0.36,3.35
436.269,0.32,3.22,0.34,3.33
436.291,0.24,3.30,0.31,3.31
436.313,0.23,3.37,0.29,3.31
436.335,0.12,3.35,0.24,3.31
436.357,0.19,3.50,0.22,3.35
436.379,0.31,3.44,0.22,3.39
436.401,0.21,3.57,0.21,3.45
436.423,0.33,3.51,0.23,3.47
436.445,0.47,3.55,0.30,3.51
436.467,0.38,3.60,0.34,3.53
436.489,0.33,3.55,0.34,3.56
436.511,0.45,3.46,0.39,3.53
436.533,0.26,3.40,0.38,3.51
436.555,0.22,3.27,0.33,3.46
436.577,0.14,3.26,0.28,3.39
436.599,0.18,3.34,0.25,3.35
436.621,0.28,3.42,0.22,3.34
436.643,0.42,3.49,0.25,3.36
436.665,0.39,3.52,0.28,3.41
436.687,0.33,3.30,0.32,3.41
436.709,0.35,3.28,0.35,3.40
436.731,0.28,3.35,0.35,3.39
436.753,0.29,3.38,0.33,3.37
436.775,0.36,3.32,0.32,3.33
436.797,0.39,3.36,0.33,3.34
436.819,0.62,3.55,0.39,3.39
436.841,0.52,3.46,0.44,3.41
436.863,0.48,3.46,0.47,3.43
436.885,0.31,3.44,0.46,3.45
436.907,0.57,3.51,0.50,3.48
436.929,0.59,3.35,0.49,3.44
436.951,0.52,3.26,0.49,3.40
436.973,0.46,3.30,0.49,3.37
436.995,0.35,3.33,0.50,3.35
437.017,0.41,3.19,0.47,3.29
437.039,0.48,3.25,0.44,3.27
437.061,0.43,3.04,0.43,3.22
437.083,0.26,3.10,0.39,3.18
437.105,0.29,3.19,0.37,3.15
437.127,0.36,3.29,0.36,3.17
437.149,0.33,3.46,0.33,3.22
437.171,0.36,3.32,0.32,3.27
437.193,0.29,3.30,0.33,3.31
437.215,0.26,3.26,0.32,3.33
437.237,0.38,3.29,0.32,3.33
437.259,0.30,3.40,0.32,3.31
437.281,0.28,3.40,0.30,3.33
437.303,0.34,3.42,0.31,3.35
437.325,0.27,3.35,0.31,3.37
437.347,0.35,3.30,0.31,3.37
437.369,0.30,3.31,0.31,3.36
437.391,0.15,3.56,0.28,3.39
437.413,0.23,3.45,0.26,3.39
437.435,0.26,3.32,0.26,3.39
437.457,0.36,3.33,0.26,3.39
437.479,0.43,3.48,0.29,3.43
437.501,0.26,3.40,0.31,3.40
437.523,0.30,3.46,0.32,3.40
437.545,0.36,3.32,0.34,3.40
437.567,0.40,3.29,0.35,3.39
437.589,0.29,3.37,0.32,3.37
437.611,0.24,3.15,0.32,3.32
437.633,0.31,3.34,0.32,3.29
437.655,0.35,3.43,0.32,3.32
437.677,0.23,3.38,0.28,3.33
437.699,0.21,3.42,0.27,3.34
437.721,0.31,3.44,0.28,3.40
437.743,0.40,3.29,0.30,3.39
437.765,0.16,3.36,0.26,3.38
437.787,0.39,3.35,0.29,3.37
437.809,0.21,3.30,0.29,3.35
437.831,0.22,3.42,0.28,3.34
437.853,0.32,3.35,0.26,3.36
437.875,0.30,3.33,0.29,3.35
437.897,0.36,3.26,0.28,3.33
437.919,0.34,3.24,0.31,3.32
437.941,0.25,3.39,0.31,3.31
437.963,0.18,3.29,0.29,3.30
437.985,0.23,3.22,0.27,3.28
438.007,0.38,3.32,0.28,3.29
438.029,0.55,3.38,0.32,3.32
438.051,0.44,3.36,0.36,3.31
438.073,0.34,3.22,0.39,3.30
438.095,0.31,3.11,0.40,3.28
438.117,0.37,3.27,0.40,3.27
438.139,0.33,3.31,0.36,3.25
438.161,0.34,3.31,0.34,3.24
438.183,0.33,3.24,0.34,3.25
438.205,0.39,3.27,0.35,3.28
438.227,0.53,3.24,0.38,3.27
438.249,0.41,3.34,0.40,3.28
438.271,0.40,3.34,0.41,3.29
438.293,0.25,3.37,0.40,3.31
438.315,0.30,3.22,0.38,3.30
438.337,0.27,3.31,0.33,3.32
438.359,0.20,3.27,0.28,3.30
438.381,0.12,3.33,0.23,3.30
438.403,0.28,3.11,0.23,3.25
438.425,0.22,3.28,0.22,3.26
438.447,0.22,3.20,0.21,3.24
438.469,0.16,3.24,0.20,3.23
438.491,0.32,3.21,0.24,3.21
438.513,0.18,3.31,0.22,3.25
438.535,0.32,3.28,0.24,3.25
438.557,0.39,3.35,0.27,3.28
438.579,0.37,3.43,0.32,3.32
438.601,0.19,3.38,0.29,3.35
438.623,0.20,3.57,0.29,3.40
438.645,0.25,3.32,0.28,3.41
438.667,0.46,3.42,0.29,3.42
438.689,0.45,3.30,0.31,3.40
438.711,0.51,3.28,0.37,3.38
438.733,0.37,3.45,0.41,3.35
438.755,0.28,3.43,0.41,3.38
438.777,0.39,3.51,0.40,3.39
438.799,0.33,3.53,0.38,3.44
438.821,0.30,3.49,0.33,3.48
438.843,0.30,3.44,0.32,3.48
438.865,0.30,3.32,0.32,3.46
438.887,0.33,3.33,0.31,3.42
438.909,0.21,3.38,0.29,3.39
438.931,0.17,3.35,0.26,3.36
438.953,0.23,3.31,0.25,3.34
438.975,0.25,3.30,0.24,3.33
438.997,0.13,3.27,0.20,3.32
439.019,0.22,3.33,0.20,3.31
439.041,0.21,3.27,0.21,3.30
439.063,0.25,3.37,0.21,3.31
439.085,0.18,3.35,0.20,3.32
439.107,0.21,3.31,0.21,3.33
439.129,0.13,3.38,0.20,3.34
439.151,0.10,3.42,0.17,3.37
439.173,0.22,3.56,0.17,3.40
439.195,0.21,3.55,0.17,3.44
439.217,0.16,3.41,0.16,3.46
439.239,0.31,3.35,0.20,3.46
439.261,0.41,3.29,0.26,3.43
439.283,0.33,3.17,0.28,3.35
439.305,0.25,3.43,0.29,3.33
439.327,0.26,3.35,0.31,3.32
439.349,0.25,3.39,0.30,3.33
439.371,0.30,3.40,0.28,3.35
439.393,0.39,3.46,0.29,3.41
439.415,0.20,3.43,0.28,3.41
439.437,0.19,3.55,0.27,3.45
439.459,0.19,3.50,0.25,3.47
439.481,0.24,3.55,0.24,3.50
439.503,0.29,3.56,0.22,3.52
439.525,0.25,3.43,0.23,3.52
439.547,0.34,3.26,0.26,3.46
439.569,0.32,3.34,0.29,3.43
439.591,0.22,3.49,0.28,3.42
439.613,0.33,3.36,0.29,3.38
439.635,0.34,3.33,0.31,3.36
439.657,0.46,3.28,0.33,3.36
439.679,0.32,3.34,0.33,3.36
439.701,0.28,3.40,0.35,3.34
439.723,0.45,3.42,0.37,3.35
439.745,0.44,3.56,0.39,3.40
439.767,0.24,3.46,0.35,3.44
439.789,0.24,3.36,0.33,3.44
439.811,0.34,3.38,0.34,3.44
439.833,0.29,3.47,0.31,3.45
439.855,0.11,3.42,0.24,3.42
439.877,0.23,3.33,0.24,3.39
439.899,0.15,3.42,0.22,3.40
439.921,0.21,3.21,0.20,3.37
439.943,0.29,3.25,0.20,3.33
439.965,0.34,3.28,0.24,3.30
439.987,0.16,3.32,0.23,3.30
440.009,0.25,3.26,0.25,3.26
440.031,0.24,3.22,0.26,3.27
440.053,0.24,3.21,0.25,3.26
440.075,0.42,3.24,0.26,3.25
440.097,0.38,3.20,0.31,3.23
440.119,0.46,3.19,0.35,3.21
440.141,0.35,3.16,0.37,3.20
440.163,0.31,3.37,0.38,3.23
440.185,0.26,3.24,0.35,3.23
440.207,0.40,3.37,0.36,3.27
440.229,0.28,3.32,0.32,3.29
440.251,0.29,3.37,0.31,3.33
440.273,0.28,3.38,0.30,3.34
440.295,0.19,3.40,0.29,3.37
440.317,0.26,3.30,0.26,3.35
440.339,0.27,3.40,0.26,3.37
440.361,0.31,3.36,0.26,3.37
440.383,0.31,3.35,0.27,3.36
440.405,0.40,3.47,0.31,3.38
440.427,0.42,3.45,0.34,3.41
440.449,0.33,3.37,0.35,3.40
440.471,0.43,3.20,0.38,3.37
440.493,0.38,3.25,0.39,3.35
440.515,0.44,3.10,0.40,3.27
440.537,0.45,3.12,0.41,3.21
440.559,0.42,3.23,0.42,3.18
440.581,0.35,3.28,0.41,3.20
440.603,0.29,3.44,0.39,3.23
440.625,0.26,3.43,0.35,3.30
440.647,0.39,3.57,0.34,3.39
440.669,0.48,3.48,0.35,3.44
440.691,0.36,3.42,0.36,3.47
440.713,0.42,3.42,0.38,3.46
440.735,0.44,3.39,0.42,3.46
440.757,0.39,3.34,0.42,3.41
440.779,0.28,3.45,0.38,3.40
440.801,0.33,3.48,0.37,3.42
440.823,0.20,3.41,0.33,3.41
440.845,0.19,3.34,0.28,3.40
440.867,0.21,3.29,0.24,3.39
440.889,0.24,3.42,0.23,3.39
440.911,0.26,3.39,0.22,3.37
440.933,0.26,3.46,0.23,3.38
440.955,0.34,3.30,0.26,3.37
440.977,0.33,3.36,0.29,3.39
440.999,0.11,3.36,0.26,3.37
441.021,0.22,3.43,0.25,3.38
441.043,0.19,3.28,0.24,3.35
441.065,0.24,3.27,0.22,3.34
441.087,0.31,3.53,0.21,3.37
441.109,0.39,3.56,0.27,3.41
441.131,0.51,3.60,0.33,3.45
441.153,0.27,3.47,0.34,3.49
441.175,0.37,3.27,0.37,3.49
441.197,0.43,3.37,0.39,3.45
441.219,0.38,3.50,0.39,3.44
441.241,0.37,3.56,0.36,3.43
441.263,0.29,3.50,0.37,3.44
441.285,0.33,3.43,0.36,3.47
441.307,0.44,3.46,0.36,3.49
441.329,0.25,3.37,0.34,3.46
441.351,0.14,3.40,0.29,3.43
441.373,0.24,3.51,0.28,3.43
441.395,0.43,3.37,0.30,3.42
441.417,0.38,3.40,0.29,3.41
441.439,0.39,3.46,0.32,3.43
441.461,0.33,3.53,0.35,3.45
441.483,0.33,3.54,0.37,3.46
441.505,0.44,3.34,0.37,3.45
441.527,0.45,3.34,0.39,3.44
441.549,0.54,3.26,0.42,3.40
441.571,0.37,3.19,0.43,3.33
441.593,0.42,3.29,0.44,3.28
441.615,0.44,3.44,0.44,3.30
441.637,0.45,3.37,0.44,3.31
441.659,0.32,3.39,0.40,3.34
441.681,0.11,3.39,0.35,3.38
441.703,0.23,3.38,0.31,3.39
441.725,0.09,3.41,0.24,3.39
441.747,0.15,3.37,0.18,3.39
441.769,0.34,3.47,0.18,3.40
441.791,0.32,3.46,0.23,3.42
441.813,0.38,3.32,0.26,3.41
441.835,0.46,3.50,0.33,3.42
441.857,0.35,3.39,0.37,3.43
441.879,0.32,3.34,0.37,3.40
441.901,0.28,3.29,0.36,3.37
441.923,0.26,3.45,0.33,3.39
441.945,0.37,3.25,0.32,3.34
441.967,0.44,3.16,0.33,3.30
441.989,0.51,3.10,0.37,3.25
442.011,0.51,3.20,0.42,3.23
442.033,0.36,3.08,0.44,3.16
442.055,0.43,3.02,0.45,3.11
442.077,0.40,3.12,0.44,3.10
442.099,0.43,3.41,0.43,3.17
442.121,0.38,3.34,0.40,3.19
442.143,0.38,3.53,0.40,3.28
442.165,0.37,3.41,0.39,3.36
442.187,0.33,3.38,0.38,3.41
442.209,0.33,3.32,0.36,3.40
442.231,0.38,3.40,0.36,3.41
442.253,0.44,3.58,0.37,3.42
442.275,0.24,3.54,0.34,3.44
442.297,0.28,3.31,0.33,3.43
442.319,0.28,3.43,0.32,3.45
442.341,0.16,3.41,0.28,3.45
442.363,0.23,3.26,0.24,3.39
442.385,0.32,3.23,0.25,3.33
442.407,0.30,3.34,0.26,3.33
442.429,0.26,3.35,0.25,3.32
442.451,0.31,3.37,0.28,3.31
442.473,0.24,3.44,0.29,3.35
442.495,0.44,3.51,0.31,3.40
442.517,0.45,3.46,0.34,3.43
442.539,0.47,3.45,0.38,3.45
442.561,0.37,3.33,0.39,3.44
442.583,0.35,3.25,0.42,3.40
442.605,0.41,3.19,0.41,3.34
442.627,0.46,3.36,0.41,3.32
442.649,0.44,3.36,0.41,3.30
442.671,0.51,3.47,0.43,3.33
442.693,0.32,3.45,0.43,3.37
442.715,0.17,3.53,0.38,3.43
442.737,0.19,3.47,0.33,3.46
442.759,0.24,3.41,0.29,3.47
442.781,0.23,3.38,0.23,3.45
442.803,0.24,3.54,0.21,3.47
442.825,0.35,3.26,0.25,3.41
442.847,0.36,3.34,0.28,3.39
442.869,0.52,3.39,0.34,3.38
442.891,0.50,3.30,0.39,3.37
442.913,0.41,3.30,0.43,3.32
442.935,0.10,3.32,0.38,3.33
442.957,0.18,3.40,0.34,3.34
442.979,0.23,3.44,0.28,3.35
443.001,0.10,3.32,0.20,3.36
443.023,0.26,3.36,0.17,3.37
443.045,0.19,3.51,0.19,3.41
443.067,0.15,3.57,0.19,3.44
443.089,0.23,3.47,0.19,3.45
443.111,0.31,3.42,0.23,3.47
443.133,0.32,3.36,0.24,3.47
443.155,0.43,3.29,0.29,3.42
443.177,0.35,3.35,0.33,3.38
443.199,0.34,3.25,0.35,3.33
443.221,0.42,3.39,0.37,3.33
443.243,0.42,3.49,0.39,3.35
443.265,0.33,3.56,0.37,3.41
443.287,0.32,3.58,0.37,3.45
443.309,0.32,3.43,0.36,3.49
443.331,0.39,3.37,0.36,3.49
443.353,0.20,3.40,0.31,3.47
443.375,0.45,3.36,0.34,3.43
443.397,0.34,3.28,0.34,3.37
443.419,0.43,3.22,0.36,3.33
443.441,0.31,3.27,0.35,3.31
443.463,0.26,3.24,0.36,3.27
443.485,0.20,3.06,0.31,3.21
443.507,0.12,3.45,0.26,3.25
443.529,0.11,3.27,0.20,3.26
443.551,0.24,3.34,0.19,3.27
443.573,0.17,3.39,0.17,3.30
443.595,0.30,3.46,0.19,3.38
443.617,0.45,3.48,0.25,3.39
443.639,0.41,3.51,0.31,3.44
443.661,0.18,3.52,0.30,3.47
443.683,0.15,3.35,0.30,3.46
443.705,0.17,3.43,0.27,3.46
443.727,0.21,3.40,0.22,3.44
443.749,0.25,3.51,0.19,3.44
443.771,0.38,3.32,0.23,3.40
443.793,0.31,3.41,0.26,3.41
443.815,0.23,3.35,0.28,3.40
443.837,0.40,3.25,0.31,3.37
443.859,0.32,3.17,0.33,3.30
443.881,0.44,3.23,0.34,3.28
443.903,0.38,3.20,0.35,3.24
443.925,0.27,3.18,0.36,3.21
443.947,0.20,3.37,0.32,3.23
443.969,0.37,3.58,0.33,3.31
443.991,0.22,3.60,0.29,3.39
444.013,0.21,3.42,0.25,3.43
444.035,0.16,3.49,0.23,3.49
444.057,0.07,3.21,0.21,3.46
444.079,0.18,3.33,0.17,3.41
444.101,0.10,3.43,0.14,3.38
444.123,0.13,3.30,0.13,3.35
444.145,0.17,3.46,0.13,3.35
444.167,0.23,3.51,0.16,3.41
444.189,0.45,3.40,0.22,3.42
444.211,0.44,3.45,0.28,3.42
444.233,0.37,3.54,0.33,3.47
444.255,0.28,3.55,0.35,3.49
444.277,0.29,3.41,0.37,3.47
444.299,0.16,3.26,0.31,3.44
444.321,0.21,3.25,0.26,3.40
444.343,0.27,3.26,0.24,3.35
444.365,0.28,3.15,0.24,3.27
444.387,0.31,3.29,0.25,3.24
444.409,0.33,3.23,0.28,3.24
444.431,0.28,3.35,0.29,3.26
444.453,0.25,3.29,0.29,3.26
444.475,0.21,3.23,0.28,3.28
444.497,0.33,3.24,0.28,3.27
444.519,0.39,3.31,0.29,3.28
444.541,0.44,3.30,0.32,3.27
444.563,0.31,3.36,0.34,3.29
444.585,0.36,3.45,0.37,3.33
444.607,0.38,3.45,0.38,3.37
444.629,0.31,3.35,0.36,3.38
444.651,0.30,3.41,0.33,3.40
444.673,0.32,3.47,0.33,3.43
444.695,0.37,3.39,0.34,3.41
444.717,0.44,3.36,0.35,3.40
444.739,0.41,3.47,0.37,3.42
444.761,0.39,3.34,0.39,3.41
444.783,0.38,3.47,0.40,3.41
444.805,0.33,3.25,0.39,3.38
444.827,0.38,3.26,0.38,3.36
444.849,0.26,3.25,0.35,3.31
444.871,0.33,3.25,0.34,3.30
444.893,0.29,3.32,0.32,3.27
444.915,0.31,3.44,0.31,3.30
444.937,0.27,3.36,0.29,3.32
444.959,0.31,3.34,0.30,3.34
444.981,0.37,3.35,0.31,3.36
445.003,0.49,3.34,0.35,3.37
445.025,0.46,3.38,0.38,3.35
445.047,0.50,3.47,0.43,3.38
445.069,0.51,3.38,0.47,3.38
445.091,0.35,3.48,0.46,3.41
445.113,0.48,3.47,0.46,3.44
445.135,0.41,3.39,0.45,3.44
445.157,0.30,3.37,0.41,3.42
445.179,0.40,3.34,0.39,3.41
445.201,0.23,3.41,0.36,3.40
445.223,0.24,3.35,0.32,3.37
445.245,0.27,3.44,0.29,3.38
445.267,0.27,3.40,0.28,3.39
445.289,0.31,3.26,0.26,3.37
445.311,0.22,3.29,0.26,3.35
445.333,0.36,3.41,0.29,3.36
445.355,0.41,3.53,0.31,3.38
445.377,0.31,3.33,0.32,3.36
445.399,0.34,3.40,0.33,3.39
445.421,0.36,3.42,0.36,3.42
445.443,0.31,3.46,0.35,3.43
445.465,0.36,3.52,0.34,3.43
445.487,0.32,3.35,0.34,3.43
445.509,0.37,3.50,0.34,3.45
445.531,0.44,3.40,0.36,3.45
445.553,0.37,3.42,0.37,3.44
445.575,0.46,3.43,0.39,3.42
445.597,0.33,3.47,0.39,3.44
445.619,0.31,3.56,0.38,3.46
445.641,0.32,3.50,0.36,3.48
445.663,0.28,3.50,0.34,3.49
445.685,0.28,3.49,0.30,3.50
445.707,0.31,3.40,0.30,3.49
445.729,0.34,3.37,0.31,3.45
445.751,0.28,3.27,0.30,3.41
445.773,0.28,3.50,0.30,3.41
445.795,0.30,3.45,0.30,3.40
445.817,0.24,3.48,0.29,3.41
445.839,0.31,3.34,0.28,3.41
445.861,0.36,3.31,0.30,3.42
445.883,0.40,3.31,0.32,3.38
445.905,0.46,3.46,0.35,3.38
445.927,0.39,3.36,0.38,3.36
445.949,0.37,3.36,0.40,3.36
445.971,0.39,3.29,0.40,3.36
445.993,0.46,3.40,0.41,3.37
446.015,0.37,3.50,0.40,3.38
446.037,0.26,3.29,0.37,3.37
446.059,0.26,3.41,0.35,3.38
446.081,0.36,3.43,0.34,3.41
446.103,0.23,3.28,0.30,3.38
446.125,0.24,3.39,0.27,3.36
446.147,0.37,3.30,0.29,3.36
446.169,0.19,3.28,0.28,3.34
446.191,0.19,3.34,0.24,3.32
446.213,0.19,3.22,0.24,3.31
446.235,0.29,3.25,0.25,3.28
446.257,0.39,3.31,0.25,3.28
446.279,0.47,3.34,0.31,3.29
446.301,0.41,3.36,0.35,3.30
446.323,0.44,3.38,0.40,3.33
446.345,0.39,3.33,0.42,3.34
446.367,0.40,3.26,0.42,3.33
446.389,0.35,3.21,0.40,3.31
446.411,0.41,3.40,0.40,3.32
446.433,0.26,3.40,0.36,3.32
446.455,0.34,3.25,0.35,3.30
446.477,0.34,3.31,0.34,3.31
446.499,0.31,3.48,0.33,3.37
446.521,0.27,3.49,0.30,3.39
446.543,0.22,3.41,0.30,3.39
446.565,0.12,3.44,0.25,3.43
446.587,0.08,3.31,0.20,3.43
446.609,0.20,3.35,0.18,3.40
446.631,0.24,3.36,0.17,3.37
446.653,0.33,3.45,0.19,3.38
446.675,0.35,3.25,0.24,3.34
446.697,0.36,3.24,0.30,3.33
446.719,0.28,3.25,0.31,3.31
446.741,0.18,3.25,0.30,3.29
446.763,0.42,3.36,0.32,3.27
446.785,0.36,3.44,0.32,3.31
446.807,0.38,3.34,0.32,3.33
446.829,0.27,3.26,0.32,3.33
446.851,0.39,3.31,0.36,3.34
446.873,0.44,3.28,0.37,3.33
446.895,0.16,3.35,0.33,3.31
446.917,0.21,3.47,0.29,3.33
446.939,0.21,3.52,0.28,3.39
446.961,0.23,3.48,0.25,3.42
446.983,0.21,3.42,0.20,3.45
447.005,0.36,3.43,0.24,3.46
447.027,0.43,3.40,0.29,3.45
447.049,0.31,3.30,0.31,3.41
447.071,0.42,3.24,0.35,3.36
447.093,0.32,3.23,0.37,3.32
447.115,0.36,3.19,0.37,3.27
447.137,0.39,3.37,0.36,3.27
447.159,0.27,3.45,0.35,3.30
447.181,0.31,3.48,0.33,3.34
447.203,0.33,3.38,0.33,3.37
447.225,0.32,3.26,0.32,3.39
447.247,0.27,3.18,0.30,3.35
447.269,0.26,3.16,0.30,3.29
447.291,0.35,3.17,0.31,3.23
447.313,0.35,3.17,0.31,3.19
447.335,0.42,3.38,0.33,3.21
447.357,0.41,3.44,0.36,3.26
447.379,0.31,3.30,0.37,3.29
447.401,0.34,3.36,0.37,3.33
447.423,0.22,3.31,0.34,3.36
447.445,0.32,3.32,0.32,3.35
447.467,0.44,3.30,0.33,3.32
447.489,0.31,3.24,0.33,3.31
447.511,0.44,3.23,0.35,3.28
447.533,0.33,3.32,0.37,3.28
447.555,0.35,3.21,0.37,3.26
447.577,0.23,3.23,0.33,3.25
447.599,0.23,3.20,0.32,3.24
447.621,0.21,3.17,0.27,3.23
447.643,0.35,3.28,0.27,3.22
447.665,0.28,3.31,0.26,3.24
447.687,0.33,3.35,0.28,3.26
447.709,0.11,3.22,0.26,3.27
447.731,0.21,3.37,0.26,3.31
447.753,0.27,3.47,0.24,3.34
447.775,0.32,3.35,0.25,3.35
447.797,0.29,3.34,0.24,3.35
447.819,0.16,3.35,0.25,3.38
447.841,0.22,3.46,0.25,3.39
447.863,0.28,3.44,0.25,3.39
447.885,0.20,3.50,0.23,3.42
447.907,0.24,3.48,0.22,3.45
447.929,0.20,3.60,0.23,3.50
447.951,0.24,3.48,0.23,3.50
447.973,0.14,3.52,0.20,3.52
447.995,0.24,3.37,0.21,3.49
448.017,0.24,3.34,0.21,3.46
448.039,0.28,3.32,0.23,3.41
448.061,0.23,3.50,0.23,3.41
448.083,0.34,3.28,0.27,3.36
448.105,0.36,3.34,0.29,3.36
448.127,0.38,3.35,0.32,3.36
448.149,0.35,3.19,0.33,3.33
448.171,0.52,3.20,0.39,3.27
448.193,0.46,3.27,0.41,3.27
448.215,0.51,3.31,0.44,3.26
448.237,0.42,3.18,0.45,3.23
448.259,0.37,3.44,0.46,3.28
448.281,0.45,3.43,0.44,3.33
448.303,0.30,3.32,0.41,3.34
448.325,0.31,3.26,0.37,3.33
448.347,0.17,3.36,0.32,3.36
448.369,0.31,3.45,0.31,3.36
448.391,0.45,3.29,0.31,3.34
448.413,0.38,3.39,0.32,3.35
448.435,0.24,3.23,0.31,3.34
448.457,0.26,3.24,0.33,3.32
448.479,0.21,3.24,0.31,3.28
448.501,0.30,3.22,0.28,3.26
448.523,0.38,3.40,0.28,3.27
448.545,0.58,3.44,0.35,3.31
448.567,0.50,3.33,0.39,3.33
448.589,0.49,3.40,0.45,3.36
448.611,0.35,3.40,0.46,3.39
448.633,0.32,3.41,0.45,3.40
448.655,0.26,3.38,0.38,3.38
448.677,0.19,3.24,0.32,3.37
448.699,0.24,3.32,0.27,3.35
448.721,0.35,3.43,0.27,3.36
448.743,0.36,3.32,0.28,3.34
448.765,0.23,3.38,0.27,3.34
448.787,0.24,3.34,0.28,3.36
448.809,0.35,3.26,0.31,3.35
448.831,0.30,3.31,0.30,3.32
448.853,0.35,3.31,0.29,3.32
448.875,0.33,3.36,0.31,3.32
448.897,0.34,3.45,0.33,3.34
448.919,0.36,3.32,0.34,3.35
448.941,0.24,3.38,0.32,3.36
448.963,0.29,3.53,0.31,3.41
448.985,0.34,3.44,0.31,3.42
449.007,0.31,3.50,0.31,3.43
449.029,0.18,3.50,0.27,3.47
449.051,0.21,3.33,0.27,3.46
449.073,0.38,3.40,0.28,3.43
449.095,0.40,3.35,0.30,3.42
449.117,0.38,3.37,0.31,3.39
449.139,0.25,3.36,0.32,3.36
449.161,0.22,3.31,0.33,3.36
449.183,0.40,3.30,0.33,3.34
449.205,0.27,3.24,0.30,3.32
449.227,0.30,3.29,0.29,3.30
449.249,0.19,3.41,0.28,3.31
449.271,0.10,3.40,0.25,3.33
449.293,0.08,3.35,0.19,3.34
449.315,0.32,3.31,0.20,3.35
449.337,0.30,3.27,0.20,3.35
449.359,0.40,3.40,0.24,3.35
449.381,0.30,3.42,0.28,3.35
449.403,0.34,3.39,0.33,3.36
449.425,0.24,3.30,0.32,3.36
449.447,0.13,3.31,0.28,3.36
449.469,0.20,3.38,0.24,3.36
449.491,0.31,3.47,0.24,3.37
449.513,0.27,3.54,0.23,3.40
449.535,0.25,3.40,0.23,3.42
449.557,0.34,3.33,0.27,3.42
449.579,0.41,3.21,0.32,3.39
449.601,0.13,3.25,0.28,3.35
449.623,0.24,3.26,0.27,3.29
449.645,0.21,3.27,0.27,3.26
449.667,0.34,3.29,0.27,3.26
449.689,0.40,3.25,0.26,3.26
449.711,0.51,3.19,0.34,3.25
449.733,0.27,3.25,0.35,3.25
449.755,0.33,3.22,0.37,3.24
449.777,0.37,3.17,0.38,3.22
449.799,0.45,3.26,0.39,3.22
449.821,0.44,3.26,0.37,3.23
449.843,0.55,3.44,0.43,3.27
449.865,0.44,3.40,0.45,3.31
449.887,0.63,3.24,0.50,3.32
449.909,0.44,3.33,0.50,3.33
449.931,0.55,3.29,0.52,3.34
449.953,0.49,3.21,0.51,3.29
449.975,0.41,3.41,0.50,3.30
449.997,0.46,3.46,0.47,3.34
450.019,0.33,3.37,0.45,3.35
450.041,0.39,3.49,0.42,3.39
450.063,0.31,3.47,0.38,3.44
450.085,0.31,3.49,0.36,3.46
450.107,0.36,3.57,0.34,3.48
450.129,0.44,3.45,0.36,3.49
450.151,0.46,3.44,0.38,3.48
450.173,0.37,3.39,0.39,3.47
450.195,0.29,3.33,0.38,3.44
450.217,0.46,3.48,0.40,3.42
450.239,0.41,3.51,0.40,3.43
450.261,0.42,3.45,0.39,3.43
450.283,0.28,3.38,0.37,3.43
450.305,0.28,3.32,0.37,3.43
450.327,0.34,3.48,0.35,3.43
450.349,0.36,3.43,0.34,3.41
450.371,0.29,3.45,0.31,3.41
450.393,0.31,3.36,0.32,3.41
450.415,0.46,3.39,0.35,3.42
450.437,0.40,3.43,0.36,3.41
450.459,0.26,3.29,0.34,3.38
450.481,0.18,3.29,0.32,3.35
450.503,0.32,3.35,0.32,3.35
450.525,0.40,3.32,0.31,3.34
450.547,0.45,3.33,0.32,3.32
450.569,0.56,3.36,0.38,3.33
450.591,0.42,3.21,0.43,3.31
450.613,0.36,3.34,0.44,3.31
450.635,0.29,3.35,0.42,3.32
450.657,0.40,3.29,0.41,3.31
450.679,0.32,3.20,0.36,3.28
450.701,0.28,3.31,0.33,3.30
450.723,0.30,3.40,0.32,3.31
450.745,0.30,3.46,0.32,3.33
450.767,0.39,3.40,0.32,3.35
450.789,0.25,3.46,0.30,3.41
450.811,0.37,3.37,0.32,3.42
450.833,0.25,3.44,0.31,3.43
450.855,0.13,3.40,0.28,3.41
450.877,0.15,3.37,0.23,3.41
450.899,0.26,3.50,0.23,3.42
450.921,0.29,3.43,0.22,3.43
450.943,0.15,3.36,0.20,3.41
450.965,0.15,3.26,0.20,3.38
450.987,0.22,3.29,0.21,3.37
451.009,0.27,3.24,0.22,3.32
451.031,0.32,3.38,0.22,3.31
451.053,0.36,3.48,0.26,3.33
451.075,0.27,3.37,0.29,3.35
451.097,0.36,3.22,0.32,3.34
451.119,0.32,3.24,0.33,3.34
451.141,0.24,3.26,0.31,3.31
451.163,0.19,3.31,0.28,3.28
451.185,0.26,3.33,0.27,3.27
451.207,0.21,3.34,0.24,3.30
451.229,0.29,3.30,0.24,3.31
451.251,0.27,3.34,0.24,3.32
451.273,0.26,3.43,0.26,3.35
451.295,0.19,3.44,0.24,3.37
451.317,0.12,3.47,0.23,3.40
451.339,0.19,3.45,0.21,3.43
451.361,0.20,3.45,0.19,3.45
451.383,0.11,3.40,0.16,3.44
451.405,0.17,3.51,0.16,3.46
451.427,0.21,3.44,0.18,3.45
451.449,0.14,3.50,0.17,3.46
451.471,0.15,3.45,0.16,3.46
451.493,0.29,3.50,0.19,3.48
451.515,0.22,3.14,0.20,3.41
451.537,0.23,3.25,0.21,3.37
451.559,0.25,3.27,0.23,3.32
451.581,0.22,3.34,0.24,3.30
451.603,0.19,3.40,0.22,3.28
451.625,0.25,3.54,0.23,3.36
451.647,0.33,3.40,0.25,3.39
451.669,0.29,3.36,0.26,3.41
451.691,0.36,3.38,0.28,3.42
451.713,0.29,3.47,0.30,3.43
451.735,0.16,3.34,0.29,3.39
451.757,0.20,3.37,0.26,3.38
451.779,0.40,3.39,0.28,3.39
451.801,0.27,3.34,0.26,3.38
451.823,0.21,3.37,0.25,3.36
451.845,0.33,3.32,0.28,3.36
451.867,0.48,3.37,0.34,3.36
451.889,0.31,3.44,0.32,3.37
451.911,0.34,3.30,0.33,3.36
451.933,0.38,3.47,0.37,3.38
451.955,0.37,3.17,0.38,3.35
451.977,0.24,3.27,0.33,3.33
451.999,0.23,3.31,0.31,3.30
452.021,0.30,3.41,0.30,3.33
452.043,0.18,3.47,0.26,3.33
452.065,0.37,3.45,0.26,3.38
452.087,0.27,3.34,0.27,3.40
452.109,0.28,3.32,0.28,3.40
452.131,0.18,3.21,0.26,3.36
452.153,0.20,3.28,0.26,3.32
452.175,0.24,3.32,0.23,3.29
452.197,0.30,3.28,0.24,3.28
452.219,0.37,3.26,0.26,3.27
452.241,0.41,3.35,0.30,3.30
452.263,0.21,3.38,0.31,3.32
452.285,0.16,3.41,0.29,3.34
452.307,0.28,3.31,0.29,3.34
452.329,0.15,3.13,0.24,3.32
452.351,0.22,3.28,0.20,3.30
452.373,0.35,3.50,0.23,3.33
452.395,0.40,3.50,0.28,3.34
452.417,0.22,3.37,0.27,3.36
452.439,0.25,3.16,0.29,3.36
452.461,0.26,3.10,0.30,3.33
452.483,0.31,3.25,0.29,3.28
452.505,0.36,3.35,0.28,3.25
452.527,0.46,3.36,0.33,3.24
452.549,0.45,3.43,0.37,3.30
452.571,0.49,3.41,0.41,3.36
452.593,0.51,3.45,0.45,3.40
452.615,0.43,3.39,0.47,3.41
452.637,0.36,3.27,0.45,3.39
452.659,0.44,3.29,0.45,3.36
452.681,0.31,3.44,0.41,3.37
452.703,0.34,3.34,0.38,3.35
452.725,0.26,3.45,0.34,3.36
452.747,0.21,3.58,0.31,3.42
452.769,0.24,3.52,0.27,3.47
452.791,0.39,3.46,0.29,3.47
452.813,0.30,3.35,0.28,3.47
452.835,0.32,3.33,0.29,3.45
452.857,0.34,3.38,0.32,3.41
452.879,0.16,3.43,0.30,3.39
452.901,0.16,3.36,0.26,3.37
452.923,0.42,3.21,0.28,3.34
452.945,0.32,3.20,0.28,3.32
452.967,0.44,3.33,0.30,3.31
452.989,0.32,3.32,0.33,3.28
453.011,0.36,3.50,0.37,3.31
453.033,0.38,3.44,0.36,3.36
453.055,0.41,3.48,0.38,3.41
453.077,0.33,3.38,0.36,3.42
453.099,0.30,3.42,0.36,3.44
453.121,0.29,3.30,0.34,3.40
453.143,0.24,3.52,0.31,3.42
453.165,0.31,3.34,0.29,3.39
453.187,0.32,3.47,0.29,3.41
453.209,0.35,3.48,0.30,3.42
453.231,0.32,3.42,0.31,3.45
453.253,0.28,3.34,0.32,3.41
453.275,0.37,3.29,0.33,3.40
453.297,0.24,3.36,0.31,3.38
453.319,0.53,3.34,0.35,3.35
453.341,0.50,3.42,0.38,3.35
453.363,0.40,3.35,0.41,3.35
453.385,0.37,3.33,0.41,3.36
453.407,0.26,3.27,0.41,3.34
453.429,0.33,3.36,0.37,3.35
453.451,0.13,3.52,0.30,3.37
453.473,0.14,3.30,0.25,3.36
453.495,0.15,3.41,0.20,3.37
453.517,0.35,3.50,0.22,3.42
453.539,0.38,3.37,0.23,3.42
453.561,0.36,3.35,0.28,3.39
453.583,0.32,3.34,0.31,3.39
453.605,0.48,3.31,0.38,3.37
453.627,0.42,3.29,0.39,3.33
453.649,0.43,3.19,0.40,3.30
453.671,0.36,3.34,0.40,3.29
453.693,0.23,3.48,0.38,3.32
453.715,0.24,3.33,0.34,3.33
453.737,0.21,3.46,0.29,3.36
453.759,0.37,3.60,0.28,3.44
453.781,0.37,3.52,0.28,3.48
453.803,0.37,3.45,0.31,3.47
453.825,0.46,3.38,0.36,3.48
453.847,0.38,3.21,0.39,3.43
453.869,0.41,3.25,0.40,3.36
453.891,0.28,3.35,0.38,3.33
453.913,0.34,3.43,0.37,3.32
453.935,0.37,3.39,0.36,3.33
453.957,0.48,3.43,0.38,3.37
453.979,0.34,3.36,0.36,3.39
454.001,0.21,3.35,0.35,3.39
454.023,0.35,3.27,0.35,3.36
454.045,0.27,3.34,0.33,3.35
454.067,0.49,3.39,0.33,3.34
454.089,0.47,3.20,0.36,3.31
454.111,0.41,3.09,0.40,3.26
454.133,0.42,3.12,0.41,3.23
454.155,0.38,3.14,0.43,3.19
454.177,0.39,3.37,0.41,3.18
454.199,0.27,3.38,0.37,3.22
454.221,0.20,3.36,0.33,3.27
454.243,0.24,3.35,0.30,3.32
454.265,0.26,3.52,0.27,3.40
454.287,0.29,3.50,0.25,3.42
454.309,0.40,3.40,0.28,3.43
454.331,0.44,3.38,0.33,3.43
454.353,0.44,3.40,0.37,3.44
454.375,0.40,3.37,0.39,3.41
454.397,0.36,3.49,0.41,3.41
454.419,0.38,3.72,0.40,3.47
454.441,0.46,3.59,0.41,3.51
454.463,0.46,3.36,0.41,3.51
454.485,0.41,3.41,0.41,3.51
454.507,0.37,3.35,0.42,3.49
454.529,0.40,3.13,0.42,3.37
454.551,0.42,3.28,0.41,3.31
454.573,0.41,3.30,0.40,3.29
454.595,0.26,3.24,0.37,3.26
454.617,0.17,3.32,0.33,3.25
454.639,0.12,3.16,0.28,3.26
454.661,0.30,3.30,0.25,3.26
454.683,0.26,3.13,0.22,3.23
454.705,0.20,3.15,0.21,3.21
454.727,0.24,3.11,0.22,3.17
454.749,0.31,3.20,0.26,3.18
454.771,0.40,3.36,0.28,3.19
454.793,0.33,3.47,0.30,3.26
454.815,0.40,3.55,0.34,3.34
454.837,0.44,3.31,0.38,3.38
454.859,0.27,3.29,0.37,3.40
454.881,0.20,3.19,0.33,3.36
454.903,0.11,3.20,0.28,3.31
454.925,0.30,3.34,0.26,3.27
454.947,0.29,3.23,0.23,3.25
454.969,0.28,3.37,0.24,3.27
454.991,0.31,3.31,0.26,3.29
455.013,0.34,3.39,0.30,3.33
455.035,0.11,3.41,0.27,3.34
455.057,0.22,3.44,0.25,3.38
455.079,0.38,3.40,0.27,3.39
455.101,0.31,3.26,0.27,3.38
455.123,0.38,3.32,0.28,3.37
455.145,0.60,3.13,0.38,3.31
455.167,0.51,3.25,0.44,3.27
455.189,0.31,3.26,0.42,3.24
455.211,0.42,3.17,0.44,3.23
455.233,0.29,3.23,0.43,3.21
455.255,0.28,3.41,0.36,3.26
455.277,0.44,3.35,0.35,3.28
455.299,0.45,3.33,0.38,3.30
455.321,0.19,3.41,0.33,3.35
455.343,0.28,3.39,0.33,3.38
455.365,0.30,3.51,0.33,3.40
455.387,0.37,3.62,0.32,3.45
455.409,0.45,3.35,0.32,3.46
455.431,0.33,3.47,0.35,3.47
455.453,0.36,3.47,0.36,3.48
455.475,0.31,3.53,0.36,3.49
455.497,0.43,3.49,0.38,3.46
455.519,0.28,3.42,0.34,3.48
455.541,0.37,3.23,0.35,3.43
455.563,0.38,3.12,0.35,3.36
455.585,0.32,3.16,0.36,3.28
455.607,0.36,3.23,0.34,3.23
455.629,0.25,3.12,0.34,3.17
455.651,0.48,3.29,0.36,3.18
455.673,0.32,3.33,0.35,3.23
455.695,0.18,3.36,0.32,3.27
455.717,0.10,3.49,0.27,3.32
455.739,0.10,3.50,0.24,3.39
455.761,0.11,3.39,0.16,3.41
455.783,0.24,3.44,0.15,3.44
455.805,0.20,3.61,0.15,3.49
455.827,0.34,3.56,0.20,3.50
455.849,0.43,3.37,0.26,3.47
455.871,0.49,3.44,0.34,3.48
455.893,0.41,3.36,0.37,3.47
455.915,0.36,3.24,0.41,3.39
455.937,0.44,3.26,0.43,3.33
455.959,0.42,3.18,0.42,3.30
455.981,0.46,3.40,0.42,3.29
456.003,0.49,3.47,0.43,3.31
456.025,0.35,3.44,0.43,3.35
456.047,0.25,3.23,0.39,3.34
456.069,0.16,3.25,0.34,3.36
456.091,0.32,3.32,0.31,3.34
456.113,0.34,3.30,0.28,3.31
456.135,0.38,3.30,0.29,3.28
456.157,0.52,3.32,0.34,3.30
456.179,0.46,3.52,0.40,3.35
456.201,0.37,3.68,0.41,3.42
456.223,0.33,3.62,0.41,3.49
456.245,0.20,3.53,0.38,3.53
456.267,0.19,3.63,0.31,3.60
456.289,0.20,3.40,0.26,3.57
456.311,0.31,3.42,0.25,3.52
456.333,0.40,3.40,0.26,3.48
456.355,0.30,3.43,0.28,3.46
456.377,0.20,3.50,0.28,3.43
456.399,0.38,3.53,0.32,3.46
456.421,0.42,3.58,0.34,3.49
456.443,0.21,3.45,0.30,3.50
456.465,0.19,3.33,0.28,3.48
456.487,0.23,3.34,0.29,3.45
456.509,0.31,3.35,0.27,3.41
456.531,0.39,3.39,0.27,3.37
456.553,0.28,3.31,0.28,3.34
456.575,0.29,3.33,0.30,3.34
456.597,0.23,3.50,0.30,3.38
456.619,0.22,3.49,0.28,3.40
456.641,0.42,3.38,0.29,3.40
456.663,0.36,3.41,0.30,3.42
456.685,0.23,3.32,0.29,3.42
456.707,0.25,3.26,0.30,3.37
456.729,0.09,3.30,0.27,3.33
456.751,0.07,3.34,0.20,3.33
456.773,0.16,3.40,0.16,3.32
456.795,0.14,3.32,0.14,3.32
456.817,0.23,3.31,0.14,3.33
456.839,0.28,3.28,0.18,3.33
456.861,0.25,3.14,0.21,3.29
456.883,0.16,3.27,0.21,3.26
456.905,0.23,3.35,0.23,3.27
456.927,0.20,3.34,0.22,3.28
456.949,0.23,3.38,0.21,3.30
456.971,0.39,3.38,0.24,3.34
456.993,0.29,3.49,0.27,3.39
457.015,0.19,3.52,0.26,3.42
457.037,0.28,3.46,0.28,3.45
457.059,0.37,3.40,0.30,3.45
457.081,0.27,3.47,0.28,3.47
457.103,0.18,3.38,0.26,3.45
457.125,0.24,3.51,0.27,3.44
457.147,0.14,3.45,0.24,3.44
457.169,0.14,3.49,0.19,3.46
457.191,0.20,3.40,0.18,3.45
457.213,0.18,3.54,0.18,3.48
457.235,0.24,3.38,0.18,3.45
457.257,0.31,3.20,0.21,3.40
457.279,0.39,3.39,0.26,3.38
457.301,0.41,3.35,0.31,3.37
457.323,0.43,3.41,0.36,3.35
457.345,0.33,3.29,0.37,3.33
457.367,0.35,3.42,0.38,3.37
457.389,0.27,3.38,0.36,3.37
457.411,0.31,3.46,0.34,3.39
457.433,0.45,3.20,0.34,3.35
457.455,0.26,3.31,0.33,3.35
457.477,0.18,3.38,0.29,3.35
457.499,0.43,3.11,0.33,3.29
457.521,0.38,3.16,0.34,3.23
457.543,0.30,3.10,0.31,3.21
457.565,0.31,3.18,0.32,3.19
457.587,0.25,3.16,0.33,3.14
457.609,0.32,3.51,0.31,3.22
457.631,0.28,3.43,0.29,3.28
457.653,0.44,3.45,0.32,3.35
457.675,0.30,3.37,0.32,3.38
457.697,0.31,3.32,0.33,3.42
457.719,0.20,3.43,0.31,3.40
457.741,0.17,3.51,0.28,3.42
457.763,0.26,3.50,0.25,3.43
457.785,0.34,3.48,0.26,3.45
457.807,0.21,3.31,0.24,3.45
457.829,0.32,3.33,0.26,3.43
457.851,0.38,3.21,0.30,3.37
457.873,0.30,3.26,0.31,3.32
457.895,0.35,3.33,0.31,3.29
457.917,0.36,3.24,0.34,3.27
457.939,0.32,3.19,0.34,3.25
457.961,0.31,3.07,0.33,3.22
457.983,0.57,3.18,0.38,3.20
458.005,0.37,3.27,0.39,3.19
458.027,0.36,3.38,0.39,3.22
458.049,0.41,3.27,0.40,3.23
458.071,0.47,3.09,0.44,3.24
458.093,0.31,3.21,0.38,3.24
458.115,0.21,3.23,0.35,3.24
458.137,0.16,3.11,0.31,3.18
458.159,0.19,3.13,0.27,3.15
458.181,0.36,3.31,0.25,3.20
458.203,0.39,3.49,0.26,3.25
458.225,0.32,3.35,0.28,3.28
458.247,0.13,3.33,0.28,3.32
458.269,0.23,3.40,0.29,3.38
458.291,0.30,3.32,0.27,3.38
458.313,0.26,3.23,0.25,3.33
458.335,0.28,3.18,0.24,3.29
458.357,0.40,3.26,0.29,3.28
458.379,0.39,3.24,0.33,3.25
458.401,0.36,3.28,0.34,3.24
458.423,0.38,3.33,0.36,3.26
458.445,0.37,3.33,0.38,3.29
458.467,0.40,3.40,0.38,3.32
458.489,0.42,3.36,0.39,3.34
458.511,0.30,3.62,0.37,3.41
458.533,0.31,3.53,0.36,3.45
458.555,0.34,3.39,0.35,3.46
458.577,0.36,3.44,0.35,3.47
458.599,0.39,3.60,0.34,3.52
458.621,0.48,3.55,0.38,3.50
458.643,0.38,3.56,0.39,3.51
458.665,0.26,3.63,0.37,3.56
458.687,0.25,3.53,0.35,3.57
458.709,0.11,3.50,0.30,3.55
458.731,0.27,3.48,0.25,3.54
458.753,0.22,3.49,0.22,3.53
458.775,0.22,3.47,0.21,3.49
458.797,0.27,3.42,0.22,3.47
458.819,0.23,3.38,0.24,3.45
458.841,0.31,3.52,0.25,3.46
458.863,0.27,3.47,0.26,3.45
458.885,0.23,3.63,0.26,3.48
458.907,0.28,3.49,0.26,3.50
458.929,0.26,3.34,0.27,3.49
458.951,0.13,3.45,0.23,3.48
458.973,0.07,3.38,0.19,3.46
458.995,0.22,3.35,0.19,3.40
459.017,0.30,3.36,0.20,3.38
459.039,0.20,3.51,0.18,3.41
459.061,0.16,3.30,0.19,3.38
459.083,0.22,3.37,0.22,3.38
459.105,0.29,3.49,0.23,3.41
459.127,0.41,3.44,0.26,3.42
459.149,0.25,3.46,0.27,3.41
459.171,0.24,3.57,0.28,3.47
459.193,0.26,3.60,0.29,3.51
459.215,0.34,3.46,0.30,3.51
459.237,0.29,3.47,0.28,3.51
459.259,0.35,3.30,0.30,3.48
459.281,0.27,3.45,0.30,3.46
459.303,0.32,3.47,0.31,3.43
459.325,0.32,3.38,0.31,3.41
459.347,0.38,3.44,0.33,3.41
459.369,0.45,3.34,0.35,3.42
459.391,0.36,3.31,0.37,3.39
459.413,0.28,3.37,0.36,3.37
459.435,0.29,3.05,0.35,3.30
459.457,0.18,3.16,0.31,3.25
459.479,0.16,3.20,0.25,3.22
459.501,0.27,3.20,0.24,3.20
459.523,0.32,3.33,0.24,3.19
459.545,0.31,3.35,0.25,3.25
459.567,0.38,3.31,0.29,3.28
459.589,0.37,3.32,0.33,3.30
459.611,0.33,3.28,0.34,3.32
459.633,0.30,3.27,0.34,3.31
459.655,0.35,3.25,0.35,3.29
459.677,0.37,3.29,0.34,3.28
459.699,0.31,3.47,0.33,3.31
459.721,0.29,3.47,0.32,3.35
459.743,0.19,3.42,0.30,3.38
459.765,0.39,3.37,0.31,3.40
459.787,0.36,3.15,0.31,3.38
459.809,0.34,3.20,0.31,3.32
459.831,0.33,3.25,0.32,3.28
459.853,0.39,3.26,0.36,3.25
459.875,0.35,3.22,0.35,3.22
459.897,0.37,3.31,0.36,3.25
459.919,0.36,3.28,0.36,3.26
459.941,0.13,3.24,0.32,3.26
459.963,0.24,3.26,0.29,3.26
459.985,0.25,3.32,0.27,3.28
460.007,0.18,3.32,0.23,3.28
460.029,0.35,3.38,0.23,3.30
460.051,0.45,3.35,0.29,3.33
460.073,0.38,3.34,0.32,3.34
460.095,0.29,3.45,0.33,3.37
460.117,0.24,3.32,0.34,3.37
460.139,0.25,3.44,0.32,3.38
460.161,0.28,3.56,0.29,3.42
460.183,0.18,3.36,0.25,3.43
460.205,0.26,3.29,0.24,3.39
460.227,0.20,3.45,0.23,3.42
460.249,0.29,3.38,0.24,3.41
460.271,0.22,3.63,0.23,3.42
460.293,0.30,3.62,0.25,3.47
460.315,0.37,3.61,0.28,3.54
460.337,0.35,3.32,0.31,3.51
460.359,0.26,3.27,0.30,3.49
460.381,0.36,3.39,0.33,3.44
460.403,0.36,3.34,0.34,3.39
460.425,0.33,3.27,0.33,3.32
460.447,0.49,3.54,0.36,3.36
460.469,0.38,3.50,0.38,3.41
460.491,0.36,3.49,0.38,3.43
460.513,0.30,3.49,0.37,3.46
460.535,0.28,3.40,0.36,3.48
460.557,0.31,3.45,0.33,3.47
460.579,0.28,3.32,0.31,3.43
460.601,0.25,3.36,0.28,3.40
460.623,0.12,3.33,0.25,3.37
460.645,0.30,3.43,0.25,3.38
460.667,0.19,3.30,0.23,3.35
460.689,0.29,3.39,0.23,3.36
460.711,0.36,3.17,0.25,3.32
460.733,0.26,3.32,0.28,3.32
460.755,0.34,3.46,0.29,3.33
460.777,0.44,3.28,0.34,3.32
460.799,0.25,3.34,0.33,3.31
460.821,0.28,3.33,0.31,3.35
460.843,0.26,3.35,0.31,3.35
460.865,0.35,3.37,0.32,3.33
460.887,0.32,3.39,0.29,3.36
460.909,0.28,3.32,0.30,3.35
460.931,0.33,3.31,0.31,3.35
460.953,0.24,3.44,0.30,3.37
460.975,0.15,3.36,0.26,3.36
460.997,0.18,3.37,0.24,3.36
461.019,0.32,3.40,0.24,3.38
461.041,0.46,3.26,0.27,3.37
461.063,0.41,3.48,0.30,3.37
461.085,0.30,3.27,0.33,3.36
461.107,0.35,3.27,0.37,3.34
461.129,0.45,3.39,0.39,3.33
461.151,0.17,3.34,0.34,3.35
461.173,0.05,3.25,0.26,3.30
461.195,0.31,3.47,0.27,3.34
461.217,0.44,3.36,0.28,3.36
461.239,0.45,3.36,0.28,3.36
461.261,0.23,3.37,0.30,3.36
461.283,0.34,3.30,0.35,3.37
461.305,0.32,3.37,0.36,3.35
461.327,0.38,3.47,0.34,3.37
461.349,0.31,3.24,0.32,3.35
461.371,0.40,3.30,0.35,3.34
461.393,0.39,3.16,0.36,3.31
461.415,0.31,3.28,0.36,3.29
461.437,0.36,3.35,0.35,3.27
461.459,0.51,3.43,0.39,3.30
461.481,0.47,3.44,0.41,3.33
461.503,0.33,3.44,0.40,3.39
461.525,0.43,3.41,0.42,3.41
461.547,0.34,3.27,0.42,3.40
461.569,0.37,3.32,0.39,3.38
461.591,0.35,3.14,0.36,3.32
461.613,0.23,3.23,0.34,3.27
461.635,0.11,3.30,0.28,3.25
461.657,0.21,3.23,0.25,3.24
461.679,0.27,3.34,0.23,3.25
461.701,0.21,3.28,0.21,3.28
461.723,0.29,3.47,0.22,3.32
461.745,0.30,3.46,0.26,3.36
461.767,0.33,3.42,0.28,3.39
461.789,0.26,3.44,0.28,3.41
461.811,0.35,3.47,0.31,3.45
461.833,0.36,3.57,0.32,3.47
461.855,0.25,3.59,0.31,3.50
461.877,0.26,3.60,0.30,3.53
461.899,0.16,3.60,0.28,3.57
461.921,0.26,3.62,0.26,3.60
461.943,0.29,3.48,0.24,3.58
461.965,0.41,3.36,0.28,3.53
461.987,0.34,3.34,0.29,3.48
462.009,0.40,3.20,0.34,3.40
462.031,0.23,3.19,0.33,3.31
462.053,0.19,3.28,0.31,3.27
462.075,0.21,3.31,0.27,3.26
462.097,0.34,3.28,0.27,3.25
462.119,0.30,3.31,0.25,3.27
462.141,0.27,3.35,0.26,3.31
462.163,0.20,3.48,0.26,3.35
462.185,0.30,3.40,0.28,3.36
462.207,0.22,3.16,0.26,3.34
462.229,0.40,3.25,0.28,3.33
462.251,0.41,3.29,0.31,3.32
462.273,0.32,3.28,0.33,3.28
462.295,0.32,3.08,0.33,3.21
462.317,0.36,3.47,0.36,3.27
462.339,0.41,3.49,0.36,3.32
462.361,0.34,3.41,0.35,3.35
462.383,0.36,3.55,0.36,3.40
462.405,0.35,3.50,0.36,3.48
462.427,0.44,3.45,0.38,3.48
462.449,0.56,3.52,0.41,3.49
462.471,0.31,3.26,0.40,3.46
462.493,0.43,3.14,0.42,3.37
462.515,0.34,3.31,0.42,3.34
462.537,0.30,3.35,0.39,3.32
462.559,0.32,3.37,0.34,3.29
462.581,0.31,3.37,0.34,3.31
462.603,0.29,3.35,0.31,3.35
462.625,0.32,3.37,0.31,3.36
462.647,0.30,3.44,0.31,3.38
462.669,0.43,3.31,0.33,3.37
462.691,0.31,3.40,0.33,3.37
462.713,0.29,3.41,0.33,3.39
462.735,0.28,3.54,0.32,3.42
462.757,0.37,3.52,0.34,3.44
462.779,0.37,3.37,0.32,3.45
462.801,0.51,3.35,0.36,3.44
462.823,0.39,3.21,0.38,3.40
462.845,0.34,3.33,0.40,3.36
462.867,0.43,3.28,0.41,3.31
462.889,0.45,3.39,0.42,3.31
462.911,0.41,3.43,0.40,3.33
462.933,0.39,3.41,0.40,3.37
462.955,0.36,3.43,0.41,3.39
462.977,0.38,3.49,0.40,3.43
462.999,0.29,3.38,0.37,3.43
463.021,0.36,3.41,0.36,3.42
463.043,0.38,3.40,0.35,3.42
463.065,0.31,3.30,0.34,3.40
463.087,0.29,3.28,0.33,3.35
463.109,0.39,3.48,0.35,3.37
463.131,0.25,3.49,0.32,3.39
463.153,0.28,3.45,0.30,3.40
463.175,0.22,3.39,0.29,3.42
463.197,0.25,3.27,0.28,3.42
463.219,0.05,3.36,0.21,3.39
463.241,0.29,3.22,0.22,3.34
463.263,0.41,3.33,0.24,3.31
463.285,0.41,3.28,0.28,3.29
463.307,0.39,3.24,0.31,3.29
463.329,0.22,3.23,0.34,3.26
463.351,0.25,3.32,0.34,3.28
463.373,0.27,3.19,0.31,3.25
463.395,0.30,3.27,0.29,3.25
463.417,0.39,3.15,0.29,3.23
463.439,0.57,3.13,0.36,3.21
463.461,0.52,3.13,0.41,3.17
463.483,0.41,3.29,0.44,3.19
463.505,0.30,3.33,0.44,3.21
463.527,0.29,3.33,0.42,3.24
463.549,0.35,3.21,0.37,3.26
463.571,0.39,3.23,0.35,3.28
463.593,0.43,3.21,0.35,3.26
463.615,0.43,3.32,0.38,3.26
463.637,0.35,3.40,0.39,3.27
463.659,0.37,3.44,0.39,3.32
463.681,0.50,3.48,0.42,3.37
463.703,0.48,3.60,0.43,3.45
463.725,0.25,3.39,0.39,3.46
463.747,0.28,3.29,0.38,3.44
463.769,0.25,3.33,0.35,3.42
463.791,0.30,3.29,0.31,3.38
463.813,0.29,3.22,0.27,3.30
463.835,0.34,3.21,0.29,3.27
463.857,0.28,3.17,0.29,3.24
463.879,0.40,3.40,0.32,3.26
463.901,0.29,3.40,0.32,3.28
463.923,0.29,3.38,0.32,3.31
463.945,0.20,3.35,0.29,3.34
463.967,0.27,3.48,0.29,3.40
463.989,0.24,3.43,0.26,3.41
464.011,0.41,3.34,0.28,3.40
464.033,0.25,3.28,0.27,3.38
464.055,0.25,3.31,0.28,3.37
464.077,0.22,3.35,0.27,3.34
464.099,0.14,3.33,0.25,3.32
464.121,0.22,3.35,0.22,3.32
464.143,0.24,3.35,0.21,3.34
464.165,0.13,3.35,0.19,3.35
464.187,0.19,3.40,0.18,3.36
464.209,0.19,3.43,0.19,3.38
464.231,0.34,3.43,0.22,3.39
464.253,0.20,3.47,0.21,3.42
464.275,0.23,3.39,0.23,3.42
464.297,0.27,3.35,0.25,3.41
464.319,0.39,3.60,0.29,3.45
464.341,0.28,3.52,0.27,3.47
464.363,0.22,3.45,0.28,3.46
464.385,0.30,3.50,0.29,3.48
464.407,0.23,3.52,0.28,3.52
464.429,0.30,3.45,0.27,3.49
464.451,0.32,3.37,0.27,3.46
464.473,0.34,3.39,0.30,3.45
464.495,0.33,3.49,0.30,3.44
464.517,0.15,3.36,0.29,3.41
464.539,0.19,3.50,0.27,3.42
464.561,0.43,3.42,0.29,3.43
464.583,0.40,3.40,0.30,3.43
464.605,0.43,3.52,0.32,3.44
464.627,0.38,3.34,0.37,3.44
464.649,0.28,3.32,0.38,3.40
464.671,0.43,3.35,0.38,3.39
464.693,0.48,3.26,0.40,3.36
464.715,0.41,3.29,0.40,3.31
464.737,0.26,3.32,0.37,3.31
464.759,0.20,3.29,0.36,3.30
464.781,0.29,3.33,0.33,3.30
464.803,0.22,3.47,0.28,3.34
464.825,0.38,3.49,0.27,3.38
464.847,0.41,3.57,0.30,3.43
464.869,0.30,3.41,0.32,3.45
464.891,0.18,3.37,0.30,3.46
464.913,0.24,3.36,0.30,3.44
464.935,0.16,3.32,0.26,3.41
464.957,0.42,3.19,0.26,3.33
464.979,0.39,3.22,0.28,3.29
465.001,0.47,3.31,0.34,3.28
465.023,0.31,3.36,0.35,3.28
465.045,0.48,3.36,0.41,3.29
465.067,0.39,3.49,0.41,3.35
465.089,0.34,3.29,0.40,3.36
465.111,0.35,3.39,0.37,3.38
465.133,0.40,3.39,0.39,3.38
465.155,0.32,3.32,0.36,3.38
465.177,0.35,3.34,0.35,3.35
465.199,0.30,3.41,0.34,3.37
465.221,0.27,3.42,0.33,3.38
465.243,0.37,3.32,0.32,3.36
465.265,0.23,3.24,0.30,3.35
465.287,0.21,3.44,0.28,3.37
465.309,0.39,3.26,0.29,3.34
465.331,0.37,3.30,0.31,3.31
465.353,0.24,3.33,0.29,3.31
465.375,0.21,3.29,0.28,3.32
465.397,0.23,3.38,0.29,3.31
465.419,0.32,3.40,0.27,3.34
465.441,0.24,3.31,0.25,3.34
465.463,0.31,3.38,0.26,3.35
465.485,0.40,3.46,0.30,3.39
465.507,0.33,3.37,0.32,3.38
465.529,0.47,3.24,0.35,3.35
465.551,0.40,3.41,0.38,3.37
465.573,0.43,3.37,0.41,3.37
465.595,0.43,3.38,0.41,3.35
465.617,0.24,3.46,0.39,3.37
465.639,0.25,3.50,0.35,3.42
465.661,0.28,3.49,0.33,3.44
465.683,0.32,3.44,0.30,3.45
465.705,0.26,3.42,0.27,3.46
465.727,0.32,3.20,0.29,3.41
465.749,0.33,3.34,0.30,3.38
465.771,0.36,3.41,0.32,3.36
465.793,0.13,3.46,0.28,3.37
465.815,0.24,3.21,0.28,3.32
465.837,0.27,3.29,0.27,3.34
465.859,0.19,3.28,0.24,3.33
465.881,0.25,3.22,0.22,3.29
465.903,0.17,3.36,0.22,3.27
465.925,0.23,3.38,0.22,3.31
465.947,0.24,3.15,0.22,3.28
465.969,0.29,3.36,0.24,3.29
465.991,0.38,3.30,0.26,3.31
466.013,0.29,3.22,0.29,3.28
466.035,0.34,3.29,0.31,3.26
466.057,0.27,3.38,0.31,3.31
466.079,0.26,3.24,0.31,3.29
466.101,0.28,3.32,0.29,3.29
466.123,0.38,3.42,0.31,3.33
466.145,0.35,3.54,0.31,3.38
466.167,0.21,3.52,0.30,3.41
466.189,0.27,3.42,0.30,3.44
466.211,0.34,3.37,0.31,3.45
466.233,0.42,3.39,0.32,3.45
466.255,0.40,3.31,0.33,3.40
466.277,0.31,3.33,0.35,3.36
466.299,0.38,3.27,0.37,3.33
466.321,0.33,3.21,0.37,3.30
466.343,0.30,3.20,0.34,3.26
466.365,0.27,3.30,0.32,3.26
466.387,0.23,3.26,0.30,3.25
466.409,0.33,3.25,0.29,3.24
466.431,0.32,3.30,0.29,3.26
466.453,0.19,3.44,0.27,3.31
466.475,0.35,3.40,0.28,3.33
466.497,0.24,3.24,0.29,3.33
466.519,0.38,3.37,0.30,3.35
466.541,0.15,3.36,0.26,3.36
466.563,0.31,3.30,0.29,3.33
466.585,0.34,3.33,0.28,3.32
466.607,0.32,3.23,0.30,3.32
466.629,0.35,3.15,0.29,3.27
466.651,0.29,3.11,0.32,3.22
466.673,0.35,3.28,0.33,3.22
466.695,0.44,3.23,0.35,3.20
466.717,0.35,3.24,0.36,3.20
466.739,0.27,3.04,0.34,3.18
466.761,0.41,3.16,0.36,3.19
466.783,0.37,3.28,0.37,3.19
466.805,0.37,3.49,0.35,3.24
466.827,0.32,3.34,0.35,3.26
466.849,0.24,3.37,0.34,3.33
466.871,0.27,3.42,0.31,3.38
466.893,0.18,3.51,0.28,3.43
466.915,0.21,3.44,0.24,3.42
466.937,0.31,3.36,0.24,3.42
466.959,0.21,3.25,0.24,3.40
466.981,0.06,3.32,0.19,3.38
467.003,0.14,3.26,0.19,3.33
467.025,0.28,3.13,0.20,3.26
467.047,0.17,3.23,0.17,3.24
467.069,0.37,3.39,0.20,3.27
467.091,0.17,3.30,0.23,3.26
467.113,0.23,3.35,0.24,3.28
467.135,0.31,3.27,0.25,3.31
467.157,0.36,3.19,0.29,3.30
467.179,0.24,3.21,0.26,3.26
467.201,0.25,3.31,0.28,3.27
467.223,0.39,3.33,0.31,3.26
467.245,0.23,3.25,0.29,3.26
467.267,0.25,3.24,0.27,3.27
467.289,0.28,3.32,0.28,3.29
467.311,0.28,3.46,0.29,3.32
467.333,0.10,3.29,0.23,3.31
467.355,0.16,3.37,0.21,3.34
467.377,0.18,3.36,0.20,3.36
467.399,0.17,3.40,0.18,3.38
467.421,0.34,3.15,0.19,3.31
467.443,0.17,3.20,0.20,3.30
467.465,0.18,3.41,0.21,3.30
467.487,0.21,3.36,0.21,3.30
467.509,0.29,3.25,0.24,3.27
467.531,0.45,3.26,0.26,3.30
467.553,0.44,3.29,0.31,3.31
467.575,0.42,3.23,0.36,3.28
467.597,0.37,3.39,0.39,3.28
467.619,0.45,3.14,0.43,3.26
467.641,0.35,3.26,0.41,3.26
467.663,0.30,3.36,0.38,3.28
467.685,0.32,3.28,0.36,3.29
467.707,0.34,3.55,0.35,3.32
467.729,0.43,3.40,0.35,3.37
467.751,0.32,3.51,0.34,3.42
467.773,0.33,3.39,0.35,3.43
467.795,0.23,3.45,0.33,3.46
467.817,0.06,3.58,0.27,3.47
467.839,0.17,3.56,0.22,3.50
467.861,0.36,3.47,0.23,3.49
467.883,0.35,3.35,0.23,3.48
467.905,0.40,3.36,0.27,3.46
467.927,0.25,3.49,0.31,3.45
467.949,0.36,3.56,0.34,3.45
467.971,0.34,3.50,0.34,3.45
467.993,0.31,3.49,0.33,3.48
468.015,0.32,3.48,0.32,3.50
468.037,0.31,3.48,0.33,3.50
468.059,0.25,3.48,0.31,3.49
468.081,0.36,3.31,0.31,3.45
468.103,0.33,3.42,0.31,3.43
468.125,0.20,3.25,0.29,3.39
468.147,0.22,3.33,0.27,3.36
468.169,0.28,3.28,0.28,3.32
468.191,0.21,3.31,0.25,3.32
468.213,0.28,3.30,0.24,3.29
468.235,0.33,3.42,0.26,3.33
468.257,0.30,3.47,0.28,3.36
468.279,0.41,3.42,0.31,3.38
468.301,0.36,3.47,0.34,3.42
468.323,0.32,3.41,0.34,3.44
468.345,0.33,3.53,0.34,3.46
468.367,0.19,3.53,0.32,3.47
468.389,0.13,3.42,0.27,3.47
468.411,0.20,3.44,0.23,3.47
468.433,0.21,3.47,0.21,3.48
468.455,0.38,3.43,0.22,3.46
468.477,0.37,3.54,0.26,3.46
468.499,0.41,3.48,0.31,3.47
468.521,0.33,3.39,0.34,3.46
468.543,0.45,3.26,0.39,3.42
468.565,0.49,3.22,0.41,3.38
468.587,0.46,3.33,0.43,3.34
468.609,0.57,3.39,0.46,3.32
468.631,0.54,3.40,0.50,3.32
468.653,0.52,3.30,0.52,3.33
468.675,0.62,3.51,0.54,3.39
468.697,0.43,3.32,0.54,3.38
468.719,0.30,3.42,0.48,3.39
468.741,0.27,3.46,0.43,3.40
468.763,0.24,3.36,0.37,3.41
468.785,0.24,3.32,0.30,3.38
468.807,0.22,3.37,0.25,3.39
468.829,0.31,3.32,0.26,3.37
468.851,0.24,3.36,0.25,3.35
468.873,0.20,3.35,0.24,3.34
468.895,0.23,3.26,0.24,3.33
468.917,0.29,3.31,0.25,3.32
468.939,0.31,3.33,0.25,3.32
468.961,0.30,3.27,0.27,3.30
468.983,0.40,3.20,0.31,3.27
469.005,0.33,3.21,0.33,3.26
469.027,0.44,3.15,0.36,3.23
469.049,0.31,3.23,0.36,3.21
469.071,0.27,3.19,0.35,3.20
469.093,0.39,3.28,0.35,3.21
469.115,0.47,3.39,0.38,3.25
469.137,0.49,3.40,0.39,3.30
469.159,0.36,3.22,0.40,3.30
469.181,0.22,3.26,0.39,3.31
469.203,0.28,3.37,0.36,3.33
469.225,0.46,3.41,0.36,3.33
469.247,0.29,3.48,0.32,3.35
469.269,0.32,3.38,0.31,3.38
469.291,0.49,3.44,0.37,3.42
469.313,0.34,3.43,0.38,3.43
469.335,0.27,3.34,0.34,3.41
469.357,0.29,3.51,0.34,3.42
469.379,0.19,3.39,0.32,3.42
469.401,0.32,3.23,0.28,3.38
469.423,0.29,3.39,0.27,3.37
469.445,0.42,3.41,0.30,3.39
469.467,0.33,3.26,0.31,3.34
469.489,0.19,3.32,0.31,3.32
469.511,0.29,3.19,0.30,3.31
469.533,0.31,3.22,0.31,3.28
469.555,0.30,3.21,0.28,3.24
469.577,0.38,3.26,0.29,3.24
469.599,0.25,3.25,0.31,3.23
469.621,0.33,3.15,0.31,3.22
469.643,0.38,3.20,0.33,3.21
469.665,0.34,3.25,0.34,3.22
469.687,0.40,3.26,0.34,3.22
469.709,0.30,3.23,0.35,3.22
469.731,0.17,3.36,0.32,3.26
469.753,0.21,3.37,0.28,3.29
469.775,0.29,3.47,0.27,3.34
469.797,0.23,3.31,0.24,3.35
469.819,0.24,3.14,0.23,3.33
469.841,0.26,3.21,0.25,3.30
469.863,0.27,3.26,0.26,3.28
469.885,0.30,3.38,0.26,3.26
469.907,0.23,3.25,0.26,3.25
469.929,0.21,3.22,0.25,3.26
469.951,0.12,3.21,0.23,3.26
469.973,0.22,3.23,0.22,3.26
469.995,0.19,3.36,0.19,3.25
470.017,0.11,3.36,0.17,3.28
470.039,0.12,3.42,0.15,3.32
470.061,0.15,3.42,0.16,3.36
470.083,0.02,3.64,0.12,3.44
470.105,0.05,3.49,0.09,3.47
470.127,0.33,3.41,0.13,3.48
470.149,0.38,3.60,0.19,3.51
470.171,0.17,3.43,0.19,3.51
470.193,0.24,3.33,0.23,3.45
470.215,0.28,3.51,0.28,3.46
470.237,0.42,3.38,0.30,3.45
470.259,0.54,3.37,0.33,3.40
470.281,0.44,3.46,0.38,3.41
470.303,0.43,3.45,0.42,3.43
470.325,0.35,3.42,0.44,3.42
470.347,0.25,3.32,0.40,3.40
470.369,0.19,3.12,0.33,3.35
470.391,0.17,3.23,0.28,3.31
470.413,0.15,3.37,0.22,3.29
470.435,0.23,3.21,0.20,3.25
470.457,0.22,3.24,0.19,3.23
470.479,0.28,3.40,0.21,3.29
470.501,0.26,3.38,0.23,3.32
470.523,0.19,3.41,0.24,3.33
470.545,0.32,3.51,0.25,3.39
470.567,0.32,3.21,0.27,3.38
470.589,0.37,3.28,0.29,3.36
470.611,0.40,3.35,0.32,3.35
470.633,0.21,3.27,0.32,3.32
470.655,0.29,3.28,0.32,3.28
470.677,0.42,3.40,0.34,3.32
470.699,0.23,3.47,0.31,3.35
470.721,0.14,3.47,0.26,3.38
470.743,0.21,3.29,0.26,3.38
470.765,0.31,3.45,0.26,3.42
470.787,0.30,3.38,0.24,3.41
470.809,0.44,3.47,0.28,3.41
470.831,0.24,3.49,0.30,3.42
470.853,0.32,3.63,0.32,3.48
470.875,0.27,3.52,0.31,3.50
470.897,0.21,3.45,0.30,3.51
470.919,0.24,3.44,0.26,3.51
470.941,0.40,3.37,0.29,3.48
470.963,0.47,3.27,0.32,3.41
470.985,0.38,3.17,0.34,3.34
471.007,0.58,3.23,0.41,3.30
471.029,0.55,3.25,0.48,3.26
471.051,0.30,3.27,0.46,3.24
471.073,0.28,3.35,0.42,3.25
471.095,0.25,3.41,0.39,3.30
471.117,0.22,3.33,0.32,3.32
471.139,0.16,3.33,0.24,3.34
471.161,0.34,3.39,0.25,3.36
471.183,0.47,3.51,0.29,3.39
471.205,0.39,3.45,0.32,3.40
471.227,0.41,3.44,0.35,3.42
471.249,0.31,3.46,0.38,3.45
471.271,0.31,3.49,0.38,3.47
471.293,0.31,3.49,0.35,3.47
471.315,0.27,3.37,0.32,3.45
471.337,0.42,3.26,0.32,3.41
471.359,0.28,3.33,0.32,3.39
471.381,0.28,3.43,0.31,3.38
471.403,0.29,3.32,0.31,3.34
471.425,0.21,3.36,0.30,3.34
471.447,0.27,3.33,0.27,3.35
471.469,0.33,3.38,0.28,3.36
471.491,0.24,3.39,0.27,3.36
471.513,0.14,3.63,0.24,3.42
471.535,0.21,3.52,0.24,3.45
471.557,0.21,3.50,0.23,3.48
471.579,0.33,3.40,0.23,3.49
471.601,0.20,3.50,0.22,3.51
471.623,0.33,3.25,0.26,3.43
471.645,0.21,3.29,0.26,3.39
471.667,0.31,3.29,0.28,3.35
471.689,0.27,3.24,0.26,3.31
471.711,0.28,3.40,0.28,3.29
471.733,0.33,3.35,0.28,3.31
471.755,0.29,3.24,0.30,3.30
471.777,0.40,3.34,0.31,3.31
471.799,0.30,3.41,0.32,3.35
471.821,0.19,3.37,0.30,3.34
471.843,0.45,3.35,0.33,3.34
471.865,0.53,3.15,0.37,3.32
471.887,0.39,3.29,0.37,3.31
471.909,0.30,3.37,0.37,3.31
471.931,0.43,3.17,0.42,3.27
471.953,0.41,3.31,0.41,3.26
471.975,0.37,3.22,0.38,3.27
471.997,0.25,3.11,0.35,3.24
472.019,0.33,3.35,0.36,3.23
472.041,0.35,3.35,0.34,3.27
472.063,0.23,3.30,0.31,3.27
472.085,0.23,3.33,0.28,3.29
472.107,0.33,3.36,0.29,3.34
472.129,0.27,3.28,0.28,3.32
472.151,0.22,3.39,0.26,3.33
472.173,0.24,3.43,0.26,3.36
472.195,0.22,3.26,0.26,3.34
472.217,0.34,3.34,0.26,3.34
472.239,0.25,3.36,0.25,3.36
472.261,0.19,3.28,0.25,3.33
472.283,0.26,3.36,0.25,3.32
472.305,0.30,3.36,0.27,3.34
472.327,0.27,3.14,0.25,3.30
472.349,0.26,3.26,0.26,3.28
472.371,0.22,3.20,0.26,3.26
472.393,0.31,3.16,0.27,3.22
472.415,0.29,3.27,0.27,3.21
472.437,0.40,3.34,0.30,3.25
472.459,0.30,3.41,0.30,3.28
472.481,0.36,3.23,0.33,3.28
472.503,0.43,3.37,0.36,3.32
472.525,0.41,3.27,0.38,3.32
472.547,0.44,3.35,0.39,3.33
472.569,0.34,3.42,0.40,3.33
472.591,0.34,3.51,0.39,3.38
472.613,0.34,3.61,0.37,3.43
472.635,0.35,3.60,0.36,3.50
472.657,0.39,3.44,0.35,3.52
472.679,0.38,3.52,0.36,3.54
472.701,0.32,3.65,0.36,3.56
472.723,0.39,3.64,0.37,3.57
472.745,0.27,3.61,0.35,3.57
472.767,0.22,3.55,0.32,3.59
472.789,0.21,3.54,0.28,3.60
472.811,0.32,3.55,0.28,3.58
472.833,0.37,3.57,0.28,3.56
472.855,0.39,3.51,0.30,3.54
472.877,0.38,3.51,0.33,3.54
472.899,0.26,3.39,0.34,3.51
472.921,0.28,3.49,0.34,3.49
472.943,0.36,3.39,0.33,3.46
472.965,0.43,3.36,0.34,3.43
472.987,0.39,3.40,0.34,3.41
473.009,0.25,3.37,0.34,3.40
473.031,0.27,3.47,0.34,3.40
473.053,0.26,3.58,0.32,3.44
473.075,0.20,3.59,0.27,3.48
473.097,0.23,3.54,0.24,3.51
473.119,0.36,3.39,0.26,3.51
473.141,0.45,3.38,0.30,3.50
473.163,0.36,3.36,0.32,3.45
473.185,0.34,3.28,0.35,3.39
473.207,0.16,3.35,0.33,3.35
473.229,0.20,3.44,0.30,3.36
473.251,0.39,3.46,0.29,3.38
473.273,0.26,3.55,0.27,3.42
473.295,0.31,3.45,0.26,3.45
473.317,0.35,3.42,0.30,3.46
473.339,0.36,3.46,0.33,3.47
473.361,0.17,3.51,0.29,3.48
473.383,0.25,3.46,0.29,3.46
473.405,0.38,3.38,0.30,3.45
473.427,0.20,3.39,0.27,3.44
473.449,0.19,3.44,0.24,3.44
473.471,0.14,3.34,0.23,3.40
473.493,0.31,3.43,0.24,3.40
473.515,0.28,3.33,0.22,3.39
473.537,0.41,3.40,0.27,3.39
473.559,0.30,3.34,0.29,3.37
473.581,0.48,3.31,0.36,3.36
473.603,0.52,3.38,0.40,3.35
473.625,0.34,3.19,0.41,3.32
473.647,0.28,3.27,0.38,3.30
473.669,0.43,3.31,0.41,3.29
473.691,0.49,3.35,0.41,3.30
473.713,0.34,3.40,0.38,3.30
473.735,0.23,3.35,0.35,3.34
473.757,0.34,3.27,0.37,3.34
473.779,0.39,3.30,0.36,3.33
473.801,0.25,3.39,0.31,3.34
473.823,0.24,3.59,0.29,3.38
473.845,0.14,3.39,0.27,3.39
473.867,0.10,3.31,0.22,3.40
473.889,0.35,3.23,0.22,3.38
473.911,0.33,3.25,0.23,3.35
473.933,0.21,3.18,0.23,3.27
473.955,0.27,3.23,0.25,3.24
473.977,0.28,3.28,0.29,3.23
473.999,0.30,3.22,0.28,3.23
474.021,0.38,3.30,0.29,3.24
474.043,0.33,3.35,0.31,3.28
474.065,0.38,3.29,0.33,3.29
474.087,0.30,3.23,0.34,3.28
474.109,0.20,3.33,0.32,3.30
474.131,0.17,3.42,0.28,3.32
474.153,0.17,3.43,0.24,3.34
474.175,0.20,3.41,0.21,3.36
474.197,0.36,3.55,0.22,3.43
474.219,0.24,3.39,0.23,3.44
474.241,0.30,3.29,0.25,3.41
474.263,0.40,3.34,0.30,3.40
474.285,0.44,3.26,0.35,3.37
474.307,0.35,3.29,0.35,3.31
474.329,0.43,3.30,0.38,3.30
474.351,0.22,3.33,0.37,3.30
474.373,0.32,3.36,0.35,3.31
474.395,0.35,3.29,0.33,3.31
474.417,0.27,3.35,0.32,3.33
474.439,0.45,3.35,0.32,3.34
474.461,0.38,3.39,0.35,3.35
474.483,0.33,3.35,0.36,3.35
474.505,0.45,3.34,0.38,3.36
474.527,0.31,3.36,0.38,3.36
474.549,0.25,3.46,0.34,3.38
474.571,0.35,3.29,0.34,3.36
474.593,0.32,3.34,0.34,3.36
474.615,0.26,3.38,0.30,3.37
474.637,0.30,3.41,0.30,3.38
474.659,0.36,3.39,0.32,3.36
474.681,0.30,3.43,0.31,3.39
474.703,0.25,3.54,0.29,3.43
474.725,0.28,3.46,0.30,3.45
474.747,0.26,3.41,0.29,3.45
474.769,0.37,3.40,0.29,3.45
474.791,0.25,3.36,0.28,3.43
474.813,0.33,3.25,0.30,3.38
474.835,0.38,3.28,0.32,3.34
474.857,0.24,3.32,0.31,3.32
474.879,0.32,3.30,0.30,3.30
474.901,0.33,3.34,0.32,3.30
474.923,0.42,3.26,0.34,3.30
474.945,0.49,3.35,0.36,3.31
474.967,0.35,3.35,0.38,3.32
474.989,0.48,3.34,0.41,3.33
475.011,0.42,3.41,0.43,3.34
475.033,0.41,3.32,0.43,3.35
475.055,0.41,3.42,0.41,3.37
475.077,0.45,3.48,0.43,3.39
475.099,0.30,3.45,0.40,3.42
475.121,0.27,3.36,0.37,3.41
475.143,0.36,3.44,0.36,3.43
475.165,0.57,3.33,0.39,3.41
475.187,0.49,3.29,0.40,3.37
475.209,0.49,3.28,0.44,3.34
475.231,0.46,3.10,0.47,3.29
475.253,0.35,3.34,0.47,3.27
475.275,0.25,3.34,0.41,3.27
475.297,0.13,3.32,0.34,3.28
475.319,0.23,3.38,0.28,3.30
475.341,0.35,3.31,0.26,3.34
475.363,0.23,3.29,0.24,3.33
475.385,0.18,3.29,0.22,3.32
475.407,0.25,3.24,0.25,3.30
475.429,0.37,3.27,0.28,3.28
475.451,0.40,3.26,0.29,3.27
475.473,0.35,3.20,0.31,3.25
475.495,0.31,3.22,0.34,3.24
475.517,0.30,3.33,0.35,3.26
475.539,0.34,3.43,0.34,3.29
475.561,0.33,3.39,0.33,3.31
475.583,0.30,3.26,0.32,3.33
475.605,0.30,3.32,0.31,3.35
475.627,0.29,3.31,0.31,3.34
475.649,0.24,3.27,0.29,3.31
475.671,0.33,3.34,0.29,3.30
475.693,0.33,3.27,0.30,3.30
475.715,0.26,3.20,0.29,3.28
475.737,0.26,3.17,0.28,3.25
475.759,0.24,3.35,0.28,3.27
475.781,0.31,3.37,0.28,3.27
475.803,0.38,3.44,0.29,3.31
475.825,0.24,3.50,0.29,3.37
475.847,0.35,3.57,0.30,3.45
475.869,0.15,3.34,0.29,3.44
475.891,0.23,3.24,0.27,3.42
475.913,0.26,3.51,0.25,3.43
475.935,0.34,3.39,0.27,3.41
475.957,0.25,3.57,0.25,3.41
475.979,0.23,3.40,0.26,3.42
476.001,0.20,3.45,0.26,3.46
476.023,0.15,3.42,0.23,3.45
476.045,0.32,3.36,0.23,3.44
476.067,0.52,3.31,0.28,3.39
476.089,0.47,3.29,0.33,3.37
476.111,0.37,3.43,0.37,3.36
476.133,0.34,3.35,0.40,3.35
476.155,0.25,3.35,0.39,3.35
476.177,0.33,3.46,0.35,3.38
476.199,0.30,3.32,0.32,3.38
476.221,0.40,3.44,0.32,3.38
476.243,0.46,3.29,0.35,3.37
476.265,0.35,3.45,0.37,3.39
476.287,0.33,3.37,0.37,3.37
476.309,0.27,3.39,0.36,3.39
476.331,0.20,3.35,0.32,3.37
476.353,0.25,3.42,0.28,3.40
476.375,0.39,3.39,0.29,3.38
476.397,0.29,3.32,0.28,3.37
476.419,0.44,3.31,0.31,3.36
476.441,0.32,3.40,0.34,3.37
476.463,0.34,3.29,0.36,3.34
476.485,0.27,3.39,0.33,3.34
476.507,0.24,3.34,0.32,3.35
476.529,0.39,3.24,0.31,3.33
476.551,0.44,3.31,0.34,3.31
476.573,0.46,3.41,0.36,3.34
476.595,0.37,3.37,0.38,3.33
476.617,0.34,3.24,0.40,3.31
476.639,0.42,3.42,0.41,3.35
476.661,0.26,3.39,0.37,3.37
476.683,0.42,3.34,0.36,3.35
476.705,0.36,3.33,0.36,3.34
476.727,0.30,3.37,0.35,3.37
476.749,0.17,3.38,0.30,3.36
476.771,0.28,3.31,0.31,3.35
476.793,0.26,3.30,0.27,3.34
476.815,0.32,3.41,0.27,3.35
476.837,0.39,3.40,0.28,3.36
476.859,0.43,3.32,0.34,3.35
476.881,0.35,3.45,0.35,3.38
476.903,0.24,3.37,0.35,3.39
476.925,0.33,3.31,0.35,3.37
476.947,0.27,3.45,0.32,3.38
476.969,0.25,3.53,0.29,3.42
476.991,0.19,3.52,0.26,3.44
477.013,0.28,3.49,0.26,3.46
477.035,0.31,3.36,0.26,3.47
477.057,0.17,3.48,0.24,3.48
477.079,0.06,3.47,0.20,3.46
477.101,0.24,3.54,0.21,3.47
477.123,0.20,3.45,0.20,3.46
477.145,0.27,3.36,0.19,3.46
477.167,0.49,3.35,0.25,3.43
477.189,0.43,3.27,0.33,3.39
477.211,0.40,3.25,0.36,3.34
477.233,0.34,3.35,0.39,3.32
477.255,0.36,3.42,0.40,3.33
477.277,0.43,3.56,0.39,3.37
477.299,0.27,3.51,0.36,3.42
477.321,0.26,3.44,0.33,3.46
477.343,0.35,3.50,0.33,3.49
477.365,0.27,3.62,0.32,3.53
477.387,0.14,3.59,0.26,3.53
477.409,0.30,3.51,0.26,3.53
477.431,0.43,3.42,0.30,3.53
477.453,0.22,3.43,0.27,3.51
477.475,0.32,3.39,0.28,3.47
477.497,0.41,3.36,0.34,3.42
477.519,0.26,3.39,0.33,3.40
477.541,0.28,3.26,0.30,3.37
477.563,0.32,3.29,0.32,3.34
477.585,0.32,3.42,0.32,3.34
477.607,0.31,3.58,0.30,3.39
477.629,0.43,3.49,0.33,3.41
477.651,0.27,3.33,0.33,3.42
477.673,0.25,3.48,0.32,3.46
477.695,0.26,3.28,0.30,3.43
477.717,0.20,3.37,0.28,3.39
477.739,0.30,3.39,0.26,3.37
477.761,0.33,3.43,0.27,3.39
477.783,0.40,3.36,0.30,3.37
477.805,0.26,3.18,0.30,3.35
477.827,0.23,3.12,0.30,3.30
477.849,0.33,3.10,0.31,3.24
477.871,0.36,3.19,0.32,3.19
477.893,0.41,3.26,0.32,3.17
477.915,0.45,3.51,0.36,3.24
477.937,0.43,3.29,0.40,3.27
477.959,0.52,3.37,0.43,3.32
477.981,0.42,3.33,0.45,3.35
478.003,0.30,3.38,0.42,3.38
478.025,0.30,3.43,0.39,3.36
478.047,0.37,3.49,0.38,3.40
478.069,0.45,3.37,0.37,3.40
478.091,0.52,3.17,0.39,3.37
478.113,0.38,3.26,0.40,3.34
478.135,0.25,3.24,0.39,3.31
478.157,0.32,3.36,0.38,3.28
478.179,0.29,3.38,0.35,3.28
478.201,0.35,3.25,0.32,3.30
478.223,0.17,3.33,0.28,3.31
478.245,0.23,3.33,0.27,3.33
478.267,0.26,3.19,0.26,3.30
478.289,0.38,3.25,0.28,3.27
478.311,0.31,3.24,0.27,3.27
478.333,0.41,3.33,0.32,3.27
478.355,0.34,3.37,0.34,3.28
478.377,0.26,3.43,0.34,3.32
478.399,0.07,3.41,0.28,3.36
478.421,0.20,3.54,0.26,3.42
478.443,0.18,3.47,0.21,3.44
478.465,0.25,3.40,0.19,3.45
478.487,0.38,3.52,0.22,3.47
478.509,0.44,3.54,0.29,3.49
478.531,0.32,3.57,0.31,3.50
478.553,0.40,3.53,0.36,3.51
478.575,0.37,3.37,0.38,3.51
478.597,0.29,3.33,0.36,3.47
478.619,0.23,3.21,0.32,3.40
478.641,0.18,3.19,0.29,3.33
478.663,0.18,3.27,0.25,3.27
478.685,0.30,3.20,0.24,3.24
478.707,0.48,3.25,0.27,3.22
478.729,0.50,3.31,0.33,3.24
478.751,0.39,3.27,0.37,3.26
478.773,0.52,3.16,0.44,3.24
478.795,0.43,3.33,0.46,3.26
478.817,0.42,3.39,0.45,3.29
478.839,0.23,3.46,0.40,3.32
478.861,0.24,3.38,0.37,3.34
478.883,0.20,3.43,0.30,3.40
478.905,0.14,3.42,0.25,3.42
478.927,0.17,3.40,0.20,3.42
478.949,0.28,3.47,0.21,3.42
478.971,0.35,3.52,0.23,3.45
478.993,0.38,3.40,0.26,3.44
479.015,0.57,3.42,0.35,3.44
479.037,0.54,3.47,0.42,3.46
479.059,0.48,3.58,0.46,3.48
479.081,0.37,3.48,0.47,3.47
479.103,0.22,3.38,0.44,3.47
479.125,0.26,3.48,0.37,3.48
479.147,0.27,3.36,0.32,3.46
479.169,0.35,3.26,0.29,3.39
479.191,0.30,3.39,0.28,3.37
479.213,0.18,3.29,0.27,3.36
479.235,0.27,3.33,0.27,3.33
479.257,0.23,3.30,0.27,3.31
479.279,0.27,3.39,0.25,3.34
479.301,0.25,3.40,0.24,3.34
479.323,0.26,3.34,0.26,3.35
479.345,0.17,3.31,0.24,3.35
479.367,0.20,3.25,0.23,3.34
479.389,0.24,3.27,0.22,3.31
479.411,0.33,3.39,0.24,3.31
479.433,0.26,3.17,0.24,3.28
479.455,0.36,3.22,0.28,3.26
479.477,0.32,3.20,0.30,3.25
479.499,0.15,3.42,0.28,3.28
479.521,0.26,3.36,0.27,3.27
479.543,0.33,3.27,0.28,3.29
479.565,0.38,3.39,0.29,3.33
479.587,0.50,3.18,0.32,3.32
479.609,0.32,3.21,0.36,3.28
479.631,0.27,3.34,0.36,3.28
479.653,0.33,3.39,0.36,3.30
479.675,0.27,3.41,0.34,3.31
479.697,0.32,3.38,0.30,3.35
479.719,0.20,3.31,0.28,3.37
479.741,0.18,3.38,0.26,3.37
479.763,0.20,3.24,0.23,3.34
479.785,0.42,3.28,0.26,3.32
479.807,0.29,3.20,0.26,3.28
479.829,0.40,3.26,0.30,3.27
479.851,0.45,3.42,0.35,3.28
479.873,0.29,3.44,0.37,3.32
479.895,0.39,3.34,0.36,3.33
479.917,0.35,3.33,0.38,3.36
479.939,0.33,3.21,0.36,3.35
479.961,0.24,3.44,0.32,3.35
479.983,0.17,3.37,0.30,3.34
480.005,0.26,3.32,0.27,3.33
480.027,0.20,3.36,0.24,3.34
480.049,0.25,3.51,0.22,3.40
480.071,0.24,3.50,0.22,3.41
480.093,0.35,3.51,0.26,3.44
480.115,0.38,3.34,0.28,3.44
480.137,0.34,3.33,0.31,3.44
480.159,0.39,3.26,0.34,3.39
480.181,0.25,3.27,0.34,3.34
480.203,0.23,3.22,0.32,3.28
480.225,0.25,3.18,0.29,3.25
480.247,0.37,3.11,0.30,3.21
480.269,0.47,3.38,0.31,3.23
480.291,0.39,3.31,0.34,3.24
480.313,0.36,3.31,0.37,3.26
480.335,0.32,3.26,0.38,3.27
480.357,0.43,3.41,0.39,3.33
480.379,0.32,3.44,0.36,3.35
480.401,0.25,3.17,0.34,3.32
480.423,0.24,3.38,0.31,3.33
480.445,0.27,3.38,0.30,3.36
480.467,0.25,3.43,0.27,3.36
480.489,0.39,3.20,0.28,3.31
480.511,0.38,3.21,0.31,3.32
480.533,0.34,3.24,0.33,3.29
480.555,0.32,3.36,0.34,3.29
480.577,0.26,3.62,0.34,3.33
480.599,0.13,3.40,0.29,3.37
480.621,0.18,3.44,0.25,3.41
480.643,0.19,3.31,0.22,3.43
480.665,0.30,3.33,0.21,3.42
480.687,0.11,3.33,0.18,3.36
480.709,0.38,3.40,0.23,3.36
480.731,0.43,3.49,0.28,3.37
480.753,0.43,3.37,0.33,3.38
480.775,0.32,3.15,0.33,3.35
480.797,0.34,3.04,0.38,3.29
480.819,0.43,3.25,0.39,3.26
480.841,0.44,3.37,0.39,3.24
480.863,0.35,3.32,0.38,3.23
480.885,0.31,3.35,0.37,3.27
480.907,0.36,3.33,0.38,3.32
480.929,0.32,3.45,0.36,3.36
480.951,0.26,3.37,0.32,3.36
480.973,0.24,3.39,0.30,3.38
480.995,0.31,3.22,0.30,3.35
481.017,0.46,3.16,0.32,3.32
481.039,0.38,3.22,0.33,3.27
481.061,0.26,3.20,0.33,3.24
481.083,0.14,3.22,0.31,3.20
481.105,0.31,3.33,0.31,3.23
481.127,0.17,3.31,0.25,3.26
481.149,0.24,3.35,0.22,3.28
481.171,0.23,3.33,0.22,3.31
481.193,0.22,3.42,0.23,3.35
481.215,0.37,3.33,0.25,3.35
481.237,0.25,3.38,0.26,3.36
481.259,0.41,3.34,0.30,3.36
481.281,0.42,3.38,0.33,3.37
481.303,0.33,3.38,0.36,3.36
481.325,0.37,3.43,0.36,3.38
481.347,0.37,3.61,0.38,3.43
481.369,0.33,3.46,0.36,3.45
481.391,0.16,3.50,0.31,3.48
481.413,0.33,3.33,0.31,3.47
481.435,0.35,3.52,0.31,3.48
481.457,0.31,3.51,0.30,3.46
481.479,0.44,3.38,0.32,3.45
481.501,0.35,3.50,0.36,3.45
481.523,0.23,3.49,0.34,3.48
481.545,0.30,3.35,0.33,3.45
481.567,0.40,3.25,0.34,3.39
481.589,0.27,3.35,0.31,3.39
481.611,0.27,3.30,0.29,3.35
481.633,0.33,3.36,0.31,3.32
481.655,0.41,3.43,0.34,3.34
481.677,0.40,3.55,0.34,3.40
481.699,0.37,3.45,0.36,3.42
481.721,0.26,3.36,0.35,3.43
481.743,0.11,3.30,0.31,3.42
481.765,0.33,3.29,0.29,3.39
481.787,0.31,3.35,0.28,3.35
481.809,0.37,3.44,0.28,3.35
481.831,0.26,3.39,0.28,3.35
481.853,0.28,3.34,0.31,3.36
481.875,0.26,3.27,0.30,3.36
481.897,0.25,3.27,0.28,3.34
481.919,0.26,3.26,0.26,3.31
481.941,0.42,3.14,0.29,3.26
481.963,0.42,3.05,0.32,3.20
481.985,0.36,3.26,0.34,3.20
482.007,0.33,3.28,0.36,3.20
482.029,0.10,3.22,0.33,3.19
482.051,0.16,3.11,0.27,3.18
482.073,0.20,3.37,0.23,3.25
482.095,0.34,3.24,0.23,3.24
482.117,0.12,3.21,0.18,3.23
482.139,0.25,3.22,0.21,3.23
482.161,0.40,3.26,0.26,3.26
482.183,0.44,3.26,0.31,3.24
482.205,0.25,3.22,0.29,3.23
482.227,0.29,3.26,0.33,3.24
482.249,0.31,3.17,0.34,3.23
482.271,0.06,3.38,0.27,3.26
482.293,0.20,3.24,0.22,3.25
482.315,0.22,3.25,0.22,3.26
482.337,0.35,3.40,0.23,3.29
482.359,0.42,3.41,0.25,3.34
482.381,0.45,3.45,0.33,3.35
482.403,0.30,3.44,0.35,3.39
482.425,0.23,3.46,0.35,3.43
482.447,0.25,3.41,0.33,3.43
482.469,0.26,3.37,0.30,3.43
482.491,0.31,3.51,0.27,3.44
482.513,0.42,3.49,0.29,3.45
482.535,0.38,3.47,0.32,3.45
482.557,0.21,3.32,0.32,3.43
482.579,0.38,3.25,0.34,3.41
482.601,0.24,3.28,0.33,3.36
482.623,0.22,3.21,0.29,3.31
482.645,0.29,3.20,0.27,3.25
482.667,0.25,3.17,0.28,3.22
482.689,0.38,3.15,0.28,3.20
482.711,0.40,3.24,0.31,3.19
482.733,0.45,3.19,0.35,3.19
482.755,0.41,3.31,0.38,3.21
482.777,0.44,3.27,0.42,3.23
482.799,0.31,3.23,0.40,3.25
482.821,0.27,3.33,0.38,3.27
482.843,0.29,3.34,0.34,3.30
482.865,0.13,3.32,0.29,3.30
482.887,0.10,3.47,0.22,3.34
482.909,0.18,3.46,0.19,3.38
482.931,0.27,3.34,0.19,3.39
482.953,0.31,3.25,0.20,3.37
482.975,0.26,3.27,0.22,3.36
482.997,0.25,3.20,0.25,3.30
483.019,0.26,3.37,0.27,3.29
483.041,0.25,3.26,0.27,3.27
483.063,0.41,3.19,0.29,3.26
483.085,0.31,3.11,0.30,3.23
483.107,0.34,3.23,0.31,3.23
483.129,0.34,3.36,0.33,3.23
483.151,0.31,3.23,0.34,3.22
483.173,0.37,3.14,0.33,3.21
483.195,0.36,3.35,0.34,3.26
483.217,0.48,3.40,0.37,3.30
483.239,0.37,3.33,0.38,3.29
483.261,0.29,3.35,0.37,3.31
483.283,0.39,3.47,0.38,3.38
483.305,0.36,3.52,0.38,3.41
483.327,0.32,3.46,0.35,3.43
483.349,0.57,3.40,0.39,3.44
483.371,0.45,3.45,0.42,3.46
483.393,0.32,3.41,0.40,3.45
483.415,0.38,3.28,0.41,3.40
483.437,0.32,3.29,0.41,3.37
483.459,0.31,3.40,0.36,3.37
483.481,0.29,3.37,0.32,3.35
483.503,0.22,3.42,0.30,3.35
483.525,0.38,3.30,0.30,3.36
483.547,0.23,3.42,0.29,3.38
483.569,0.20,3.51,0.26,3.40
483.591,0.25,3.23,0.26,3.38
483.613,0.26,3.31,0.26,3.35
483.635,0.46,3.30,0.28,3.35
483.657,0.38,3.48,0.31,3.37
483.679,0.34,3.50,0.34,3.36
483.701,0.25,3.39,0.34,3.40
483.723,0.15,3.38,0.32,3.41
483.745,0.15,3.35,0.25,3.42
483.767,0.10,3.47,0.20,3.42
483.789,0.35,3.46,0.20,3.41
483.811,0.22,3.39,0.19,3.41
483.833,0.29,3.43,0.22,3.42
483.855,0.23,3.39,0.24,3.43
483.877,0.34,3.38,0.29,3.41
483.899,0.37,3.42,0.29,3.40
483.921,0.41,3.38,0.33,3.40
483.943,0.40,3.37,0.35,3.39
483.965,0.35,3.39,0.37,3.39
483.987,0.45,3.42,0.40,3.40
484.009,0.39,3.42,0.40,3.40
484.031,0.15,3.35,0.35,3.39
484.053,0.46,3.20,0.36,3.36
484.075,0.36,3.19,0.36,3.32
484.097,0.33,3.21,0.34,3.27
484.119,0.43,3.14,0.35,3.22
484.141,0.43,3.23,0.40,3.19
484.163,0.53,3.30,0.42,3.21
484.185,0.34,3.34,0.41,3.24
484.207,0.34,3.47,0.41,3.30
484.229,0.27,3.36,0.38,3.34
484.251,0.34,3.41,0.36,3.38
484.273,0.31,3.49,0.32,3.41
484.295,0.22,3.50,0.30,3.45
484.317,0.24,3.40,0.28,3.43
484.339,0.39,3.40,0.30,3.44
484.361,0.32,3.36,0.30,3.43
484.383,0.34,3.39,0.30,3.41
484.405,0.38,3.22,0.33,3.35
484.427,0.42,3.38,0.37,3.35
484.449,0.45,3.30,0.38,3.33
484.471,0.33,3.48,0.38,3.35
484.493,0.35,3.48,0.39,3.37
484.515,0.32,3.33,0.37,3.39
484.537,0.42,3.43,0.37,3.40
484.559,0.46,3.29,0.38,3.40
484.581,0.42,3.39,0.39,3.38
484.603,0.33,3.28,0.39,3.34
484.625,0.19,3.34,0.36,3.35
484.647,0.25,3.32,0.33,3.32
484.669,0.41,3.24,0.32,3.31
484.691,0.36,3.25,0.31,3.29
484.713,0.40,3.41,0.32,3.31
484.735,0.28,3.30,0.34,3.30
484.757,0.25,3.33,0.34,3.31
484.779,0.12,3.36,0.28,3.33
484.801,0.40,3.42,0.29,3.36
484.823,0.37,3.48,0.28,3.38
484.845,0.35,3.50,0.30,3.42
484.867,0.15,3.41,0.28,3.43
484.889,0.33,3.33,0.32,3.43
484.911,0.39,3.38,0.32,3.42
484.933,0.30,3.32,0.30,3.39
484.955,0.29,3.26,0.29,3.34
484.977,0.14,3.38,0.29,3.33
484.999,0.19,3.27,0.26,3.32
485.021,0.08,3.23,0.20,3.29
485.043,0.17,3.23,0.17,3.27
485.065,0.23,3.17,0.16,3.26
485.087,0.18,3.08,0.17,3.20
485.109,0.19,3.23,0.17,3.19
485.131,0.19,3.33,0.19,3.21
485.153,0.25,3.43,0.21,3.25
485.175,0.36,3.31,0.23,3.28
485.197,0.23,3.22,0.24,3.30
485.219,0.27,3.26,0.26,3.31
485.241,0.38,3.45,0.30,3.33
485.263,0.39,3.46,0.33,3.34
485.285,0.43,3.47,0.34,3.37
485.307,0.32,3.38,0.36,3.40
485.329,0.47,3.19,0.40,3.39
485.351,0.33,3.18,0.39,3.34
485.373,0.24,3.21,0.36,3.29
485.395,0.29,3.18,0.33,3.23
485.417,0.32,3.15,0.33,3.18
485.439,0.11,3.33,0.26,3.21
485.461,0.29,3.38,0.25,3.25
485.483,0.29,3.50,0.26,3.31
485.505,0.44,3.51,0.29,3.37
485.527,0.31,3.34,0.29,3.41
485.549,0.25,3.42,0.32,3.43
485.571,0.35,3.36,0.33,3.43
485.593,0.42,3.33,0.35,3.39
485.615,0.17,3.28,0.30,3.35
485.637,0.25,3.35,0.29,3.35
485.659,0.28,3.26,0.29,3.32
485.681,0.19,3.31,0.26,3.31
485.703,0.24,3.48,0.23,3.34
485.725,0.24,3.49,0.24,3.38
485.747,0.39,3.29,0.27,3.37
485.769,0.23,3.29,0.26,3.37
485.791,0.42,3.61,0.30,3.43
485.813,0.46,3.41,0.35,3.42
485.835,0.42,3.33,0.38,3.39
485.857,0.37,3.32,0.38,3.39
485.879,0.29,3.36,0.39,3.41
485.901,0.37,3.48,0.38,3.38
485.923,0.26,3.43,0.34,3.38
485.945,0.26,3.46,0.31,3.41
485.967,0.42,3.38,0.32,3.42
485.989,0.46,3.31,0.35,3.41
486.011,0.44,3.24,0.37,3.36
486.033,0.27,3.32,0.37,3.34
486.055,0.13,3.26,0.34,3.30
486.077,0.16,3.29,0.29,3.28
486.099,0.21,3.16,0.24,3.25
486.121,0.24,3.07,0.20,3.22
486.143,0.13,3.21,0.17,3.20
486.165,0.29,3.31,0.21,3.21
486.187,0.32,3.49,0.24,3.25
486.209,0.26,3.37,0.25,3.29
486.231,0.16,3.39,0.23,3.35
486.253,0.28,3.50,0.26,3.41
486.275,0.14,3.53,0.23,3.46
486.297,0.14,3.41,0.20,3.44
486.319,0.11,3.34,0.17,3.43
486.341,0.27,3.46,0.19,3.45
486.363,0.28,3.36,0.19,3.42
486.385,0.28,3.38,0.22,3.39
486.407,0.34,3.26,0.26,3.36
486.429,0.20,3.52,0.27,3.40
486.451,0.22,3.55,0.26,3.41
486.473,0.27,3.52,0.26,3.45
486.495,0.21,3.51,0.25,3.47
486.517,0.24,3.31,0.23,3.48
486.539,0.19,3.41,0.23,3.46
486.561,0.29,3.26,0.24,3.40
486.583,0.22,3.19,0.23,3.34
486.605,0.26,3.24,0.24,3.28
486.627,0.36,3.31,0.26,3.28
486.649,0.24,3.26,0.27,3.25
486.671,0.35,3.36,0.29,3.27
486.693,0.34,3.35,0.31,3.30
486.715,0.42,3.36,0.34,3.33
486.737,0.30,3.47,0.33,3.36
486.759,0.46,3.35,0.37,3.38
486.781,0.31,3.48,0.37,3.40
486.803,0.29,3.28,0.36,3.39
486.825,0.29,3.29,0.33,3.37
486.847,0.29,3.40,0.33,3.36
486.869,0.19,3.28,0.27,3.35
486.891,0.33,3.25,0.28,3.30
486.913,0.37,3.26,0.29,3.30
486.935,0.40,3.34,0.32,3.31
486.957,0.26,3.34,0.31,3.29
486.979,0.23,3.32,0.32,3.30
487.001,0.27,3.25,0.31,3.30
487.023,0.22,3.29,0.28,3.31
487.045,0.36,3.30,0.27,3.30
487.067,0.24,3.26,0.26,3.28
487.089,0.39,3.32,0.30,3.28
487.111,0.58,3.41,0.36,3.32
487.133,0.56,3.34,0.43,3.33
487.155,0.38,3.19,0.43,3.30
487.177,0.39,3.42,0.46,3.34
487.199,0.25,3.29,0.43,3.33
487.221,0.16,3.23,0.35,3.29
487.243,0.34,3.22,0.30,3.27
487.265,0.21,3.25,0.27,3.28
487.287,0.15,3.15,0.22,3.23
487.309,0.21,3.06,0.21,3.18
487.331,0.25,3.08,0.23,3.15
487.353,0.34,3.22,0.23,3.15
487.375,0.30,3.26,0.25,3.15
487.397,0.35,3.45,0.29,3.21
487.419,0.33,3.43,0.31,3.29
487.441,0.45,3.51,0.35,3.37
487.463,0.35,3.41,0.36,3.41
487.485,0.32,3.50,0.36,3.46
487.507,0.51,3.32,0.39,3.43
487.529,0.52,3.25,0.43,3.40
487.551,0.47,3.20,0.43,3.34
487.573,0.51,3.22,0.47,3.30
487.595,0.44,3.21,0.49,3.24
487.617,0.36,3.36,0.46,3.25
487.639,0.49,3.34,0.45,3.27
487.661,0.37,3.29,0.43,3.28
487.683,0.31,3.25,0.39,3.29
487.705,0.17,3.37,0.34,3.32
487.727,0.18,3.36,0.30,3.32
487.749,0.23,3.34,0.25,3.32
487.771,0.35,3.27,0.25,3.32
487.793,0.41,3.25,0.27,3.32
487.815,0.12,3.33,0.26,3.31
487.837,0.19,3.31,0.26,3.30
487.859,0.39,3.16,0.29,3.26
487.881,0.27,3.24,0.28,3.26
487.903,0.32,3.38,0.26,3.28
487.925,0.32,3.46,0.30,3.31
487.947,0.22,3.43,0.30,3.33
487.969,0.19,3.33,0.26,3.37
487.991,0.13,3.24,0.24,3.37
488.013,0.30,3.36,0.23,3.36
488.035,0.37,3.36,0.24,3.34
488.057,0.27,3.42,0.25,3.34
488.079,0.19,3.34,0.25,3.34
488.101,0.26,3.49,0.28,3.39
488.123,0.31,3.50,0.28,3.42
488.145,0.31,3.43,0.27,3.44
488.167,0.40,3.65,0.29,3.48
488.189,0.44,3.51,0.34,3.52
488.211,0.37,3.54,0.37,3.53
488.233,0.44,3.56,0.39,3.54
488.255,0.48,3.21,0.43,3.49
488.277,0.39,3.22,0.42,3.41
488.299,0.34,3.16,0.40,3.34
488.321,0.43,3.22,0.42,3.27
488.343,0.34,3.31,0.40,3.22
488.365,0.17,3.26,0.33,3.23
488.387,0.17,3.40,0.29,3.27
488.409,0.21,3.46,0.26,3.33
488.431,0.27,3.38,0.23,3.36
488.453,0.35,3.43,0.23,3.39
488.475,0.21,3.41,0.24,3.42
488.497,0.26,3.29,0.26,3.39
488.519,0.34,3.37,0.29,3.38
488.541,0.28,3.26,0.29,3.35
488.563,0.26,3.37,0.27,3.34
488.585,0.35,3.36,0.30,3.33
488.607,0.35,3.33,0.32,3.34
488.629,0.39,3.18,0.33,3.30
488.651,0.39,3.21,0.35,3.29
488.673,0.37,3.34,0.37,3.28
488.695,0.35,3.37,0.37,3.29
488.717,0.29,3.27,0.36,3.27
488.739,0.22,3.40,0.32,3.32
488.761,0.25,3.39,0.30,3.35
488.783,0.31,3.33,0.28,3.35
488.805,0.38,3.41,0.29,3.36
488.827,0.33,3.34,0.30,3.37
488.849,0.38,3.32,0.33,3.36
488.871,0.35,3.45,0.35,3.37
488.893,0.37,3.47,0.36,3.40
488.915,0.20,3.30,0.33,3.38
488.937,0.23,3.35,0.31,3.38
488.959,0.24,3.45,0.28,3.40
488.981,0.34,3.45,0.28,3.40
489.003,0.44,3.47,0.29,3.40
489.025,0.45,3.44,0.34,3.43
489.047,0.47,3.33,0.39,3.43
489.069,0.44,3.37,0.43,3.41
489.091,0.22,3.32,0.40,3.39
489.113,0.19,3.30,0.35,3.35
489.135,0.26,3.29,0.32,3.32
489.157,0.39,3.37,0.30,3.33
489.179,0.36,3.31,0.28,3.32
489.201,0.34,3.29,0.31,3.31
489.223,0.46,3.26,0.36,3.30
489.245,0.44,3.41,0.40,3.33
489.267,0.28,3.31,0.38,3.32
489.289,0.34,3.41,0.37,3.34
489.311,0.29,3.29,0.36,3.34
489.333,0.22,3.30,0.31,3.34
489.355,0.13,3.40,0.25,3.34
489.377,0.33,3.38,0.26,3.36
489.399,0.31,3.51,0.26,3.38
489.421,0.18,3.37,0.23,3.39
489.443,0.21,3.53,0.23,3.44
489.465,0.18,3.46,0.24,3.45
489.487,0.25,3.50,0.23,3.47
489.509,0.25,3.46,0.21,3.46
489.531,0.23,3.40,0.22,3.47
489.553,0.28,3.40,0.24,3.44
489.575,0.42,3.37,0.29,3.43
489.597,0.35,3.34,0.31,3.39
489.619,0.21,3.29,0.30,3.36
489.641,0.40,3.21,0.33,3.32
489.663,0.38,3.17,0.35,3.28
489.685,0.26,3.27,0.32,3.26
489.707,0.35,3.33,0.32,3.25
489.729,0.39,3.41,0.36,3.28
489.751,0.44,3.49,0.36,3.33
489.773,0.38,3.50,0.36,3.40
489.795,0.27,3.44,0.37,3.43
489.817,0.43,3.42,0.38,3.45
489.839,0.31,3.62,0.37,3.49
489.861,0.27,3.64,0.33,3.52
489.883,0.18,3.57,0.29,3.54
489.905,0.36,3.38,0.31,3.53
489.927,0.24,3.40,0.27,3.52
489.949,0.38,3.35,0.29,3.47
489.971,0.38,3.35,0.31,3.41
489.993,0.35,3.30,0.34,3.36
490.015,0.37,3.50,0.34,3.38
490.037,0.38,3.55,0.37,3.41
490.059,0.36,3.50,0.37,3.44
490.081,0.41,3.37,0.37,3.44
490.103,0.33,3.35,0.37,3.45
490.125,0.25,3.37,0.35,3.43
490.147,0.35,3.37,0.34,3.39
490.169,0.28,3.39,0.32,3.37
490.191,0.25,3.38,0.29,3.37
490.213,0.20,3.29,0.27,3.36
490.235,0.25,3.37,0.27,3.36
490.257,0.30,3.40,0.26,3.37
490.279,0.31,3.38,0.26,3.36
490.301,0.30,3.45,0.27,3.38
490.323,0.23,3.37,0.28,3.39
490.345,0.41,3.30,0.31,3.38
490.367,0.48,3.29,0.35,3.36
490.389,0.42,3.35,0.37,3.35
490.411,0.41,3.35,0.39,3.33
490.433,0.31,3.37,0.41,3.33
490.455,0.37,3.46,0.40,3.36
490.477,0.34,3.52,0.37,3.41
490.499,0.36,3.39,0.36,3.42
490.521,0.36,3.44,0.35,3.44
490.543,0.32,3.44,0.35,3.45
490.565,0.36,3.26,0.35,3.41
490.587,0.40,3.35,0.36,3.38
490.609,0.42,3.23,0.37,3.34
490.631,0.47,3.39,0.39,3.33
490.653,0.49,3.26,0.43,3.30
490.675,0.47,3.22,0.45,3.29
490.697,0.38,3.22,0.45,3.26
490.719,0.41,3.18,0.44,3.25
490.741,0.44,3.19,0.44,3.21
490.763,0.52,3.46,0.44,3.25
490.785,0.37,3.33,0.42,3.28
490.807,0.28,3.29,0.40,3.29
490.829,0.36,3.37,0.39,3.33
490.851,0.31,3.39,0.37,3.37
490.873,0.31,3.40,0.33,3.36
490.895,0.31,3.56,0.31,3.40
490.917,0.14,3.44,0.29,3.43
490.939,0.31,3.42,0.28,3.44
490.961,0.35,3.40,0.28,3.44
490.983,0.33,3.33,0.29,3.43
491.005,0.38,3.48,0.30,3.41
491.027,0.37,3.57,0.35,3.44
491.049,0.45,3.60,0.38,3.48
491.071,0.37,3.52,0.38,3.50
491.093,0.43,3.53,0.40,3.54
491.115,0.44,3.52,0.41,3.55
491.137,0.43,3.40,0.42,3.51
491.159,0.35,3.38,0.40,3.47
491.181,0.36,3.45,0.40,3.46
491.203,0.33,3.59,0.38,3.47
491.225,0.35,3.42,0.36,3.45
491.247,0.25,3.40,0.33,3.45
491.269,0.45,3.45,0.35,3.46
491.291,0.46,3.37,0.37,3.45
491.313,0.34,3.47,0.37,3.42
491.335,0.37,3.54,0.37,3.45
491.357,0.28,3.31,0.38,3.43
491.379,0.39,3.41,0.37,3.42
491.401,0.42,3.47,0.36,3.44
491.423,0.33,3.35,0.36,3.42
491.445,0.25,3.23,0.33,3.35
491.467,0.16,3.26,0.31,3.34
491.489,0.09,3.36,0.25,3.33
491.511,0.29,3.42,0.22,3.32
491.533,0.26,3.41,0.21,3.34
491.555,0.25,3.27,0.21,3.34
491.578,0.13,3.36,0.20,3.36
491.600,0.23,3.19,0.23,3.33
491.622,0.27,3.29,0.23,3.30
491.644,0.32,3.44,0.24,3.31
491.666,0.51,3.35,0.29,3.33
491.688,0.39,3.39,0.34,3.33
491.710,0.47,3.51,0.39,3.40
491.732,0.29,3.29,0.40,3.40
491.754,0.50,3.31,0.43,3.37
491.776,0.40,3.23,0.41,3.35
491.798,0.43,3.23,0.42,3.31
491.820,0.33,3.28,0.39,3.27
491.842,0.36,3.39,0.40,3.29
491.864,0.27,3.43,0.36,3.31
491.886,0.17,3.35,0.31,3.34
491.908,0.35,3.26,0.30,3.34
491.930,0.30,3.18,0.29,3.32
491.952,0.26,3.31,0.27,3.31
491.974,0.28,3.22,0.27,3.26
491.996,0.34,3.18,0.31,3.23
492.018,0.18,3.19,0.27,3.22
492.040,0.36,3.06,0.28,3.19
492.062,0.32,3.16,0.30,3.16
492.084,0.29,3.28,0.30,3.17
492.106,0.31,3.41,0.29,3.22
492.128,0.47,3.47,0.35,3.28
492.150,0.38,3.45,0.35,3.35
492.172,0.25,3.61,0.34,3.44
492.194,0.32,3.38,0.35,3.46
492.216,0.27,3.43,0.34,3.47
492.238,0.19,3.33,0.28,3.44
492.260,0.18,3.39,0.24,3.43
492.282,0.28,3.48,0.25,3.40
492.304,0.21,3.46,0.23,3.42
492.326,0.15,3.44,0.20,3.42
492.348,0.30,3.61,0.22,3.48
492.370,0.31,3.46,0.25,3.49
492.392,0.40,3.33,0.27,3.46
492.414,0.49,3.27,0.33,3.42
492.436,0.41,3.32,0.38,3.40
492.458,0.28,3.27,0.38,3.33
492.480,0.39,3.23,0.39,3.28
492.502,0.25,3.41,0.36,3.30
492.524,0.28,3.16,0.32,3.28
492.546,0.28,3.19,0.30,3.25
492.568,0.25,3.22,0.29,3.24
492.590,0.30,3.29,0.27,3.25
492.612,0.33,3.30,0.29,3.23
492.634,0.39,3.38,0.31,3.28
492.656,0.23,3.47,0.30,3.33
492.678,0.26,3.47,0.30,3.38
492.700,0.24,3.38,0.29,3.40
492.722,0.10,3.45,0.24,3.43
492.744,0.08,3.49,0.18,3.45
492.766,0.23,3.51,0.18,3.46
492.788,0.36,3.39,0.20,3.44
492.810,0.48,3.44,0.25,3.46
492.832,0.39,3.36,0.31,3.44
492.854,0.38,3.37,0.37,3.41
492.876,0.29,3.48,0.38,3.41
492.898,0.37,3.33,0.38,3.40
492.920,0.31,3.35,0.35,3.38
492.942,0.44,3.41,0.36,3.39
492.964,0.36,3.30,0.35,3.37
492.986,0.34,3.22,0.36,3.32
493.008,0.18,3.24,0.33,3.30
493.030,0.32,3.41,0.33,3.32
493.052,0.35,3.43,0.31,3.32
493.074,0.41,3.42,0.32,3.34
493.096,0.30,3.18,0.31,3.34
493.118,0.36,3.28,0.35,3.34
493.140,0.30,3.35,0.34,3.33
493.162,0.26,3.37,0.33,3.32
493.184,0.36,3.33,0.32,3.30
493.206,0.39,3.38,0.33,3.34
493.228,0.26,3.23,0.31,3.33
493.250,0.41,3.43,0.34,3.35
493.272,0.37,3.30,0.36,3.33
493.294,0.31,3.54,0.35,3.38
493.316,0.26,3.46,0.32,3.39
493.338,0.26,3.32,0.32,3.41
493.360,0.21,3.36,0.28,3.40
493.382,0.13,3.34,0.23,3.40
493.404,0.18,3.37,0.21,3.37
493.426,0.22,3.38,0.20,3.35
493.448,0.36,3.41,0.22,3.37
493.470,0.30,3.45,0.24,3.39
493.492,0.45,3.30,0.30,3.38
493.514,0.48,3.26,0.36,3.36
493.536,0.24,3.37,0.37,3.36
493.558,0.35,3.37,0.36,3.35
493.580,0.45,3.21,0.39,3.30
493.602,0.39,3.25,0.38,3.29
493.624,0.25,3.25,0.34,3.29
493.646,0.41,3.42,0.37,3.30
493.668,0.29,3.26,0.36,3.28
493.690,0.36,3.41,0.34,3.32
493.712,0.44,3.45,0.35,3.36
493.734,0.46,3.48,0.39,3.40
493.756,0.37,3.42,0.38,3.40
493.778,0.39,3.38,0.40,3.43
493.800,0.25,3.32,0.38,3.41
493.822,0.48,3.27,0.39,3.37
493.844,0.43,3.30,0.38,3.34
493.866,0.46,3.44,0.40,3.34
493.888,0.27,3.43,0.38,3.35
493.910,0.31,3.46,0.39,3.38
493.932,0.32,3.47,0.36,3.42
493.954,0.29,3.35,0.33,3.43
493.976,0.23,3.43,0.28,3.43
493.998,0.12,3.32,0.25,3.41
494.020,0.18,3.40,0.23,3.39
494.042,0.36,3.38,0.24,3.38
494.064,0.37,3.41,0.25,3.39
494.086,0.19,3.41,0.24,3.38
494.108,0.24,3.24,0.27,3.37
494.130,0.20,3.33,0.27,3.35
494.152,0.23,3.12,0.25,3.30
494.174,0.31,3.24,0.23,3.27
494.196,0.27,3.30,0.25,3.25
494.218,0.43,3.34,0.29,3.27
494.240,0.29,3.31,0.31,3.26
494.262,0.22,3.28,0.30,3.29
494.284,0.20,3.25,0.28,3.30
494.306,0.38,3.31,0.30,3.30
494.328,0.30,3.29,0.28,3.29
494.350,0.18,3.17,0.26,3.26
494.372,0.25,3.40,0.26,3.28
494.394,0.36,3.40,0.29,3.31
494.416,0.38,3.43,0.29,3.34
494.438,0.58,3.35,0.35,3.35
494.460,0.51,3.26,0.42,3.37
494.482,0.25,3.29,0.42,3.35
494.504,0.23,3.25,0.39,3.32
494.526,0.26,3.18,0.37,3.27
494.548,0.28,3.40,0.31,3.28
494.570,0.24,3.31,0.25,3.29
494.592,0.37,3.43,0.28,3.31
494.614,0.29,3.40,0.29,3.34
494.636,0.24,3.37,0.28,3.38
494.658,0.33,3.29,0.29,3.36
494.680,0.31,3.23,0.31,3.34
494.702,0.25,3.37,0.28,3.33
494.724,0.38,3.31,0.30,3.31
494.746,0.40,3.21,0.33,3.28
494.768,0.33,3.40,0.33,3.30
494.790,0.39,3.33,0.35,3.32
494.812,0.37,3.29,0.37,3.31
494.834,0.44,3.35,0.39,3.32
494.856,0.36,3.13,0.38,3.30
494.878,0.28,3.15,0.37,3.25
494.900,0.28,3.32,0.35,3.25
494.922,0.29,3.34,0.33,3.26
494.944,0.41,3.35,0.32,3.26
494.966,0.34,3.46,0.32,3.32
494.988,0.33,3.47,0.33,3.39
495.010,0.47,3.43,0.37,3.41
495.032,0.46,3.37,0.40,3.42
495.054,0.59,3.49,0.44,3.44
495.076,0.49,3.45,0.47,3.44
495.098,0.35,3.42,0.47,3.43
495.120,0.28,3.44,0.43,3.43
495.142,0.34,3.49,0.41,3.46
495.164,0.25,3.34,0.34,3.43
495.186,0.19,3.44,0.28,3.43
495.208,0.24,3.51,0.26,3.44
495.230,0.19,3.46,0.24,3.45
495.252,0.12,3.44,0.20,3.44
495.274,0.20,3.44,0.19,3.46
495.296,0.15,3.42,0.18,3.45
495.318,0.20,3.38,0.17,3.43
495.340,0.26,3.44,0.19,3.42
495.362,0.34,3.44,0.23,3.42
495.384,0.37,3.37,0.26,3.41
495.406,0.43,3.29,0.32,3.38
495.428,0.41,3.24,0.36,3.36
495.450,0.35,3.43,0.38,3.35
495.472,0.27,3.42,0.37,3.35
495.494,0.17,3.45,0.33,3.37
495.516,0.37,3.37,0.31,3.38
495.538,0.48,3.30,0.33,3.39
495.560,0.38,3.48,0.33,3.40
495.582,0.34,3.42,0.35,3.40
495.604,0.24,3.48,0.36,3.41
495.626,0.36,3.42,0.36,3.42
495.648,0.31,3.31,0.33,3.42
495.670,0.12,3.47,0.27,3.42
495.692,0.25,3.55,0.26,3.45
495.714,0.24,3.33,0.26,3.42
495.736,0.31,3.32,0.25,3.40
495.758,0.47,3.15,0.28,3.36
495.780,0.39,3.22,0.33,3.31
495.802,0.43,3.30,0.37,3.26
495.824,0.41,3.27,0.40,3.25
495.846,0.47,3.28,0.43,3.24
495.868,0.41,3.24,0.42,3.26
495.890,0.35,3.33,0.41,3.28
495.912,0.29,3.37,0.39,3.30
495.934,0.22,3.42,0.35,3.33
495.956,0.25,3.43,0.30,3.36
495.978,0.24,3.39,0.27,3.39
496.000,0.22,3.54,0.24,3.43
496.022,0.28,3.47,0.24,3.45
496.044,0.43,3.38,0.28,3.44
496.066,0.41,3.33,0.32,3.42
496.088,0.38,3.28,0.34,3.40
496.110,0.43,3.42,0.39,3.38
496.132,0.53,3.46,0.44,3.37
496.154,0.33,3.52,0.42,3.40
496.176,0.28,3.52,0.39,3.44
496.198,0.21,3.46,0.36,3.48
496.220,0.23,3.25,0.32,3.44
496.242,0.27,3.31,0.26,3.41
496.264,0.36,3.53,0.27,3.41
496.286,0.26,3.45,0.27,3.40
496.308,0.30,3.39,0.28,3.39
496.330,0.20,3.36,0.28,3.41
496.352,0.38,3.27,0.30,3.40
496.374,0.40,3.14,0.31,3.32
496.396,0.26,3.32,0.31,3.30
496.418,0.25,3.36,0.30,3.29
496.440,0.31,3.42,0.32,3.30
496.462,0.33,3.32,0.31,3.31
496.484,0.40,3.32,0.31,3.35
496.506,0.36,3.42,0.33,3.37
496.528,0.37,3.45,0.35,3.39
496.550,0.33,3.43,0.36,3.39
496.572,0.36,3.30,0.36,3.38
496.594,0.35,3.30,0.35,3.38
496.616,0.40,3.47,0.36,3.39
496.638,0.32,3.32,0.35,3.36
496.660,0.29,3.36,0.34,3.35
496.682,0.39,3.29,0.35,3.35
496.704,0.47,3.19,0.37,3.33
496.726,0.29,3.22,0.35,3.28
496.748,0.26,3.24,0.34,3.26
496.770,0.28,3.31,0.34,3.25
496.792,0.20,3.36,0.30,3.26
496.814,0.34,3.33,0.27,3.29
496.836,0.32,3.36,0.28,3.32
496.858,0.33,3.31,0.29,3.33
496.880,0.20,3.27,0.28,3.33
496.902,0.33,3.15,0.30,3.28
496.924,0.24,3.22,0.28,3.26
496.946,0.21,3.12,0.26,3.21
496.968,0.31,3.18,0.26,3.19
496.990,0.17,3.27,0.25,3.19
497.012,0.28,3.46,0.24,3.25
497.034,0.29,3.42,0.25,3.29
497.056,0.34,3.28,0.28,3.32
497.078,0.34,3.39,0.28,3.36
497.100,0.48,3.43,0.35,3.40
497.122,0.41,3.30,0.37,3.36
497.144,0.41,3.32,0.40,3.34
497.166,0.35,3.24,0.40,3.34
497.188,0.25,3.22,0.38,3.30
497.210,0.23,3.34,0.33,3.28
497.232,0.08,3.32,0.26,3.29
497.254,0.14,3.20,0.21,3.26
497.276,0.20,3.11,0.18,3.24
497.298,0.01,3.14,0.13,3.22
497.320,0.33,3.33,0.15,3.22
497.342,0.31,3.30,0.20,3.22
497.364,0.08,3.20,0.19,3.22
497.386,0.22,3.33,0.19,3.26
497.408,0.33,3.24,0.25,3.28
497.430,0.40,3.30,0.27,3.27
497.452,0.25,3.15,0.26,3.24
497.474,0.39,3.31,0.32,3.27
497.496,0.45,3.46,0.36,3.29
497.518,0.52,3.22,0.40,3.29
497.540,0.43,3.40,0.41,3.31
497.562,0.29,3.36,0.42,3.35
497.584,0.24,3.35,0.39,3.36
497.606,0.18,3.49,0.33,3.36
497.628,0.23,3.48,0.27,3.42
497.650,0.13,3.54,0.21,3.44
497.672,0.14,3.46,0.18,3.46
497.694,0.23,3.51,0.18,3.50
497.716,0.27,3.57,0.20,3.51
497.738,0.27,3.41,0.21,3.50
497.760,0.44,3.47,0.27,3.48
497.782,0.36,3.34,0.31,3.46
497.804,0.26,3.41,0.32,3.44
497.826,0.19,3.26,0.30,3.38
497.848,0.24,3.39,0.30,3.37
497.870,0.32,3.45,0.27,3.37
497.892,0.31,3.44,0.26,3.39
497.914,0.29,3.35,0.27,3.38
497.936,0.35,3.36,0.30,3.40
497.958,0.35,3.06,0.32,3.33
497.980,0.37,3.15,0.33,3.27
498.002,0.47,3.38,0.37,3.26
498.024,0.31,3.35,0.37,3.26
498.046,0.41,3.36,0.38,3.26
498.068,0.22,3.34,0.36,3.32
498.090,0.17,3.46,0.32,3.38
498.112,0.30,3.40,0.28,3.38
498.134,0.23,3.28,0.27,3.37
498.156,0.34,3.32,0.25,3.36
498.178,0.36,3.43,0.28,3.38
498.200,0.35,3.40,0.32,3.37
498.222,0.22,3.30,0.30,3.35
498.244,0.25,3.38,0.30,3.37
498.266,0.29,3.35,0.29,3.37
498.288,0.28,3.28,0.28,3.34
498.310,0.25,3.31,0.26,3.32
498.332,0.25,3.21,0.26,3.31
498.354,0.28,3.17,0.27,3.26
498.376,0.24,3.12,0.26,3.22
498.398,0.42,3.18,0.29,3.20
498.420,0.39,3.12,0.32,3.16
498.442,0.50,3.25,0.37,3.17
498.464,0.39,3.25,0.39,3.18
498.486,0.27,3.41,0.39,3.24
498.508,0.37,3.23,0.38,3.25
498.530,0.37,3.50,0.38,3.33
498.552,0.46,3.38,0.37,3.35
498.574,0.44,3.37,0.38,3.38
498.596,0.25,3.47,0.38,3.39
498.618,0.30,3.51,0.36,3.45
498.640,0.32,3.34,0.35,3.41
498.662,0.37,3.32,0.34,3.40
498.684,0.30,3.46,0.31,3.42
498.706,0.44,3.43,0.35,3.41
498.728,0.43,3.40,0.37,3.39
498.750,0.26,3.45,0.36,3.41
498.772,0.12,3.31,0.31,3.41
498.794,0.15,3.46,0.28,3.41
498.816,0.07,3.34,0.21,3.39
498.838,0.19,3.33,0.16,3.38
498.860,0.29,3.36,0.16,3.36
498.882,0.40,3.38,0.22,3.37
498.904,0.31,3.40,0.25,3.36
498.926,0.36,3.36,0.31,3.37
498.948,0.44,3.46,0.36,3.39
498.970,0.33,3.49,0.37,3.42
498.992,0.29,3.36,0.35,3.41
499.014,0.26,3.30,0.34,3.39
499.036,0.19,3.35,0.30,3.39
499.058,0.23,3.23,0.26,3.35
499.080,0.18,3.26,0.23,3.30
499.102,0.15,3.29,0.20,3.29
499.124,0.20,3.35,0.19,3.30
499.146,0.25,3.45,0.20,3.32
499.168,0.20,3.42,0.20,3.35
499.190,0.27,3.26,0.21,3.35
499.212,0.38,3.21,0.26,3.34
499.234,0.35,3.28,0.29,3.32
499.256,0.29,3.58,0.30,3.35
499.278,0.34,3.61,0.33,3.39
499.300,0.28,3.43,0.33,3.42
499.322,0.33,3.49,0.32,3.48
499.344,0.20,3.52,0.29,3.53
499.366,0.12,3.52,0.25,3.51
499.388,0.19,3.41,0.22,3.47
499.410,0.26,3.29,0.22,3.45
499.432,0.36,3.50,0.23,3.45
499.454,0.32,3.54,0.25,3.45
499.476,0.21,3.48,0.27,3.44
499.498,0.28,3.39,0.29,3.44
499.520,0.30,3.48,0.29,3.48
499.542,0.31,3.40,0.28,3.46
499.564,0.26,3.36,0.27,3.42
499.586,0.15,3.46,0.26,3.42
499.608,0.08,3.17,0.22,3.37
499.630,0.14,3.32,0.19,3.34
499.652,0.34,3.27,0.19,3.32
499.674,0.10,3.36,0.16,3.32
499.696,0.14,3.32,0.16,3.29
499.718,0.04,3.36,0.15,3.33
499.740,0.36,3.41,0.20,3.34
499.762,0.34,3.39,0.20,3.37
499.784,0.34,3.32,0.24,3.36
499.806,0.34,3.24,0.28,3.34
499.828,0.35,3.28,0.35,3.33
499.850,0.34,3.43,0.34,3.33
499.872,0.41,3.36,0.36,3.33
499.894,0.35,3.45,0.36,3.35
499.916,0.19,3.45,0.33,3.39
499.938,0.25,3.33,0.31,3.40
499.960,0.28,3.33,0.30,3.38
499.982,0.37,3.34,0.29,3.38
500.004,0.28,3.20,0.27,3.33
500.026,0.41,3.34,0.32,3.31
500.048,0.37,3.17,0.34,3.28
500.070,0.37,3.25,0.36,3.26
500.092,0.27,3.25,0.34,3.24
500.114,0.30,3.08,0.34,3.22
500.136,0.41,3.05,0.34,3.16
500.158,0.26,3.19,0.32,3.16
500.180,0.25,3.24,0.30,3.16
500.202,0.35,3.10,0.31,3.13
500.224,0.36,3.29,0.33,3.17
500.246,0.28,3.21,0.30,3.21
500.268,0.14,3.27,0.28,3.22
500.290,0.27,3.32,0.28,3.24
500.312,0.40,3.43,0.29,3.30
500.334,0.45,3.34,0.31,3.31
500.356,0.57,3.31,0.37,3.33
500.378,0.35,3.27,0.41,3.33
500.400,0.41,3.09,0.44,3.29
500.422,0.31,3.29,0.42,3.26
500.444,0.19,3.30,0.37,3.25
500.466,0.31,3.29,0.31,3.25
500.488,0.24,3.22,0.29,3.24
500.510,0.20,3.31,0.25,3.28
500.532,0.28,3.27,0.24,3.28
500.554,0.39,3.16,0.28,3.25
500.576,0.32,3.24,0.29,3.24
500.598,0.35,3.35,0.31,3.27
500.620,0.43,3.37,0.35,3.28
500.642,0.43,3.33,0.38,3.29
500.664,0.31,3.32,0.37,3.32
500.686,0.35,3.24,0.37,3.32
500.708,0.51,3.38,0.41,3.33
500.730,0.34,3.26,0.39,3.31
500.752,0.37,3.25,0.38,3.29
500.774,0.40,3.42,0.39,3.31
500.796,0.30,3.30,0.38,3.32
500.818,0.32,3.21,0.35,3.29
500.840,0.28,3.23,0.33,3.28
500.862,0.40,3.41,0.34,3.31
500.884,0.39,3.49,0.34,3.33
500.906,0.44,3.62,0.37,3.39
500.928,0.25,3.48,0.35,3.45
500.950,0.31,3.43,0.36,3.49
500.972,0.41,3.48,0.36,3.50
500.994,0.24,3.43,0.33,3.49
501.016,0.30,3.51,0.30,3.47
501.038,0.34,3.42,0.32,3.45
501.060,0.32,3.47,0.32,3.46
501.082,0.40,3.44,0.32,3.45
501.104,0.43,3.34,0.36,3.44
501.126,0.34,3.32,0.37,3.40
501.148,0.41,3.35,0.38,3.38
501.170,0.37,3.34,0.39,3.36
501.192,0.35,3.39,0.38,3.35
501.214,0.35,3.39,0.36,3.36
501.236,0.30,3.46,0.36,3.39
501.258,0.29,3.33,0.33,3.38
501.280,0.26,3.31,0.31,3.38
501.302,0.29,3.12,0.30,3.32
501.324,0.31,3.16,0.29,3.28
501.346,0.33,3.36,0.30,3.26
501.368,0.32,3.24,0.30,3.24
501.390,0.46,3.30,0.34,3.24
501.412,0.46,3.39,0.38,3.29
501.434,0.43,3.34,0.40,3.33
501.456,0.30,3.35,0.39,3.32
501.478,0.40,3.35,0.41,3.35
501.500,0.27,3.38,0.37,3.36
501.522,0.17,3.47,0.31,3.38
501.544,0.30,3.56,0.29,3.42
501.566,0.43,3.44,0.31,3.44
501.588,0.41,3.35,0.32,3.44
501.610,0.38,3.36,0.34,3.44
501.632,0.28,3.34,0.36,3.41
501.654,0.33,3.39,0.37,3.38
501.676,0.25,3.18,0.33,3.32
501.698,0.25,3.19,0.30,3.29
501.720,0.34,3.17,0.29,3.25
501.742,0.29,3.39,0.29,3.26
501.764,0.39,3.36,0.30,3.26
501.786,0.32,3.37,0.32,3.30
501.808,0.30,3.40,0.33,3.34
501.830,0.29,3.33,0.32,3.37
501.852,0.39,3.23,0.34,3.34
501.874,0.22,3.23,0.30,3.31
501.896,0.16,3.40,0.27,3.32
501.918,0.35,3.40,0.28,3.32
501.940,0.43,3.33,0.31,3.32
501.962,0.38,3.41,0.31,3.35
501.984,0.22,3.46,0.31,3.40
502.006,0.23,3.44,0.32,3.41
502.028,0.26,3.50,0.30,3.43
502.050,0.29,3.37,0.28,3.44
502.072,0.22,3.26,0.24,3.41
502.094,0.28,3.33,0.26,3.38
502.116,0.40,3.28,0.29,3.35
502.138,0.41,3.23,0.32,3.29
502.160,0.54,3.29,0.37,3.28
502.182,0.43,3.36,0.41,3.30
502.204,0.33,3.47,0.42,3.33
502.226,0.20,3.39,0.38,3.35
502.248,0.22,3.48,0.34,3.40
502.270,0.41,3.54,0.32,3.45
502.292,0.22,3.41,0.28,3.46
502.314,0.33,3.32,0.28,3.43
502.336,0.37,3.50,0.31,3.45
502.358,0.49,3.48,0.36,3.45
502.380,0.28,3.43,0.34,3.43
502.402,0.28,3.60,0.35,3.47
502.424,0.31,3.64,0.35,3.53
502.446,0.35,3.55,0.34,3.54
502.468,0.34,3.48,0.31,3.54
502.490,0.29,3.27,0.31,3.51
502.512,0.33,3.24,0.32,3.44
502.534,0.35,3.20,0.33,3.35
502.556,0.51,3.32,0.36,3.30
502.578,0.46,3.35,0.39,3.28
502.600,0.59,3.27,0.45,3.28
502.622,0.33,3.43,0.45,3.31
502.644,0.22,3.45,0.42,3.36
502.666,0.31,3.45,0.38,3.39
502.688,0.42,3.37,0.37,3.39
502.710,0.30,3.44,0.32,3.43
502.732,0.33,3.40,0.32,3.42
502.754,0.32,3.57,0.34,3.45
502.776,0.26,3.49,0.33,3.45
502.798,0.24,3.41,0.29,3.46
502.820,0.19,3.33,0.27,3.44
502.842,0.13,3.30,0.23,3.42
502.864,0.15,3.42,0.19,3.39
502.886,0.24,3.49,0.19,3.39
502.908,0.32,3.52,0.21,3.41
502.930,0.34,3.49,0.24,3.44
502.952,0.38,3.48,0.29,3.48
502.974,0.35,3.41,0.33,3.48
502.996,0.45,3.51,0.37,3.48
503.018,0.41,3.49,0.39,3.48
503.040,0.38,3.47,0.39,3.47
503.062,0.25,3.51,0.37,3.48
503.084,0.18,3.31,0.33,3.46
503.106,0.24,3.36,0.29,3.43
503.128,0.35,3.34,0.28,3.40
503.150,0.40,3.35,0.28,3.37
503.172,0.46,3.43,0.33,3.36
503.194,0.39,3.38,0.37,3.37
503.216,0.29,3.50,0.38,3.40
503.238,0.23,3.52,0.35,3.44
503.260,0.25,3.38,0.32,3.44
503.282,0.32,3.23,0.30,3.40
503.304,0.45,3.29,0.31,3.38
503.326,0.22,3.39,0.29,3.36
503.348,0.32,3.32,0.31,3.32
503.370,0.16,3.32,0.29,3.31
503.392,0.17,3.31,0.26,3.33
503.414,0.22,3.34,0.22,3.34
503.436,0.24,3.46,0.22,3.35
503.458,0.24,3.31,0.21,3.35
503.480,0.12,3.38,0.20,3.36
503.502,0.13,3.48,0.19,3.39
503.524,0.30,3.36,0.21,3.40
503.546,0.30,3.37,0.22,3.38
503.568,0.26,3.53,0.22,3.42
503.590,0.10,3.47,0.22,3.44
503.612,0.16,3.48,0.22,3.44
503.634,0.28,3.38,0.22,3.45
503.656,0.30,3.29,0.22,3.43
503.678,0.35,3.27,0.24,3.38
503.700,0.31,3.40,0.28,3.36
503.722,0.35,3.40,0.32,3.35
503.744,0.27,3.39,0.32,3.35
503.766,0.34,3.27,0.32,3.35
503.788,0.22,3.18,0.30,3.33
503.810,0.21,3.17,0.28,3.28
503.832,0.31,3.15,0.27,3.23
503.854,0.37,3.38,0.29,3.23
503.876,0.36,3.33,0.29,3.24
503.898,0.39,3.43,0.33,3.29
503.920,0.27,3.54,0.34,3.37
503.942,0.08,3.59,0.29,3.45
503.964,0.27,3.48,0.27,3.47
503.986,0.27,3.46,0.26,3.50
504.008,0.24,3.40,0.23,3.49
504.030,0.24,3.46,0.22,3.48
504.052,0.26,3.46,0.26,3.45
504.074,0.23,3.46,0.25,3.45
504.096,0.17,3.37,0.23,3.43
504.118,0.33,3.44,0.25,3.44
504.140,0.35,3.44,0.27,3.43
504.162,0.32,3.26,0.28,3.39
504.184,0.30,3.13,0.29,3.33
504.206,0.42,3.26,0.34,3.31
504.228,0.39,3.22,0.36,3.26
504.250,0.30,3.33,0.35,3.24
504.272,0.41,3.35,0.36,3.26
504.294,0.39,3.30,0.38,3.29
504.316,0.46,3.40,0.39,3.32
504.338,0.53,3.41,0.42,3.36
504.360,0.41,3.30,0.44,3.35
504.382,0.31,3.40,0.42,3.36
504.404,0.41,3.43,0.42,3.39
504.426,0.37,3.39,0.41,3.39
504.448,0.44,3.33,0.39,3.37
504.470,0.45,3.30,0.40,3.37
504.492,0.30,3.34,0.39,3.36
504.514,0.32,3.38,0.38,3.35
504.536,0.21,3.47,0.34,3.36
504.558,0.43,3.45,0.34,3.39
504.580,0.31,3.53,0.31,3.43
504.602,0.32,3.29,0.32,3.42
504.624,0.37,3.28,0.33,3.40
504.646,0.34,3.10,0.35,3.33
504.668,0.42,3.18,0.35,3.28
504.690,0.22,3.38,0.33,3.25
504.712,0.29,3.52,0.33,3.29
504.734,0.40,3.58,0.33,3.35
504.756,0.29,3.42,0.32,3.42
504.778,0.36,3.42,0.31,3.46
504.800,0.19,3.30,0.31,3.45
504.822,0.26,3.41,0.30,3.43
504.844,0.38,3.34,0.30,3.38
504.866,0.48,3.34,0.33,3.36
504.888,0.44,3.59,0.35,3.40
504.910,0.35,3.52,0.38,3.44
504.932,0.38,3.59,0.41,3.48
504.954,0.33,3.44,0.40,3.50
504.976,0.36,3.38,0.37,3.50
504.998,0.37,3.34,0.36,3.45
505.020,0.57,3.31,0.40,3.41
505.042,0.57,3.17,0.44,3.33
505.064,0.37,3.13,0.45,3.27
505.086,0.31,3.20,0.44,3.23
505.108,0.34,3.27,0.43,3.22
505.130,0.36,3.17,0.39,3.19
505.152,0.41,3.24,0.36,3.20
505.174,0.32,3.25,0.35,3.23
505.196,0.37,3.13,0.36,3.21
505.218,0.43,3.28,0.38,3.21
505.240,0.48,3.39,0.40,3.26
505.262,0.47,3.48,0.41,3.31
505.284,0.44,3.43,0.44,3.34
505.306,0.49,3.27,0.46,3.37
505.328,0.62,3.34,0.50,3.38
505.350,0.48,3.46,0.50,3.40
505.372,0.38,3.46,0.48,3.39
505.394,0.38,3.38,0.47,3.38
505.416,0.36,3.33,0.44,3.39
505.438,0.35,3.34,0.39,3.39
505.460,0.33,3.43,0.36,3.39
505.482,0.38,3.31,0.36,3.36
505.504,0.35,3.29,0.35,3.34
505.526,0.23,3.30,0.33,3.33
505.548,0.28,3.28,0.31,3.32
505.570,0.24,3.32,0.30,3.30
505.592,0.35,3.51,0.29,3.34
505.614,0.21,3.41,0.26,3.36
505.636,0.29,3.39,0.27,3.38
505.658,0.22,3.34,0.26,3.39
505.680,0.24,3.36,0.26,3.40
505.702,0.32,3.44,0.26,3.39
505.724,0.20,3.38,0.25,3.38
505.746,0.30,3.24,0.26,3.35
505.768,0.30,3.29,0.27,3.34
505.790,0.39,3.37,0.30,3.34
505.812,0.41,3.46,0.32,3.35
505.834,0.38,3.36,0.36,3.34
505.856,0.34,3.45,0.36,3.39
505.878,0.35,3.51,0.37,3.43
505.900,0.27,3.53,0.35,3.46
505.922,0.33,3.52,0.33,3.47
505.944,0.38,3.50,0.33,3.50
505.966,0.38,3.57,0.34,3.53
505.988,0.31,3.51,0.33,3.53
506.010,0.16,3.33,0.31,3.49
506.032,0.19,3.32,0.28,3.45
506.054,0.22,3.27,0.25,3.40
506.076,0.13,3.27,0.20,3.34
506.098,0.23,3.25,0.19,3.29
506.120,0.30,3.21,0.21,3.26
506.142,0.28,3.24,0.23,3.25
506.164,0.38,3.38,0.26,3.27
506.186,0.36,3.42,0.31,3.30
506.208,0.23,3.28,0.31,3.31
506.230,0.25,3.34,0.30,3.33
506.252,0.23,3.44,0.29,3.37
506.274,0.27,3.30,0.27,3.36
506.296,0.34,3.26,0.26,3.32
506.318,0.35,3.27,0.29,3.32
506.340,0.42,3.09,0.32,3.27
506.362,0.30,3.22,0.34,3.23
506.384,0.39,3.27,0.36,3.22
506.406,0.39,3.22,0.37,3.21
506.428,0.22,3.35,0.34,3.23
506.450,0.20,3.31,0.30,3.27
506.472,0.15,3.34,0.27,3.30
506.494,0.22,3.43,0.24,3.33
506.516,0.25,3.45,0.21,3.38
506.538,0.38,3.41,0.24,3.39
506.560,0.35,3.35,0.27,3.40
506.582,0.20,3.19,0.28,3.37
506.604,0.20,3.06,0.28,3.29
506.626,0.50,3.21,0.33,3.24
506.648,0.27,3.38,0.30,3.24
506.670,0.19,3.44,0.27,3.26
506.692,0.32,3.27,0.30,3.27
506.714,0.25,3.19,0.31,3.30
506.736,0.29,3.40,0.26,3.34
506.758,0.19,3.33,0.25,3.33
506.780,0.37,3.27,0.28,3.29
506.802,0.47,3.30,0.31,3.30
506.824,0.29,3.30,0.32,3.32
506.846,0.36,3.26,0.34,3.29
506.868,0.38,3.38,0.37,3.30
506.890,0.54,3.50,0.41,3.35
506.912,0.40,3.36,0.39,3.36
506.934,0.30,3.32,0.40,3.36
506.956,0.39,3.20,0.40,3.35
506.978,0.41,3.33,0.41,3.34
507.000,0.27,3.33,0.35,3.31
507.022,0.25,3.32,0.32,3.30
507.044,0.25,3.29,0.31,3.29
507.066,0.26,3.39,0.29,3.33
507.088,0.29,3.27,0.26,3.32
507.110,0.18,3.34,0.25,3.32
507.132,0.32,3.45,0.26,3.35
507.154,0.37,3.46,0.28,3.38
507.176,0.24,3.36,0.28,3.38
507.198,0.15,3.39,0.25,3.40
507.220,0.14,3.37,0.24,3.41
507.242,0.34,3.41,0.25,3.40
507.264,0.37,3.34,0.25,3.37
507.286,0.35,3.35,0.27,3.37
507.308,0.29,3.28,0.30,3.35
507.330,0.18,3.42,0.31,3.36
507.352,0.16,3.45,0.27,3.37
507.374,0.22,3.14,0.24,3.33
507.396,0.19,3.38,0.21,3.33
507.418,0.17,3.38,0.18,3.35
507.440,0.08,3.34,0.16,3.34
507.462,0.14,3.23,0.16,3.29
507.484,0.23,3.38,0.16,3.34
507.506,0.41,3.36,0.21,3.34
507.528,0.50,3.49,0.27,3.36
507.550,0.47,3.32,0.35,3.36
507.572,0.28,3.33,0.38,3.38
507.594,0.28,3.39,0.39,3.38
507.616,0.20,3.34,0.35,3.37
507.638,0.23,3.35,0.29,3.35
507.660,0.38,3.40,0.27,3.36
507.682,0.29,3.33,0.28,3.36
507.704,0.06,3.55,0.23,3.39
507.726,0.26,3.45,0.24,3.42
507.748,0.32,3.59,0.26,3.46
507.770,0.26,3.52,0.24,3.49
507.792,0.26,3.37,0.23,3.50
507.814,0.23,3.33,0.27,3.45
507.836,0.28,3.36,0.27,3.43
507.858,0.24,3.44,0.25,3.40
507.880,0.34,3.51,0.27,3.40
507.902,0.20,3.26,0.26,3.38
507.924,0.22,3.32,0.26,3.38
507.946,0.31,3.32,0.26,3.37
507.968,0.30,3.61,0.27,3.40
507.990,0.35,3.42,0.28,3.39
508.012,0.46,3.41,0.33,3.42
508.034,0.42,3.43,0.37,3.44
508.056,0.34,3.42,0.37,3.46
508.078,0.34,3.28,0.38,3.39
508.100,0.35,3.34,0.38,3.38
508.122,0.29,3.36,0.35,3.37
508.144,0.20,3.25,0.30,3.33
508.166,0.16,3.32,0.27,3.31
508.188,0.27,3.33,0.25,3.32
508.210,0.36,3.43,0.26,3.34
508.232,0.30,3.46,0.26,3.36
508.254,0.21,3.31,0.26,3.37
508.276,0.10,3.42,0.25,3.39
508.298,0.26,3.37,0.25,3.40
508.320,0.36,3.35,0.25,3.38
508.342,0.27,3.40,0.24,3.37
508.364,0.19,3.52,0.24,3.41
508.386,0.33,3.39,0.28,3.41
508.408,0.35,3.49,0.30,3.43
508.430,0.30,3.22,0.29,3.40
508.452,0.41,3.27,0.32,3.38
508.474,0.30,3.36,0.34,3.35
508.496,0.40,3.25,0.35,3.32
508.518,0.39,3.45,0.36,3.31
508.540,0.26,3.41,0.35,3.35
508.562,0.23,3.28,0.32,3.35
508.584,0.35,3.22,0.33,3.32
508.606,0.33,3.40,0.31,3.35
508.628,0.33,3.46,0.30,3.35
508.650,0.25,3.53,0.30,3.38
508.672,0.18,3.48,0.29,3.42
508.694,0.40,3.47,0.30,3.47
508.716,0.46,3.40,0.32,3.47
508.738,0.35,3.30,0.33,3.44
508.760,0.36,3.27,0.35,3.38
508.782,0.34,3.34,0.38,3.36
508.804,0.35,3.35,0.37,3.33
508.826,0.33,3.31,0.35,3.31
508.848,0.34,3.23,0.34,3.30
508.870,0.41,3.21,0.35,3.29
508.892,0.32,3.38,0.35,3.30
508.914,0.30,3.40,0.34,3.31
508.936,0.29,3.50,0.33,3.34
508.958,0.28,3.33,0.32,3.36
508.980,0.48,3.22,0.33,3.37
509.002,0.39,3.22,0.35,3.33
509.024,0.36,3.41,0.36,3.34
509.046,0.41,3.33,0.38,3.30
509.068,0.26,3.32,0.38,3.30
509.090,0.34,3.44,0.35,3.34
509.112,0.33,3.52,0.34,3.40
509.134,0.28,3.44,0.32,3.41
509.156,0.30,3.21,0.30,3.39
509.178,0.45,3.32,0.34,3.39
509.200,0.14,3.42,0.30,3.38
509.222,0.13,3.45,0.26,3.37
509.244,0.25,3.40,0.25,3.36
509.266,0.16,3.28,0.23,3.37
509.288,0.36,3.48,0.21,3.41
509.310,0.31,3.25,0.24,3.37
509.332,0.31,3.23,0.28,3.33
509.354,0.18,3.27,0.26,3.30
509.376,0.32,3.23,0.30,3.29
509.398,0.28,3.21,0.28,3.24
509.420,0.32,3.08,0.28,3.20
509.442,0.35,3.38,0.29,3.23
509.464,0.29,3.30,0.31,3.24
509.486,0.16,3.28,0.28,3.25
509.508,0.15,3.40,0.25,3.29
509.530,0.32,3.50,0.25,3.37
509.552,0.21,3.45,0.23,3.39
509.574,0.30,3.28,0.23,3.38
509.596,0.42,3.13,0.28,3.35
509.618,0.60,3.38,0.37,3.35
509.640,0.35,3.39,0.38,3.33
509.662,0.33,3.36,0.40,3.31
509.684,0.36,3.20,0.41,3.29
509.706,0.44,3.39,0.42,3.34
509.728,0.30,3.39,0.36,3.35
509.750,0.21,3.48,0.33,3.36
509.772,0.08,3.40,0.28,3.37
509.794,0.24,3.41,0.25,3.41
509.816,0.27,3.42,0.22,3.42
509.838,0.32,3.25,0.22,3.39
509.860,0.25,3.28,0.23,3.35
509.882,0.19,3.36,0.25,3.34
509.904,0.01,3.35,0.21,3.33
509.926,0.11,3.49,0.18,3.35
509.948,0.19,3.45,0.15,3.39
509.970,0.26,3.45,0.15,3.42
509.992,0.19,3.62,0.15,3.47
510.014,0.32,3.60,0.21,3.52
510.036,0.30,3.42,0.25,3.51
510.058,0.09,3.52,0.23,3.52
510.080,0.35,3.47,0.25,3.53
510.102,0.48,3.61,0.31,3.52
510.124,0.49,3.60,0.34,3.52
510.146,0.48,3.59,0.38,3.56
510.168,0.33,3.52,0.43,3.56
510.190,0.37,3.45,0.43,3.55
510.212,0.18,3.47,0.37,3.53
510.234,0.14,3.56,0.30,3.52
510.256,0.19,3.47,0.24,3.49
510.278,0.21,3.48,0.22,3.49
510.300,0.34,3.59,0.21,3.51
510.322,0.39,3.57,0.25,3.53
510.344,0.32,3.38,0.29,3.50
510.366,0.33,3.37,0.32,3.48
510.388,0.32,3.28,0.34,3.44
510.410,0.43,3.42,0.36,3.40
510.432,0.53,3.44,0.39,3.38
510.454,0.47,3.60,0.42,3.42
510.476,0.25,3.43,0.40,3.43
510.498,0.30,3.43,0.40,3.46
510.520,0.25,3.32,0.36,3.44
510.542,0.30,3.47,0.31,3.45
510.564,0.45,3.49,0.31,3.43
510.586,0.33,3.20,0.33,3.38
510.608,0.35,3.31,0.34,3.36
510.630,0.38,3.44,0.36,3.38
510.652,0.34,3.22,0.37,3.33
510.674,0.31,3.37,0.34,3.31
510.696,0.29,3.31,0.33,3.33
510.718,0.28,3.38,0.32,3.34
510.740,0.37,3.21,0.32,3.30
510.762,0.19,3.35,0.29,3.32
510.784,0.18,3.21,0.26,3.29
510.806,0.19,3.26,0.24,3.28
510.828,0.23,3.28,0.23,3.26
510.850,0.45,3.27,0.25,3.27
510.872,0.41,3.23,0.29,3.25
510.894,0.28,3.21,0.31,3.25
510.916,0.23,3.36,0.32,3.27
510.938,0.31,3.30,0.34,3.27
510.960,0.28,3.12,0.30,3.24
510.982,0.33,3.23,0.29,3.24
511.004,0.33,3.19,0.30,3.24
511.026,0.40,3.37,0.33,3.24
511.048,0.38,3.26,0.34,3.23
511.070,0.25,3.35,0.34,3.28
511.092,0.29,3.36,0.33,3.31
511.114,0.35,3.39,0.33,3.35
511.136,0.55,3.33,0.36,3.34
511.158,0.33,3.32,0.35,3.35
511.180,0.39,3.21,0.38,3.32
511.202,0.39,3.28,0.40,3.31
511.224,0.36,3.19,0.40,3.27
511.246,0.46,3.32,0.39,3.26
511.268,0.51,3.35,0.42,3.27
511.290,0.44,3.30,0.43,3.29
511.312,0.40,3.36,0.43,3.30
511.334,0.36,3.48,0.43,3.36
511.356,0.35,3.38,0.41,3.37
511.378,0.42,3.39,0.39,3.38
511.400,0.27,3.26,0.36,3.37
511.422,0.18,3.50,0.32,3.40
511.444,0.23,3.48,0.29,3.40
511.466,0.03,3.44,0.23,3.41
511.488,0.19,3.53,0.18,3.44
511.510,0.17,3.45,0.16,3.48
511.532,0.27,3.43,0.18,3.47
511.554,0.24,3.54,0.18,3.48
511.576,0.20,3.56,0.21,3.50
511.598,0.36,3.60,0.25,3.52
511.620,0.36,3.58,0.29,3.54
511.642,0.36,3.50,0.30,3.56
511.664,0.41,3.40,0.34,3.53
511.686,0.26,3.49,0.35,3.51
511.708,0.21,3.43,0.32,3.48
511.730,0.21,3.35,0.29,3.43
511.752,0.29,3.45,0.28,3.42
511.774,0.41,3.49,0.28,3.44
511.796,0.39,3.38,0.30,3.42
511.818,0.47,3.43,0.35,3.42
511.840,0.44,3.37,0.40,3.42
511.862,0.38,3.28,0.42,3.39
511.884,0.28,3.32,0.39,3.36
511.906,0.36,3.30,0.39,3.34
511.928,0.21,3.20,0.33,3.29
511.950,0.23,3.40,0.29,3.30
511.972,0.08,3.37,0.23,3.32
511.994,0.24,3.26,0.22,3.31
512.016,0.33,3.45,0.22,3.34
512.038,0.22,3.44,0.22,3.38
512.060,0.34,3.40,0.24,3.38
512.082,0.38,3.38,0.30,3.39
512.104,0.38,3.40,0.33,3.41
512.126,0.31,3.43,0.33,3.41
512.148,0.20,3.46,0.32,3.41
512.170,0.38,3.50,0.33,3.43
512.192,0.45,3.30,0.34,3.42
512.214,0.32,3.28,0.33,3.39
512.236,0.42,3.29,0.35,3.37
512.258,0.46,3.26,0.41,3.33
512.280,0.46,3.30,0.42,3.29
512.302,0.44,3.20,0.42,3.27
512.324,0.48,3.34,0.45,3.28
512.346,0.27,3.34,0.42,3.29
512.368,0.38,3.34,0.41,3.30
512.390,0.27,3.27,0.37,3.30
512.412,0.28,3.29,0.34,3.32
512.434,0.32,3.21,0.30,3.29
512.456,0.39,3.23,0.33,3.27
512.478,0.34,3.38,0.32,3.28
512.500,0.30,3.38,0.33,3.30
512.522,0.32,3.25,0.33,3.29
512.544,0.27,3.43,0.32,3.33
512.566,0.32,3.46,0.31,3.38
512.588,0.39,3.48,0.32,3.40
512.610,0.36,3.47,0.33,3.42
512.632,0.46,3.41,0.36,3.45
512.654,0.39,3.51,0.38,3.47
512.676,0.33,3.40,0.39,3.45
512.698,0.28,3.35,0.36,3.43
512.720,0.14,3.38,0.32,3.41
512.742,0.22,3.35,0.27,3.40
512.764,0.18,3.58,0.23,3.41
512.786,0.21,3.48,0.21,3.43
512.808,0.42,3.51,0.23,3.46
512.830,0.40,3.39,0.29,3.46
512.852,0.41,3.42,0.32,3.48
512.874,0.28,3.34,0.34,3.43
512.896,0.36,3.25,0.37,3.38
512.918,0.27,3.32,0.34,3.34
512.940,0.31,3.25,0.33,3.32
512.962,0.23,3.22,0.29,3.28
512.984,0.51,3.21,0.34,3.25
513.006,0.49,3.21,0.36,3.24
513.028,0.41,3.36,0.39,3.25
513.050,0.35,3.14,0.40,3.23
513.072,0.48,3.23,0.45,3.23
513.094,0.34,3.25,0.41,3.24
513.116,0.24,3.19,0.36,3.23
513.138,0.16,3.42,0.31,3.25
513.160,0.34,3.52,0.31,3.32
513.182,0.32,3.47,0.28,3.37
513.204,0.31,3.47,0.27,3.41
513.226,0.24,3.42,0.27,3.46
513.248,0.20,3.33,0.28,3.44
513.270,0.26,3.46,0.27,3.43
513.292,0.29,3.55,0.26,3.45
513.314,0.33,3.43,0.26,3.44
513.336,0.18,3.57,0.25,3.47
513.358,0.23,3.42,0.26,3.49
513.380,0.32,3.49,0.27,3.49
513.402,0.21,3.48,0.25,3.48
513.424,0.33,3.36,0.25,3.46
513.446,0.49,3.39,0.32,3.43
513.468,0.54,3.37,0.38,3.42
513.490,0.44,3.26,0.40,3.37
513.512,0.45,3.29,0.45,3.33
513.534,0.35,3.45,0.45,3.35
513.556,0.41,3.36,0.44,3.35
513.578,0.37,3.36,0.40,3.34
513.600,0.27,3.43,0.37,3.38
513.622,0.38,3.37,0.36,3.39
513.644,0.44,3.40,0.37,3.38
513.666,0.34,3.33,0.36,3.38
513.688,0.34,3.25,0.35,3.36
513.710,0.28,3.40,0.36,3.35
513.732,0.36,3.50,0.35,3.38
513.754,0.22,3.40,0.31,3.38
513.776,0.27,3.43,0.29,3.40
513.798,0.34,3.47,0.29,3.44
513.820,0.21,3.38,0.28,3.44
513.842,0.35,3.50,0.28,3.44
513.864,0.43,3.48,0.32,3.45
513.886,0.51,3.34,0.37,3.43
513.908,0.41,3.30,0.38,3.40
513.930,0.44,3.16,0.43,3.36
513.952,0.38,3.25,0.43,3.31
513.974,0.38,3.26,0.42,3.26
513.996,0.24,3.16,0.37,3.23
514.018,0.27,3.10,0.34,3.19
514.040,0.21,3.34,0.30,3.22
514.062,0.33,3.46,0.29,3.26
514.084,0.33,3.41,0.28,3.29
514.106,0.47,3.35,0.32,3.33
514.128,0.36,3.27,0.34,3.37
514.150,0.36,3.31,0.37,3.36
514.172,0.42,3.31,0.39,3.33
514.194,0.26,3.19,0.37,3.29
514.216,0.27,3.29,0.33,3.27
514.238,0.38,3.45,0.34,3.31
514.260,0.25,3.54,0.32,3.36
514.282,0.26,3.55,0.28,3.40
514.304,0.40,3.69,0.31,3.50
514.326,0.29,3.58,0.32,3.56
514.348,0.33,3.40,0.31,3.55
514.370,0.45,3.50,0.35,3.54
514.392,0.49,3.37,0.39,3.51
514.414,0.31,3.47,0.37,3.46
514.436,0.28,3.27,0.37,3.40
514.458,0.49,3.16,0.40,3.35
514.480,0.44,3.27,0.40,3.31
514.502,0.45,3.26,0.39,3.29
514.524,0.26,3.24,0.38,3.24
514.546,0.29,3.24,0.39,3.23
514.568,0.24,3.32,0.34,3.27
514.590,0.26,3.52,0.30,3.32
514.612,0.13,3.52,0.24,3.37
514.634,0.08,3.34,0.20,3.39
514.656,0.16,3.37,0.17,3.41
514.678,0.34,3.25,0.19,3.40
514.700,0.33,3.38,0.21,3.37
514.722,0.26,3.40,0.23,3.35
514.744,0.30,3.39,0.28,3.36
514.766,0.26,3.35,0.30,3.35
514.788,0.30,3.23,0.29,3.35
514.810,0.36,3.28,0.30,3.33
514.832,0.35,3.32,0.31,3.31
514.854,0.21,3.25,0.30,3.29
514.876,0.21,3.32,0.29,3.28
514.898,0.28,3.47,0.28,3.33
514.920,0.24,3.42,0.26,3.36
514.942,0.27,3.30,0.24,3.35
514.964,0.39,3.21,0.28,3.34
514.986,0.30,3.27,0.30,3.33
515.008,0.30,3.30,0.30,3.30
515.030,0.38,3.32,0.33,3.28
515.052,0.44,3.18,0.36,3.26
515.074,0.28,3.34,0.34,3.28
515.096,0.33,3.21,0.35,3.27
515.118,0.23,3.41,0.33,3.29
515.140,0.47,3.53,0.35,3.33
515.162,0.38,3.48,0.34,3.39
515.184,0.20,3.42,0.32,3.41
515.206,0.17,3.38,0.29,3.44
515.228,0.35,3.36,0.31,3.43
515.250,0.34,3.30,0.29,3.39
515.272,0.46,3.38,0.30,3.37
515.294,0.37,3.55,0.34,3.39
515.316,0.14,3.44,0.33,3.41
515.338,0.24,3.35,0.31,3.40
515.360,0.20,3.42,0.28,3.43
515.382,0.42,3.29,0.27,3.41
515.404,0.21,3.42,0.24,3.38
515.426,0.49,3.51,0.31,3.40
515.448,0.48,3.55,0.36,3.44
515.470,0.27,3.43,0.37,3.44
515.492,0.35,3.54,0.36,3.49
515.514,0.38,3.47,0.39,3.50
515.536,0.36,3.44,0.37,3.49
515.558,0.40,3.43,0.35,3.46
515.580,0.42,3.44,0.38,3.46
515.602,0.38,3.42,0.39,3.44
515.624,0.35,3.29,0.38,3.40
515.646,0.35,3.27,0.38,3.37
515.668,0.55,3.44,0.41,3.37
515.690,0.55,3.37,0.44,3.36
515.712,0.53,3.42,0.47,3.36
515.734,0.48,3.29,0.49,3.36
515.756,0.38,3.42,0.50,3.39
515.778,0.28,3.41,0.44,3.38
515.800,0.32,3.39,0.40,3.39
515.822,0.30,3.44,0.35,3.39
515.844,0.25,3.47,0.31,3.43
515.866,0.42,3.44,0.31,3.43
515.888,0.37,3.30,0.33,3.41
515.910,0.30,3.36,0.33,3.40
515.932,0.29,3.44,0.33,3.40
515.954,0.33,3.38,0.34,3.38
515.976,0.32,3.42,0.32,3.38
515.998,0.55,3.49,0.36,3.42
516.020,0.54,3.38,0.41,3.42
516.042,0.39,3.35,0.43,3.40
516.064,0.38,3.38,0.44,3.40
516.086,0.25,3.37,0.42,3.39
516.108,0.27,3.45,0.37,3.39
516.130,0.31,3.31,0.32,3.37
516.152,0.27,3.46,0.30,3.39
516.174,0.40,3.56,0.30,3.43
516.196,0.30,3.38,0.31,3.43
516.218,0.24,3.52,0.30,3.45
516.240,0.28,3.27,0.30,3.44
516.262,0.26,3.42,0.30,3.43
516.284,0.27,3.41,0.27,3.40
516.306,0.25,3.35,0.26,3.39
516.328,0.37,3.27,0.29,3.34
516.350,0.45,3.30,0.32,3.35
516.372,0.32,3.36,0.33,3.34
516.394,0.22,3.33,0.32,3.32
516.416,0.36,3.27,0.34,3.31
516.438,0.54,3.23,0.38,3.30
516.460,0.36,3.27,0.36,3.29
516.482,0.30,3.38,0.36,3.30
516.504,0.16,3.44,0.34,3.32
516.526,0.28,3.34,0.33,3.33
516.548,0.31,3.19,0.28,3.32
516.570,0.40,3.24,0.29,3.32
516.592,0.34,3.30,0.30,3.30
516.614,0.47,3.32,0.36,3.28
516.636,0.49,3.21,0.40,3.25
516.658,0.40,3.33,0.42,3.28
516.680,0.30,3.35,0.40,3.30
516.702,0.37,3.34,0.41,3.31
516.724,0.41,3.24,0.39,3.29
516.746,0.34,3.33,0.36,3.32
516.768,0.32,3.46,0.35,3.34
516.790,0.30,3.47,0.35,3.37
516.812,0.32,3.38,0.34,3.38
516.834,0.37,3.47,0.33,3.42
516.856,0.32,3.41,0.33,3.44
516.878,0.39,3.28,0.34,3.40
516.900,0.39,3.27,0.36,3.36
516.922,0.38,3.30,0.37,3.35
516.944,0.33,3.35,0.36,3.32
516.966,0.34,3.47,0.37,3.33
516.988,0.36,3.44,0.36,3.37
517.010,0.26,3.33,0.33,3.38
517.032,0.28,3.35,0.31,3.39
517.054,0.19,3.22,0.29,3.36
517.076,0.23,3.44,0.26,3.36
517.098,0.34,3.41,0.26,3.35
517.120,0.27,3.30,0.26,3.34
517.142,0.28,3.28,0.26,3.33
517.164,0.20,3.32,0.26,3.35
517.186,0.35,3.27,0.29,3.32
517.208,0.45,3.36,0.31,3.31
517.230,0.32,3.34,0.32,3.31
517.252,0.28,3.33,0.32,3.32
517.274,0.27,3.25,0.33,3.31
517.296,0.39,3.34,0.34,3.32
517.318,0.37,3.40,0.33,3.33
517.340,0.26,3.27,0.31,3.32
517.362,0.31,3.31,0.32,3.31
517.384,0.24,3.36,0.31,3.34
517.406,0.30,3.34,0.30,3.34
517.428,0.39,3.32,0.30,3.32
517.450,0.32,3.46,0.31,3.36
517.472,0.28,3.35,0.31,3.37
517.494,0.43,3.26,0.34,3.35
517.516,0.49,3.41,0.38,3.36
517.538,0.30,3.52,0.36,3.40
517.560,0.23,3.53,0.35,3.41
517.582,0.15,3.48,0.32,3.44
517.604,0.28,3.45,0.29,3.48
517.626,0.29,3.21,0.25,3.44
517.648,0.39,3.22,0.27,3.38
517.670,0.24,3.25,0.27,3.32
517.692,0.25,3.40,0.29,3.31
517.714,0.24,3.39,0.28,3.29
517.736,0.32,3.27,0.29,3.31
517.758,0.26,3.38,0.26,3.34
517.780,0.31,3.31,0.28,3.35
517.802,0.39,3.18,0.30,3.31
517.824,0.51,3.25,0.36,3.28
517.846,0.48,3.44,0.39,3.31
517.868,0.30,3.30,0.40,3.30
517.890,0.23,3.45,0.38,3.32
517.912,0.26,3.39,0.36,3.37
517.934,0.20,3.47,0.29,3.41
517.956,0.26,3.45,0.25,3.41
517.978,0.44,3.35,0.28,3.42
518.000,0.27,3.25,0.29,3.38
518.022,0.27,3.41,0.29,3.39
518.044,0.41,3.37,0.33,3.37
518.066,0.27,3.31,0.33,3.34
518.088,0.06,3.35,0.26,3.34
518.110,0.26,3.38,0.25,3.36
518.132,0.03,3.26,0.21,3.33
518.154,0.10,3.25,0.14,3.31
518.176,0.12,3.27,0.11,3.30
518.198,0.32,3.38,0.17,3.31
518.220,0.28,3.20,0.17,3.27
518.242,0.21,3.22,0.21,3.26
518.264,0.08,3.25,0.20,3.26
518.286,0.16,3.19,0.21,3.25
518.308,0.20,3.42,0.19,3.26
518.330,0.29,3.31,0.19,3.28
518.352,0.21,3.42,0.19,3.32
518.374,0.29,3.34,0.23,3.34
518.396,0.29,3.46,0.26,3.39
518.418,0.53,3.32,0.32,3.37
518.440,0.45,3.36,0.35,3.38
518.462,0.36,3.47,0.38,3.39
518.484,0.29,3.35,0.38,3.39
518.506,0.32,3.26,0.39,3.35
518.528,0.52,3.21,0.39,3.33
518.550,0.24,3.26,0.35,3.31
518.572,0.21,3.41,0.32,3.30
518.594,0.15,3.20,0.29,3.27
518.616,0.31,3.27,0.29,3.27
518.638,0.25,3.21,0.23,3.27
518.660,0.25,3.18,0.23,3.25
518.682,0.33,3.21,0.26,3.21
518.704,0.29,3.33,0.29,3.24
518.726,0.43,3.44,0.31,3.27
518.748,0.48,3.48,0.36,3.33
518.770,0.48,3.39,0.40,3.37
518.792,0.48,3.34,0.43,3.40
518.814,0.40,3.36,0.45,3.40
518.836,0.28,3.36,0.42,3.39
518.858,0.37,3.31,0.40,3.35
518.880,0.27,3.40,0.36,3.35
518.902,0.33,3.50,0.33,3.39
518.924,0.39,3.48,0.33,3.41
518.946,0.27,3.39,0.33,3.42
518.968,0.28,3.38,0.31,3.43
518.990,0.29,3.39,0.31,3.43
519.012,0.35,3.40,0.32,3.41
519.034,0.41,3.37,0.32,3.39
519.056,0.34,3.29,0.33,3.37
519.078,0.33,3.35,0.34,3.36
519.100,0.30,3.40,0.35,3.36
519.122,0.39,3.35,0.35,3.35
519.144,0.37,3.29,0.35,3.34
519.166,0.44,3.16,0.37,3.31
519.188,0.41,3.24,0.38,3.29
519.210,0.25,3.38,0.37,3.28
519.232,0.33,3.31,0.36,3.28
519.254,0.55,3.21,0.40,3.26
519.276,0.56,3.12,0.42,3.25
519.298,0.31,3.13,0.40,3.23
519.320,0.32,3.22,0.41,3.20
519.342,0.39,3.26,0.43,3.19
519.364,0.50,3.38,0.42,3.22
519.386,0.38,3.34,0.38,3.27
519.408,0.35,3.23,0.39,3.29
519.430,0.38,3.36,0.40,3.31
519.452,0.46,3.51,0.41,3.36
519.474,0.26,3.40,0.37,3.37
519.496,0.06,3.40,0.30,3.38
519.518,0.17,3.41,0.27,3.42
519.540,0.12,3.41,0.21,3.43
519.562,0.24,3.33,0.17,3.39
519.584,0.27,3.28,0.17,3.37
519.606,0.34,3.24,0.23,3.33
519.628,0.31,3.47,0.26,3.35
519.650,0.34,3.48,0.30,3.36
519.672,0.44,3.46,0.34,3.39
519.694,0.38,3.45,0.36,3.42
519.716,0.44,3.51,0.38,3.47
519.738,0.31,3.46,0.38,3.47
519.760,0.30,3.35,0.37,3.45
519.782,0.44,3.42,0.37,3.44
519.804,0.34,3.55,0.37,3.46
519.826,0.38,3.56,0.35,3.47
519.848,0.32,3.46,0.36,3.47
519.870,0.41,3.40,0.38,3.48
519.892,0.32,3.32,0.35,3.46
519.914,0.27,3.32,0.34,3.41
519.936,0.20,3.27,0.30,3.35
519.958,0.33,3.30,0.31,3.32
519.980,0.30,3.17,0.28,3.28
520.002,0.27,3.29,0.27,3.27
520.024,0.28,3.47,0.28,3.30
520.046,0.44,3.42,0.32,3.33
520.068,0.33,3.40,0.32,3.35
520.090,0.39,3.31,0.34,3.38
520.112,0.31,3.20,0.35,3.36
520.134,0.33,3.24,0.36,3.31
520.156,0.38,3.43,0.35,3.32
520.178,0.33,3.49,0.35,3.33
520.200,0.28,3.26,0.33,3.32
520.222,0.21,3.33,0.31,3.35
520.244,0.16,3.36,0.27,3.37
520.266,0.32,3.33,0.26,3.35
520.288,0.39,3.26,0.27,3.31
520.310,0.37,3.30,0.29,3.32
520.332,0.35,3.34,0.32,3.32
520.354,0.25,3.17,0.34,3.28
520.376,0.28,3.30,0.33,3.27
520.398,0.28,3.38,0.31,3.30
520.420,0.40,3.54,0.31,3.35
520.442,0.30,3.52,0.30,3.38
520.464,0.30,3.52,0.31,3.45
520.486,0.23,3.54,0.30,3.50
520.508,0.22,3.58,0.29,3.54
520.530,0.10,3.52,0.23,3.54
520.552,0.27,3.48,0.22,3.53
520.574,0.27,3.56,0.22,3.54
520.596,0.26,3.45,0.22,3.52
520.618,0.27,3.38,0.23,3.48
520.640,0.25,3.43,0.26,3.46
520.662,0.33,3.44,0.28,3.45
520.684,0.39,3.35,0.30,3.41
520.706,0.44,3.36,0.34,3.39
520.728,0.26,3.39,0.33,3.39
520.750,0.32,3.43,0.35,3.39
520.772,0.50,3.47,0.38,3.40
520.794,0.40,3.38,0.38,3.41
520.816,0.39,3.42,0.37,3.42
520.838,0.40,3.42,0.40,3.42
520.860,0.32,3.24,0.40,3.39
520.882,0.31,3.25,0.36,3.34
520.904,0.34,3.31,0.35,3.33
520.926,0.30,3.41,0.33,3.33
520.948,0.49,3.37,0.35,3.32
520.970,0.42,3.64,0.37,3.40
520.992,0.44,3.68,0.40,3.48
521.014,0.37,3.45,0.40,3.51
521.036,0.31,3.29,0.41,3.49
521.058,0.23,3.30,0.35,3.47
521.080,0.18,3.34,0.31,3.41
521.102,0.27,3.43,0.27,3.36
521.124,0.28,3.51,0.25,3.37
521.146,0.43,3.40,0.28,3.40
521.168,0.29,3.32,0.29,3.40
521.190,0.24,3.46,0.30,3.42
521.212,0.31,3.54,0.31,3.45
521.234,0.25,3.49,0.30,3.44
521.256,0.28,3.39,0.27,3.44
521.278,0.41,3.32,0.30,3.44
521.300,0.34,3.45,0.32,3.44
521.322,0.49,3.41,0.35,3.41
521.344,0.52,3.38,0.41,3.39
521.366,0.48,3.25,0.45,3.36
521.388,0.34,3.32,0.43,3.36
521.410,0.40,3.31,0.45,3.33
521.432,0.52,3.50,0.45,3.35
521.454,0.44,3.34,0.44,3.34
521.476,0.48,3.27,0.44,3.35
521.498,0.29,3.19,0.43,3.32
521.520,0.34,3.47,0.41,3.35
521.542,0.23,3.44,0.36,3.34
521.564,0.27,3.35,0.32,3.34
521.586,0.39,3.27,0.30,3.34
521.608,0.33,3.34,0.31,3.37
521.630,0.41,3.26,0.33,3.33
521.652,0.34,3.29,0.35,3.30
521.674,0.33,3.41,0.36,3.31
521.696,0.39,3.40,0.36,3.34
521.718,0.24,3.38,0.34,3.35
521.740,0.29,3.47,0.32,3.39
521.762,0.24,3.56,0.30,3.44
521.784,0.24,3.46,0.28,3.45
521.806,0.18,3.53,0.24,3.48
521.828,0.32,3.45,0.25,3.49
521.850,0.48,3.62,0.29,3.52
521.872,0.59,3.64,0.36,3.54
521.894,0.32,3.54,0.38,3.56
521.916,0.35,3.36,0.41,3.52
521.938,0.34,3.40,0.42,3.51
521.960,0.22,3.29,0.36,3.45
521.982,0.13,3.33,0.27,3.38
522.004,0.19,3.31,0.25,3.34
522.026,0.13,3.29,0.20,3.32
522.048,0.30,3.34,0.19,3.31
522.070,0.27,3.50,0.20,3.35
522.092,0.14,3.35,0.21,3.36
522.114,0.05,3.31,0.18,3.36
522.136,0.42,3.32,0.24,3.36
522.158,0.46,3.39,0.27,3.37
522.180,0.42,3.35,0.30,3.34
522.202,0.34,3.38,0.34,3.35
522.224,0.40,3.37,0.41,3.36
522.246,0.34,3.29,0.39,3.36
522.268,0.25,3.37,0.35,3.35
522.290,0.29,3.38,0.32,3.36
522.312,0.25,3.41,0.31,3.36
522.334,0.28,3.48,0.28,3.39
522.356,0.42,3.44,0.30,3.42
522.378,0.27,3.34,0.30,3.41
522.400,0.30,3.42,0.30,3.42
522.422,0.42,3.45,0.34,3.43
522.444,0.31,3.42,0.34,3.41
522.466,0.35,3.40,0.33,3.41
522.488,0.22,3.34,0.32,3.41
522.510,0.16,3.47,0.29,3.42
522.532,0.20,3.47,0.25,3.42
522.554,0.17,3.35,0.22,3.41
522.576,0.27,3.23,0.20,3.37
522.598,0.15,3.19,0.19,3.34
522.620,0.30,3.32,0.22,3.31
522.642,0.26,3.31,0.23,3.28
522.664,0.36,3.18,0.27,3.25
522.686,0.23,3.11,0.26,3.22
522.708,0.19,3.16,0.27,3.22
522.730,0.23,3.31,0.25,3.21
522.752,0.25,3.27,0.25,3.21
522.774,0.31,3.29,0.24,3.23
522.796,0.30,3.38,0.26,3.28
522.818,0.42,3.35,0.30,3.32
522.840,0.47,3.25,0.35,3.31
522.862,0.49,3.30,0.40,3.31
522.884,0.34,3.43,0.40,3.34
522.906,0.33,3.44,0.41,3.35
522.928,0.41,3.30,0.41,3.34
522.950,0.30,3.35,0.37,3.36
522.972,0.37,3.59,0.35,3.42
522.994,0.45,3.53,0.37,3.44
523.016,0.41,3.42,0.39,3.44
523.038,0.29,3.38,0.36,3.45
523.060,0.33,3.26,0.37,3.44
523.082,0.26,3.35,0.35,3.39
523.104,0.38,3.49,0.33,3.38
523.126,0.38,3.54,0.33,3.40
523.148,0.41,3.52,0.35,3.43
523.170,0.40,3.44,0.37,3.47
523.192,0.47,3.30,0.41,3.46
523.214,0.43,3.35,0.42,3.43
523.236,0.38,3.16,0.42,3.35
523.258,0.29,3.39,0.39,3.33
523.280,0.33,3.24,0.38,3.29
523.302,0.29,3.36,0.34,3.30
523.324,0.44,3.44,0.35,3.32
523.346,0.32,3.32,0.33,3.35
523.368,0.28,3.27,0.33,3.33
523.390,0.34,3.24,0.33,3.33
523.412,0.19,3.24,0.31,3.30
523.434,0.35,3.30,0.30,3.27
523.456,0.42,3.38,0.32,3.29
523.478,0.38,3.52,0.34,3.34
523.500,0.33,3.46,0.33,3.38
523.522,0.54,3.53,0.40,3.44
523.544,0.37,3.51,0.41,3.48
523.566,0.27,3.52,0.38,3.51
523.588,0.26,3.52,0.35,3.51
523.610,0.36,3.34,0.36,3.48
523.632,0.41,3.35,0.33,3.45
523.654,0.31,3.32,0.32,3.41
523.676,0.37,3.34,0.34,3.37
523.698,0.29,3.29,0.35,3.33
523.720,0.20,3.29,0.32,3.32
523.742,0.34,3.25,0.30,3.30
523.764,0.43,3.36,0.33,3.31
523.786,0.40,3.28,0.33,3.29
523.808,0.47,3.45,0.37,3.33
523.830,0.40,3.41,0.41,3.35
523.852,0.33,3.42,0.41,3.38
523.874,0.36,3.40,0.39,3.39
523.896,0.24,3.59,0.36,3.45
523.918,0.37,3.59,0.34,3.48
523.940,0.26,3.45,0.31,3.49
523.962,0.28,3.48,0.30,3.50
523.984,0.36,3.41,0.30,3.50
524.006,0.33,3.49,0.32,3.48
524.028,0.25,3.55,0.30,3.48
524.050,0.26,3.43,0.30,3.47
524.072,0.09,3.49,0.26,3.47
524.094,0.07,3.40,0.20,3.47
524.116,0.15,3.22,0.16,3.42
524.138,0.15,3.31,0.14,3.37
524.160,0.21,3.26,0.13,3.34
524.182,0.26,3.26,0.17,3.29
524.204,0.32,3.31,0.22,3.27
524.226,0.44,3.43,0.28,3.31
524.248,0.39,3.35,0.32,3.32
524.270,0.42,3.34,0.37,3.34
524.292,0.25,3.23,0.36,3.33
524.314,0.28,3.25,0.36,3.32
524.336,0.31,3.32,0.33,3.30
524.358,0.32,3.41,0.32,3.31
524.380,0.31,3.38,0.29,3.32
524.402,0.35,3.38,0.31,3.35
524.424,0.18,3.42,0.29,3.38
524.446,0.32,3.48,0.30,3.41
524.468,0.42,3.39,0.32,3.41
524.490,0.38,3.17,0.33,3.37
524.512,0.46,3.23,0.35,3.34
524.534,0.43,3.32,0.40,3.32
524.556,0.42,3.35,0.42,3.29
524.578,0.33,3.55,0.40,3.32
524.600,0.43,3.45,0.41,3.38
524.622,0.36,3.48,0.39,3.43
524.644,0.35,3.51,0.38,3.47
524.666,0.23,3.45,0.34,3.49
524.688,0.28,3.34,0.33,3.45
524.710,0.25,3.21,0.29,3.40
524.732,0.25,3.37,0.27,3.38
524.754,0.38,3.23,0.28,3.32
524.776,0.39,3.11,0.31,3.25
524.798,0.37,3.20,0.33,3.22
524.820,0.37,3.25,0.35,3.23
524.842,0.17,3.23,0.34,3.20
524.864,0.25,3.26,0.31,3.21
524.886,0.42,3.34,0.32,3.26
524.908,0.36,3.23,0.31,3.26
524.930,0.16,3.30,0.27,3.27
524.952,0.23,3.33,0.28,3.29
524.974,0.39,3.39,0.31,3.32
524.996,0.44,3.36,0.32,3.32
525.018,0.49,3.33,0.34,3.34
525.040,0.47,3.17,0.40,3.32
525.062,0.38,3.42,0.43,3.33
525.084,0.32,3.36,0.42,3.33
525.106,0.30,3.41,0.39,3.34
525.128,0.30,3.44,0.35,3.36
525.150,0.37,3.61,0.33,3.45
525.172,0.46,3.56,0.35,3.48
525.194,0.45,3.43,0.38,3.49
525.216,0.42,3.49,0.40,3.51
525.238,0.42,3.47,0.42,3.51
525.260,0.24,3.43,0.40,3.48
525.282,0.25,3.39,0.36,3.44
525.304,0.31,3.30,0.33,3.42
525.326,0.47,3.21,0.34,3.36
525.348,0.47,3.26,0.35,3.32
525.370,0.41,3.16,0.38,3.26
525.392,0.29,3.31,0.39,3.25
525.414,0.39,3.35,0.41,3.26
525.436,0.34,3.42,0.38,3.30
525.458,0.27,3.48,0.34,3.34
525.480,0.32,3.32,0.32,3.38
525.502,0.31,3.37,0.33,3.39
525.524,0.36,3.33,0.32,3.38
525.546,0.33,3.42,0.32,3.38
525.568,0.56,3.37,0.38,3.36
525.590,0.41,3.27,0.39,3.35
525.612,0.25,3.36,0.38,3.35
525.634,0.13,3.28,0.34,3.34
525.656,0.20,3.29,0.31,3.31
525.678,0.28,3.41,0.25,3.32
525.700,0.07,3.55,0.19,3.38
525.722,0.17,3.58,0.17,3.42
525.744,0.21,3.56,0.19,3.48
525.766,0.22,3.47,0.19,3.51
525.788,0.09,3.57,0.15,3.55
525.810,0.14,3.35,0.17,3.51
525.832,0.17,3.24,0.17,3.44
525.854,0.27,3.19,0.18,3.36
525.876,0.32,3.03,0.20,3.28
525.898,0.20,3.12,0.22,3.19
525.920,0.37,3.25,0.27,3.17
525.942,0.52,3.42,0.34,3.20
525.964,0.39,3.43,0.36,3.25
525.986,0.21,3.35,0.34,3.31
526.008,0.19,3.34,0.34,3.36
526.030,0.38,3.16,0.34,3.34
526.052,0.34,3.42,0.30,3.34
526.074,0.23,3.47,0.27,3.35
526.096,0.08,3.46,0.24,3.37
526.118,0.24,3.41,0.25,3.38
526.140,0.26,3.42,0.23,3.44
526.162,0.38,3.35,0.24,3.42
526.184,0.31,3.27,0.25,3.38
526.206,0.26,3.29,0.29,3.35
526.228,0.40,3.27,0.32,3.32
526.250,0.15,3.35,0.30,3.31
526.272,0.38,3.33,0.30,3.30
526.294,0.31,3.38,0.30,3.32
526.316,0.35,3.19,0.32,3.30
526.338,0.36,3.25,0.31,3.30
526.360,0.35,3.21,0.35,3.27
526.382,0.24,3.22,0.32,3.25
526.404,0.29,3.28,0.32,3.23
526.426,0.25,3.36,0.30,3.26
526.448,0.31,3.36,0.29,3.29
526.470,0.33,3.47,0.28,3.34
526.492,0.35,3.44,0.31,3.38
526.514,0.34,3.60,0.32,3.45
526.536,0.49,3.46,0.36,3.47
526.558,0.38,3.32,0.38,3.46
526.580,0.32,3.47,0.38,3.46
526.602,0.10,3.58,0.33,3.49
526.624,0.16,3.47,0.29,3.46
526.646,0.20,3.56,0.23,3.48
526.668,0.25,3.44,0.21,3.50
526.690,0.22,3.44,0.19,3.50
526.712,0.27,3.35,0.22,3.45
526.734,0.24,3.36,0.24,3.43
526.756,0.20,3.50,0.24,3.42
526.778,0.34,3.42,0.25,3.41
526.800,0.36,3.35,0.28,3.40
526.822,0.17,3.24,0.26,3.37
526.844,0.24,3.15,0.26,3.33
526.866,0.24,3.13,0.27,3.26
526.888,0.30,3.05,0.26,3.18
526.910,0.32,3.32,0.25,3.18
526.932,0.26,3.56,0.27,3.24
526.954,0.37,3.57,0.30,3.33
526.976,0.13,3.59,0.28,3.42
526.998,0.33,3.42,0.28,3.49
527.020,0.32,3.42,0.28,3.51
527.042,0.30,3.36,0.29,3.47
527.064,0.13,3.52,0.24,3.46
527.086,0.25,3.36,0.27,3.42
527.108,0.29,3.37,0.26,3.41
527.130,0.29,3.22,0.25,3.37
527.152,0.36,3.30,0.26,3.35
527.174,0.37,3.28,0.31,3.31
527.196,0.32,3.41,0.33,3.32
527.218,0.26,3.52,0.32,3.35
527.240,0.23,3.38,0.31,3.38
527.262,0.31,3.47,0.30,3.41
527.284,0.28,3.37,0.28,3.43
527.306,0.42,3.31,0.30,3.41
527.328,0.37,3.33,0.32,3.37
527.350,0.27,3.31,0.33,3.36
527.372,0.31,3.44,0.33,3.35
527.394,0.35,3.46,0.34,3.37
527.416,0.27,3.41,0.31,3.39
527.438,0.23,3.37,0.29,3.40
527.460,0.44,3.35,0.32,3.41
527.482,0.42,3.21,0.34,3.36
527.504,0.37,3.23,0.35,3.31
527.526,0.38,3.59,0.37,3.35
527.548,0.16,3.55,0.35,3.39
527.570,0.31,3.43,0.33,3.40
527.592,0.27,3.45,0.30,3.45
527.614,0.35,3.30,0.29,3.46
527.636,0.29,3.32,0.28,3.41
527.658,0.39,3.32,0.32,3.36
527.680,0.36,3.45,0.33,3.37
527.702,0.30,3.28,0.34,3.33
527.724,0.34,3.27,0.34,3.33
527.746,0.39,3.21,0.36,3.31
527.768,0.34,3.23,0.35,3.29
527.790,0.46,3.41,0.37,3.28
527.812,0.47,3.33,0.40,3.29
527.834,0.42,3.26,0.42,3.29
527.856,0.38,3.28,0.41,3.30
527.878,0.31,3.25,0.41,3.31
527.900,0.29,3.33,0.37,3.29
527.922,0.25,3.26,0.33,3.28
527.944,0.35,3.24,0.32,3.27
527.966,0.25,3.46,0.29,3.31
527.988,0.31,3.47,0.29,3.35
528.010,0.38,3.46,0.31,3.38
528.032,0.50,3.47,0.36,3.42
528.054,0.47,3.42,0.38,3.46
528.076,0.31,3.31,0.39,3.43
528.098,0.39,3.42,0.41,3.42
528.120,0.30,3.42,0.39,3.41
528.142,0.22,3.35,0.34,3.38
528.164,0.31,3.43,0.31,3.39
528.186,0.38,3.41,0.32,3.41
528.208,0.24,3.40,0.29,3.40
528.230,0.45,3.48,0.32,3.41
528.252,0.38,3.44,0.35,3.43
528.274,0.34,3.51,0.36,3.45
528.296,0.28,3.59,0.34,3.48
528.318,0.28,3.31,0.35,3.47
528.340,0.22,3.32,0.30,3.43
528.362,0.27,3.43,0.28,3.43
528.384,0.33,3.23,0.28,3.38
528.406,0.25,3.30,0.27,3.32
528.428,0.35,3.28,0.28,3.31
528.450,0.37,3.37,0.31,3.32
528.472,0.35,3.23,0.33,3.28
528.494,0.21,3.19,0.31,3.27
528.516,0.33,3.26,0.32,3.27
528.538,0.27,3.38,0.31,3.29
528.560,0.43,3.50,0.32,3.31
528.582,0.42,3.56,0.33,3.38
528.604,0.35,3.39,0.36,3.42
528.626,0.19,3.42,0.33,3.45
528.648,0.32,3.36,0.34,3.45
528.670,0.32,3.46,0.32,3.44
528.692,0.25,3.45,0.29,3.42
528.714,0.34,3.43,0.28,3.42
528.736,0.39,3.20,0.32,3.38
528.758,0.23,3.31,0.31,3.37
528.780,0.28,3.27,0.30,3.33
528.802,0.34,3.30,0.32,3.30
528.824,0.26,3.39,0.30,3.29
528.846,0.29,3.29,0.28,3.31
528.868,0.11,3.33,0.26,3.32
528.890,0.19,3.29,0.24,3.32
528.912,0.28,3.21,0.23,3.30
528.934,0.32,3.32,0.24,3.29
528.956,0.39,3.63,0.26,3.36
528.978,0.34,3.72,0.30,3.43
529.000,0.23,3.73,0.31,3.52
529.022,0.30,3.66,0.32,3.61
529.044,0.32,3.56,0.32,3.66
529.066,0.24,3.45,0.29,3.62
529.088,0.23,3.34,0.26,3.55
529.110,0.32,3.30,0.28,3.46
529.132,0.41,3.26,0.30,3.38
529.154,0.44,3.27,0.33,3.32
529.176,0.38,3.33,0.36,3.30
529.198,0.27,3.33,0.36,3.30
529.220,0.37,3.25,0.37,3.29
529.242,0.48,3.38,0.39,3.31
529.264,0.28,3.24,0.36,3.31
529.286,0.21,3.26,0.32,3.29
529.308,0.22,3.27,0.31,3.28
529.330,0.38,3.25,0.31,3.28
529.352,0.35,3.21,0.29,3.25
529.374,0.27,3.20,0.29,3.24
529.396,0.37,3.30,0.32,3.25
529.418,0.34,3.35,0.34,3.26
529.440,0.22,3.46,0.31,3.30
529.462,0.20,3.49,0.28,3.36
529.484,0.21,3.44,0.27,3.41
529.506,0.17,3.60,0.23,3.47
529.528,0.30,3.39,0.22,3.48
529.550,0.27,3.45,0.23,3.47
529.572,0.48,3.57,0.29,3.49
529.594,0.23,3.41,0.29,3.48
529.616,0.35,3.31,0.33,3.43
529.638,0.33,3.37,0.33,3.42
529.660,0.41,3.43,0.36,3.42
529.682,0.25,3.37,0.31,3.38
529.704,0.39,3.38,0.35,3.37
529.726,0.36,3.36,0.35,3.38
529.748,0.43,3.28,0.37,3.36
529.770,0.39,3.31,0.36,3.34
529.792,0.25,3.19,0.36,3.30
529.814,0.34,3.20,0.35,3.27
529.836,0.34,3.13,0.35,3.22
529.858,0.38,3.27,0.34,3.22
529.880,0.43,3.54,0.35,3.27
529.902,0.55,3.33,0.41,3.29
529.924,0.42,3.35,0.42,3.32
529.946,0.42,3.54,0.44,3.41
529.968,0.38,3.57,0.44,3.47
529.990,0.27,3.51,0.41,3.46
530.012,0.20,3.48,0.34,3.49
530.034,0.22,3.35,0.30,3.49
530.056,0.23,3.37,0.26,3.46
530.078,0.11,3.28,0.21,3.40
530.100,0.13,3.24,0.18,3.34
530.122,0.15,3.44,0.17,3.34
530.144,0.24,3.41,0.17,3.35
530.166,0.26,3.29,0.18,3.33
530.188,0.48,3.22,0.25,3.32
530.210,0.43,3.21,0.31,3.31
530.232,0.54,3.16,0.39,3.26
530.254,0.36,3.18,0.41,3.21
530.276,0.38,3.27,0.44,3.21
530.298,0.37,3.40,0.42,3.24
530.320,0.25,3.46,0.38,3.29
530.342,0.33,3.48,0.34,3.36
530.364,0.27,3.43,0.32,3.41
530.386,0.28,3.34,0.30,3.42
530.408,0.14,3.43,0.25,3.43
530.430,0.47,3.36,0.30,3.41
530.452,0.38,3.45,0.31,3.40
530.474,0.26,3.32,0.31,3.38
530.496,0.21,3.31,0.29,3.37
530.518,0.26,3.43,0.32,3.37
530.540,0.27,3.33,0.28,3.37
530.562,0.17,3.10,0.23,3.30
530.584,0.25,3.24,0.23,3.28
530.606,0.16,3.37,0.22,3.29
530.628,0.18,3.30,0.21,3.27
530.650,0.23,3.17,0.20,3.24
530.672,0.38,3.20,0.24,3.26
530.694,0.46,3.41,0.28,3.29
530.716,0.40,3.25,0.33,3.27
530.738,0.32,3.43,0.36,3.29
530.760,0.41,3.52,0.39,3.36
530.782,0.30,3.57,0.38,3.44
530.804,0.42,3.53,0.37,3.46
530.826,0.38,3.52,0.37,3.51
530.848,0.47,3.54,0.40,3.54
530.870,0.43,3.41,0.40,3.51
530.892,0.23,3.40,0.39,3.48
530.914,0.11,3.33,0.32,3.44
530.936,0.08,3.49,0.26,3.43
530.958,0.20,3.31,0.21,3.39
530.980,0.31,3.36,0.19,3.38
531.002,0.36,3.42,0.21,3.38
531.024,0.44,3.33,0.28,3.38
531.046,0.41,3.53,0.34,3.39
531.068,0.57,3.54,0.42,3.44
531.090,0.52,3.42,0.46,3.45
531.112,0.36,3.32,0.46,3.43
531.134,0.23,3.45,0.42,3.45
531.156,0.25,3.50,0.39,3.45
531.178,0.19,3.34,0.31,3.41
531.200,0.30,3.41,0.27,3.40
531.222,0.27,3.41,0.25,3.42
531.244,0.21,3.38,0.24,3.41
531.266,0.20,3.18,0.23,3.34
531.288,0.21,3.28,0.24,3.33
531.310,0.04,3.48,0.19,3.35
531.332,0.05,3.47,0.14,3.36
531.354,0.27,3.54,0.15,3.39
531.376,0.29,3.59,0.17,3.47
531.398,0.21,3.61,0.17,3.54
531.420,0.32,3.34,0.23,3.51
531.442,0.22,3.47,0.26,3.51
531.464,0.32,3.37,0.27,3.48
531.486,0.35,3.22,0.28,3.40
531.508,0.39,3.38,0.32,3.36
531.530,0.37,3.21,0.33,3.33
531.552,0.44,3.08,0.37,3.25
531.574,0.50,3.19,0.41,3.22
531.596,0.41,3.40,0.42,3.25
531.618,0.49,3.19,0.44,3.21
531.640,0.39,3.14,0.45,3.20
531.662,0.54,3.33,0.47,3.25
531.684,0.46,3.28,0.46,3.27
531.706,0.48,3.40,0.47,3.27
531.728,0.39,3.45,0.45,3.32
531.750,0.39,3.63,0.45,3.42
531.772,0.22,3.61,0.39,3.47
531.794,0.12,3.43,0.32,3.50
531.816,0.16,3.35,0.26,3.49
531.838,0.26,3.46,0.23,3.50
531.860,0.18,3.40,0.19,3.45
531.882,0.27,3.37,0.20,3.40
531.904,0.33,3.38,0.24,3.39
531.926,0.23,3.53,0.25,3.43
531.948,0.18,3.57,0.24,3.45
531.970,0.31,3.48,0.26,3.47
531.992,0.49,3.49,0.31,3.49
532.014,0.34,3.50,0.31,3.51
532.036,0.28,3.47,0.32,3.50
532.058,0.28,3.48,0.34,3.48
532.080,0.21,3.31,0.32,3.45
532.102,0.25,3.39,0.27,3.43
532.124,0.13,3.40,0.23,3.41
532.146,0.22,3.45,0.22,3.41
532.168,0.18,3.21,0.20,3.35
532.190,0.13,3.29,0.18,3.35
532.212,0.07,3.19,0.15,3.31
532.234,0.19,3.22,0.16,3.27
532.256,0.19,3.28,0.15,3.24
532.278,0.24,3.25,0.16,3.25
532.300,0.32,3.28,0.20,3.24
532.322,0.22,3.34,0.23,3.27
532.344,0.24,3.36,0.24,3.30
532.366,0.03,3.25,0.21,3.30
532.388,0.22,3.26,0.21,3.30
532.410,0.31,3.29,0.20,3.30
532.432,0.22,3.39,0.20,3.31
532.454,0.34,3.42,0.22,3.32
532.476,0.35,3.38,0.29,3.35
532.498,0.49,3.49,0.34,3.39
532.520,0.46,3.47,0.37,3.43
532.542,0.24,3.21,0.38,3.39
532.564,0.40,3.27,0.39,3.36
532.586,0.36,3.47,0.39,3.38
532.608,0.20,3.43,0.33,3.37
532.630,0.15,3.43,0.27,3.36
532.652,0.25,3.52,0.27,3.42
532.674,0.31,3.49,0.25,3.47
532.696,0.23,3.30,0.23,3.43
532.718,0.30,3.30,0.25,3.41
532.740,0.33,3.24,0.28,3.37
532.762,0.42,3.20,0.32,3.31
532.784,0.49,3.22,0.35,3.25
532.806,0.60,3.37,0.43,3.27
532.828,0.51,3.35,0.47,3.28
532.850,0.35,3.34,0.47,3.30
532.872,0.40,3.31,0.47,3.32
532.894,0.18,3.26,0.41,3.33
532.916,0.25,3.31,0.34,3.31
532.938,0.21,3.46,0.28,3.34
532.960,0.33,3.30,0.27,3.33
532.982,0.31,3.22,0.26,3.31
533.004,0.19,3.23,0.26,3.30
533.026,0.29,3.30,0.27,3.30
533.048,0.26,3.42,0.28,3.29
533.070,0.28,3.47,0.27,3.33
533.092,0.16,3.38,0.24,3.36
533.114,0.55,3.38,0.31,3.39
533.136,0.45,3.41,0.34,3.41
533.158,0.33,3.45,0.35,3.42
533.180,0.28,3.44,0.35,3.41
533.202,0.24,3.44,0.37,3.42
533.224,0.17,3.43,0.29,3.43
533.246,0.23,3.35,0.25,3.42
533.268,0.26,3.38,0.24,3.41
533.290,0.04,3.22,0.19,3.36
533.312,0.27,3.10,0.19,3.30
533.334,0.31,3.26,0.22,3.26
533.356,0.32,3.48,0.24,3.29
533.378,0.34,3.34,0.26,3.28
533.400,0.20,3.43,0.29,3.32
533.422,0.28,3.40,0.29,3.38
533.444,0.27,3.35,0.28,3.40
533.466,0.43,3.45,0.30,3.39
533.488,0.34,3.38,0.30,3.40
533.510,0.39,3.35,0.34,3.39
533.532,0.36,3.41,0.36,3.39
533.554,0.33,3.35,0.37,3.39
533.576,0.34,3.34,0.35,3.37
533.598,0.30,3.47,0.34,3.38
533.620,0.24,3.38,0.31,3.39
533.642,0.23,3.20,0.29,3.35
533.664,0.22,3.33,0.27,3.34
533.686,0.27,3.38,0.25,3.35
533.708,0.32,3.43,0.26,3.34
533.730,0.30,3.52,0.27,3.37
533.752,0.29,3.50,0.28,3.43
533.774,0.39,3.34,0.31,3.43
533.796,0.41,3.44,0.34,3.45
533.818,0.47,3.51,0.37,3.46
533.840,0.30,3.43,0.37,3.44
533.862,0.38,3.27,0.39,3.40
533.884,0.24,3.34,0.36,3.40
533.906,0.24,3.52,0.33,3.41
533.928,0.14,3.48,0.26,3.41
533.950,0.15,3.36,0.23,3.39
533.972,-0.06,3.38,0.14,3.42
533.994,0.15,3.37,0.12,3.42
534.016,0.17,3.40,0.11,3.40
534.038,0.19,3.38,0.12,3.38
534.060,0.38,3.27,0.17,3.36
534.082,0.38,3.45,0.25,3.37
534.104,0.30,3.44,0.28,3.39
534.126,0.35,3.45,0.32,3.40
534.148,0.30,3.41,0.34,3.40
534.170,0.28,3.25,0.32,3.40
534.192,0.19,3.26,0.28,3.36
534.214,0.32,3.39,0.29,3.35
534.236,0.32,3.38,0.28,3.34
534.258,0.43,3.37,0.31,3.33
534.280,0.31,3.32,0.31,3.34
534.302,-0.02,3.35,0.27,3.36
534.324,0.09,3.38,0.23,3.36
534.346,0.20,3.29,0.20,3.34
534.368,0.35,3.35,0.19,3.34
534.390,0.16,3.24,0.16,3.32
534.412,0.28,3.30,0.22,3.31
534.434,0.18,3.10,0.23,3.26
534.456,0.39,3.30,0.27,3.26
534.479,0.49,3.35,0.30,3.26
534.501,0.40,3.48,0.35,3.31
534.523,0.26,3.31,0.34,3.31
534.545,0.20,3.39,0.35,3.37
534.567,0.21,3.29,0.31,3.36
534.589,0.23,3.30,0.26,3.35
534.611,0.41,3.27,0.26,3.31
534.633,0.23,3.44,0.26,3.34
534.655,0.30,3.20,0.28,3.30
534.677,0.51,3.21,0.34,3.28
534.699,0.36,3.24,0.36,3.27
534.721,0.27,3.36,0.33,3.29
534.743,0.28,3.38,0.34,3.28
534.765,0.23,3.31,0.33,3.30
534.787,0.34,3.33,0.30,3.32
534.809,0.21,3.34,0.27,3.34
534.831,0.32,3.36,0.28,3.34
534.853,0.34,3.32,0.29,3.33
534.875,0.31,3.29,0.30,3.33
534.897,0.22,3.38,0.28,3.34
534.919,0.27,3.32,0.29,3.33
534.941,0.26,3.40,0.28,3.34
534.963,0.23,3.42,0.26,3.36
534.985,0.15,3.35,0.23,3.37
535.007,0.17,3.37,0.22,3.37
535.029,0.28,3.35,0.22,3.38
535.051,0.23,3.35,0.21,3.37
535.073,0.29,3.57,0.22,3.40
535.095,0.24,3.43,0.24,3.41
535.117,0.27,3.41,0.26,3.42
535.139,0.32,3.45,0.27,3.44
535.161,0.32,3.51,0.29,3.47
535.183,0.32,3.39,0.29,3.44
535.205,0.21,3.16,0.29,3.38
535.227,0.23,3.37,0.28,3.38
535.249,0.20,3.37,0.26,3.36
535.271,0.27,3.41,0.25,3.34
535.293,0.32,3.39,0.25,3.34
535.315,0.22,3.38,0.25,3.38
535.337,0.26,3.56,0.25,3.42
535.359,0.27,3.54,0.27,3.46
535.381,0.21,3.43,0.26,3.46
535.403,0.19,3.64,0.23,3.51
535.425,0.53,3.47,0.29,3.53
535.447,0.44,3.34,0.33,3.48
535.469,0.34,3.21,0.34,3.42
535.491,0.32,3.34,0.36,3.40
535.513,0.30,3.53,0.39,3.38
535.535,0.35,3.49,0.35,3.38
535.557,0.33,3.41,0.33,3.40
535.579,0.28,3.09,0.32,3.37
535.601,0.22,3.08,0.30,3.32
535.623,0.41,3.15,0.32,3.24
535.645,0.40,3.11,0.33,3.17
535.667,0.37,3.28,0.34,3.14
535.689,0.34,3.40,0.35,3.20
535.711,0.29,3.31,0.36,3.25
535.733,0.25,3.46,0.33,3.31
535.755,0.30,3.44,0.31,3.38
535.777,0.25,3.30,0.29,3.38
535.799,0.29,3.45,0.28,3.39
535.821,0.19,3.42,0.26,3.41
535.843,0.24,3.39,0.25,3.40
535.865,0.35,3.42,0.26,3.40
535.887,0.39,3.41,0.29,3.42
535.909,0.41,3.47,0.32,3.42
535.931,0.27,3.49,0.33,3.44
535.953,0.43,3.30,0.37,3.42
535.975,0.46,3.37,0.39,3.41
535.997,0.52,3.36,0.42,3.40
536.019,0.34,3.26,0.40,3.36
536.041,0.30,3.19,0.41,3.30
536.063,0.20,3.30,0.36,3.30
536.085,0.38,3.25,0.35,3.27
536.107,0.43,3.30,0.33,3.26
536.129,0.32,3.33,0.33,3.27
536.151,0.36,3.26,0.34,3.29
536.173,0.34,3.22,0.37,3.27
536.195,0.18,3.27,0.33,3.28
536.217,0.23,3.51,0.29,3.32
536.239,0.45,3.45,0.31,3.34
536.261,0.41,3.56,0.32,3.40
536.283,0.52,3.52,0.36,3.46
536.305,0.55,3.40,0.43,3.49
536.327,0.44,3.49,0.47,3.48
536.349,0.32,3.48,0.45,3.49
536.371,0.32,3.62,0.43,3.50
536.393,0.35,3.53,0.40,3.50
536.415,0.34,3.33,0.35,3.49
536.437,0.46,3.40,0.36,3.47
536.459,0.42,3.13,0.38,3.40
536.481,0.42,3.17,0.40,3.31
536.503,0.33,3.32,0.39,3.27
536.525,0.48,3.40,0.42,3.28
536.547,0.40,3.42,0.41,3.29
536.569,0.34,3.39,0.39,3.34
536.591,0.27,3.40,0.36,3.39
536.613,0.36,3.47,0.37,3.42
536.635,0.33,3.43,0.34,3.42
536.657,0.37,3.42,0.33,3.42
536.679,0.43,3.42,0.35,3.43
536.701,0.33,3.38,0.36,3.42
536.723,0.06,3.29,0.30,3.39
536.745,0.35,3.27,0.31,3.36
536.767,0.44,3.43,0.32,3.36
536.789,0.41,3.32,0.32,3.34
536.811,0.33,3.42,0.32,3.35
536.833,0.31,3.38,0.37,3.36
536.855,0.42,3.19,0.38,3.35
536.877,0.48,3.26,0.39,3.31
536.899,0.41,3.22,0.39,3.29
536.921,0.27,3.27,0.38,3.26
536.943,0.34,3.47,0.38,3.28
536.965,0.26,3.42,0.35,3.33
536.987,0.12,3.53,0.28,3.38
537.009,0.24,3.41,0.25,3.42
537.031,0.26,3.41,0.24,3.45
537.053,0.35,3.29,0.25,3.41
537.075,0.20,3.21,0.23,3.37
537.097,0.28,3.41,0.27,3.35
537.119,0.21,3.43,0.26,3.35
537.141,0.27,3.41,0.26,3.35
537.163,0.18,3.45,0.23,3.38
537.185,0.14,3.41,0.22,3.42
537.207,0.11,3.28,0.18,3.40
537.229,0.19,3.27,0.18,3.36
537.251,0.31,3.33,0.19,3.35
537.273,0.29,3.38,0.21,3.33
537.295,0.22,3.35,0.22,3.32
537.317,0.30,3.33,0.26,3.33
537.339,0.37,3.22,0.30,3.32
537.361,0.24,3.34,0.28,3.32
537.383,0.32,3.19,0.29,3.29
537.405,0.28,3.30,0.30,3.28
537.427,0.33,3.42,0.31,3.29
537.449,0.25,3.38,0.28,3.33
537.471,0.44,3.31,0.32,3.32
537.493,0.46,3.47,0.35,3.38
537.515,0.48,3.30,0.39,3.38
537.537,0.46,3.31,0.42,3.35
537.559,0.40,3.39,0.45,3.36
537.581,0.40,3.47,0.44,3.39
537.603,0.37,3.46,0.42,3.39
537.625,0.38,3.37,0.40,3.40
537.647,0.34,3.54,0.38,3.45
537.669,0.36,3.37,0.37,3.44
537.691,0.34,3.42,0.36,3.43
537.713,0.27,3.48,0.34,3.44
537.735,0.38,3.36,0.34,3.43
537.757,0.17,3.27,0.30,3.38
537.779,0.21,3.16,0.27,3.34
537.801,0.25,3.22,0.26,3.30
537.823,0.14,3.26,0.23,3.25
537.845,0.25,3.42,0.20,3.27
537.867,0.26,3.34,0.22,3.28
537.889,0.35,3.37,0.25,3.32
537.911,0.44,3.35,0.29,3.35
537.933,0.42,3.39,0.34,3.37
537.955,0.33,3.42,0.36,3.37
537.977,0.29,3.37,0.37,3.38
537.999,0.31,3.42,0.36,3.39
538.021,0.46,3.44,0.36,3.41
538.043,0.50,3.53,0.38,3.44
538.065,0.26,3.55,0.36,3.46
538.087,0.26,3.55,0.36,3.50
538.109,0.12,3.50,0.32,3.51
538.131,0.05,3.57,0.24,3.54
538.153,0.25,3.58,0.19,3.55
538.175,0.28,3.59,0.19,3.56
538.197,0.23,3.47,0.19,3.54
538.219,0.27,3.43,0.22,3.53
538.241,0.34,3.23,0.27,3.46
538.263,0.40,3.34,0.30,3.41
538.285,0.23,3.43,0.29,3.38
538.307,0.23,3.40,0.29,3.37
538.329,0.17,3.49,0.27,3.38
538.351,0.14,3.27,0.23,3.39
538.373,0.32,3.27,0.22,3.37
538.395,0.49,3.37,0.27,3.36
538.417,0.34,3.33,0.29,3.35
538.439,0.19,3.37,0.30,3.32
538.461,0.24,3.43,0.32,3.35
538.483,0.18,3.54,0.29,3.41
538.505,0.26,3.53,0.24,3.44
538.527,0.24,3.50,0.22,3.47
538.549,0.22,3.41,0.23,3.48
538.571,0.10,3.42,0.20,3.48
538.593,0.24,3.35,0.21,3.44
538.615,0.35,3.36,0.23,3.41
538.637,0.34,3.44,0.25,3.40
538.659,0.28,3.64,0.26,3.44
538.681,0.29,3.70,0.30,3.50
538.703,0.48,3.70,0.35,3.57
538.725,0.43,3.44,0.36,3.58
538.747,0.29,3.45,0.35,3.59
538.769,0.34,3.36,0.37,3.53
538.791,0.41,3.25,0.39,3.44
538.813,0.29,3.30,0.35,3.36
538.835,0.25,3.36,0.32,3.34
538.857,0.32,3.52,0.32,3.36
538.879,0.36,3.33,0.33,3.35
538.901,0.31,3.39,0.31,3.38
538.923,0.33,3.46,0.31,3.41
538.945,0.38,3.36,0.34,3.41
538.967,0.39,3.52,0.35,3.41
538.989,0.25,3.34,0.33,3.41
539.011,0.25,3.30,0.32,3.40
539.033,0.22,3.50,0.30,3.40
539.055,0.21,3.30,0.26,3.39
539.077,0.27,3.37,0.24,3.36
539.099,0.30,3.29,0.25,3.35
539.121,0.21,3.42,0.24,3.38
539.143,0.28,3.39,0.25,3.35
539.165,0.20,3.39,0.25,3.37
539.187,0.31,3.32,0.26,3.36
539.209,0.26,3.28,0.25,3.36
539.231,0.21,3.25,0.25,3.33
539.253,0.19,3.30,0.23,3.31
539.275,0.33,3.44,0.26,3.32
539.297,0.33,3.55,0.26,3.36
539.319,0.15,3.41,0.24,3.39
539.341,0.26,3.35,0.25,3.41
539.363,0.29,3.33,0.27,3.42
539.385,0.28,3.30,0.26,3.39
539.407,0.19,3.29,0.23,3.34
539.429,0.09,3.18,0.22,3.29
539.451,0.12,3.20,0.19,3.26
539.473,0.26,3.23,0.19,3.24
539.495,0.46,3.30,0.22,3.24
539.517,0.39,3.37,0.26,3.26
539.539,0.23,3.32,0.29,3.28
539.561,0.22,3.34,0.31,3.31
539.583,0.32,3.31,0.32,3.33
539.605,0.30,3.55,0.29,3.38
539.627,0.23,3.44,0.26,3.39
539.649,0.12,3.33,0.24,3.39
539.671,0.28,3.28,0.25,3.38
539.693,0.15,3.26,0.22,3.37
539.715,0.34,3.21,0.22,3.30
539.737,0.43,3.20,0.26,3.26
539.759,0.46,3.37,0.33,3.26
539.781,0.33,3.58,0.34,3.32
539.803,0.26,3.52,0.36,3.38
539.825,0.21,3.51,0.34,3.44
539.847,0.34,3.52,0.32,3.50
539.869,0.38,3.47,0.30,3.52
539.891,0.27,3.39,0.29,3.48
539.913,0.23,3.34,0.29,3.45
539.935,0.23,3.35,0.29,3.41
539.957,0.34,3.49,0.29,3.41
539.979,0.31,3.30,0.28,3.37
540.001,0.36,3.32,0.29,3.36
540.023,0.35,3.36,0.32,3.36
540.045,0.32,3.45,0.34,3.38
540.067,0.23,3.28,0.31,3.34
540.089,0.26,3.48,0.30,3.38
540.111,0.43,3.29,0.32,3.37
540.133,0.38,3.35,0.32,3.37
540.155,0.38,3.45,0.34,3.37
540.177,0.28,3.34,0.35,3.38
540.199,0.19,3.40,0.33,3.37
540.221,0.39,3.44,0.32,3.40
540.243,0.44,3.36,0.34,3.40
540.265,0.45,3.39,0.35,3.39
540.287,0.40,3.26,0.37,3.37
540.309,0.32,3.31,0.40,3.35
540.331,0.35,3.36,0.39,3.34
540.353,0.25,3.44,0.35,3.35
540.375,0.28,3.39,0.32,3.35
540.397,0.32,3.31,0.30,3.36
540.419,0.33,3.28,0.31,3.36
540.441,0.32,3.32,0.30,3.35
540.463,0.35,3.25,0.32,3.31
540.485,0.31,3.47,0.33,3.33
540.507,0.23,3.55,0.31,3.37
540.529,0.35,3.46,0.31,3.41
540.551,0.36,3.39,0.32,3.42
540.573,0.27,3.44,0.30,3.46
540.595,0.25,3.47,0.29,3.46
540.617,0.15,3.49,0.28,3.45
540.639,0.20,3.45,0.25,3.45
540.661,0.14,3.41,0.20,3.45
540.683,0.25,3.32,0.20,3.43
540.705,0.28,3.31,0.20,3.40
540.727,0.37,3.20,0.25,3.34
540.749,0.33,3.16,0.27,3.28
540.771,0.23,3.16,0.29,3.23
540.793,0.37,3.31,0.32,3.23
540.815,0.34,3.36,0.33,3.24
540.837,0.40,3.22,0.33,3.24
540.859,0.40,3.35,0.35,3.28
540.881,0.43,3.34,0.39,3.32
540.903,0.48,3.34,0.41,3.32
540.925,0.32,3.44,0.41,3.34
540.947,0.23,3.49,0.37,3.39
540.969,0.31,3.40,0.35,3.40
540.991,0.34,3.36,0.34,3.41
541.013,0.34,3.33,0.31,3.40
541.035,0.39,3.44,0.32,3.40
541.057,0.21,3.28,0.32,3.36
541.079,0.25,3.28,0.31,3.34
541.101,0.27,3.32,0.29,3.33
541.123,0.20,3.31,0.26,3.33
541.145,0.35,3.30,0.26,3.30
541.167,0.21,3.37,0.26,3.32
541.189,0.17,3.53,0.24,3.37
541.211,0.27,3.48,0.24,3.40
541.233,0.34,3.34,0.27,3.40
541.255,0.38,3.59,0.27,3.46
541.277,0.34,3.50,0.30,3.49
541.299,0.34,3.36,0.33,3.45
541.321,0.32,3.46,0.34,3.45
541.343,0.34,3.42,0.34,3.47
541.365,0.32,3.53,0.33,3.45
541.387,0.18,3.42,0.30,3.44
541.409,0.25,3.43,0.28,3.45
541.431,0.25,3.38,0.27,3.44
541.453,0.16,3.49,0.23,3.45
541.475,0.29,3.35,0.23,3.41
541.497,0.28,3.31,0.25,3.39
541.519,0.25,3.28,0.25,3.36
541.541,0.22,3.28,0.24,3.34
541.563,0.40,3.29,0.29,3.30
541.585,0.28,3.27,0.29,3.29
541.607,0.25,3.41,0.28,3.31
541.629,0.26,3.24,0.28,3.30
541.651,0.18,3.36,0.27,3.31
541.673,0.28,3.31,0.25,3.32
541.695,0.42,3.25,0.28,3.31
541.717,0.26,3.29,0.28,3.29
541.739,0.38,3.27,0.30,3.30
541.761,0.31,3.44,0.33,3.31
541.783,0.34,3.63,0.34,3.38
541.805,0.26,3.58,0.31,3.44
541.827,0.41,3.48,0.34,3.48
541.849,0.32,3.49,0.33,3.52
541.871,0.30,3.50,0.33,3.54
541.893,0.35,3.48,0.33,3.51
541.915,0.36,3.64,0.35,3.52
541.937,0.21,3.51,0.31,3.52
541.959,0.30,3.53,0.30,3.53
541.981,0.32,3.27,0.31,3.49
542.003,0.35,3.29,0.31,3.45
542.025,0.37,3.27,0.31,3.37
542.047,0.13,3.33,0.29,3.34
542.069,0.25,3.37,0.28,3.31
542.091,0.38,3.18,0.30,3.29
542.113,0.40,3.34,0.31,3.30
542.135,0.34,3.47,0.30,3.34
542.157,0.23,3.31,0.32,3.33
542.179,0.29,3.44,0.33,3.35
542.201,0.31,3.45,0.31,3.40
542.223,0.40,3.45,0.31,3.42
542.245,0.27,3.29,0.30,3.39
542.267,0.34,3.31,0.32,3.39
542.289,0.35,3.35,0.33,3.37
542.311,0.23,3.42,0.32,3.36
542.333,0.21,3.27,0.28,3.33
542.355,0.34,3.12,0.29,3.29
542.377,0.32,3.02,0.29,3.24
542.399,0.30,3.03,0.28,3.17
542.421,0.26,3.10,0.29,3.11
542.443,0.23,3.20,0.29,3.09
542.465,0.20,3.32,0.26,3.13
542.487,0.26,3.43,0.25,3.22
542.509,0.26,3.42,0.24,3.29
542.531,0.27,3.57,0.24,3.39
542.553,0.24,3.45,0.25,3.44
542.575,0.34,3.51,0.27,3.48
542.597,0.25,3.47,0.27,3.48
542.619,0.41,3.33,0.30,3.47
542.641,0.38,3.36,0.32,3.42
542.663,0.27,3.30,0.33,3.39
542.685,0.36,3.21,0.33,3.33
542.707,0.36,3.21,0.36,3.28
542.729,0.39,3.31,0.35,3.28
542.751,0.36,3.15,0.35,3.24
542.773,0.49,3.20,0.39,3.22
542.795,0.54,3.16,0.43,3.21
542.817,0.29,3.21,0.41,3.21
542.839,0.28,3.22,0.39,3.19
542.861,0.20,3.22,0.36,3.20
542.883,0.28,3.23,0.32,3.21
542.905,0.24,3.42,0.26,3.26
542.927,0.27,3.39,0.25,3.30
542.949,0.32,3.43,0.26,3.34
542.971,0.15,3.45,0.25,3.38
542.993,0.22,3.56,0.24,3.45
543.015,0.43,3.39,0.28,3.44
543.037,0.38,3.51,0.30,3.47
543.059,0.29,3.35,0.29,3.45
543.081,0.33,3.28,0.33,3.42
543.103,0.40,3.37,0.37,3.38
543.125,0.27,3.40,0.33,3.38
543.147,0.43,3.49,0.34,3.38
543.169,0.22,3.45,0.33,3.40
543.191,0.30,3.30,0.32,3.40
543.213,0.28,3.30,0.30,3.39
543.235,0.29,3.32,0.30,3.37
543.257,0.42,3.31,0.30,3.34
543.279,0.37,3.38,0.33,3.32
543.301,0.42,3.27,0.36,3.32
543.323,0.37,3.31,0.37,3.32
543.345,0.36,3.36,0.39,3.33
543.367,0.29,3.40,0.36,3.34
543.389,0.22,3.32,0.33,3.33
543.411,0.26,3.43,0.30,3.36
543.433,0.38,3.55,0.30,3.41
543.455,0.33,3.53,0.30,3.45
543.477,0.31,3.52,0.30,3.47
543.499,0.22,3.51,0.30,3.51
543.521,0.34,3.45,0.32,3.51
543.543,0.34,3.30,0.31,3.46
543.565,0.47,3.19,0.34,3.39
543.587,0.35,3.23,0.34,3.34
543.609,0.20,3.33,0.34,3.30
543.631,0.26,3.36,0.32,3.28
543.653,0.39,3.28,0.33,3.28
543.675,0.39,3.19,0.32,3.28
543.697,0.49,3.27,0.35,3.29
543.719,0.44,3.24,0.39,3.27
543.741,0.34,3.29,0.41,3.25
543.763,0.24,3.30,0.38,3.26
543.785,0.29,3.36,0.36,3.29
543.807,0.33,3.26,0.33,3.29
543.829,0.35,3.35,0.31,3.31
543.851,0.35,3.21,0.31,3.30
543.873,0.31,3.27,0.33,3.29
543.895,0.23,3.33,0.31,3.28
543.917,0.20,3.33,0.29,3.30
543.939,0.07,3.42,0.23,3.31
543.961,0.15,3.37,0.19,3.34
543.983,0.22,3.19,0.17,3.33
544.005,0.25,3.45,0.18,3.35
544.027,0.26,3.42,0.19,3.37
544.049,0.36,3.42,0.25,3.37
544.071,0.46,3.29,0.31,3.35
544.093,0.31,3.28,0.33,3.37
544.115,0.39,3.15,0.36,3.31
544.137,0.45,3.31,0.39,3.29
544.159,0.46,3.41,0.41,3.29
544.181,0.26,3.23,0.37,3.28
544.203,0.13,3.37,0.34,3.29
544.225,0.21,3.37,0.30,3.34
544.247,0.24,3.30,0.26,3.34
544.269,0.27,3.32,0.22,3.32
544.291,0.24,3.29,0.22,3.33
544.313,0.27,3.40,0.25,3.34
544.335,0.35,3.37,0.27,3.34
544.357,0.43,3.38,0.31,3.35
544.379,0.26,3.56,0.31,3.40
544.401,0.22,3.45,0.31,3.43
544.423,0.19,3.36,0.29,3.42
544.445,0.24,3.33,0.27,3.42
544.467,0.28,3.47,0.24,3.43
544.489,0.32,3.45,0.25,3.41
544.511,0.42,3.41,0.29,3.40
544.533,0.22,3.45,0.30,3.42
544.555,0.17,3.32,0.28,3.42
544.577,0.19,3.36,0.26,3.40
544.599,0.16,3.34,0.23,3.38
544.621,0.29,3.23,0.21,3.34
544.643,0.17,3.37,0.20,3.32
544.665,0.29,3.38,0.22,3.34
544.687,0.23,3.21,0.23,3.31
544.709,0.27,3.45,0.25,3.33
544.731,0.51,3.38,0.29,3.36
544.753,0.55,3.38,0.37,3.36
544.775,0.47,3.23,0.41,3.33
544.797,0.48,3.29,0.46,3.35
544.819,0.36,3.13,0.47,3.28
544.841,0.39,3.35,0.45,3.28
544.863,0.30,3.30,0.40,3.26
544.885,0.33,3.37,0.37,3.29
544.907,0.36,3.35,0.35,3.30
544.929,0.35,3.33,0.35,3.34
544.951,0.36,3.30,0.34,3.33
544.973,0.27,3.30,0.33,3.33
544.995,0.31,3.46,0.33,3.35
545.017,0.36,3.44,0.33,3.37
545.039,0.35,3.38,0.33,3.38
545.061,0.27,3.39,0.31,3.39
545.083,0.30,3.33,0.32,3.40
545.105,0.22,3.41,0.30,3.39
545.127,0.18,3.34,0.26,3.37
545.149,0.30,3.41,0.25,3.38
545.171,0.26,3.37,0.25,3.37
545.193,0.28,3.39,0.25,3.38
545.215,0.35,3.42,0.27,3.39
545.237,0.22,3.55,0.28,3.43
545.259,0.29,3.45,0.28,3.44
545.281,0.13,3.49,0.25,3.46
545.303,0.25,3.39,0.25,3.46
545.325,0.31,3.46,0.24,3.47
545.347,0.28,3.37,0.25,3.43
545.369,0.22,3.49,0.24,3.44
545.391,0.23,3.33,0.26,3.41
545.413,0.22,3.17,0.25,3.36
545.435,0.32,3.17,0.25,3.31
545.457,0.37,3.17,0.27,3.27
545.479,0.47,3.24,0.32,3.22
545.501,0.57,3.23,0.39,3.20
545.523,0.38,3.22,0.42,3.21
545.545,0.31,3.27,0.42,3.23
545.567,0.39,3.30,0.42,3.25
545.589,0.26,3.37,0.38,3.28
545.611,0.26,3.28,0.32,3.29
545.633,0.16,3.30,0.28,3.30
545.655,0.34,3.39,0.28,3.33
545.677,0.30,3.59,0.26,3.39
545.699,0.46,3.38,0.30,3.39
545.721,0.33,3.55,0.32,3.44
545.743,0.20,3.44,0.33,3.47
545.765,0.16,3.33,0.29,3.46
545.787,0.26,3.43,0.28,3.43
545.809,0.28,3.49,0.25,3.45
545.831,0.36,3.50,0.25,3.44
545.853,0.33,3.34,0.28,3.42
545.875,0.38,3.29,0.32,3.41
545.897,0.36,3.40,0.34,3.40
545.919,0.26,3.40,0.34,3.39
545.941,0.28,3.35,0.32,3.36
545.963,0.37,3.54,0.33,3.40
545.985,0.28,3.40,0.31,3.42
546.007,0.33,3.35,0.30,3.41
546.029,0.19,3.15,0.29,3.36
546.051,0.25,3.36,0.28,3.36
546.073,0.38,3.31,0.29,3.31
546.095,0.35,3.29,0.30,3.29
546.117,0.33,3.43,0.30,3.31
546.139,0.38,3.45,0.34,3.37
546.161,0.26,3.33,0.34,3.36
546.183,0.40,3.44,0.34,3.39
546.205,0.25,3.27,0.32,3.38
546.227,0.36,3.34,0.33,3.37
546.249,0.18,3.24,0.29,3.32
546.271,0.27,3.31,0.29,3.32
546.293,0.40,3.46,0.29,3.32
546.315,0.33,3.51,0.31,3.37
546.337,0.30,3.45,0.30,3.39
546.359,0.21,3.35,0.30,3.42
546.381,0.30,3.51,0.31,3.46
546.403,0.32,3.34,0.29,3.43
546.425,0.32,3.36,0.29,3.40
546.447,0.27,3.38,0.28,3.39
546.469,0.25,3.20,0.29,3.36
546.491,0.30,3.37,0.29,3.33
546.513,0.32,3.33,0.29,3.33
546.535,0.22,3.35,0.27,3.33
546.557,0.24,3.28,0.27,3.31
546.579,0.24,3.18,0.26,3.30
546.601,0.10,3.27,0.22,3.28
546.623,0.14,3.36,0.19,3.29
546.645,0.14,3.32,0.17,3.28
546.667,0.34,3.29,0.19,3.28
546.689,0.29,3.35,0.20,3.32
546.711,0.23,3.36,0.23,3.34
546.733,0.09,3.52,0.22,3.37
546.755,0.30,3.52,0.25,3.41
546.777,0.28,3.33,0.24,3.42
546.799,0.26,3.32,0.23,3.41
546.821,0.30,3.39,0.25,3.42
546.843,0.29,3.43,0.29,3.40
546.865,0.30,3.33,0.29,3.36
546.887,0.38,3.19,0.31,3.33
546.909,0.34,3.36,0.32,3.34
546.931,0.14,3.20,0.29,3.30
546.953,0.19,3.30,0.27,3.28
546.975,0.19,3.30,0.25,3.27
546.997,0.24,3.09,0.22,3.25
547.019,0.40,3.18,0.23,3.21
547.041,0.32,3.29,0.27,3.23
547.063,0.29,3.32,0.29,3.24
547.085,0.19,3.31,0.29,3.24
547.107,0.37,3.54,0.31,3.33
547.129,0.23,3.60,0.28,3.41
547.151,0.49,3.53,0.31,3.46
547.173,0.50,3.54,0.36,3.50
547.195,0.51,3.50,0.42,3.54
547.217,0.35,3.44,0.42,3.52
547.239,0.34,3.47,0.44,3.50
547.261,0.46,3.29,0.43,3.45
547.283,0.25,3.31,0.38,3.40
547.305,0.36,3.49,0.35,3.40
547.327,0.41,3.43,0.36,3.40
547.349,0.44,3.47,0.38,3.40
547.371,0.40,3.48,0.37,3.44
547.393,0.26,3.30,0.37,3.43
547.415,0.41,3.49,0.38,3.43
547.437,0.48,3.47,0.40,3.44
547.459,0.28,3.13,0.37,3.37
547.481,0.36,3.02,0.36,3.28
547.503,0.41,3.10,0.39,3.24
547.525,0.34,3.12,0.37,3.17
547.547,0.14,3.25,0.31,3.12
547.569,0.14,3.29,0.28,3.16
547.591,0.27,3.45,0.26,3.24
547.613,0.37,3.53,0.25,3.33
547.635,0.29,3.47,0.24,3.40
547.657,0.33,3.41,0.28,3.43
547.679,0.39,3.45,0.33,3.46
547.701,0.39,3.16,0.35,3.40
547.723,0.34,3.20,0.35,3.34
547.745,0.33,3.28,0.36,3.30
547.767,0.35,3.25,0.36,3.27
547.789,0.26,3.08,0.33,3.19
547.811,0.25,3.07,0.31,3.18
547.833,0.35,3.10,0.31,3.16
547.855,0.29,3.31,0.30,3.16
547.877,0.32,3.18,0.29,3.15
547.899,0.33,3.29,0.31,3.19
547.921,0.28,3.34,0.31,3.24
547.943,0.18,3.42,0.28,3.31
547.965,0.37,3.34,0.30,3.31
547.987,0.34,3.31,0.30,3.34
548.009,0.19,3.23,0.27,3.33
548.031,0.20,3.30,0.26,3.32
548.053,0.29,3.29,0.28,3.29
548.075,0.35,3.13,0.27,3.25
548.097,0.30,3.31,0.27,3.25
548.119,0.30,3.37,0.29,3.28
548.141,0.36,3.41,0.32,3.30
548.163,0.25,3.48,0.31,3.34
548.185,0.14,3.47,0.27,3.41
548.207,0.35,3.44,0.28,3.43
548.229,0.30,3.34,0.28,3.43
548.251,0.32,3.44,0.27,3.43
548.273,0.35,3.52,0.29,3.44
548.295,0.18,3.44,0.30,3.44
548.317,0.32,3.37,0.29,3.42
548.339,0.26,3.36,0.29,3.43
548.361,0.28,3.38,0.28,3.41
548.383,0.41,3.37,0.29,3.38
548.405,0.46,3.46,0.35,3.39
548.427,0.38,3.40,0.36,3.39
548.449,0.46,3.32,0.40,3.39
548.471,0.40,3.40,0.42,3.39
548.493,0.29,3.35,0.40,3.39
548.515,0.33,3.32,0.37,3.36
548.537,0.31,3.27,0.36,3.33
548.559,0.27,3.50,0.32,3.37
548.581,0.15,3.50,0.27,3.39
548.603,0.24,3.48,0.26,3.41
548.625,0.29,3.36,0.25,3.42
548.647,0.32,3.46,0.25,3.46
548.669,0.31,3.30,0.26,3.42
548.691,0.36,3.39,0.30,3.40
548.713,0.31,3.26,0.32,3.35
548.735,0.24,3.26,0.31,3.33
548.757,0.20,3.23,0.28,3.29
548.779,0.26,3.26,0.27,3.28
548.801,0.25,3.20,0.25,3.24
548.823,0.28,3.33,0.25,3.26
548.845,0.15,3.28,0.23,3.26
548.867,0.32,3.22,0.25,3.26
548.889,0.28,3.36,0.26,3.28
548.911,0.36,3.45,0.28,3.33
548.933,0.28,3.32,0.28,3.33
548.955,0.33,3.38,0.31,3.35
548.977,0.28,3.47,0.31,3.40
548.999,0.41,3.37,0.33,3.40
549.021,0.43,3.32,0.35,3.37
549.043,0.43,3.40,0.38,3.39
549.065,0.35,3.42,0.38,3.40
549.087,0.29,3.41,0.38,3.38
549.109,0.18,3.33,0.34,3.38
549.131,0.36,3.44,0.32,3.40
549.153,0.31,3.48,0.30,3.42
549.175,0.39,3.43,0.31,3.42
549.197,0.34,3.41,0.32,3.42
549.219,0.51,3.27,0.38,3.41
549.241,0.52,3.32,0.41,3.38
549.263,0.39,3.33,0.43,3.35
549.285,0.47,3.31,0.45,3.33
549.307,0.33,3.19,0.44,3.28
549.329,0.47,3.43,0.44,3.32
549.351,0.21,3.27,0.37,3.31
549.373,0.33,3.45,0.36,3.33
549.395,0.18,3.37,0.30,3.34
549.417,0.26,3.28,0.29,3.36
549.439,0.23,3.23,0.24,3.32
549.461,0.20,3.24,0.24,3.31
549.483,0.30,3.40,0.23,3.30
549.505,0.26,3.26,0.25,3.28
549.527,0.39,3.29,0.28,3.28
549.549,0.50,3.30,0.33,3.30
549.571,0.42,3.33,0.37,3.32
549.593,0.37,3.33,0.39,3.30
549.615,0.27,3.41,0.39,3.33
549.637,0.31,3.32,0.37,3.34
549.659,0.36,3.34,0.35,3.35
549.681,0.33,3.29,0.33,3.34
549.703,0.34,3.35,0.32,3.34
549.725,0.28,3.27,0.32,3.31
549.747,0.26,3.17,0.31,3.28
549.769,0.33,3.22,0.31,3.26
549.791,0.29,3.08,0.30,3.22
549.813,0.28,3.17,0.29,3.18
549.835,0.28,3.15,0.29,3.16
549.857,0.41,3.21,0.32,3.17
549.879,0.26,3.35,0.30,3.19
549.901,0.35,3.38,0.32,3.25
549.923,0.38,3.41,0.34,3.30
549.945,0.34,3.31,0.35,3.33
549.967,0.45,3.33,0.36,3.36
549.989,0.48,3.28,0.40,3.34
550.011,0.40,3.48,0.41,3.36
550.033,0.27,3.45,0.39,3.37
550.055,0.31,3.49,0.38,3.41
550.077,0.48,3.43,0.39,3.43
550.099,0.37,3.23,0.37,3.42
550.121,0.28,3.43,0.34,3.41
550.143,0.26,3.40,0.34,3.40
550.165,0.29,3.21,0.34,3.34
550.187,0.25,3.31,0.29,3.32
550.209,0.36,3.35,0.29,3.34
550.231,0.39,3.21,0.31,3.30
550.253,0.36,3.21,0.33,3.26
550.275,0.11,3.36,0.29,3.29
550.297,0.19,3.27,0.28,3.28
550.319,0.18,3.32,0.25,3.27
550.341,0.14,3.39,0.20,3.31
550.363,0.17,3.39,0.16,3.35
550.385,0.22,3.26,0.18,3.33
550.407,0.26,3.27,0.19,3.33
550.429,0.31,3.20,0.22,3.30
550.451,0.32,3.17,0.26,3.26
550.473,0.37,3.33,0.30,3.25
550.495,0.38,3.42,0.33,3.28
550.517,0.24,3.39,0.32,3.30
550.539,0.23,3.52,0.31,3.37
550.561,0.20,3.49,0.28,3.43
550.583,0.39,3.44,0.29,3.45
550.605,0.38,3.41,0.29,3.45
550.627,0.36,3.11,0.31,3.39
550.649,0.30,3.24,0.33,3.34
550.671,0.26,3.35,0.34,3.31
550.693,0.34,3.35,0.33,3.29
550.715,0.35,3.37,0.32,3.28
550.737,0.30,3.42,0.31,3.35
550.759,0.28,3.49,0.31,3.40
550.781,0.38,3.28,0.33,3.38
550.803,0.33,3.37,0.33,3.39
550.825,0.54,3.43,0.37,3.40
550.847,0.42,3.30,0.39,3.37
550.869,0.23,3.33,0.38,3.34
550.891,0.40,3.32,0.38,3.35
550.913,0.41,3.41,0.40,3.36
550.935,0.42,3.40,0.38,3.35
550.957,0.46,3.29,0.38,3.35
550.979,0.40,3.39,0.42,3.36
551.001,0.36,3.52,0.41,3.40
551.023,0.45,3.37,0.42,3.39
551.045,0.32,3.45,0.40,3.40
551.067,0.33,3.35,0.37,3.42
551.089,0.33,3.59,0.36,3.46
551.111,0.22,3.55,0.33,3.46
551.133,0.24,3.39,0.29,3.47
551.155,0.19,3.42,0.26,3.46
551.177,0.25,3.45,0.25,3.48
551.199,0.29,3.38,0.24,3.44
551.221,0.33,3.25,0.26,3.38
551.243,0.30,3.32,0.27,3.36
551.265,0.19,3.37,0.27,3.35
551.287,0.26,3.34,0.27,3.33
551.309,0.45,3.21,0.31,3.30
551.331,0.39,3.23,0.32,3.29
551.353,0.28,3.33,0.31,3.30
551.375,0.43,3.33,0.36,3.29
551.397,0.41,3.48,0.39,3.32
551.419,0.27,3.31,0.36,3.34
551.441,0.31,3.25,0.34,3.34
551.463,0.39,3.36,0.36,3.35
551.485,0.44,3.42,0.36,3.36
551.507,0.43,3.38,0.37,3.34
551.529,0.36,3.33,0.39,3.35
551.551,0.37,3.42,0.40,3.38
551.573,0.26,3.33,0.37,3.38
551.595,0.22,3.36,0.33,3.36
551.617,0.27,3.38,0.30,3.36
551.639,0.20,3.39,0.26,3.38
551.661,0.22,3.33,0.23,3.36
551.683,0.30,3.37,0.24,3.37
551.705,0.27,3.43,0.25,3.38
551.727,0.28,3.40,0.25,3.38
551.749,0.28,3.36,0.27,3.38
551.771,0.30,3.45,0.29,3.40
551.793,0.20,3.36,0.27,3.40
551.815,0.18,3.24,0.25,3.36
551.837,0.27,3.32,0.25,3.35
551.859,0.25,3.24,0.24,3.32
551.881,0.26,3.15,0.23,3.26
551.903,0.27,3.40,0.25,3.27
551.925,0.23,3.30,0.26,3.28
551.947,0.14,3.23,0.23,3.26
551.969,0.24,3.20,0.23,3.26
551.991,0.40,3.39,0.26,3.30
552.013,0.23,3.32,0.25,3.29
552.035,0.23,3.36,0.25,3.30
552.057,0.31,3.49,0.28,3.35
552.079,0.33,3.47,0.30,3.41
552.101,0.36,3.65,0.29,3.46
552.123,0.33,3.35,0.31,3.46
552.145,0.46,3.46,0.36,3.48
552.167,0.41,3.48,0.38,3.48
552.189,0.31,3.42,0.37,3.47
552.211,0.20,3.48,0.34,3.44
552.233,0.24,3.43,0.32,3.45
552.255,0.28,3.51,0.29,3.46
552.277,0.22,3.41,0.25,3.45
552.299,0.20,3.49,0.23,3.46
552.321,0.20,3.45,0.23,3.46
552.343,0.24,3.38,0.23,3.45
552.365,0.23,3.43,0.22,3.43
552.387,0.30,3.24,0.23,3.40
552.409,0.34,3.31,0.26,3.36
552.431,0.15,3.31,0.25,3.33
552.453,0.14,3.26,0.23,3.31
552.475,0.27,3.25,0.24,3.27
552.497,0.33,3.24,0.25,3.27
552.519,0.35,3.36,0.25,3.28
552.541,0.35,3.29,0.29,3.28
552.563,0.25,3.29,0.31,3.29
552.585,0.22,3.26,0.30,3.29
552.607,0.26,3.37,0.29,3.31
552.629,0.22,3.50,0.26,3.34
552.651,0.45,3.40,0.28,3.36
552.673,0.43,3.61,0.32,3.43
552.695,0.38,3.56,0.35,3.49
552.717,0.54,3.43,0.40,3.50
552.739,0.37,3.34,0.43,3.47
552.761,0.39,3.50,0.42,3.49
552.783,0.20,3.53,0.38,3.47
552.805,0.18,3.40,0.34,3.44
552.827,0.18,3.38,0.26,3.43
552.849,0.20,3.36,0.23,3.43
552.871,0.28,3.35,0.21,3.40
552.893,0.26,3.33,0.22,3.36
552.915,0.45,3.32,0.27,3.35
552.937,0.41,3.42,0.32,3.36
552.959,0.44,3.38,0.37,3.36
552.981,0.49,3.42,0.41,3.37
553.003,0.19,3.36,0.40,3.38
553.025,0.19,3.24,0.34,3.36
553.047,0.19,3.22,0.30,3.32
553.069,0.20,3.33,0.25,3.31
553.091,0.23,3.49,0.20,3.33
553.113,0.18,3.39,0.20,3.33
553.135,0.23,3.63,0.21,3.41
553.157,0.39,3.55,0.25,3.48
553.179,0.46,3.65,0.30,3.54
553.201,0.50,3.40,0.35,3.52
553.223,0.36,3.31,0.39,3.51
553.245,0.27,3.41,0.40,3.46
553.267,0.17,3.34,0.35,3.42
553.289,0.22,3.43,0.30,3.38
553.311,0.31,3.22,0.27,3.34
553.333,0.31,3.35,0.26,3.35
553.355,0.27,3.42,0.26,3.35
553.377,0.36,3.28,0.29,3.34
553.399,0.34,3.30,0.32,3.31
553.421,0.31,3.25,0.32,3.32
553.443,0.40,3.22,0.34,3.29
553.465,0.41,3.33,0.36,3.28
553.487,0.37,3.29,0.37,3.28
553.509,0.38,3.47,0.37,3.31
553.531,0.40,3.38,0.39,3.34
553.553,0.46,3.32,0.40,3.36
553.575,0.25,3.33,0.37,3.36
553.597,0.35,3.35,0.37,3.37
553.619,0.19,3.43,0.33,3.36
553.641,0.23,3.51,0.30,3.39
553.663,0.19,3.53,0.24,3.43
553.685,0.15,3.47,0.22,3.46
553.707,0.28,3.52,0.21,3.49
553.729,0.37,3.32,0.24,3.47
553.751,0.38,3.37,0.27,3.44
553.773,0.40,3.09,0.32,3.35
553.795,0.40,3.14,0.37,3.29
553.817,0.37,3.14,0.38,3.21
553.839,0.46,3.25,0.40,3.20
553.861,0.32,3.29,0.39,3.18
553.883,0.10,3.12,0.33,3.19
553.905,0.29,3.20,0.31,3.20
553.927,0.28,3.11,0.29,3.19
553.949,0.46,3.25,0.29,3.19
553.971,0.34,3.16,0.29,3.17
553.993,0.27,3.07,0.33,3.16
554.015,0.35,3.24,0.34,3.17
554.037,0.29,3.33,0.34,3.21
554.059,0.36,3.24,0.32,3.21
554.081,0.12,3.19,0.28,3.21
554.103,0.16,3.27,0.26,3.25
554.125,0.20,3.36,0.23,3.28
554.147,0.24,3.36,0.22,3.28
554.169,0.32,3.36,0.21,3.31
554.191,0.35,3.36,0.25,3.34
554.213,0.52,3.11,0.33,3.31
554.235,0.35,3.15,0.36,3.27
554.257,0.47,3.22,0.40,3.24
554.279,0.21,3.08,0.38,3.18
554.301,0.22,3.28,0.35,3.17
554.323,0.37,3.26,0.32,3.20
554.345,0.24,3.25,0.30,3.22
554.367,0.25,3.28,0.26,3.23
554.389,0.10,3.33,0.24,3.28
554.411,0.12,3.41,0.22,3.31
554.433,0.27,3.45,0.20,3.34
554.455,0.35,3.36,0.22,3.37
554.477,0.39,3.37,0.25,3.38
554.499,0.37,3.33,0.30,3.38
554.521,0.45,3.14,0.37,3.33
554.543,0.39,3.28,0.39,3.30
554.565,0.39,3.44,0.40,3.31
554.587,0.33,3.36,0.39,3.31
554.609,0.22,3.36,0.36,3.32
554.631,0.36,3.36,0.34,3.36
554.653,0.36,3.28,0.33,3.36
554.675,0.37,3.28,0.33,3.33
554.697,0.35,3.42,0.33,3.34
554.719,0.39,3.42,0.37,3.35
554.741,0.25,3.49,0.34,3.38
554.763,0.31,3.53,0.33,3.43
554.785,0.26,3.50,0.31,3.47
554.807,0.44,3.63,0.33,3.51
554.829,0.28,3.61,0.31,3.55
554.851,0.41,3.68,0.34,3.59
554.873,0.32,3.48,0.34,3.58
554.895,0.25,3.40,0.34,3.56
554.917,0.32,3.29,0.32,3.49
554.939,0.38,3.26,0.34,3.42
554.961,0.46,3.15,0.35,3.32
554.983,0.37,3.24,0.36,3.27
555.005,0.29,3.18,0.36,3.22
555.027,0.25,3.24,0.35,3.21
555.049,0.37,3.36,0.35,3.23
555.071,0.32,3.34,0.32,3.27
555.093,0.34,3.33,0.31,3.29
555.115,0.26,3.38,0.31,3.33
555.137,0.32,3.39,0.32,3.36
555.159,0.41,3.41,0.33,3.37
555.181,0.40,3.50,0.35,3.40
555.203,0.30,3.64,0.34,3.46
555.225,0.29,3.53,0.34,3.49
555.247,0.43,3.53,0.37,3.52
555.269,0.19,3.52,0.32,3.54
555.291,0.17,3.25,0.28,3.49
555.313,0.33,3.30,0.28,3.43
555.335,0.15,3.19,0.25,3.36
555.357,0.06,3.22,0.18,3.30
555.379,0.14,3.34,0.17,3.26
555.401,0.29,3.38,0.19,3.29
555.423,0.32,3.49,0.19,3.32
555.445,0.25,3.37,0.21,3.36
555.467,0.26,3.25,0.25,3.37
555.489,0.25,3.25,0.27,3.35
555.511,0.24,3.34,0.26,3.34
555.533,0.34,3.34,0.27,3.31
555.555,0.35,3.42,0.29,3.32
555.577,0.37,3.63,0.31,3.40
555.599,0.29,3.31,0.32,3.41
555.621,0.18,3.13,0.31,3.37
555.643,0.25,3.36,0.29,3.37
555.665,0.19,3.47,0.26,3.38
555.687,0.05,3.45,0.19,3.34
555.709,0.17,3.25,0.17,3.33
555.731,0.33,3.29,0.20,3.36
555.753,0.18,3.31,0.18,3.35
555.775,0.24,3.47,0.19,3.35
555.797,0.22,3.40,0.23,3.34
555.819,0.27,3.38,0.25,3.37
555.841,0.29,3.25,0.24,3.36
555.863,0.30,3.24,0.26,3.35
555.885,0.40,3.21,0.30,3.30
555.907,0.33,3.39,0.32,3.29
555.929,0.33,3.29,0.33,3.28
555.951,0.36,3.21,0.34,3.27
555.973,0.43,3.30,0.37,3.28
555.995,0.53,3.30,0.40,3.30
556.017,0.30,3.34,0.39,3.29
556.039,0.40,3.38,0.40,3.31
556.061,0.18,3.27,0.37,3.32
556.083,0.18,3.18,0.32,3.29
556.105,0.22,3.34,0.26,3.30
556.127,0.29,3.22,0.25,3.28
556.149,0.22,3.23,0.22,3.25
556.171,0.31,3.42,0.24,3.28
556.193,0.28,3.45,0.26,3.33
556.215,0.27,3.37,0.27,3.34
556.237,0.33,3.48,0.28,3.39
556.259,0.20,3.38,0.28,3.42
556.281,0.22,3.45,0.26,3.43
556.303,0.36,3.38,0.28,3.41
556.325,0.26,3.44,0.27,3.43
556.347,0.23,3.33,0.25,3.40
556.369,0.15,3.31,0.24,3.38
556.391,0.10,3.23,0.22,3.34
556.413,0.22,3.28,0.19,3.32
556.435,0.23,3.25,0.19,3.28
556.457,0.31,3.26,0.20,3.27
556.479,0.23,3.20,0.22,3.24
556.501,0.38,3.12,0.27,3.22
556.523,0.33,3.16,0.30,3.20
556.545,0.33,3.42,0.32,3.23
556.567,0.41,3.55,0.34,3.29
556.589,0.41,3.54,0.37,3.36
556.611,0.35,3.50,0.37,3.43
556.633,0.38,3.45,0.38,3.49
556.655,0.39,3.45,0.39,3.50
556.677,0.33,3.54,0.37,3.50
556.699,0.22,3.42,0.33,3.47
556.721,0.28,3.32,0.32,3.44
556.743,0.31,3.33,0.31,3.41
556.765,0.18,3.43,0.26,3.41
556.787,0.10,3.28,0.22,3.36
556.809,0.21,3.26,0.22,3.32
556.831,0.30,3.20,0.22,3.30
556.853,0.32,3.22,0.22,3.28
556.875,0.39,3.24,0.26,3.24
556.897,0.34,3.22,0.31,3.23
556.919,0.44,3.06,0.36,3.19
556.941,0.29,3.23,0.36,3.19
556.963,0.27,3.25,0.35,3.20
556.985,0.18,3.39,0.30,3.23
557.007,0.26,3.49,0.29,3.28
557.029,0.39,3.40,0.28,3.35
557.051,0.33,3.27,0.29,3.36
557.073,0.29,3.66,0.29,3.44
557.095,0.32,3.62,0.32,3.49
557.117,0.35,3.51,0.34,3.49
557.139,0.36,3.40,0.33,3.49
557.161,0.37,3.35,0.34,3.51
557.183,0.24,3.51,0.33,3.48
557.205,0.14,3.39,0.29,3.43
557.227,0.23,3.49,0.27,3.43
557.249,0.19,3.47,0.23,3.44
557.271,0.23,3.38,0.21,3.45
557.293,0.30,3.26,0.22,3.40
557.315,0.33,3.42,0.26,3.40
557.337,0.34,3.26,0.28,3.36
557.359,0.34,3.25,0.31,3.31
557.381,0.30,3.43,0.32,3.32
557.403,0.39,3.46,0.34,3.36
557.425,0.33,3.45,0.34,3.37
557.447,0.24,3.36,0.32,3.39
557.469,0.45,3.59,0.34,3.46
557.491,0.21,3.38,0.32,3.45
557.513,0.25,3.29,0.30,3.41
557.535,0.31,3.55,0.29,3.43
557.557,0.41,3.44,0.33,3.45
557.579,0.45,3.46,0.33,3.42
557.601,0.33,3.32,0.35,3.41
557.623,0.32,3.38,0.36,3.43
557.645,0.27,3.61,0.36,3.44
557.667,0.33,3.52,0.34,3.46
557.689,0.43,3.53,0.34,3.47
557.711,0.32,3.52,0.33,3.51
557.733,0.37,3.34,0.34,3.50
557.755,0.48,3.38,0.39,3.46
557.777,0.34,3.42,0.39,3.44
557.799,0.29,3.36,0.36,3.40
557.821,0.54,3.38,0.40,3.38
557.843,0.41,3.49,0.41,3.41
557.865,0.38,3.36,0.39,3.40
557.887,0.28,3.49,0.38,3.42
557.909,0.37,3.41,0.40,3.43
557.931,0.33,3.33,0.35,3.42
557.953,0.40,3.25,0.35,3.37
557.975,0.26,3.32,0.33,3.36
557.997,0.34,3.29,0.34,3.32
558.019,0.29,3.24,0.32,3.29
558.041,0.37,3.37,0.33,3.29
558.063,0.35,3.39,0.32,3.32
558.085,0.43,3.48,0.36,3.35
558.107,0.46,3.48,0.38,3.39
558.129,0.43,3.53,0.41,3.45
558.151,0.31,3.44,0.40,3.46
558.173,0.32,3.55,0.39,3.50
558.195,0.39,3.45,0.38,3.49
558.217,0.31,3.45,0.35,3.48
558.239,0.38,3.37,0.34,3.45
558.261,0.36,3.38,0.35,3.44
558.283,0.30,3.51,0.35,3.43
558.305,0.43,3.55,0.36,3.45
558.327,0.37,3.63,0.37,3.49
558.349,0.44,3.44,0.38,3.50
558.371,0.36,3.48,0.38,3.52
558.393,0.24,3.53,0.37,3.53
558.415,0.21,3.42,0.32,3.50
558.437,0.18,3.28,0.29,3.43
558.459,0.24,3.31,0.25,3.40
558.481,0.26,3.33,0.23,3.37
558.503,0.31,3.26,0.24,3.32
558.525,0.39,3.28,0.28,3.29
558.547,0.35,3.38,0.31,3.31
558.569,0.30,3.49,0.32,3.35
558.591,0.35,3.46,0.34,3.37
558.613,0.32,3.38,0.34,3.40
558.635,0.31,3.33,0.33,3.41
558.657,0.28,3.41,0.31,3.41
558.679,0.37,3.34,0.33,3.38
558.701,0.24,3.28,0.30,3.35
558.723,0.26,3.16,0.29,3.30
558.745,0.41,3.35,0.31,3.31
558.767,0.41,3.45,0.34,3.32
558.789,0.39,3.53,0.34,3.35
558.811,0.34,3.44,0.36,3.39
558.833,0.21,3.43,0.35,3.44
558.855,0.40,3.42,0.35,3.45
558.877,0.35,3.48,0.34,3.46
558.899,0.38,3.29,0.34,3.41
558.921,0.22,3.32,0.31,3.39
558.943,0.14,3.30,0.30,3.36
558.965,0.24,3.36,0.27,3.35
558.987,0.16,3.22,0.23,3.30
559.009,0.13,3.29,0.18,3.30
559.031,0.21,3.26,0.18,3.29
559.053,0.11,3.33,0.17,3.29
559.075,0.40,3.24,0.20,3.27
559.097,0.36,3.10,0.24,3.24
559.119,0.38,3.24,0.29,3.23
559.141,0.33,3.01,0.32,3.18
559.163,0.35,3.24,0.36,3.17
559.185,0.50,3.42,0.38,3.20
559.207,0.37,3.55,0.39,3.29
559.229,0.29,3.23,0.37,3.29
559.251,0.29,3.46,0.36,3.38
559.273,0.21,3.31,0.33,3.39
559.295,0.27,3.15,0.29,3.34
559.317,0.41,3.24,0.29,3.28
559.339,0.46,3.44,0.33,3.32
559.361,0.26,3.41,0.32,3.31
559.383,0.30,3.43,0.34,3.33
559.405,0.21,3.31,0.33,3.37
559.427,0.20,3.30,0.29,3.38
559.449,0.18,3.41,0.23,3.37
559.471,0.26,3.64,0.23,3.42
559.493,0.23,3.42,0.22,3.42
559.515,0.26,3.36,0.23,3.43
559.537,0.12,3.22,0.21,3.41
559.559,0.31,3.27,0.24,3.38
559.581,0.29,3.35,0.24,3.32
559.603,0.27,3.25,0.25,3.29
559.625,0.32,3.28,0.26,3.27
559.647,0.29,3.48,0.30,3.33
559.669,0.20,3.45,0.27,3.36
559.691,0.19,3.47,0.25,3.39
559.713,0.12,3.46,0.22,3.43
559.735,0.05,3.43,0.17,3.46
559.757,0.22,3.59,0.16,3.48
559.779,0.36,3.45,0.19,3.48
559.801,0.25,3.45,0.20,3.48
559.823,0.28,3.54,0.23,3.49
559.845,0.31,3.39,0.28,3.48
559.867,0.35,3.30,0.31,3.43
559.889,0.18,3.42,0.27,3.42
559.911,0.30,3.46,0.28,3.42
559.933,0.28,3.29,0.28,3.37
559.955,0.04,3.33,0.23,3.36
559.977,0.13,3.24,0.19,3.35
559.999,0.27,3.26,0.20,3.32
560.021,0.27,3.28,0.20,3.28
560.043,0.19,3.19,0.18,3.26
560.065,0.13,3.28,0.20,3.25
560.087,0.15,3.20,0.20,3.24
560.109,0.24,3.22,0.20,3.23
560.131,0.23,3.14,0.19,3.21
560.153,0.24,3.29,0.20,3.23
560.175,0.40,3.22,0.25,3.21
560.197,0.34,3.18,0.29,3.21
560.219,0.39,3.32,0.32,3.23
560.241,0.29,3.41,0.33,3.28
560.263,0.27,3.47,0.34,3.32
560.285,0.26,3.61,0.31,3.40
560.307,0.34,3.52,0.31,3.47
560.329,0.27,3.42,0.29,3.49
560.351,0.43,3.42,0.31,3.49
560.373,0.35,3.40,0.33,3.47
560.395,0.24,3.47,0.33,3.45
560.417,0.26,3.50,0.31,3.44
560.439,0.21,3.45,0.30,3.45
560.461,0.26,3.36,0.26,3.44
560.483,0.23,3.30,0.24,3.42
560.505,0.12,3.19,0.22,3.36
560.527,0.32,3.26,0.23,3.31
560.549,0.32,3.11,0.25,3.24
560.571,0.36,3.24,0.27,3.22
560.593,0.46,3.25,0.32,3.21
560.615,0.38,3.40,0.37,3.25
560.637,0.29,3.21,0.36,3.24
560.659,0.14,3.41,0.33,3.30
560.681,0.31,3.43,0.32,3.34
560.703,0.33,3.33,0.29,3.36
560.725,0.37,3.26,0.29,3.33
560.747,0.26,3.23,0.28,3.33
560.769,0.29,3.44,0.31,3.34
560.791,0.28,3.35,0.31,3.32
560.813,0.26,3.46,0.29,3.35
560.835,0.40,3.30,0.30,3.36
560.857,0.26,3.31,0.30,3.37
560.879,0.34,3.25,0.31,3.33
560.901,0.16,3.24,0.28,3.31
560.923,0.34,3.28,0.30,3.28
560.945,0.24,3.29,0.27,3.27
560.967,0.23,3.25,0.26,3.26
560.989,0.38,3.36,0.27,3.28
561.011,0.33,3.34,0.30,3.30
561.033,0.18,3.27,0.27,3.30
561.055,0.26,3.27,0.28,3.30
561.077,0.36,3.32,0.30,3.31
561.099,0.25,3.25,0.28,3.29
561.121,0.22,3.34,0.25,3.29
561.143,0.23,3.42,0.26,3.32
561.165,0.44,3.37,0.30,3.34
561.187,0.36,3.34,0.30,3.34
561.209,0.36,3.53,0.32,3.40
561.231,0.39,3.59,0.36,3.45
561.253,0.31,3.25,0.37,3.42
561.275,0.32,3.50,0.35,3.44
561.297,0.26,3.41,0.33,3.46
561.319,0.16,3.28,0.29,3.41
561.341,0.31,3.18,0.27,3.32
561.363,0.36,3.39,0.28,3.35
561.385,0.33,3.39,0.28,3.33
561.407,0.29,3.47,0.29,3.34
561.429,0.11,3.46,0.28,3.38
561.451,0.19,3.55,0.26,3.45
561.473,0.08,3.46,0.20,3.47
561.495,0.09,3.37,0.15,3.46
561.517,0.14,3.42,0.12,3.45
561.539,0.33,3.41,0.17,3.44
561.561,0.39,3.32,0.21,3.40
561.583,0.39,3.40,0.27,3.38
561.605,0.42,3.30,0.33,3.37
561.627,0.34,3.50,0.37,3.39
561.649,0.56,3.46,0.42,3.40
561.671,0.46,3.36,0.43,3.40
561.693,0.37,3.35,0.43,3.39
561.715,0.37,3.40,0.42,3.41
561.737,0.40,3.27,0.43,3.37
561.759,0.43,3.32,0.41,3.34
561.781,0.43,3.22,0.40,3.31
561.803,0.45,3.27,0.42,3.30
561.825,0.28,3.20,0.40,3.26
561.847,0.34,3.29,0.39,3.26
561.869,0.26,3.28,0.35,3.25
561.891,0.30,3.32,0.33,3.27
561.913,0.24,3.33,0.28,3.28
561.935,0.24,3.25,0.28,3.29
561.957,0.28,3.33,0.26,3.30
561.979,0.27,3.27,0.27,3.30
562.001,0.34,3.32,0.27,3.30
562.023,0.39,3.34,0.30,3.30
562.045,0.34,3.48,0.32,3.35
562.067,0.34,3.61,0.34,3.40
562.089,0.40,3.37,0.36,3.42
562.111,0.30,3.45,0.35,3.45
562.133,0.30,3.45,0.34,3.47
562.155,0.31,3.39,0.33,3.45
562.177,0.50,3.41,0.36,3.41
562.199,0.56,3.41,0.39,3.42
562.221,0.38,3.41,0.41,3.41
562.243,0.26,3.36,0.40,3.40
562.265,0.17,3.38,0.37,3.39
562.287,0.20,3.41,0.31,3.39
562.309,0.20,3.31,0.24,3.37
562.331,0.18,3.23,0.20,3.34
562.353,0.29,3.23,0.21,3.31
562.375,0.42,3.28,0.26,3.29
562.397,0.40,3.29,0.30,3.27
562.419,0.29,3.39,0.32,3.28
562.441,0.34,3.30,0.35,3.30
562.463,0.38,3.44,0.37,3.34
562.485,0.29,3.41,0.34,3.37
562.507,0.19,3.41,0.30,3.39
562.529,0.35,3.39,0.31,3.39
562.551,0.28,3.30,0.30,3.39
562.573,0.20,3.33,0.26,3.37
562.595,0.36,3.52,0.28,3.39
562.617,0.42,3.46,0.32,3.40
562.639,0.35,3.42,0.32,3.41
562.661,0.29,3.28,0.32,3.40
562.683,0.27,3.22,0.34,3.38
562.705,0.23,3.21,0.31,3.32
562.727,0.20,3.21,0.27,3.27
562.749,0.13,3.22,0.22,3.23
562.771,0.24,3.25,0.21,3.22
562.793,0.28,3.44,0.22,3.27
562.815,0.24,3.36,0.22,3.30
562.837,0.33,3.25,0.24,3.30
562.859,0.22,3.27,0.26,3.31
562.881,0.24,3.17,0.26,3.30
562.903,0.31,3.20,0.27,3.25
562.925,0.29,3.31,0.28,3.24
562.947,0.41,3.45,0.29,3.28
562.969,0.29,3.37,0.31,3.30
562.991,0.24,3.32,0.31,3.33
563.013,0.24,3.37,0.29,3.36
563.035,0.23,3.50,0.28,3.40
563.057,0.25,3.31,0.25,3.37
563.079,0.26,3.51,0.24,3.40
563.101,0.36,3.39,0.27,3.42
563.123,0.42,3.34,0.30,3.41
563.145,0.27,3.28,0.31,3.37
563.167,0.27,3.29,0.32,3.36
563.189,0.21,3.37,0.31,3.33
563.211,0.36,3.40,0.31,3.34
563.233,0.42,3.50,0.31,3.37
563.255,0.22,3.58,0.30,3.43
563.277,0.22,3.59,0.29,3.49
563.299,0.16,3.40,0.28,3.49
563.321,0.30,3.21,0.26,3.46
563.343,0.23,3.28,0.23,3.41
563.365,0.29,3.34,0.24,3.36
563.387,0.25,3.36,0.25,3.32
563.409,0.34,3.36,0.28,3.31
563.431,0.44,3.47,0.31,3.36
563.453,0.40,3.47,0.34,3.40
563.475,0.31,3.46,0.35,3.42
563.497,0.30,3.30,0.36,3.41
563.519,0.26,3.42,0.34,3.42
563.541,0.33,3.40,0.32,3.41
563.563,0.24,3.51,0.29,3.42
563.585,0.17,3.52,0.26,3.43
563.607,0.34,3.49,0.27,3.47
563.629,0.32,3.53,0.28,3.49
563.651,0.35,3.56,0.28,3.52
563.673,0.22,3.40,0.28,3.50
563.695,0.44,3.48,0.33,3.49
563.717,0.44,3.33,0.35,3.46
563.739,0.36,3.31,0.36,3.42
563.761,0.33,3.34,0.36,3.37
563.783,0.31,3.39,0.38,3.37
563.805,0.38,3.45,0.36,3.36
563.827,0.24,3.42,0.32,3.38
563.849,0.15,3.51,0.28,3.42
563.871,0.29,3.32,0.27,3.42
563.893,0.17,3.14,0.25,3.37
563.915,0.29,3.31,0.23,3.34
563.937,0.26,3.19,0.23,3.29
563.959,0.26,3.40,0.25,3.27
563.981,0.19,3.30,0.23,3.27
564.003,0.27,3.19,0.25,3.28
564.025,0.32,3.35,0.26,3.29
564.047,0.48,3.43,0.30,3.33
564.069,0.30,3.37,0.31,3.33
564.091,0.38,3.51,0.35,3.37
564.113,0.45,3.58,0.39,3.45
564.135,0.30,3.31,0.38,3.44
564.157,0.35,3.35,0.36,3.42
564.179,0.30,3.40,0.36,3.43
564.201,0.21,3.55,0.32,3.44
564.223,0.29,3.36,0.29,3.39
564.245,0.25,3.40,0.28,3.41
564.267,0.31,3.30,0.27,3.40
564.289,0.39,3.24,0.29,3.37
564.311,0.33,3.37,0.31,3.33
564.333,0.38,3.37,0.33,3.34
564.355,0.17,3.49,0.32,3.35
564.377,0.36,3.39,0.33,3.37
564.399,0.35,3.39,0.32,3.40
564.421,0.29,3.33,0.31,3.39
564.443,0.46,3.28,0.33,3.38
564.465,0.38,3.35,0.37,3.35
564.487,0.20,3.54,0.34,3.38
564.509,0.14,3.63,0.29,3.43
564.531,0.21,3.41,0.28,3.44
564.553,0.29,3.35,0.24,3.46
564.575,0.32,3.38,0.23,3.46
564.597,0.36,3.35,0.26,3.42
564.619,0.44,3.39,0.32,3.38
564.641,0.40,3.35,0.36,3.36
564.663,0.32,3.49,0.37,3.39
564.685,0.37,3.41,0.38,3.40
564.707,0.28,3.27,0.36,3.38
564.729,0.28,3.23,0.33,3.35
564.751,0.47,3.22,0.34,3.32
564.773,0.33,3.19,0.35,3.26
564.795,0.35,3.29,0.34,3.24
564.817,0.28,3.18,0.34,3.22
564.839,0.31,3.30,0.35,3.24
564.861,0.24,3.37,0.30,3.27
564.883,0.14,3.32,0.26,3.29
564.905,0.15,3.26,0.22,3.29
564.927,0.18,3.28,0.20,3.31
564.949,0.26,3.26,0.19,3.30
564.971,0.32,3.36,0.21,3.30
564.993,0.36,3.32,0.25,3.30
565.015,0.32,3.43,0.29,3.33
565.037,0.35,3.27,0.32,3.33
565.059,0.31,3.23,0.33,3.32
565.081,0.30,3.12,0.33,3.27
565.103,0.32,3.26,0.32,3.26
565.125,0.27,3.23,0.31,3.22
565.147,0.37,3.26,0.31,3.22
565.169,0.30,3.32,0.31,3.24
565.191,0.39,3.37,0.33,3.29
565.213,0.40,3.34,0.35,3.30
565.235,0.54,3.44,0.40,3.35
565.257,0.41,3.49,0.41,3.39
565.279,0.38,3.39,0.42,3.41
565.301,0.36,3.41,0.42,3.41
565.323,0.41,3.59,0.42,3.46
565.345,0.37,3.37,0.39,3.45
565.367,0.26,3.32,0.36,3.42
565.389,0.16,3.33,0.31,3.40
565.411,0.17,3.43,0.27,3.41
565.433,0.25,3.32,0.24,3.35
565.455,0.23,3.39,0.21,3.36
565.477,0.32,3.40,0.23,3.37
565.499,0.30,3.46,0.25,3.40
565.521,0.37,3.59,0.29,3.43
565.543,0.35,3.55,0.31,3.48
565.565,0.25,3.55,0.32,3.51
565.587,0.31,3.44,0.32,3.52
565.609,0.14,3.44,0.28,3.51
565.631,0.15,3.40,0.24,3.48
565.653,0.17,3.44,0.20,3.45
565.675,0.31,3.38,0.22,3.42
565.697,0.21,3.31,0.20,3.39
565.719,0.25,3.37,0.22,3.38
565.741,0.27,3.21,0.24,3.34
565.763,0.29,3.30,0.27,3.31
565.785,0.39,3.41,0.28,3.32
565.807,0.44,3.41,0.33,3.34
565.829,0.34,3.24,0.35,3.31
565.851,0.34,3.47,0.36,3.37
565.873,0.31,3.49,0.36,3.40
565.895,0.42,3.30,0.37,3.38
565.917,0.46,3.35,0.37,3.37
565.939,0.49,3.34,0.40,3.39
565.961,0.53,3.41,0.44,3.38
565.983,0.41,3.43,0.46,3.37
566.005,0.32,3.35,0.44,3.38
566.027,0.47,3.39,0.44,3.38
566.049,0.53,3.39,0.45,3.39
566.071,0.34,3.32,0.41,3.38
566.093,0.34,3.27,0.40,3.34
566.115,0.38,3.35,0.41,3.34
566.137,0.33,3.41,0.38,3.35
566.159,0.39,3.25,0.36,3.32
566.181,0.39,3.32,0.37,3.32
566.203,0.18,3.43,0.33,3.35
566.225,0.28,3.38,0.31,3.36
566.247,0.34,3.28,0.32,3.33
566.269,0.37,3.35,0.31,3.35
566.291,0.35,3.38,0.30,3.36
566.313,0.32,3.41,0.33,3.36
566.335,0.15,3.65,0.31,3.41
566.357,0.25,3.48,0.29,3.45
566.379,0.31,3.58,0.28,3.50
566.401,0.26,3.40,0.26,3.50
566.423,0.36,3.35,0.27,3.49
566.445,0.30,3.38,0.30,3.44
566.467,0.41,3.47,0.33,3.44
566.489,0.36,3.30,0.34,3.38
566.511,0.33,3.33,0.35,3.37
566.533,0.33,3.35,0.35,3.37
566.555,0.28,3.49,0.34,3.39
566.577,0.33,3.44,0.33,3.38
566.599,0.37,3.28,0.33,3.38
566.621,0.36,3.36,0.33,3.38
566.643,0.40,3.33,0.35,3.38
566.665,0.41,3.28,0.37,3.34
566.687,0.37,3.34,0.38,3.32
566.709,0.38,3.43,0.38,3.35
566.731,0.37,3.40,0.39,3.36
566.753,0.40,3.37,0.39,3.36
566.775,0.35,3.33,0.37,3.37
566.797,0.27,3.29,0.35,3.36
566.819,0.27,3.39,0.33,3.36
566.841,0.32,3.34,0.32,3.34
566.863,0.30,3.35,0.30,3.34
566.885,0.44,3.50,0.32,3.37
566.907,0.40,3.51,0.35,3.42
566.929,0.37,3.44,0.37,3.43
566.951,0.33,3.37,0.37,3.43
566.973,0.27,3.34,0.36,3.43
566.995,0.29,3.27,0.33,3.39
567.017,0.41,3.27,0.33,3.34
567.039,0.29,3.39,0.32,3.33
567.061,0.42,3.28,0.34,3.31
567.083,0.43,3.49,0.37,3.34
567.105,0.47,3.54,0.40,3.39
567.127,0.41,3.41,0.40,3.42
567.149,0.38,3.37,0.42,3.42
567.171,0.25,3.22,0.39,3.41
567.193,0.13,3.25,0.33,3.36
567.215,0.16,3.30,0.27,3.31
567.237,0.16,3.29,0.22,3.29
567.259,0.27,3.31,0.19,3.27
567.281,0.36,3.38,0.22,3.31
567.303,0.24,3.40,0.24,3.34
567.325,0.38,3.41,0.28,3.36
567.347,0.37,3.51,0.32,3.40
567.369,0.26,3.54,0.32,3.45
567.391,0.24,3.56,0.30,3.48
567.413,0.27,3.48,0.30,3.50
567.435,0.14,3.40,0.26,3.50
567.457,0.39,3.25,0.26,3.45
567.479,0.41,3.25,0.29,3.39
567.501,0.45,3.39,0.33,3.35
567.523,0.24,3.42,0.33,3.34
567.545,0.32,3.44,0.36,3.35
567.567,0.32,3.28,0.35,3.36
567.589,0.41,3.49,0.35,3.40
567.611,0.34,3.54,0.33,3.43
567.633,0.23,3.55,0.32,3.46
567.655,0.32,3.47,0.32,3.47
567.677,0.31,3.45,0.32,3.50
567.699,0.17,3.35,0.27,3.47
567.721,0.16,3.33,0.24,3.43
567.743,0.24,3.39,0.24,3.40
567.765,0.26,3.33,0.23,3.37
567.787,0.22,3.38,0.21,3.36
567.809,0.17,3.26,0.21,3.34
567.831,0.28,3.13,0.23,3.30
567.853,0.33,3.35,0.25,3.29
567.875,0.20,3.18,0.24,3.26
567.897,0.15,3.34,0.23,3.25
567.919,0.24,3.31,0.24,3.26
567.941,0.31,3.23,0.25,3.28
567.963,0.42,3.38,0.26,3.29
567.985,0.49,3.34,0.32,3.32
568.007,0.59,3.43,0.41,3.34
568.029,0.62,3.44,0.49,3.36
568.051,0.35,3.42,0.49,3.40
568.073,0.35,3.42,0.48,3.41
568.095,0.28,3.37,0.44,3.42
568.117,0.30,3.31,0.38,3.39
568.139,0.12,3.39,0.28,3.38
568.161,0.24,3.27,0.26,3.35
568.183,0.41,3.18,0.27,3.30
568.205,0.36,3.21,0.29,3.27
568.227,0.33,3.23,0.29,3.26
568.249,0.37,3.30,0.34,3.24
568.271,0.29,3.24,0.35,3.23
568.293,0.18,3.34,0.31,3.26
568.315,0.21,3.48,0.28,3.32
568.337,0.29,3.23,0.27,3.32
568.359,0.34,3.22,0.26,3.30
568.381,0.35,3.34,0.27,3.32
568.403,0.29,3.37,0.30,3.33
568.425,0.42,3.35,0.34,3.30
568.447,0.41,3.40,0.36,3.34
568.469,0.35,3.35,0.36,3.36
568.491,0.29,3.25,0.35,3.34
568.513,0.36,3.34,0.37,3.34
568.535,0.33,3.38,0.35,3.34
568.557,0.36,3.29,0.34,3.32
568.579,0.35,3.20,0.34,3.29
568.601,0.19,3.30,0.32,3.30
568.623,0.20,3.39,0.29,3.31
568.645,0.32,3.42,0.28,3.32
568.667,0.35,3.42,0.28,3.35
568.689,0.30,3.42,0.27,3.39
568.711,0.35,3.34,0.30,3.40
568.733,0.42,3.41,0.35,3.40
568.755,0.35,3.50,0.35,3.42
568.777,0.32,3.31,0.35,3.40
568.799,0.46,3.35,0.38,3.38
568.821,0.38,3.31,0.39,3.38
568.843,0.39,3.26,0.38,3.35
568.865,0.36,3.26,0.38,3.30
568.887,0.31,3.29,0.38,3.29
568.909,0.33,3.30,0.35,3.28
568.931,0.27,3.26,0.33,3.27
568.953,0.27,3.19,0.31,3.26
568.975,0.33,3.21,0.30,3.25
568.997,0.39,3.26,0.32,3.24
569.019,0.39,3.37,0.33,3.26
569.041,0.44,3.37,0.36,3.28
569.063,0.34,3.37,0.38,3.32
569.085,0.37,3.16,0.39,3.31
569.107,0.22,3.21,0.35,3.30
569.129,0.33,3.38,0.34,3.30
569.151,0.15,3.49,0.28,3.32
569.173,0.17,3.54,0.25,3.36
569.195,0.27,3.37,0.23,3.40
569.217,0.14,3.44,0.21,3.44
569.239,0.39,3.18,0.22,3.40
569.261,0.42,3.21,0.28,3.35
569.283,0.41,3.23,0.33,3.29
569.305,0.19,3.08,0.31,3.23
569.327,0.19,3.06,0.32,3.15
569.349,0.11,3.37,0.26,3.19
569.371,0.19,3.24,0.22,3.20
569.393,0.24,3.30,0.18,3.21
569.415,0.29,3.39,0.20,3.27
569.437,0.31,3.41,0.23,3.34
569.459,0.39,3.51,0.28,3.37
569.481,0.42,3.40,0.33,3.40
569.503,0.41,3.41,0.36,3.42
569.525,0.40,3.24,0.39,3.39
569.547,0.38,3.32,0.40,3.38
569.569,0.26,3.25,0.37,3.32
569.591,0.31,3.17,0.35,3.28
569.613,0.27,3.24,0.32,3.24
569.635,0.25,3.37,0.29,3.27
569.657,0.36,3.44,0.29,3.29
569.679,0.45,3.34,0.33,3.31
569.701,0.33,3.26,0.33,3.33
569.723,0.35,3.20,0.35,3.32
569.745,0.51,3.19,0.40,3.29
569.767,0.39,3.28,0.41,3.25
569.789,0.37,3.27,0.39,3.24
569.811,0.34,3.41,0.39,3.27
569.833,0.36,3.38,0.39,3.31
569.855,0.40,3.38,0.37,3.34
569.877,0.29,3.34,0.35,3.36
569.899,0.26,3.28,0.33,3.36
569.921,0.22,3.32,0.31,3.34
569.943,0.20,3.28,0.27,3.32
569.965,0.26,3.36,0.25,3.32
569.987,0.35,3.32,0.26,3.31
570.009,0.32,3.35,0.27,3.33
570.031,0.25,3.52,0.28,3.37
570.053,0.28,3.55,0.29,3.42
570.075,0.28,3.67,0.30,3.48
570.097,0.27,3.57,0.28,3.53
570.119,0.51,3.51,0.32,3.56
570.141,0.58,3.29,0.38,3.52
570.163,0.59,3.36,0.45,3.48
570.185,0.52,3.40,0.49,3.43
570.207,0.58,3.38,0.56,3.39
570.229,0.36,3.32,0.53,3.35
570.251,0.41,3.24,0.49,3.34
570.273,0.46,3.28,0.47,3.32
570.295,0.38,3.36,0.44,3.32
570.317,0.32,3.45,0.39,3.33
570.339,0.23,3.35,0.36,3.34
570.361,0.43,3.32,0.36,3.35
570.383,0.34,3.35,0.34,3.37
570.405,0.42,3.46,0.35,3.39
570.427,0.40,3.19,0.36,3.33
570.449,0.36,3.26,0.39,3.32
570.471,0.32,3.12,0.37,3.28
570.493,0.23,3.14,0.35,3.23
570.515,0.27,3.20,0.32,3.18
570.537,0.27,3.11,0.29,3.17
570.559,0.44,3.36,0.31,3.19
570.581,0.25,3.36,0.29,3.23
570.603,0.09,3.25,0.26,3.26
570.625,0.17,3.40,0.24,3.30
570.647,0.26,3.39,0.24,3.35
570.669,0.19,3.47,0.19,3.37
570.691,0.33,3.46,0.21,3.39
570.713,0.36,3.32,0.26,3.41
570.735,0.35,3.25,0.30,3.38
570.757,0.21,3.15,0.29,3.33
570.779,0.29,3.47,0.31,3.33
570.801,0.31,3.23,0.30,3.28
570.823,0.35,3.38,0.30,3.30
570.845,0.44,3.26,0.32,3.30
570.867,0.30,3.32,0.34,3.33
570.889,0.33,3.31,0.35,3.30
570.911,0.31,3.43,0.35,3.34
570.933,0.31,3.34,0.34,3.33
570.955,0.48,3.48,0.35,3.38
570.977,0.25,3.37,0.34,3.39
570.999,0.18,3.38,0.31,3.40
571.021,0.21,3.49,0.29,3.41
571.043,0.32,3.49,0.29,3.44
571.065,0.21,3.46,0.23,3.44
571.087,0.32,3.53,0.25,3.47
571.109,0.39,3.50,0.29,3.49
571.131,0.36,3.55,0.32,3.51
571.153,0.34,3.33,0.32,3.47
571.175,0.43,3.37,0.37,3.46
571.197,0.53,3.39,0.41,3.43
571.219,0.41,3.34,0.41,3.40
571.241,0.41,3.29,0.42,3.34
571.263,0.34,3.37,0.42,3.35
571.285,0.37,3.40,0.41,3.36
571.307,0.45,3.33,0.40,3.35
571.329,0.25,3.26,0.36,3.33
571.351,0.14,3.13,0.31,3.30
571.373,0.13,3.25,0.27,3.27
571.395,-0.02,3.35,0.19,3.26
571.417,0.20,3.26,0.14,3.25
571.439,0.31,3.36,0.15,3.27
571.461,0.44,3.27,0.21,3.30
571.483,0.43,3.32,0.27,3.31
571.505,0.47,3.26,0.37,3.29
571.527,0.43,3.22,0.42,3.29
571.549,0.40,3.32,0.43,3.28
571.571,0.25,3.46,0.40,3.32
571.593,0.24,3.45,0.36,3.34
571.615,0.35,3.34,0.33,3.36
571.637,0.40,3.33,0.33,3.38
571.659,0.37,3.30,0.32,3.38
571.681,0.35,3.26,0.34,3.34
571.703,0.32,3.38,0.36,3.32
571.725,0.55,3.35,0.40,3.32
571.747,0.51,3.44,0.42,3.35
571.769,0.40,3.41,0.43,3.37
571.791,0.23,3.47,0.40,3.41
571.813,0.19,3.38,0.38,3.41
571.835,0.22,3.53,0.31,3.45
571.857,0.38,3.42,0.28,3.44
571.879,0.46,3.35,0.30,3.43
571.901,0.37,3.28,0.32,3.39
571.923,0.23,3.39,0.33,3.39
571.945,0.16,3.32,0.32,3.35
571.967,0.20,3.33,0.28,3.33
571.989,0.12,3.33,0.22,3.33
572.011,0.12,3.38,0.17,3.35
572.033,0.12,3.28,0.14,3.33
572.055,0.38,3.41,0.19,3.35
572.077,0.29,3.37,0.21,3.35
572.099,0.27,3.33,0.24,3.35
572.121,0.23,3.51,0.26,3.38
572.143,0.27,3.55,0.29,3.43
572.165,0.25,3.56,0.26,3.46
572.187,0.31,3.45,0.27,3.48
572.209,0.48,3.36,0.31,3.49
572.231,0.38,3.27,0.34,3.44
572.253,0.24,3.23,0.33,3.37
572.275,0.22,3.38,0.33,3.34
572.297,0.10,3.28,0.28,3.30
572.319,0.34,3.19,0.26,3.27
572.341,0.41,3.09,0.26,3.23
572.363,0.28,2.99,0.27,3.19
572.385,0.21,3.14,0.27,3.14
572.407,0.37,3.25,0.32,3.13
572.429,0.32,3.32,0.32,3.16
572.451,0.39,3.47,0.31,3.23
572.473,0.41,3.44,0.34,3.32
572.495,0.35,3.40,0.37,3.38
572.517,0.22,3.43,0.34,3.41
572.539,0.29,3.43,0.33,3.43
572.561,0.34,3.31,0.32,3.40
572.583,0.28,3.27,0.30,3.37
572.605,0.27,3.33,0.28,3.35
572.627,0.46,3.32,0.33,3.33
572.649,0.43,3.30,0.36,3.31
572.671,0.29,3.07,0.35,3.26
572.693,0.50,3.26,0.39,3.26
572.715,0.56,3.44,0.45,3.28
572.737,0.40,3.44,0.44,3.30
572.759,0.38,3.30,0.43,3.30
572.781,0.27,3.42,0.42,3.37
572.803,0.27,3.32,0.38,3.38
572.825,0.20,3.47,0.30,3.39
572.847,0.21,3.50,0.27,3.40
572.869,0.26,3.42,0.24,3.43
572.891,0.18,3.50,0.22,3.44
572.913,0.22,3.59,0.21,3.50
572.935,0.42,3.42,0.26,3.49
572.957,0.33,3.47,0.28,3.48
572.979,0.32,3.41,0.29,3.48
573.001,0.50,3.41,0.36,3.46
573.023,0.46,3.46,0.41,3.43
573.045,0.39,3.35,0.40,3.42
573.067,0.42,3.33,0.42,3.39
573.089,0.38,3.17,0.43,3.34
573.111,0.27,3.24,0.38,3.31
573.133,0.29,3.26,0.35,3.27
573.155,0.24,3.28,0.32,3.26
573.177,0.27,3.23,0.29,3.24
573.199,0.28,3.42,0.27,3.29
573.221,0.24,3.29,0.26,3.30
573.243,0.27,3.35,0.26,3.31
573.265,0.25,3.26,0.26,3.31
573.287,0.34,3.47,0.28,3.36
573.309,0.25,3.41,0.27,3.36
573.331,0.31,3.30,0.28,3.36
573.353,0.32,3.33,0.29,3.35
573.375,0.27,3.30,0.30,3.36
573.397,0.31,3.15,0.29,3.30
573.419,0.27,3.20,0.30,3.26
573.441,0.17,3.27,0.27,3.25
573.463,0.24,3.23,0.25,3.23
573.485,0.17,3.17,0.23,3.20
573.507,0.25,3.44,0.22,3.26
573.529,0.35,3.36,0.24,3.29
573.551,0.31,3.36,0.26,3.31
573.573,0.31,3.27,0.28,3.32
573.595,0.43,3.29,0.33,3.34
573.617,0.29,3.38,0.34,3.33
573.639,0.26,3.44,0.32,3.35
573.661,0.32,3.39,0.32,3.35
573.683,0.40,3.52,0.34,3.40
573.705,0.38,3.44,0.33,3.43
573.727,0.39,3.40,0.35,3.44
573.749,0.29,3.31,0.36,3.41
573.771,0.42,3.39,0.38,3.41
573.793,0.40,3.29,0.38,3.37
573.815,0.46,3.58,0.39,3.39
573.837,0.48,3.62,0.41,3.44
573.859,0.24,3.49,0.40,3.47
573.881,0.11,3.38,0.34,3.47
573.903,0.13,3.47,0.28,3.51
573.925,0.03,3.52,0.20,3.50
573.947,0.23,3.41,0.15,3.45
573.969,0.32,3.35,0.16,3.43
573.991,0.27,3.52,0.20,3.45
574.013,0.41,3.35,0.25,3.43
574.035,0.30,3.40,0.31,3.41
574.057,0.46,3.37,0.35,3.40
574.079,0.26,3.47,0.34,3.42
574.101,0.24,3.48,0.33,3.41
574.123,0.16,3.61,0.28,3.47
574.145,0.30,3.52,0.28,3.49
574.167,0.36,3.37,0.26,3.49
574.189,0.45,3.38,0.30,3.47
574.211,0.37,3.42,0.33,3.46
574.233,0.37,3.42,0.37,3.42
574.255,0.29,3.50,0.37,3.42
574.277,0.20,3.41,0.34,3.43
574.299,0.22,3.28,0.29,3.41
574.321,0.33,3.30,0.28,3.38
574.343,0.44,3.34,0.30,3.37
574.365,0.36,3.30,0.31,3.33
574.387,0.47,3.31,0.36,3.31
574.409,0.40,3.25,0.40,3.30
574.431,0.32,3.20,0.40,3.28
574.453,0.25,3.11,0.36,3.23
574.475,0.27,3.36,0.34,3.25
574.497,0.41,3.25,0.33,3.23
574.519,0.24,3.32,0.30,3.25
574.541,0.32,3.35,0.30,3.28
574.563,0.30,3.44,0.31,3.34
574.585,0.33,3.44,0.32,3.36
574.607,0.41,3.41,0.32,3.39
574.629,0.47,3.38,0.37,3.40
574.651,0.28,3.38,0.36,3.41
574.673,0.15,3.42,0.33,3.41
574.695,0.21,3.50,0.30,3.42
574.717,0.31,3.24,0.28,3.38
574.739,0.27,3.36,0.24,3.38
574.761,0.32,3.48,0.25,3.40
574.783,0.39,3.39,0.30,3.39
574.805,0.30,3.40,0.32,3.37
574.827,0.31,3.47,0.32,3.42
574.849,0.13,3.42,0.29,3.43
574.871,0.10,3.49,0.25,3.43
574.893,0.33,3.38,0.23,3.43
574.915,0.32,3.36,0.24,3.42
574.937,0.26,3.38,0.23,3.41
574.959,0.14,3.24,0.23,3.37
574.981,0.32,3.14,0.27,3.30
575.003,0.32,3.25,0.27,3.27
575.025,0.27,3.20,0.26,3.24
575.047,0.38,3.28,0.29,3.22
575.069,0.31,3.33,0.32,3.24
575.091,0.10,3.34,0.28,3.28
575.113,0.40,3.22,0.29,3.27
575.135,0.29,3.31,0.30,3.30
575.157,0.22,3.37,0.26,3.31
575.179,0.14,3.30,0.23,3.31
575.201,0.02,3.27,0.21,3.29
575.223,0.27,3.36,0.19,3.32
575.245,0.24,3.33,0.18,3.33
575.267,0.36,3.41,0.21,3.33
575.289,0.42,3.41,0.26,3.36
575.311,0.39,3.20,0.34,3.34
575.333,0.36,3.30,0.35,3.33
575.355,0.29,3.32,0.36,3.33
575.377,0.25,3.37,0.34,3.32
575.399,0.23,3.50,0.30,3.34
575.421,0.33,3.44,0.29,3.39
575.443,0.27,3.51,0.27,3.43
575.465,0.43,3.42,0.30,3.45
575.487,0.55,3.46,0.36,3.47
575.509,0.52,3.41,0.42,3.45
575.531,0.36,3.39,0.43,3.44
575.553,0.07,3.47,0.39,3.43
575.575,0.26,3.63,0.35,3.47
575.597,0.40,3.37,0.32,3.45
575.619,0.26,3.45,0.27,3.46
575.641,0.33,3.43,0.26,3.47
575.663,0.38,3.58,0.33,3.49
575.685,0.36,3.41,0.35,3.45
575.707,0.35,3.42,0.34,3.46
575.729,0.34,3.18,0.35,3.40
575.751,0.42,3.28,0.37,3.37
575.773,0.24,3.23,0.34,3.30
575.795,0.33,3.33,0.34,3.29
575.817,0.22,3.33,0.31,3.27
575.839,0.27,3.43,0.30,3.32
575.861,0.33,3.26,0.28,3.32
575.883,0.22,3.14,0.27,3.30
575.905,0.29,3.26,0.27,3.28
575.927,0.21,3.26,0.26,3.27
575.949,0.25,3.49,0.26,3.28
575.971,0.23,3.46,0.24,3.32
575.993,0.19,3.31,0.23,3.36
576.015,0.34,3.30,0.24,3.36
576.037,0.24,3.57,0.25,3.43
576.059,0.22,3.61,0.24,3.45
576.081,0.27,3.44,0.25,3.45
576.103,0.16,3.49,0.25,3.48
576.125,0.27,3.52,0.23,3.53
576.147,0.33,3.52,0.25,3.52
576.169,0.31,3.49,0.27,3.49
576.191,0.16,3.43,0.25,3.49
576.213,0.19,3.47,0.25,3.49
576.235,0.27,3.32,0.25,3.45
576.257,0.43,3.25,0.27,3.39
576.279,0.44,3.33,0.30,3.36
576.301,0.33,3.25,0.33,3.32
576.323,0.28,3.22,0.35,3.27
576.345,0.26,3.25,0.35,3.26
576.367,0.29,3.13,0.32,3.24
576.389,0.22,3.24,0.28,3.22
576.411,0.28,3.39,0.27,3.25
576.433,0.25,3.42,0.26,3.29
576.455,0.29,3.30,0.27,3.30
576.477,0.34,3.42,0.28,3.35
576.499,0.26,3.39,0.28,3.38
576.521,0.27,3.43,0.28,3.39
576.543,0.26,3.29,0.28,3.37
576.565,0.30,3.19,0.29,3.34
576.587,0.24,3.26,0.27,3.31
576.609,0.22,3.21,0.26,3.28
576.631,0.26,3.18,0.26,3.23
576.653,0.37,3.19,0.28,3.21
576.675,0.26,3.19,0.27,3.21
576.697,0.31,3.26,0.28,3.21
576.719,0.36,3.27,0.31,3.22
576.741,0.50,3.28,0.36,3.24
576.763,0.50,3.27,0.39,3.25
576.785,0.29,3.31,0.39,3.28
576.807,0.30,3.25,0.39,3.28
576.829,0.13,3.45,0.34,3.31
576.851,0.08,3.45,0.26,3.35
576.873,0.15,3.52,0.19,3.40
576.895,0.21,3.61,0.17,3.46
576.917,0.23,3.51,0.16,3.51
576.939,0.18,3.41,0.17,3.50
576.961,0.19,3.40,0.19,3.49
576.983,0.18,3.60,0.20,3.51
577.005,0.20,3.42,0.20,3.47
577.027,0.21,3.49,0.19,3.46
577.049,0.21,3.40,0.20,3.46
577.071,0.26,3.18,0.21,3.42
577.093,0.29,3.34,0.23,3.37
577.115,0.34,3.32,0.26,3.35
577.137,0.21,3.20,0.26,3.29
577.159,0.21,3.16,0.26,3.24
577.181,0.29,3.28,0.27,3.26
577.203,0.19,3.30,0.25,3.25
577.225,0.29,3.39,0.24,3.27
577.247,0.20,3.23,0.24,3.27
577.269,0.38,3.35,0.27,3.31
577.291,0.33,3.31,0.28,3.32
577.313,0.33,3.31,0.31,3.32
577.335,0.40,3.41,0.33,3.32
577.357,0.49,3.31,0.39,3.34
577.379,0.35,3.31,0.38,3.33
577.401,0.34,3.18,0.38,3.30
577.423,0.37,3.17,0.39,3.28
577.445,0.34,3.09,0.38,3.21
577.467,0.47,3.34,0.37,3.22
577.489,0.50,3.20,0.40,3.20
577.511,0.42,3.13,0.42,3.19
577.533,0.37,3.36,0.42,3.22
577.555,0.31,3.19,0.41,3.24
577.577,0.38,3.44,0.40,3.26
577.599,0.29,3.46,0.35,3.32
577.621,0.36,3.28,0.34,3.35
577.643,0.32,3.27,0.33,3.33
577.665,0.38,3.30,0.35,3.35
577.687,0.36,3.39,0.34,3.34
577.709,0.39,3.25,0.36,3.30
577.731,0.29,3.26,0.35,3.29
577.753,0.31,3.33,0.35,3.31
577.775,0.32,3.40,0.33,3.33
577.797,0.11,3.56,0.28,3.36
577.819,0.28,3.54,0.26,3.42
577.841,0.40,3.50,0.28,3.47
577.863,0.33,3.35,0.29,3.47
577.885,0.22,3.30,0.27,3.45
577.907,0.24,3.27,0.29,3.39
577.929,0.22,3.22,0.28,3.33
577.951,0.24,3.29,0.25,3.29
577.973,0.23,3.41,0.23,3.30
577.995,0.22,3.45,0.23,3.33
578.017,0.17,3.48,0.22,3.37
578.039,0.16,3.27,0.20,3.38
578.061,0.35,3.41,0.23,3.40
578.083,0.52,3.33,0.28,3.39
578.105,0.40,3.35,0.32,3.37
578.127,0.30,3.25,0.35,3.32
578.149,0.44,3.38,0.40,3.34
578.171,0.40,3.50,0.41,3.36
578.193,0.38,3.38,0.38,3.37
578.215,0.36,3.43,0.38,3.39
578.237,0.43,3.39,0.40,3.42
578.259,0.27,3.48,0.37,3.44
578.281,0.30,3.46,0.35,3.43
578.303,0.43,3.50,0.36,3.45
578.325,0.35,3.61,0.36,3.49
578.347,0.20,3.37,0.31,3.48
578.369,0.16,3.39,0.29,3.47
578.391,0.36,3.46,0.30,3.47
578.413,0.10,3.41,0.23,3.45
578.435,0.30,3.38,0.22,3.40
578.457,0.30,3.40,0.24,3.41
578.479,0.25,3.51,0.26,3.43
578.501,0.44,3.39,0.28,3.42
578.523,0.32,3.43,0.32,3.42
578.545,0.42,3.34,0.35,3.41
578.567,0.40,3.34,0.37,3.40
578.589,0.28,3.21,0.37,3.34
578.611,0.40,3.42,0.36,3.35
578.633,0.40,3.39,0.38,3.34
578.655,0.24,3.23,0.34,3.32
578.677,0.35,3.23,0.33,3.30
578.699,0.26,3.34,0.33,3.32
578.721,0.33,3.43,0.32,3.32
578.743,0.32,3.41,0.30,3.33
578.765,0.18,3.31,0.29,3.34
578.787,0.24,3.19,0.27,3.34
578.809,0.29,3.16,0.27,3.30
578.831,0.35,3.25,0.28,3.26
578.853,0.39,3.38,0.29,3.26
578.875,0.28,3.34,0.31,3.26
578.897,0.24,3.53,0.31,3.33
578.919,0.31,3.48,0.31,3.40
578.941,0.21,3.45,0.29,3.44
578.963,0.21,3.49,0.25,3.46
578.985,0.24,3.51,0.24,3.49
579.007,0.29,3.37,0.25,3.46
579.029,0.28,3.40,0.25,3.44
579.051,0.22,3.36,0.25,3.43
579.073,0.27,3.47,0.26,3.42
579.095,0.17,3.42,0.25,3.40
579.117,0.16,3.27,0.22,3.38
579.139,0.11,3.21,0.19,3.35
579.161,0.33,3.35,0.21,3.34
579.183,0.32,3.36,0.22,3.32
579.205,0.44,3.40,0.27,3.32
579.227,0.26,3.38,0.29,3.34
579.249,0.23,3.44,0.32,3.39
579.271,0.31,3.36,0.31,3.39
579.293,0.44,3.33,0.34,3.38
579.315,0.49,3.39,0.35,3.38
579.337,0.57,3.54,0.41,3.41
579.359,0.41,3.46,0.44,3.42
579.381,0.31,3.43,0.44,3.43
579.403,0.33,3.51,0.42,3.47
579.425,0.38,3.40,0.40,3.47
579.447,0.34,3.39,0.35,3.44
579.469,0.37,3.43,0.35,3.43
579.491,0.27,3.44,0.34,3.43
579.513,0.38,3.40,0.35,3.41
579.535,0.23,3.41,0.32,3.41
579.557,0.31,3.52,0.31,3.44
579.579,0.31,3.50,0.30,3.45
579.601,0.45,3.48,0.34,3.46
579.623,0.27,3.44,0.31,3.47
579.645,0.29,3.40,0.33,3.47
579.667,0.32,3.38,0.33,3.44
579.689,0.34,3.50,0.33,3.44
579.711,0.43,3.34,0.33,3.41
579.733,0.49,3.33,0.37,3.39
579.755,0.52,3.38,0.42,3.39
579.777,0.34,3.41,0.42,3.39
579.799,0.21,3.26,0.40,3.34
579.821,0.31,3.15,0.37,3.31
579.843,0.24,3.24,0.32,3.29
579.865,0.18,3.23,0.26,3.26
579.887,0.23,3.21,0.23,3.22
579.909,0.34,3.16,0.26,3.20
579.931,0.36,3.31,0.27,3.23
579.953,0.30,3.32,0.28,3.25
579.975,0.30,3.30,0.31,3.26
579.997,0.29,3.33,0.32,3.28
580.019,0.24,3.37,0.30,3.33
580.041,0.33,3.31,0.29,3.33
580.063,0.37,3.18,0.31,3.30
580.085,0.38,3.23,0.32,3.28
580.107,0.40,3.15,0.34,3.25
580.129,0.40,3.13,0.38,3.20
580.151,0.52,3.25,0.41,3.19
580.173,0.41,3.35,0.42,3.22
580.195,0.49,3.34,0.44,3.24
580.217,0.50,3.33,0.46,3.28
580.239,0.42,3.38,0.47,3.33
580.261,0.26,3.27,0.42,3.33
580.283,0.16,3.19,0.37,3.30
580.305,0.27,3.42,0.32,3.32
580.327,0.40,3.30,0.30,3.31
580.349,0.43,3.38,0.30,3.31
580.371,0.40,3.48,0.33,3.35
580.393,0.45,3.58,0.39,3.43
580.415,0.59,3.52,0.45,3.45
580.437,0.46,3.63,0.47,3.52
580.459,0.33,3.50,0.45,3.54
580.481,0.36,3.50,0.44,3.55
580.503,0.28,3.29,0.40,3.49
580.525,0.23,3.43,0.33,3.47
580.547,0.23,3.41,0.29,3.43
580.569,0.37,3.43,0.29,3.41
580.591,0.41,3.43,0.30,3.40
580.613,0.32,3.26,0.31,3.39
580.635,0.33,3.33,0.33,3.37
580.657,0.35,3.22,0.36,3.33
580.679,0.34,3.29,0.35,3.31
580.701,0.27,3.29,0.32,3.28
580.723,0.24,3.29,0.31,3.28
580.745,0.37,3.26,0.31,3.27
580.767,0.26,3.24,0.30,3.27
580.789,0.48,3.43,0.32,3.30
580.811,0.41,3.43,0.35,3.33
580.833,0.31,3.39,0.37,3.35
580.855,0.22,3.56,0.34,3.41
580.877,0.39,3.43,0.36,3.45
580.899,0.46,3.45,0.36,3.45
580.921,0.40,3.38,0.36,3.44
580.943,0.50,3.39,0.39,3.44
580.965,0.35,3.30,0.42,3.39
580.987,0.37,3.41,0.42,3.39
581.009,0.39,3.20,0.40,3.34
581.031,0.34,3.11,0.39,3.28
581.053,0.39,3.19,0.37,3.24
581.075,0.23,3.22,0.34,3.23
581.097,0.28,3.30,0.33,3.20
581.119,0.27,3.23,0.30,3.21
581.141,0.37,3.29,0.31,3.25
581.163,0.38,3.37,0.31,3.28
581.185,0.26,3.17,0.31,3.27
581.207,0.36,3.27,0.33,3.27
581.229,0.27,3.39,0.33,3.30
581.251,0.43,3.33,0.34,3.31
581.273,0.42,3.36,0.35,3.30
581.295,0.34,3.39,0.36,3.35
581.317,0.33,3.36,0.36,3.37
581.339,0.24,3.54,0.35,3.40
581.361,0.23,3.60,0.31,3.45
581.383,0.29,3.33,0.29,3.44
581.405,0.29,3.25,0.28,3.42
581.427,0.27,3.36,0.26,3.42
581.449,0.28,3.30,0.27,3.37
581.471,0.28,3.32,0.28,3.31
581.493,0.26,3.39,0.28,3.32
581.515,0.30,3.40,0.28,3.35
581.537,0.22,3.32,0.27,3.35
581.559,0.21,3.40,0.25,3.37
581.581,0.21,3.51,0.24,3.40
581.603,0.37,3.35,0.26,3.40
581.625,0.24,3.43,0.25,3.40
581.647,0.53,3.39,0.31,3.42
581.669,0.38,3.41,0.35,3.42
581.691,0.24,3.22,0.35,3.36
581.713,0.35,3.41,0.35,3.37
581.735,0.32,3.52,0.36,3.39
581.757,0.30,3.54,0.32,3.42
581.779,0.37,3.50,0.32,3.44
581.801,0.19,3.53,0.31,3.50
581.823,0.35,3.43,0.31,3.50
581.845,0.31,3.46,0.30,3.49
581.867,0.33,3.45,0.31,3.47
581.889,0.34,3.50,0.30,3.47
581.911,0.38,3.28,0.34,3.42
581.933,0.31,3.28,0.33,3.39
581.955,0.21,3.28,0.31,3.36
581.977,0.30,3.30,0.31,3.33
581.999,0.20,3.40,0.28,3.31
582.021,0.02,3.46,0.21,3.34
582.043,0.06,3.38,0.16,3.36
582.065,0.13,3.27,0.14,3.36
582.087,0.29,3.18,0.14,3.34
582.109,0.29,3.39,0.16,3.34
582.131,0.27,3.54,0.21,3.35
582.153,0.41,3.28,0.28,3.33
582.175,0.30,3.29,0.31,3.34
582.197,0.19,3.10,0.29,3.32
582.219,0.23,3.42,0.28,3.33
582.241,0.35,3.34,0.30,3.29
582.263,0.29,3.32,0.27,3.29
582.285,0.34,3.41,0.28,3.32
582.307,0.28,3.36,0.30,3.37
582.329,0.24,3.31,0.30,3.35
582.351,0.31,3.23,0.29,3.33
582.373,0.24,3.14,0.28,3.29
582.395,0.52,3.30,0.32,3.27
582.417,0.48,3.35,0.36,3.27
582.439,0.21,3.37,0.35,3.28
582.461,0.36,3.22,0.36,3.28
582.483,0.36,3.32,0.39,3.31
582.505,0.35,3.31,0.35,3.31
582.527,0.29,3.39,0.31,3.32
582.549,0.27,3.34,0.33,3.32
582.571,0.28,3.30,0.31,3.33
582.593,0.47,3.35,0.33,3.34
582.615,0.47,3.35,0.36,3.35
582.637,0.47,3.44,0.39,3.36
582.659,0.41,3.47,0.42,3.38
582.681,0.45,3.30,0.45,3.38
582.703,0.48,3.32,0.46,3.38
582.725,0.36,3.44,0.43,3.39
582.747,0.44,3.44,0.43,3.39
582.769,0.50,3.50,0.45,3.40
582.791,0.32,3.35,0.42,3.41
582.813,0.30,3.40,0.38,3.43
582.835,0.17,3.40,0.35,3.42
582.857,0.04,3.44,0.27,3.42
582.879,0.15,3.43,0.20,3.40
582.901,0.23,3.30,0.18,3.39
582.923,0.16,3.23,0.15,3.36
582.945,0.13,3.19,0.14,3.32
582.967,0.31,3.19,0.20,3.27
582.989,0.34,3.18,0.23,3.22
583.011,0.35,3.28,0.26,3.21
583.033,0.27,3.23,0.28,3.21
583.055,0.41,3.19,0.34,3.21
583.077,0.34,3.25,0.34,3.23
583.099,0.31,3.14,0.34,3.22
583.121,0.39,3.34,0.34,3.23
583.143,0.21,3.33,0.33,3.25
583.165,0.31,3.42,0.31,3.30
583.187,0.42,3.47,0.33,3.34
583.209,0.35,3.59,0.34,3.43
583.231,0.30,3.48,0.32,3.46
583.253,0.38,3.45,0.35,3.48
583.275,0.39,3.43,0.37,3.48
583.297,0.47,3.50,0.38,3.49
583.319,0.22,3.34,0.35,3.44
583.341,0.29,3.24,0.35,3.39
583.363,0.23,3.23,0.32,3.35
583.385,0.17,3.35,0.28,3.33
583.407,0.10,3.33,0.20,3.30
583.429,0.13,3.32,0.18,3.29
583.451,0.19,3.23,0.16,3.29
583.473,0.19,3.18,0.16,3.28
583.495,0.29,3.26,0.18,3.26
583.517,0.35,3.19,0.23,3.24
583.539,0.36,3.19,0.28,3.21
583.561,0.31,3.35,0.30,3.23
583.583,0.54,3.35,0.37,3.27
583.605,0.41,3.42,0.39,3.30
583.627,0.44,3.60,0.41,3.38
583.649,0.36,3.52,0.41,3.45
583.671,0.30,3.51,0.41,3.48
583.693,0.37,3.57,0.38,3.52
583.715,0.30,3.42,0.35,3.52
583.737,0.27,3.28,0.32,3.46
583.759,0.12,3.35,0.27,3.43
583.781,0.22,3.33,0.26,3.39
583.803,0.21,3.30,0.22,3.34
583.825,0.27,3.12,0.22,3.28
583.847,0.44,3.21,0.25,3.26
583.869,0.22,3.33,0.27,3.26
583.891,0.25,3.33,0.28,3.26
583.913,0.36,3.17,0.31,3.23
583.935,0.39,3.16,0.33,3.24
583.957,0.44,3.13,0.33,3.22
583.979,0.47,3.15,0.38,3.19
584.001,0.42,3.35,0.42,3.19
584.023,0.38,3.46,0.42,3.25
584.045,0.40,3.49,0.42,3.32
584.067,0.39,3.44,0.41,3.38
584.089,0.48,3.42,0.41,3.43
584.111,0.38,3.21,0.41,3.40
584.133,0.46,3.31,0.42,3.37
584.155,0.27,3.27,0.40,3.33
584.177,0.24,3.33,0.37,3.31
584.199,0.27,3.24,0.32,3.27
584.221,0.47,3.32,0.34,3.29
584.243,0.45,3.29,0.34,3.29
584.265,0.45,3.34,0.38,3.30
584.287,0.45,3.28,0.42,3.29
584.309,0.43,3.27,0.45,3.30
584.331,0.35,3.31,0.43,3.30
584.353,0.31,3.40,0.40,3.32
584.375,0.38,3.33,0.38,3.32
584.397,0.38,3.36,0.37,3.33
584.419,0.38,3.31,0.36,3.34
584.441,0.31,3.34,0.35,3.35
584.463,0.42,3.43,0.37,3.35
584.485,0.29,3.48,0.36,3.38
584.507,0.28,3.41,0.34,3.39
584.529,0.43,3.40,0.35,3.41
584.551,0.53,3.42,0.39,3.43
584.573,0.32,3.43,0.37,3.43
584.595,0.40,3.34,0.39,3.40
584.617,0.30,3.44,0.40,3.41
584.639,0.40,3.39,0.39,3.40
584.661,0.32,3.27,0.35,3.37
584.683,0.33,3.29,0.35,3.35
584.705,0.25,3.44,0.32,3.37
584.727,0.18,3.33,0.30,3.34
584.749,0.14,3.24,0.24,3.31
584.771,0.17,3.43,0.21,3.35
584.793,0.19,3.30,0.19,3.35
584.815,0.31,3.46,0.20,3.35
584.837,0.38,3.52,0.24,3.39
584.859,0.29,3.54,0.27,3.45
584.881,0.27,3.61,0.29,3.49
584.903,0.29,3.45,0.31,3.52
584.925,0.32,3.51,0.31,3.53
584.947,0.30,3.43,0.29,3.51
584.969,0.25,3.53,0.29,3.51
584.991,0.24,3.54,0.28,3.49
585.013,0.33,3.48,0.29,3.50
585.035,0.27,3.32,0.28,3.46
585.057,0.31,3.28,0.28,3.43
585.079,0.31,3.27,0.29,3.38
585.101,0.35,3.27,0.31,3.32
585.123,0.25,3.17,0.30,3.26
585.145,0.28,3.12,0.30,3.22
585.167,0.22,3.19,0.28,3.20
585.189,0.11,3.35,0.24,3.22
585.211,0.23,3.24,0.22,3.21
585.233,0.40,3.27,0.25,3.23
585.255,0.29,3.17,0.25,3.24
585.277,0.45,3.24,0.30,3.25
585.299,0.36,3.29,0.35,3.24
585.321,0.41,3.15,0.38,3.22
585.343,0.27,3.39,0.36,3.25
585.365,0.30,3.45,0.36,3.30
585.387,0.43,3.43,0.35,3.34
585.409,0.41,3.29,0.36,3.34
585.431,0.37,3.29,0.36,3.37
585.453,0.32,3.22,0.37,3.34
585.475,0.43,3.28,0.39,3.30
585.497,0.43,3.43,0.39,3.30
585.519,0.33,3.45,0.38,3.33
585.541,0.34,3.47,0.37,3.37
585.563,0.34,3.43,0.37,3.41
585.585,0.35,3.46,0.36,3.45
585.607,0.40,3.42,0.35,3.45
585.629,0.46,3.42,0.38,3.44
585.651,0.38,3.44,0.39,3.43
585.673,0.39,3.29,0.40,3.41
585.695,0.35,3.22,0.40,3.36
585.717,0.16,3.15,0.35,3.30
585.739,0.16,3.34,0.29,3.29
585.761,0.10,3.39,0.23,3.28
585.783,0.24,3.55,0.20,3.33
585.805,0.22,3.44,0.18,3.37
585.827,0.23,3.51,0.19,3.45
585.849,0.20,3.42,0.20,3.46
585.871,0.06,3.38,0.19,3.46
585.893,0.21,3.48,0.18,3.45
585.915,0.28,3.41,0.20,3.44
585.937,0.34,3.52,0.22,3.44
585.959,0.27,3.45,0.23,3.45
585.981,0.29,3.60,0.28,3.49
586.003,0.34,3.42,0.30,3.48
586.025,0.08,3.27,0.26,3.45
586.047,0.20,3.26,0.24,3.40
586.069,0.20,3.32,0.22,3.37
586.091,0.42,3.32,0.25,3.32
586.113,0.40,3.32,0.26,3.30
586.135,0.49,3.16,0.34,3.28
586.157,0.47,3.27,0.40,3.28
586.179,0.40,3.30,0.44,3.27
586.201,0.34,3.26,0.42,3.26
586.223,0.31,3.26,0.40,3.25
586.245,0.36,3.30,0.38,3.28
586.267,0.30,3.41,0.34,3.31
586.289,0.36,3.46,0.33,3.34
586.311,0.30,3.37,0.33,3.36
586.333,0.19,3.30,0.30,3.37
586.355,0.33,3.42,0.30,3.39
586.377,0.23,3.35,0.28,3.38
586.399,0.30,3.20,0.27,3.33
586.421,0.22,3.26,0.25,3.31
586.443,0.21,3.30,0.26,3.31
586.465,0.19,3.15,0.23,3.25
586.487,0.21,3.26,0.23,3.23
586.509,0.25,3.31,0.22,3.26
586.531,0.28,3.25,0.23,3.25
586.553,0.38,3.34,0.26,3.26
586.575,0.38,3.43,0.30,3.32
586.597,0.37,3.29,0.33,3.32
586.619,0.33,3.28,0.35,3.32
586.641,0.34,3.38,0.36,3.34
586.663,0.21,3.32,0.33,3.34
586.685,0.14,3.38,0.28,3.33
586.707,0.08,3.38,0.22,3.35
586.729,0.20,3.38,0.19,3.37
586.751,0.18,3.39,0.16,3.37
586.773,0.22,3.31,0.16,3.37
586.795,0.19,3.23,0.17,3.34
586.817,0.25,3.24,0.21,3.31
586.839,0.42,3.22,0.25,3.28
586.861,0.25,3.09,0.27,3.22
586.883,0.25,3.17,0.27,3.19
586.905,0.24,3.19,0.28,3.18
586.927,0.19,3.37,0.27,3.21
586.949,0.32,3.36,0.25,3.24
586.971,0.37,3.40,0.27,3.30
586.993,0.26,3.15,0.28,3.29
587.015,0.28,3.24,0.28,3.30
587.037,0.25,3.19,0.30,3.27
587.059,0.08,3.28,0.25,3.25
587.081,0.17,3.41,0.21,3.25
587.103,0.14,3.47,0.18,3.32
587.125,0.21,3.43,0.17,3.36
587.147,0.30,3.55,0.18,3.43
587.169,0.26,3.36,0.22,3.44
587.191,0.20,3.32,0.22,3.43
587.213,0.02,3.26,0.20,3.38
587.235,0.16,3.49,0.19,3.40
587.257,0.20,3.53,0.17,3.39
587.279,0.08,3.39,0.13,3.40
587.301,0.20,3.39,0.13,3.41
587.323,0.30,3.42,0.19,3.44
587.345,0.30,3.36,0.22,3.42
587.367,0.38,3.42,0.25,3.40
587.389,0.34,3.50,0.30,3.42
587.411,0.28,3.42,0.32,3.42
587.433,0.24,3.48,0.31,3.44
587.455,0.22,3.27,0.29,3.42
587.477,0.29,3.20,0.27,3.37
587.499,0.23,3.44,0.25,3.36
587.521,0.27,3.38,0.25,3.35
587.543,0.16,3.38,0.23,3.33
587.565,0.32,3.38,0.25,3.36
587.587,0.49,3.35,0.29,3.39
587.609,0.36,3.29,0.32,3.36
587.631,0.26,3.27,0.32,3.33
587.653,0.23,3.33,0.33,3.32
587.675,0.27,3.26,0.32,3.30
587.697,0.29,3.30,0.28,3.29
587.719,0.26,3.42,0.26,3.32
587.741,0.21,3.34,0.25,3.33
587.763,0.26,3.50,0.26,3.36
587.785,0.30,3.43,0.26,3.40
587.807,0.36,3.51,0.28,3.44
587.829,0.36,3.59,0.30,3.47
587.851,0.28,3.38,0.31,3.48
587.873,0.20,3.30,0.30,3.44
587.895,0.12,3.23,0.26,3.40
587.917,0.27,3.30,0.25,3.36
587.939,0.14,3.28,0.20,3.30
587.961,0.18,3.28,0.18,3.28
587.983,0.08,3.35,0.16,3.29
588.005,0.34,3.17,0.20,3.28
588.027,0.25,3.23,0.20,3.26
588.049,0.33,3.31,0.24,3.27
588.071,0.30,3.30,0.26,3.27
588.093,0.20,3.41,0.28,3.28
588.115,0.14,3.37,0.24,3.32
588.137,0.33,3.38,0.26,3.35
588.159,0.22,3.29,0.24,3.35
588.181,0.19,3.32,0.22,3.35
588.203,0.25,3.26,0.23,3.32
588.225,0.23,3.24,0.24,3.30
588.247,0.41,3.21,0.26,3.26
588.269,0.43,3.11,0.30,3.23
588.291,0.38,3.19,0.34,3.20
588.313,0.41,3.26,0.37,3.20
588.335,0.35,3.36,0.40,3.23
588.357,0.30,3.39,0.37,3.26
588.379,0.42,3.37,0.37,3.31
588.401,0.26,3.40,0.35,3.36
588.423,0.16,3.37,0.30,3.38
588.445,0.33,3.34,0.29,3.37
588.467,0.26,3.53,0.29,3.40
588.489,0.30,3.46,0.26,3.42
588.511,0.34,3.39,0.28,3.42
588.533,0.37,3.35,0.32,3.41
588.555,0.35,3.39,0.32,3.42
588.577,0.33,3.42,0.34,3.40
588.599,0.36,3.36,0.35,3.38
588.621,0.34,3.23,0.35,3.35
588.643,0.29,3.12,0.33,3.30
588.665,0.28,3.23,0.32,3.27
588.687,0.47,3.34,0.35,3.26
588.709,0.44,3.30,0.36,3.24
588.731,0.50,3.32,0.40,3.26
588.753,0.33,3.35,0.40,3.31
588.775,0.37,3.44,0.42,3.35
588.797,0.26,3.41,0.38,3.36
588.819,0.30,3.41,0.35,3.39
588.841,0.30,3.19,0.31,3.36
588.863,0.38,3.25,0.32,3.34
588.885,0.33,3.34,0.31,3.32
588.907,0.36,3.27,0.33,3.29
588.929,0.29,3.31,0.33,3.27
588.951,0.35,3.25,0.34,3.28
588.973,0.46,3.26,0.36,3.29
588.995,0.56,3.21,0.40,3.26
589.017,0.42,3.21,0.42,3.25
589.039,0.32,3.25,0.42,3.24
589.061,0.28,3.29,0.41,3.24
589.083,0.34,3.29,0.38,3.25
589.105,0.39,3.38,0.35,3.28
589.127,0.37,3.41,0.34,3.32
589.149,0.41,3.28,0.36,3.33
589.171,0.27,3.46,0.36,3.36
589.193,0.36,3.31,0.36,3.37
589.215,0.57,3.38,0.40,3.37
589.237,0.35,3.30,0.39,3.35
589.259,0.36,3.32,0.38,3.35
589.281,0.26,3.36,0.38,3.33
589.303,0.13,3.32,0.33,3.34
589.325,0.22,3.13,0.26,3.29
589.347,0.27,3.25,0.25,3.28
589.369,0.41,3.30,0.26,3.27
589.391,0.38,3.30,0.28,3.26
589.413,0.42,3.23,0.34,3.24
589.435,0.34,3.21,0.36,3.26
589.457,0.21,3.20,0.35,3.25
589.479,0.25,3.30,0.32,3.25
589.501,0.21,3.26,0.29,3.24
589.523,0.37,3.55,0.28,3.30
589.545,0.35,3.50,0.28,3.36
589.567,0.32,3.36,0.30,3.39
589.589,0.37,3.42,0.32,3.42
589.611,0.39,3.42,0.36,3.45
589.633,0.48,3.30,0.38,3.40
589.655,0.49,3.37,0.41,3.37
589.677,0.39,3.43,0.42,3.39
589.699,0.14,3.51,0.38,3.41
589.721,0.25,3.43,0.35,3.41
589.743,0.25,3.49,0.30,3.45
589.765,0.27,3.43,0.26,3.46
589.787,0.38,3.44,0.26,3.46
589.809,0.21,3.26,0.27,3.41
589.831,0.15,3.16,0.25,3.36
589.853,0.34,3.29,0.27,3.32
589.875,0.37,3.19,0.29,3.27
589.897,0.25,3.32,0.26,3.24
589.919,0.21,3.29,0.26,3.25
589.941,0.24,3.43,0.28,3.30
589.963,0.26,3.44,0.27,3.33
589.985,0.33,3.50,0.26,3.40
590.007,0.12,3.43,0.23,3.42
590.029,0.22,3.47,0.23,3.45
590.051,0.30,3.58,0.25,3.48
590.073,0.13,3.51,0.22,3.50
590.095,0.36,3.40,0.23,3.48
590.117,0.45,3.45,0.29,3.48
590.139,0.41,3.52,0.33,3.49
590.161,0.21,3.53,0.31,3.48
590.183,0.21,3.58,0.33,3.50
590.205,0.33,3.42,0.32,3.50
590.227,0.59,3.29,0.35,3.47
590.249,0.48,3.34,0.36,3.43
590.271,0.46,3.33,0.41,3.39
590.293,0.46,3.29,0.46,3.33
590.315,0.26,3.36,0.45,3.32
590.337,0.35,3.15,0.40,3.29
590.359,0.21,3.11,0.35,3.25
590.381,0.32,3.14,0.32,3.21
590.403,0.25,3.02,0.28,3.16
590.425,0.22,3.16,0.27,3.12
590.447,0.30,3.34,0.26,3.15
590.469,0.26,3.34,0.27,3.20
590.491,0.42,3.26,0.29,3.22
590.513,0.42,3.30,0.32,3.28
590.535,0.23,3.34,0.33,3.32
590.557,0.29,3.43,0.32,3.33
590.579,0.33,3.41,0.34,3.35
590.601,0.30,3.34,0.31,3.36
590.623,0.36,3.31,0.30,3.37
590.645,0.47,3.26,0.35,3.35
590.667,0.49,3.03,0.39,3.27
590.689,0.44,3.20,0.41,3.23
590.711,0.33,3.16,0.42,3.19
590.733,0.43,3.06,0.43,3.14
590.755,0.45,3.11,0.43,3.11
590.777,0.36,3.23,0.40,3.15
590.799,0.30,3.35,0.37,3.18
590.821,0.26,3.23,0.36,3.20
590.843,0.10,3.24,0.29,3.23
590.865,0.06,3.40,0.22,3.29
590.887,0.10,3.65,0.16,3.37
590.909,0.19,3.63,0.14,3.43
590.931,0.25,3.55,0.14,3.49
590.953,0.27,3.47,0.17,3.54
590.975,0.24,3.51,0.21,3.56
590.997,0.23,3.30,0.24,3.49
591.019,0.45,3.29,0.29,3.42
591.041,0.45,3.20,0.33,3.35
591.063,0.45,3.15,0.36,3.29
591.085,0.22,3.33,0.36,3.25
591.107,0.22,3.36,0.36,3.27
591.129,0.29,3.13,0.33,3.23
591.151,0.39,3.23,0.31,3.24
591.173,0.23,3.22,0.27,3.25
591.195,0.34,3.48,0.29,3.28
591.217,0.31,3.40,0.31,3.29
591.239,0.26,3.38,0.31,3.34
591.261,0.35,3.44,0.30,3.38
591.283,0.24,3.49,0.30,3.44
591.305,0.31,3.39,0.29,3.42
591.327,0.35,3.48,0.30,3.44
591.349,0.26,3.47,0.30,3.45
591.371,0.37,3.49,0.31,3.46
591.393,0.18,3.51,0.29,3.47
591.415,0.17,3.44,0.27,3.48
591.437,0.19,3.52,0.23,3.49
591.459,0.36,3.35,0.25,3.46
591.481,0.31,3.40,0.24,3.44
591.503,0.33,3.37,0.27,3.42
591.525,0.18,3.35,0.27,3.40
591.547,0.27,3.23,0.29,3.34
591.569,0.30,3.27,0.28,3.32
591.591,0.31,3.30,0.28,3.30
591.613,0.46,3.35,0.30,3.30
591.635,0.34,3.26,0.34,3.28
591.657,0.45,3.34,0.37,3.30
591.679,0.45,3.32,0.40,3.31
591.701,0.46,3.30,0.43,3.31
591.723,0.41,3.29,0.42,3.30
591.745,0.33,3.25,0.42,3.30
591.767,0.12,3.39,0.35,3.31
591.789,0.15,3.37,0.29,3.32
591.811,0.29,3.36,0.26,3.33
591.833,0.15,3.33,0.21,3.34
591.855,0.19,3.26,0.18,3.34
591.877,0.15,3.29,0.19,3.32
591.899,0.34,3.25,0.22,3.30
591.921,0.34,3.31,0.23,3.29
591.943,0.45,3.15,0.29,3.25
591.965,0.17,3.29,0.29,3.26
591.987,0.23,3.28,0.31,3.26
592.009,0.31,3.25,0.30,3.26
592.031,0.33,3.29,0.30,3.25
592.053,0.36,3.31,0.28,3.28
592.075,0.36,3.40,0.32,3.31
592.097,0.36,3.48,0.34,3.35
592.119,0.37,3.42,0.36,3.38
592.141,0.55,3.39,0.40,3.40
592.163,0.37,3.40,0.40,3.42
592.185,0.37,3.42,0.40,3.42
592.207,0.34,3.39,0.40,3.40
592.229,0.45,3.50,0.42,3.42
592.251,0.41,3.54,0.39,3.45
592.273,0.28,3.45,0.37,3.46
592.295,0.26,3.19,0.35,3.41
592.317,0.26,3.19,0.33,3.37
592.339,0.38,3.29,0.32,3.33
592.361,0.37,3.40,0.31,3.30
592.383,0.24,3.32,0.30,3.28
592.405,0.31,3.51,0.31,3.34
592.427,0.26,3.57,0.31,3.42
592.449,0.20,3.33,0.28,3.43
592.471,0.37,3.49,0.28,3.44
592.493,0.24,3.46,0.28,3.47
592.515,0.31,3.53,0.28,3.48
592.537,0.15,3.36,0.25,3.43
592.559,0.15,3.35,0.24,3.44
592.581,0.29,3.32,0.23,3.40
592.603,0.21,3.49,0.22,3.41
592.625,0.37,3.43,0.23,3.39
592.647,0.47,3.46,0.30,3.41
592.669,0.34,3.35,0.34,3.41
592.691,0.40,3.36,0.36,3.42
592.713,0.41,3.34,0.40,3.39
592.735,0.37,3.28,0.40,3.36
592.757,0.32,3.31,0.37,3.33
592.779,0.25,3.32,0.35,3.32
592.801,0.26,3.10,0.32,3.27
592.823,0.34,3.33,0.31,3.27
592.845,0.23,3.40,0.28,3.29
592.867,0.25,3.44,0.27,3.32
592.889,0.29,3.27,0.27,3.31
592.911,0.20,3.29,0.26,3.35
592.933,0.21,3.35,0.24,3.35
592.955,0.26,3.16,0.24,3.30
592.977,0.41,3.27,0.27,3.27
592.999,0.34,3.37,0.28,3.29
593.021,0.54,3.44,0.35,3.32
593.043,0.52,3.66,0.41,3.38
593.065,0.48,3.52,0.46,3.45
593.087,0.50,3.54,0.48,3.51
593.109,0.40,3.40,0.49,3.51
593.131,0.32,3.45,0.44,3.51
593.153,0.46,3.44,0.43,3.47
593.175,0.33,3.37,0.40,3.44
593.197,0.33,3.26,0.37,3.38
593.219,0.37,3.23,0.36,3.35
593.241,0.46,3.18,0.39,3.30
593.263,0.38,3.07,0.37,3.22
593.285,0.35,3.33,0.38,3.21
593.307,0.24,3.39,0.36,3.24
593.329,0.26,3.36,0.34,3.27
593.351,0.37,3.43,0.32,3.32
593.373,0.26,3.50,0.30,3.40
593.395,0.14,3.47,0.25,3.43
593.417,0.37,3.54,0.28,3.46
593.439,0.36,3.56,0.30,3.50
593.461,0.38,3.39,0.30,3.49
593.483,0.33,3.32,0.32,3.46
593.505,0.24,3.30,0.34,3.42
593.527,0.37,3.33,0.34,3.38
593.549,0.50,3.20,0.36,3.31
593.571,0.34,3.21,0.36,3.27
593.593,0.37,3.25,0.36,3.26
593.615,0.36,3.30,0.39,3.26
593.637,0.20,3.25,0.35,3.24
593.659,0.27,3.29,0.31,3.26
593.681,0.22,3.36,0.28,3.29
593.703,0.18,3.42,0.25,3.32
593.725,0.24,3.49,0.22,3.36
593.747,0.50,3.41,0.28,3.39
593.769,0.31,3.26,0.29,3.39
593.791,0.22,3.34,0.29,3.38
593.813,0.17,3.47,0.29,3.39
593.835,0.11,3.36,0.26,3.37
593.857,0.38,3.37,0.24,3.36
593.879,0.18,3.31,0.21,3.37
593.901,0.26,3.32,0.22,3.37
593.923,0.24,3.37,0.23,3.35
593.945,0.29,3.27,0.27,3.33
593.967,0.31,3.39,0.26,3.33
593.989,0.24,3.37,0.27,3.34
594.011,0.17,3.39,0.25,3.36
594.033,0.16,3.38,0.23,3.36
594.055,0.25,3.27,0.23,3.36
594.077,0.25,3.30,0.21,3.34
594.099,0.29,3.29,0.22,3.33
594.121,0.26,3.29,0.24,3.31
594.143,0.29,3.24,0.27,3.28
594.165,0.30,3.10,0.28,3.24
594.187,0.37,3.22,0.30,3.23
594.209,0.17,3.28,0.28,3.23
594.231,0.24,3.32,0.27,3.23
594.253,0.26,3.52,0.27,3.29
594.275,0.18,3.61,0.24,3.39
594.297,0.19,3.45,0.21,3.44
594.319,0.26,3.48,0.23,3.48
594.341,0.32,3.43,0.24,3.50
594.363,0.47,3.41,0.28,3.48
594.385,0.40,3.30,0.33,3.41
594.407,0.45,3.47,0.38,3.42
594.429,0.25,3.37,0.38,3.40
594.451,0.22,3.40,0.36,3.39
594.473,0.14,3.28,0.29,3.36
594.495,0.28,3.31,0.27,3.37
594.517,0.32,3.31,0.24,3.33
594.539,0.48,3.56,0.29,3.37
594.561,0.38,3.53,0.32,3.40
594.583,0.33,3.51,0.36,3.44
594.605,0.22,3.33,0.35,3.45
594.627,0.26,3.24,0.33,3.43
594.649,0.30,3.50,0.30,3.42
594.671,0.31,3.46,0.28,3.41
594.693,0.35,3.47,0.29,3.40
594.715,0.17,3.36,0.28,3.41
594.737,0.28,3.14,0.28,3.39
594.759,0.29,3.20,0.28,3.33
594.781,0.36,3.32,0.29,3.30
594.803,0.44,3.21,0.31,3.25
594.825,0.37,3.32,0.35,3.24
594.847,0.21,3.35,0.33,3.28
594.869,0.27,3.34,0.33,3.31
594.891,0.17,3.44,0.29,3.33
594.913,0.21,3.35,0.25,3.36
594.935,0.28,3.41,0.23,3.38
594.957,0.12,3.39,0.21,3.39
594.979,0.09,3.29,0.17,3.38
595.001,0.07,3.23,0.15,3.33
595.023,0.22,3.22,0.16,3.31
595.045,0.17,3.23,0.13,3.27
595.067,0.27,3.45,0.16,3.28
595.089,0.34,3.33,0.21,3.29
595.111,0.30,3.32,0.26,3.31
595.133,0.40,3.51,0.30,3.37
595.155,0.42,3.48,0.35,3.42
595.177,0.28,3.41,0.35,3.41
595.199,0.27,3.20,0.33,3.38
595.221,0.21,3.25,0.32,3.37
595.243,0.27,3.48,0.29,3.36
595.265,0.33,3.39,0.27,3.35
595.287,0.23,3.52,0.26,3.37
595.309,0.27,3.51,0.26,3.43
595.331,0.37,3.51,0.29,3.48
595.353,0.34,3.53,0.31,3.49
595.375,0.35,3.47,0.31,3.51
595.397,0.31,3.52,0.33,3.51
595.419,0.38,3.44,0.35,3.49
595.441,0.38,3.41,0.35,3.47
595.463,0.36,3.33,0.36,3.43
595.485,0.34,3.41,0.35,3.42
595.507,0.24,3.35,0.34,3.39
595.529,0.18,3.36,0.30,3.37
595.551,0.35,3.45,0.29,3.38
595.573,0.45,3.28,0.31,3.37
595.595,0.52,3.23,0.35,3.33
595.617,0.34,3.42,0.37,3.35
595.639,0.42,3.41,0.42,3.36
595.661,0.38,3.29,0.42,3.33
595.683,0.45,3.24,0.42,3.32
595.705,0.40,3.29,0.40,3.33
595.727,0.43,3.35,0.42,3.32
595.749,0.32,3.25,0.40,3.28
595.771,0.25,3.28,0.37,3.28
595.793,0.28,3.28,0.34,3.29
595.815,0.21,3.34,0.30,3.30
595.837,0.35,3.33,0.28,3.30
595.859,0.31,3.35,0.28,3.32
595.881,0.19,3.38,0.27,3.34
595.903,0.18,3.23,0.25,3.33
595.925,0.34,3.17,0.27,3.29
595.947,0.29,3.27,0.26,3.28
595.969,0.12,3.25,0.22,3.26
595.991,0.28,3.11,0.24,3.21
596.013,0.29,3.28,0.26,3.22
596.035,0.31,3.33,0.26,3.25
596.057,0.42,3.46,0.28,3.29
596.079,0.35,3.23,0.33,3.28
596.101,0.28,3.34,0.33,3.33
596.123,0.30,3.33,0.33,3.34
596.145,0.27,3.50,0.32,3.37
596.167,0.30,3.46,0.30,3.37
596.189,0.35,3.39,0.30,3.40
596.211,0.45,3.38,0.33,3.41
596.233,0.37,3.28,0.35,3.40
596.255,0.24,3.23,0.34,3.35
596.277,0.38,3.14,0.36,3.28
596.299,0.41,3.25,0.37,3.26
596.321,0.32,3.19,0.34,3.22
596.717,0.16,3.15,0.30,3.19
596.739,0.17,3.24,0.29,3.19
596.761,0.23,3.31,0.26,3.23
596.783,0.36,3.39,0.25,3.26
596.805,0.26,3.28,0.24,3.27
596.827,0.20,3.29,0.24,3.30
596.849,0.30,3.33,0.27,3.32
596.871,0.39,3.34,0.30,3.33
596.893,0.49,3.27,0.33,3.30
596.915,0.36,3.45,0.35,3.34
596.937,0.19,3.31,0.35,3.34
596.959,0.29,3.27,0.34,3.33
596.981,0.33,3.28,0.33,3.32
597.003,0.36,3.26,0.31,3.31
597.025,0.30,3.27,0.29,3.28
597.047,0.35,3.20,0.33,3.26
597.069,0.22,3.25,0.31,3.25
597.091,0.24,3.37,0.29,3.27
597.113,0.32,3.37,0.29,3.29
597.135,0.54,3.44,0.33,3.33
597.157,0.44,3.49,0.35,3.38
597.179,0.32,3.45,0.37,3.42
597.201,0.36,3.28,0.40,3.41
597.223,0.25,3.30,0.38,3.39
597.245,0.29,3.35,0.33,3.37
597.267,0.41,3.22,0.33,3.32
597.289,0.30,3.10,0.32,3.25
597.311,0.27,3.25,0.30,3.24
597.333,0.39,3.36,0.33,3.26
597.355,0.35,3.34,0.34,3.25
597.377,0.27,3.17,0.32,3.24
597.399,0.23,3.33,0.30,3.29
597.421,0.40,3.23,0.33,3.29
597.443,0.39,3.29,0.33,3.27
597.465,0.50,3.28,0.36,3.26
597.487,0.33,3.40,0.37,3.31
597.509,0.36,3.40,0.40,3.32
597.531,0.12,3.29,0.34,3.33
597.553,0.10,3.39,0.28,3.35
597.575,0.17,3.44,0.22,3.38
597.597,0.26,3.54,0.20,3.41
597.619,0.35,3.34,0.20,3.40
597.641,0.39,3.42,0.25,3.43
597.663,0.31,3.37,0.30,3.42
597.685,0.34,3.34,0.33,3.40
597.707,0.36,3.37,0.35,3.37
597.729,0.43,3.45,0.37,3.39
597.751,0.46,3.59,0.38,3.42
597.773,0.33,3.42,0.38,3.43
597.795,0.23,3.41,0.36,3.45
597.817,0.15,3.18,0.32,3.41
597.839,0.20,3.32,0.27,3.38
597.861,0.32,3.29,0.25,3.32
597.883,0.31,3.26,0.24,3.29
597.905,0.31,3.20,0.26,3.25
597.927,0.23,3.32,0.27,3.28
597.949,0.23,3.29,0.28,3.27
597.971,0.28,3.30,0.27,3.27
597.993,0.13,3.27,0.24,3.28
598.015,0.21,3.37,0.22,3.31
598.037,0.28,3.34,0.23,3.31
598.059,0.39,3.44,0.26,3.34
598.081,0.41,3.47,0.28,3.38
598.103,0.28,3.51,0.31,3.43
598.125,0.32,3.61,0.34,3.47
598.873,0.44,3.28,0.37,3.46
598.895,0.48,3.40,0.39,3.45
598.917,0.40,3.34,0.38,3.43
598.939,0.26,3.36,0.38,3.40
598.961,0.32,3.34,0.38,3.34
598.983,0.27,3.33,0.35,3.35
599.005,0.15,3.37,0.28,3.35
599.027,0.21,3.31,0.24,3.34
599.049,0.32,3.33,0.25,3.34
599.071,0.10,3.17,0.21,3.30
599.093,-0.05,3.21,0.15,3.28
599.115,0.24,3.26,0.16,3.26
599.137,0.15,3.37,0.15,3.27
599.159,0.17,3.22,0.12,3.25
599.181,0.36,3.28,0.17,3.27
599.203,0.34,3.31,0.25,3.29
599.225,0.37,3.34,0.28,3.30
599.247,0.52,3.18,0.35,3.27
599.269,0.40,3.32,0.40,3.29
599.291,0.50,3.30,0.43,3.29
599.313,0.43,3.30,0.44,3.29
599.335,0.33,3.27,0.44,3.27
599.357,0.33,3.41,0.40,3.32
599.379,0.32,3.43,0.38,3.34
599.401,0.24,3.43,0.33,3.37
599.423,0.30,3.46,0.30,3.40
599.445,0.32,3.31,0.30,3.41
599.467,0.37,3.33,0.31,3.39
599.489,0.41,3.14,0.33,3.33
599.511,0.36,3.34,0.35,3.32
599.533,0.26,3.26,0.34,3.28
599.555,0.38,3.43,0.36,3.30
599.577,0.41,3.42,0.36,3.32
599.599,0.34,3.42,0.35,3.37
599.621,0.36,3.37,0.35,3.38
599.643,0.37,3.29,0.37,3.39
599.665,0.36,3.29,0.37,3.36
599.687,0.38,3.34,0.36,3.34
599.709,0.22,3.44,0.34,3.35
599.731,0.28,3.43,0.32,3.36
599.753,0.32,3.62,0.31,3.42
599.775,0.33,3.40,0.31,3.45
599.797,0.38,3.36,0.31,3.45
599.819,0.39,3.44,0.34,3.45
599.841,0.45,3.52,0.37,3.47
599.863,0.44,3.56,0.40,3.46
599.885,0.30,3.48,0.39,3.47
599.907,0.16,3.41,0.35,3.48
599.929,0.28,3.53,0.33,3.50
599.951,0.41,3.54,0.32,3.50
599.973,0.41,3.45,0.31,3.48
599.995,0.19,3.32,0.29,3.45
600.017,0.24,3.40,0.31,3.45
600.039,0.35,3.35,0.32,3.41
600.061,0.42,3.38,0.32,3.38
600.083,0.45,3.33,0.33,3.36
600.105,0.41,3.44,0.37,3.38
600.127,0.39,3.45,0.40,3.39
600.149,0.31,3.36,0.40,3.39
600.171,0.35,3.37,0.38,3.39
600.193,0.30,3.45,0.35,3.41
600.215,0.30,3.37,0.33,3.40
600.237,0.22,3.48,0.30,3.41
600.259,0.27,3.37,0.29,3.41
600.281,0.16,3.43,0.25,3.42
600.303,0.26,3.27,0.24,3.38
600.325,0.28,3.44,0.24,3.40
600.347,0.34,3.57,0.26,3.42
600.369,0.35,3.49,0.28,3.44
600.391,0.45,3.45,0.34,3.44
600.413,0.46,3.39,0.38,3.47
600.435,0.55,3.46,0.43,3.47
600.457,0.50,3.42,0.46,3.44
600.479,0.67,3.46,0.53,3.44
600.501,0.53,3.39,0.54,3.42
600.523,0.58,3.37,0.57,3.42
600.545,0.40,3.51,0.54,3.43
600.567,0.28,3.53,0.49,3.45
600.589,0.26,3.52,0.41,3.46
600.611,0.29,3.30,0.36,3.45
600.633,0.30,3.32,0.31,3.44
600.655,0.34,3.32,0.29,3.40
600.677,0.24,3.39,0.29,3.37
600.699,0.26,3.44,0.29,3.35
600.721,0.23,3.27,0.27,3.35
600.743,0.26,3.37,0.27,3.36
600.765,0.26,3.27,0.25,3.35
600.787,0.29,3.12,0.26,3.29
600.809,0.21,3.26,0.25,3.26
600.831,0.23,3.24,0.25,3.25
600.853,0.29,3.28,0.26,3.23
600.875,0.23,3.35,0.25,3.25
600.897,0.25,3.24,0.24,3.27
600.919,0.25,3.25,0.25,3.27
600.941,0.22,3.28,0.25,3.28
600.963,0.26,3.38,0.24,3.30
600.985,0.20,3.36,0.24,3.30
601.007,0.48,3.32,0.28,3.32
601.029,0.45,3.36,0.32,3.34
601.051,0.41,3.29,0.36,3.34
601.073,0.30,3.37,0.37,3.34
601.095,0.34,3.39,0.40,3.35
601.117,0.31,3.36,0.36,3.35
601.139,0.27,3.26,0.33,3.33
601.161,0.41,3.18,0.33,3.31
601.183,0.41,3.11,0.35,3.26
601.205,0.47,3.30,0.37,3.24
601.227,0.46,3.27,0.40,3.22
601.249,0.39,3.25,0.43,3.22
601.271,0.31,3.39,0.41,3.26
601.293,0.34,3.40,0.39,3.32
601.315,0.42,3.39,0.38,3.34
601.337,0.39,3.34,0.37,3.35
601.359,0.37,3.40,0.37,3.38
601.381,0.41,3.46,0.39,3.40
601.403,0.36,3.42,0.39,3.40
601.425,0.34,3.38,0.37,3.40
601.447,0.33,3.33,0.36,3.40
601.469,0.27,3.31,0.34,3.38
601.491,0.14,3.40,0.29,3.37
601.513,0.40,3.44,0.30,3.37
601.535,0.40,3.37,0.31,3.37
601.557,0.31,3.29,0.30,3.36
601.579,0.42,3.23,0.33,3.35
601.601,0.35,3.13,0.38,3.29
601.623,0.42,3.18,0.38,3.24
601.645,0.50,3.19,0.40,3.20
601.667,0.44,3.13,0.43,3.17
601.689,0.44,3.24,0.43,3.17
601.711,0.45,3.32,0.45,3.21
601.733,0.47,3.38,0.46,3.25
601.755,0.41,3.43,0.44,3.30
601.777,0.36,3.25,0.43,3.32
601.799,0.37,3.25,0.41,3.33
601.821,0.33,3.33,0.39,3.33
601.843,0.50,3.30,0.39,3.31
601.865,0.38,3.23,0.39,3.27
601.887,0.29,3.27,0.37,3.28
601.909,0.23,3.30,0.35,3.29
601.931,0.42,3.37,0.36,3.29
601.953,0.42,3.48,0.35,3.33
601.975,0.43,3.18,0.36,3.32
601.997,0.13,3.27,0.33,3.32
602.019,0.12,3.26,0.30,3.31
602.041,0.28,3.11,0.28,3.26
602.063,0.17,3.24,0.23,3.21
602.085,0.27,3.26,0.19,3.23
602.107,0.20,3.27,0.21,3.23
602.129,0.30,3.37,0.24,3.25
602.151,0.27,3.40,0.24,3.31
602.173,0.32,3.31,0.27,3.32
602.195,0.35,3.21,0.29,3.31
602.217,0.32,3.30,0.31,3.32
602.239,0.20,3.26,0.29,3.30
602.261,0.22,3.37,0.28,3.29
602.283,0.29,3.19,0.28,3.27
602.305,0.27,3.20,0.26,3.26
602.327,0.18,3.31,0.23,3.27
602.349,0.30,3.29,0.25,3.27
602.371,0.12,3.23,0.23,3.24
602.393,0.33,3.27,0.24,3.26
602.415,0.34,3.33,0.25,3.29
602.437,0.26,3.23,0.27,3.27
602.459,0.39,3.32,0.29,3.28
602.481,0.39,3.26,0.34,3.28
602.503,0.39,3.26,0.35,3.28
602.525,0.33,3.35,0.35,3.28
602.547,0.22,3.42,0.34,3.32
602.569,0.43,3.37,0.35,3.33
602.591,0.43,3.51,0.36,3.38
602.613,0.47,3.59,0.38,3.45
602.635,0.38,3.60,0.39,3.50
602.657,0.45,3.65,0.43,3.54
602.679,0.35,3.69,0.42,3.61
602.701,0.41,3.40,0.41,3.59
602.723,0.21,3.40,0.36,3.55
602.745,0.31,3.45,0.35,3.52
602.767,0.16,3.49,0.29,3.49
602.789,0.15,3.50,0.25,3.45
602.811,0.13,3.49,0.19,3.47
602.833,0.26,3.49,0.20,3.48
602.855,0.36,3.55,0.21,3.50
602.877,0.32,3.24,0.24,3.45
602.899,0.25,3.38,0.26,3.43
602.921,0.27,3.34,0.29,3.40
602.943,0.45,3.27,0.33,3.36
602.965,0.36,3.04,0.33,3.25
602.987,0.28,3.09,0.32,3.22
603.009,0.26,3.26,0.32,3.20
603.031,0.27,3.42,0.32,3.22
603.053,0.25,3.51,0.28,3.26
603.075,0.26,3.51,0.26,3.36
603.097,0.36,3.36,0.28,3.41
603.119,0.22,3.31,0.27,3.42
603.141,0.30,3.27,0.28,3.39
603.163,0.27,3.32,0.28,3.35
603.185,0.35,3.43,0.30,3.34
603.207,0.21,3.36,0.27,3.34
603.229,0.52,3.35,0.33,3.35
603.251,0.32,3.41,0.33,3.37
603.273,0.39,3.47,0.36,3.40
603.295,0.32,3.51,0.35,3.42
603.317,0.32,3.54,0.37,3.46
603.339,0.33,3.53,0.34,3.49
603.361,0.22,3.61,0.32,3.53
603.383,0.31,3.53,0.30,3.54
603.405,0.47,3.45,0.33,3.53
603.427,0.35,3.30,0.34,3.48
603.449,0.22,3.23,0.31,3.42
603.471,0.26,3.26,0.32,3.35
603.493,0.18,3.23,0.30,3.29
603.515,0.22,3.29,0.25,3.26
603.537,0.28,3.13,0.23,3.23
603.559,0.21,3.17,0.23,3.22
603.581,0.31,3.25,0.24,3.21
603.603,0.31,3.32,0.27,3.23
603.625,0.37,3.27,0.30,3.23
603.647,0.41,3.18,0.32,3.24
603.669,0.40,3.26,0.36,3.26
603.691,0.44,3.40,0.39,3.29
603.713,0.25,3.32,0.37,3.29
603.735,0.27,3.36,0.35,3.30
603.757,0.12,3.26,0.30,3.32
603.779,0.21,3.36,0.26,3.34
603.801,0.22,3.53,0.21,3.37
603.823,0.22,3.42,0.21,3.39
603.845,0.36,3.44,0.23,3.40
603.867,0.48,3.45,0.30,3.44
603.889,0.38,3.34,0.33,3.44
603.911,0.43,3.31,0.37,3.39
603.933,0.38,3.17,0.41,3.34
603.955,0.28,3.12,0.39,3.28
603.977,0.24,3.33,0.34,3.25
603.999,0.31,3.41,0.33,3.27
604.021,0.32,3.32,0.31,3.27
604.043,0.34,3.29,0.30,3.29
604.065,0.36,3.38,0.31,3.35
604.087,0.53,3.44,0.37,3.37
604.109,0.38,3.53,0.39,3.39
604.131,0.38,3.47,0.40,3.42
604.153,0.36,3.44,0.40,3.45
604.175,0.36,3.43,0.40,3.46
604.197,0.36,3.47,0.37,3.47
604.219,0.21,3.44,0.33,3.45
604.241,0.26,3.52,0.31,3.46
604.263,0.30,3.48,0.30,3.47
604.285,0.21,3.26,0.27,3.43
604.307,0.33,3.39,0.26,3.42
604.329,0.29,3.46,0.28,3.42
604.351,0.41,3.49,0.31,3.42
604.373,0.48,3.43,0.34,3.41
604.395,0.33,3.34,0.37,3.42
604.417,0.36,3.38,0.37,3.42
604.440,0.23,3.34,0.36,3.40
604.462,0.36,3.34,0.35,3.37
604.484,0.26,3.41,0.31,3.36
604.506,0.25,3.49,0.29,3.39
604.528,0.36,3.43,0.29,3.40
604.550,0.34,3.36,0.31,3.41
604.572,0.49,3.24,0.34,3.39
604.594,0.25,3.36,0.34,3.38
604.616,0.23,3.40,0.33,3.36
604.638,0.24,3.42,0.31,3.36
604.660,0.19,3.22,0.28,3.33
604.682,0.30,3.25,0.24,3.33
604.704,0.32,3.33,0.26,3.32
604.726,0.19,3.33,0.25,3.31
604.748,0.30,3.29,0.26,3.28
604.770,0.22,3.21,0.27,3.28
604.792,0.32,3.27,0.27,3.29
604.814,0.35,3.17,0.28,3.25
604.836,0.43,3.09,0.32,3.21
604.858,0.48,3.28,0.36,3.20
604.880,0.36,3.32,0.39,3.23
604.902,0.42,3.25,0.41,3.22
604.924,0.35,3.38,0.41,3.26
604.946,0.16,3.38,0.35,3.32
604.968,0.20,3.37,0.30,3.34
604.990,0.33,3.42,0.29,3.36
605.012,0.29,3.27,0.27,3.36
605.034,0.30,3.27,0.26,3.34
605.056,0.28,3.34,0.28,3.33
605.078,0.21,3.35,0.28,3.33
605.100,0.30,3.35,0.28,3.32
605.122,0.20,3.55,0.26,3.37
605.144,0.15,3.24,0.23,3.37
605.166,0.36,3.22,0.24,3.34
605.188,0.43,3.35,0.29,3.34
605.210,0.48,3.35,0.32,3.34
605.232,0.37,3.35,0.36,3.30
605.254,0.39,3.29,0.41,3.31
605.276,0.45,3.30,0.42,3.33
605.298,0.27,3.24,0.39,3.31
605.320,0.36,3.17,0.37,3.27
605.342,0.46,3.28,0.39,3.26
605.364,0.60,3.34,0.43,3.27
605.386,0.42,3.33,0.42,3.27
605.408,0.48,3.28,0.46,3.28
605.430,0.52,3.40,0.50,3.33
605.452,0.41,3.36,0.49,3.34
605.474,0.35,3.28,0.44,3.33
605.496,0.46,3.09,0.44,3.28
605.518,0.28,3.29,0.40,3.28
605.540,0.28,3.41,0.36,3.29
605.562,0.31,3.61,0.34,3.34
605.584,0.18,3.67,0.30,3.41
605.606,0.23,3.64,0.26,3.52
605.628,0.29,3.46,0.26,3.56
605.650,0.32,3.37,0.27,3.55
605.672,0.34,3.45,0.27,3.52
605.694,0.22,3.39,0.28,3.46
605.716,0.25,3.15,0.28,3.36
605.738,0.30,3.27,0.29,3.33
605.760,0.33,3.38,0.29,3.33
605.782,0.32,3.43,0.28,3.32
605.804,0.27,3.23,0.29,3.29
605.826,0.24,3.29,0.29,3.32
605.848,0.27,3.33,0.29,3.33
605.870,0.52,3.30,0.32,3.32
605.892,0.35,3.29,0.33,3.29
605.914,0.28,3.28,0.33,3.30
605.936,0.28,3.38,0.34,3.32
605.958,0.40,3.42,0.37,3.33
605.980,0.27,3.33,0.32,3.34
606.002,0.21,3.29,0.29,3.34
606.024,0.32,3.41,0.30,3.37
606.046,0.30,3.29,0.30,3.35
606.068,0.35,3.11,0.29,3.29
606.090,0.33,3.31,0.30,3.28
606.112,0.49,3.38,0.36,3.30
606.134,0.41,3.38,0.38,3.29
606.156,0.38,3.50,0.39,3.34
606.178,0.22,3.34,0.37,3.38
606.200,0.23,3.25,0.35,3.37
606.222,0.27,3.34,0.30,3.36
606.244,0.34,3.29,0.29,3.34
606.266,0.23,3.27,0.26,3.30
606.288,0.33,3.32,0.28,3.29
606.310,0.34,3.29,0.30,3.30
606.332,0.28,3.40,0.30,3.31
606.354,0.29,3.22,0.29,3.30
606.376,0.32,3.27,0.31,3.30
606.398,0.48,3.43,0.34,3.32
606.420,0.36,3.41,0.35,3.35
606.442,0.34,3.42,0.36,3.35
606.464,0.20,3.23,0.34,3.35
606.486,0.42,3.18,0.36,3.33
606.508,0.47,3.23,0.36,3.29
606.530,0.48,3.36,0.38,3.28
606.552,0.45,3.19,0.40,3.24
606.574,0.39,3.08,0.44,3.21
606.596,0.39,3.07,0.44,3.19
606.618,0.42,3.33,0.43,3.21
606.640,0.37,3.18,0.40,3.17
606.662,0.34,3.25,0.38,3.18
606.684,0.32,3.34,0.37,3.23
606.706,0.41,3.27,0.37,3.27
606.728,0.31,3.30,0.35,3.27
606.750,0.34,3.22,0.34,3.28
606.772,0.31,3.16,0.34,3.26
606.794,0.32,3.38,0.34,3.27
606.816,0.45,3.28,0.35,3.27
606.838,0.18,3.38,0.32,3.28
606.860,0.30,3.36,0.31,3.31
606.882,0.50,3.49,0.35,3.38
606.904,0.31,3.38,0.35,3.38
606.926,0.24,3.36,0.31,3.39
606.948,0.32,3.50,0.33,3.42
606.970,0.39,3.48,0.35,3.44
606.992,0.31,3.40,0.31,3.42
607.014,0.21,3.28,0.29,3.40
607.036,0.29,3.49,0.30,3.43
607.058,0.15,3.48,0.27,3.43
607.080,0.13,3.63,0.22,3.46
607.102,0.35,3.58,0.23,3.49
607.124,0.24,3.59,0.23,3.55
607.146,0.28,3.42,0.23,3.54
607.168,0.36,3.44,0.27,3.53
607.190,0.35,3.32,0.32,3.47
607.212,0.38,3.36,0.32,3.43
607.234,0.18,3.52,0.31,3.41
607.256,0.23,3.49,0.30,3.43
607.278,0.27,3.47,0.28,3.43
607.300,0.15,3.54,0.24,3.48
607.322,0.04,3.40,0.17,3.48
607.344,0.16,3.50,0.17,3.48
607.366,0.23,3.41,0.17,3.46
607.388,0.34,3.30,0.18,3.43
607.410,0.33,3.33,0.22,3.39
607.432,0.22,3.33,0.26,3.37
607.454,0.42,3.32,0.31,3.34
607.476,0.39,3.31,0.34,3.32
607.498,0.24,3.32,0.32,3.32
607.520,0.29,3.35,0.31,3.33
607.542,0.36,3.39,0.34,3.34
607.564,0.32,3.43,0.32,3.36
607.586,0.28,3.28,0.30,3.35
607.608,0.16,3.38,0.28,3.37
607.630,0.48,3.26,0.32,3.35
607.652,0.36,3.31,0.32,3.33
607.674,0.34,3.18,0.32,3.28
607.696,0.25,3.25,0.32,3.28
607.718,0.22,3.33,0.33,3.27
607.740,0.36,3.40,0.31,3.29
607.762,0.48,3.38,0.33,3.31
607.784,0.53,3.40,0.37,3.35
607.806,0.56,3.57,0.43,3.42
607.828,0.47,3.40,0.48,3.43
607.850,0.42,3.27,0.49,3.40
607.872,0.16,3.35,0.43,3.40
607.894,0.25,3.36,0.37,3.39
607.916,0.18,3.32,0.30,3.34
607.938,0.21,3.24,0.24,3.31
607.960,0.31,3.43,0.22,3.34
607.982,0.31,3.39,0.25,3.35
608.004,0.36,3.28,0.27,3.33
608.026,0.39,3.21,0.32,3.31
608.048,0.26,3.09,0.33,3.28
608.070,0.07,3.11,0.28,3.22
608.092,0.32,3.34,0.28,3.21
608.114,0.34,3.49,0.28,3.25
608.136,0.24,3.49,0.25,3.30
608.158,0.16,3.49,0.23,3.38
608.180,0.20,3.50,0.25,3.46
608.202,0.25,3.49,0.24,3.49
608.224,0.23,3.36,0.22,3.47
608.246,0.30,3.46,0.23,3.46
608.268,0.22,3.53,0.24,3.47
608.290,0.18,3.33,0.24,3.43
608.312,0.22,3.37,0.23,3.41
608.334,0.25,3.49,0.23,3.44
608.356,0.41,3.35,0.26,3.41
608.378,0.34,3.22,0.28,3.35
608.400,0.23,3.20,0.29,3.33
608.422,0.16,3.28,0.28,3.31
608.444,0.18,3.26,0.26,3.26
608.466,0.30,3.53,0.24,3.30
608.488,0.24,3.30,0.22,3.31
608.510,0.23,3.30,0.22,3.33
608.532,0.37,3.37,0.26,3.35
608.554,0.15,3.19,0.26,3.34
608.576,0.15,3.47,0.23,3.33
608.598,0.35,3.19,0.25,3.30
608.620,0.27,3.25,0.26,3.29
608.642,0.25,3.51,0.23,3.32
608.664,0.26,3.37,0.26,3.36
608.686,0.19,3.25,0.26,3.31
608.708,0.32,3.39,0.26,3.35
608.730,0.23,3.35,0.25,3.37
608.752,0.13,3.33,0.23,3.34
608.774,0.21,3.37,0.22,3.34
608.796,0.34,3.28,0.25,3.34
608.818,0.39,3.38,0.26,3.34
608.840,0.32,3.21,0.28,3.31
608.862,0.33,3.36,0.32,3.32
608.884,0.36,3.36,0.35,3.32
608.906,0.40,3.43,0.36,3.35
608.928,0.42,3.25,0.37,3.32
608.950,0.40,3.35,0.38,3.35
608.972,0.48,3.32,0.41,3.34
608.994,0.44,3.40,0.43,3.35
609.016,0.34,3.48,0.42,3.36
609.038,0.19,3.50,0.37,3.41
609.060,0.37,3.32,0.36,3.40
609.082,0.41,3.18,0.35,3.38
609.104,0.41,3.17,0.34,3.33
609.126,0.20,3.11,0.32,3.26
609.148,0.28,3.28,0.33,3.21
609.170,0.33,3.38,0.33,3.22
609.192,0.37,3.32,0.32,3.25
609.214,0.43,3.41,0.32,3.30
609.236,0.43,3.35,0.37,3.35
609.258,0.29,3.47,0.37,3.39
609.280,0.37,3.59,0.38,3.43
609.302,0.21,3.61,0.35,3.49
609.324,0.40,3.55,0.34,3.51
609.346,0.31,3.43,0.32,3.53
609.368,0.25,3.27,0.31,3.49
609.390,0.40,3.36,0.31,3.44
609.412,0.30,3.31,0.33,3.38
609.434,0.36,3.36,0.32,3.35
609.456,0.20,3.39,0.30,3.34
609.478,0.12,3.31,0.28,3.35
609.500,0.28,3.33,0.25,3.34
609.522,0.22,3.33,0.24,3.34
609.544,0.29,3.17,0.22,3.31
609.566,0.27,3.13,0.24,3.25
609.588,0.48,3.22,0.31,3.24
609.610,0.41,3.16,0.33,3.20
609.632,0.19,3.19,0.33,3.17
609.654,0.23,3.34,0.32,3.21
609.676,0.19,3.41,0.30,3.26
609.698,0.17,3.37,0.24,3.29
609.720,0.28,3.38,0.21,3.34
609.742,0.31,3.54,0.24,3.41
609.764,0.37,3.46,0.26,3.43
609.786,0.40,3.32,0.31,3.41
609.808,0.33,3.45,0.34,3.43
609.830,0.16,3.51,0.31,3.46
609.852,0.20,3.54,0.29,3.46
609.874,0.29,3.60,0.28,3.48
609.896,0.28,3.51,0.25,3.52
609.918,0.20,3.30,0.23,3.49
609.940,0.22,3.28,0.24,3.45
609.962,0.36,3.27,0.27,3.39
609.984,0.36,3.25,0.28,3.32
610.006,0.32,3.15,0.29,3.25
610.028,0.34,3.25,0.32,3.24
610.050,0.29,3.29,0.33,3.24
610.072,0.38,3.29,0.34,3.25
610.094,0.28,3.36,0.32,3.27
610.116,0.36,3.49,0.33,3.34
610.138,0.41,3.34,0.34,3.35
610.160,0.36,3.17,0.36,3.33
610.182,0.59,3.35,0.40,3.34
610.204,0.57,3.28,0.46,3.33
610.226,0.45,3.36,0.48,3.30
610.248,0.37,3.26,0.47,3.28
610.270,0.38,3.31,0.47,3.31
610.292,0.34,3.58,0.42,3.36
610.314,0.25,3.51,0.36,3.40
610.336,0.23,3.34,0.31,3.40
610.358,0.27,3.26,0.29,3.40
610.380,0.31,3.28,0.28,3.39
610.402,0.33,3.35,0.28,3.35
610.424,0.36,3.32,0.30,3.31
610.446,0.49,3.47,0.35,3.34
610.468,0.42,3.41,0.38,3.37
610.490,0.28,3.28,0.38,3.37
610.512,0.31,3.31,0.37,3.36
610.534,0.29,3.35,0.36,3.36
610.556,0.27,3.45,0.31,3.36
610.578,0.29,3.38,0.29,3.35
610.600,0.45,3.49,0.32,3.40
610.622,0.48,3.54,0.36,3.44
610.644,0.46,3.41,0.39,3.45
610.666,0.46,3.33,0.43,3.43
610.688,0.29,3.35,0.43,3.42
610.710,0.16,3.47,0.37,3.42
610.732,0.27,3.54,0.33,3.42
610.754,0.28,3.44,0.29,3.43
610.776,0.37,3.52,0.27,3.46
610.798,0.30,3.36,0.28,3.47
610.820,0.42,3.31,0.33,3.43
610.842,0.42,3.46,0.36,3.42
610.864,0.23,3.28,0.35,3.39
610.886,0.20,3.38,0.31,3.36
610.908,0.37,3.34,0.33,3.35
610.930,0.22,3.37,0.29,3.37
610.952,0.35,3.64,0.27,3.40
610.974,0.25,3.51,0.28,3.45
610.996,0.40,3.42,0.32,3.46
611.018,0.28,3.38,0.30,3.46
611.040,0.30,3.26,0.32,3.44
611.062,0.34,3.25,0.31,3.36
611.084,0.43,3.26,0.35,3.31
611.106,0.25,3.36,0.32,3.30
611.128,0.29,3.46,0.32,3.32
611.150,0.33,3.42,0.33,3.35
611.172,0.41,3.32,0.34,3.36
611.194,0.39,3.45,0.33,3.40
611.216,0.45,3.43,0.37,3.42
611.238,0.31,3.43,0.38,3.41
611.260,0.39,3.49,0.39,3.42
611.282,0.31,3.22,0.37,3.40
611.304,0.17,3.29,0.33,3.37
611.326,0.16,3.47,0.27,3.38
611.348,0.01,3.30,0.21,3.35
611.370,0.01,3.36,0.13,3.33
611.392,0.13,3.30,0.10,3.34
611.414,0.08,3.43,0.08,3.37
611.436,0.14,3.44,0.07,3.37
611.458,0.27,3.54,0.13,3.41
611.480,0.28,3.32,0.18,3.41
611.502,0.10,3.33,0.17,3.41
611.524,0.42,3.52,0.24,3.43
611.546,0.37,3.54,0.29,3.45
611.568,0.29,3.58,0.29,3.46
611.590,0.25,3.38,0.29,3.47
611.612,0.19,3.28,0.30,3.46
611.634,0.28,3.19,0.28,3.39
611.656,0.36,3.29,0.27,3.34
611.678,0.43,3.56,0.30,3.34
611.700,0.35,3.45,0.32,3.35
611.722,0.29,3.32,0.34,3.36
611.744,0.31,3.33,0.35,3.39
611.766,0.28,3.28,0.33,3.39
611.788,0.28,3.27,0.30,3.33
611.810,0.35,3.32,0.30,3.30
611.832,0.45,3.24,0.33,3.29
611.854,0.15,3.43,0.30,3.31
611.876,0.27,3.31,0.30,3.31
611.898,0.26,3.43,0.30,3.35
611.920,0.12,3.51,0.25,3.38
611.942,0.25,3.49,0.21,3.43
611.964,0.34,3.52,0.25,3.45
611.986,0.40,3.43,0.27,3.48
612.008,0.46,3.31,0.31,3.45
612.030,0.44,3.44,0.38,3.44
612.052,0.37,3.34,0.40,3.41
612.074,0.43,3.27,0.42,3.36
612.096,0.38,3.25,0.42,3.32
612.118,0.40,3.08,0.40,3.28
612.140,0.31,3.13,0.38,3.21
612.162,0.25,3.19,0.35,3.18
612.184,0.25,3.18,0.32,3.17
612.206,0.24,3.34,0.29,3.18
612.228,0.15,3.39,0.24,3.25
612.250,0.34,3.28,0.25,3.28
612.272,0.36,3.24,0.27,3.29
612.294,0.47,3.50,0.31,3.35
612.316,0.47,3.68,0.36,3.42
612.338,0.52,3.36,0.43,3.41
612.360,0.44,3.40,0.45,3.44
612.382,0.53,3.47,0.49,3.48
612.404,0.33,3.41,0.46,3.46
612.426,0.24,3.42,0.41,3.41
612.448,0.10,3.45,0.33,3.43
612.470,0.19,3.48,0.28,3.45
612.492,0.05,3.39,0.18,3.43
612.514,0.21,3.46,0.16,3.44
612.536,0.29,3.44,0.17,3.44
612.558,0.34,3.31,0.22,3.42
612.580,0.36,3.33,0.25,3.39
612.602,0.29,3.39,0.30,3.39
612.624,0.20,3.39,0.30,3.37
612.646,0.25,3.30,0.29,3.34
612.668,0.31,3.35,0.28,3.35
612.690,0.41,3.30,0.29,3.35
612.712,0.46,3.23,0.33,3.31
612.734,0.26,3.23,0.34,3.28
612.756,0.22,3.30,0.33,3.28
612.778,0.20,3.33,0.31,3.28
612.800,0.26,3.29,0.28,3.28
612.822,0.06,3.63,0.20,3.36
612.844,0.31,3.52,0.21,3.41
612.866,0.36,3.38,0.24,3.43
612.888,0.44,3.36,0.29,3.44
612.910,0.39,3.35,0.31,3.45
612.932,0.22,3.44,0.34,3.41
612.954,0.23,3.54,0.33,3.41
612.976,0.32,3.43,0.32,3.42
612.998,0.42,3.37,0.32,3.43
613.020,0.33,3.37,0.30,3.43
613.042,0.35,3.33,0.33,3.41
613.064,0.29,3.30,0.34,3.36
613.086,0.29,3.30,0.34,3.33
613.108,0.35,3.38,0.32,3.34
613.130,0.34,3.17,0.32,3.30
613.152,0.45,3.31,0.34,3.29
613.174,0.48,3.28,0.38,3.29
613.196,0.51,3.25,0.43,3.28
613.218,0.39,3.32,0.43,3.27
613.240,0.20,3.39,0.41,3.31
613.262,0.15,3.34,0.35,3.32
613.284,0.22,3.33,0.29,3.33
613.306,0.39,3.30,0.27,3.34
613.328,0.34,3.41,0.26,3.35
613.350,0.54,3.43,0.33,3.36
613.372,0.50,3.39,0.40,3.37
613.394,0.41,3.46,0.44,3.40
613.416,0.46,3.53,0.45,3.44
613.438,0.46,3.47,0.47,3.46
613.460,0.44,3.40,0.45,3.45
613.482,0.34,3.38,0.42,3.45
613.504,0.49,3.47,0.44,3.45
613.526,0.50,3.52,0.45,3.45
613.548,0.43,3.46,0.44,3.45
613.570,0.29,3.52,0.41,3.47
613.592,0.31,3.54,0.40,3.50
613.614,0.28,3.45,0.36,3.50
613.636,0.35,3.38,0.33,3.47
613.658,0.36,3.32,0.32,3.44
613.680,0.32,3.33,0.32,3.40
613.702,0.42,3.20,0.35,3.34
613.724,0.37,3.35,0.36,3.32
613.746,0.19,3.40,0.33,3.32
613.768,0.26,3.25,0.31,3.31
613.790,0.31,3.33,0.31,3.31
613.812,0.22,3.39,0.27,3.34
613.834,0.34,3.29,0.26,3.33
613.856,0.27,3.38,0.28,3.33
613.878,0.42,3.50,0.31,3.38
613.900,0.51,3.36,0.35,3.38
613.922,0.42,3.54,0.39,3.41
613.944,0.36,3.54,0.40,3.46
613.966,0.31,3.46,0.40,3.48
613.988,0.47,3.27,0.41,3.43
614.010,0.36,3.45,0.38,3.45
614.032,0.47,3.50,0.39,3.44
614.054,0.36,3.21,0.39,3.38
614.076,0.47,3.21,0.43,3.33
614.098,0.23,3.15,0.38,3.30
614.120,0.27,3.18,0.36,3.25
614.142,0.27,3.31,0.32,3.21
614.164,0.34,3.20,0.32,3.21
614.186,0.30,3.29,0.28,3.23
614.208,0.21,3.27,0.28,3.25
614.230,0.24,3.39,0.27,3.29
614.252,0.45,3.23,0.31,3.28
614.274,0.42,3.30,0.32,3.30
614.296,0.45,3.40,0.35,3.32
614.318,0.26,3.44,0.36,3.35
614.340,0.39,3.49,0.39,3.37
614.362,0.41,3.36,0.39,3.40
614.384,0.33,3.37,0.37,3.41
614.406,0.30,3.46,0.34,3.42
614.428,0.31,3.39,0.35,3.41
614.450,0.30,3.40,0.33,3.40
614.472,0.43,3.32,0.33,3.39
614.494,0.35,3.21,0.34,3.36
614.516,0.41,3.23,0.36,3.31
614.538,0.29,3.17,0.36,3.27
614.560,0.29,3.12,0.35,3.21
614.582,0.21,3.42,0.31,3.23
614.604,0.33,3.32,0.31,3.25
614.626,0.30,3.42,0.28,3.29
614.648,0.47,3.42,0.32,3.34
614.670,0.36,3.43,0.33,3.40
614.692,0.24,3.38,0.34,3.39
614.714,0.42,3.32,0.36,3.39
614.736,0.27,3.23,0.35,3.36
614.758,0.40,3.23,0.34,3.32
614.780,0.41,3.34,0.35,3.30
614.802,0.32,3.16,0.36,3.26
614.824,0.43,3.08,0.37,3.21
614.846,0.42,3.14,0.40,3.19
614.868,0.16,3.20,0.35,3.18
614.890,0.19,3.22,0.30,3.16
614.912,0.18,3.34,0.28,3.20
614.934,0.15,3.30,0.22,3.24
614.956,0.15,3.39,0.17,3.29
614.978,0.18,3.31,0.17,3.31
615.000,0.22,3.43,0.18,3.35
615.022,0.40,3.44,0.22,3.37
615.044,0.41,3.28,0.27,3.37
615.066,0.38,3.42,0.32,3.38
615.088,0.49,3.38,0.38,3.39
615.110,0.52,3.44,0.44,3.39
615.132,0.44,3.50,0.45,3.40
615.154,0.44,3.54,0.45,3.46
615.176,0.26,3.48,0.43,3.47
615.198,0.17,3.33,0.37,3.46
615.220,0.17,3.52,0.30,3.47
615.242,0.36,3.46,0.28,3.47
615.264,0.30,3.37,0.25,3.43
615.286,0.43,3.32,0.29,3.40
615.308,0.36,3.34,0.32,3.40
615.330,0.26,3.44,0.34,3.39
615.352,0.34,3.50,0.34,3.39
615.374,0.24,3.35,0.33,3.39
615.396,0.24,3.40,0.29,3.41
615.418,0.36,3.53,0.29,3.44
615.440,0.32,3.41,0.30,3.44
615.462,0.20,3.39,0.27,3.42
615.484,0.33,3.48,0.29,3.44
615.506,0.36,3.39,0.31,3.44
615.528,0.39,3.40,0.32,3.41
615.550,0.26,3.29,0.31,3.39
615.572,0.24,3.30,0.32,3.37
615.594,0.33,3.45,0.32,3.37
615.616,0.21,3.41,0.29,3.37
615.638,0.22,3.52,0.25,3.39
615.660,0.31,3.60,0.26,3.46
615.682,0.30,3.43,0.27,3.48
615.704,0.37,3.56,0.28,3.50
615.726,0.34,3.40,0.31,3.50
615.748,0.36,3.45,0.34,3.49
615.770,0.39,3.30,0.35,3.43
615.792,0.40,3.24,0.37,3.39
615.814,0.37,3.32,0.37,3.34
615.836,0.35,3.27,0.37,3.32
615.858,0.51,3.25,0.40,3.28
615.880,0.33,3.07,0.39,3.23
615.902,0.15,3.22,0.34,3.23
615.924,0.38,3.19,0.34,3.20
615.946,0.27,3.25,0.33,3.20
615.968,0.15,3.18,0.26,3.18
615.990,0.26,3.15,0.24,3.20
616.012,0.30,3.26,0.27,3.21
616.034,0.34,3.33,0.26,3.23
616.056,0.41,3.37,0.29,3.26
616.078,0.39,3.36,0.34,3.29
616.100,0.38,3.48,0.36,3.36
616.122,0.40,3.44,0.38,3.40
616.144,0.48,3.40,0.41,3.41
616.166,0.45,3.35,0.42,3.41
616.188,0.50,3.24,0.44,3.38
616.210,0.44,3.26,0.45,3.34
616.232,0.37,3.43,0.45,3.34
616.254,0.26,3.31,0.40,3.32
616.276,0.18,3.43,0.35,3.33
616.298,0.18,3.43,0.29,3.37
616.320,0.24,3.63,0.25,3.45
616.342,0.33,3.40,0.24,3.44
616.364,0.31,3.17,0.25,3.41
616.386,0.42,3.37,0.30,3.40
616.408,0.35,3.36,0.33,3.39
616.430,0.32,3.36,0.35,3.33
616.452,0.40,3.38,0.36,3.33
616.474,0.42,3.49,0.38,3.39
616.496,0.31,3.50,0.36,3.42
616.518,0.33,3.48,0.36,3.44
616.540,0.21,3.29,0.33,3.43
616.562,0.27,3.34,0.31,3.42
616.584,0.36,3.31,0.30,3.38
616.606,0.43,3.35,0.32,3.35
616.628,0.51,3.42,0.36,3.34
616.650,0.43,3.39,0.40,3.36
616.672,0.59,3.33,0.46,3.36
616.694,0.54,3.16,0.50,3.33
616.716,0.31,3.31,0.48,3.32
616.738,0.45,3.41,0.46,3.32
616.760,0.17,3.23,0.41,3.29
616.782,0.11,3.35,0.32,3.29
616.804,0.11,3.35,0.23,3.33
616.826,0.27,3.31,0.22,3.33
616.848,0.37,3.39,0.21,3.33
616.870,0.27,3.32,0.23,3.34
616.892,0.20,3.40,0.24,3.35
616.914,0.27,3.47,0.28,3.38
616.936,0.37,3.33,0.30,3.38
616.958,0.31,3.58,0.28,3.42
616.980,0.25,3.45,0.28,3.45
617.002,0.38,3.56,0.32,3.48
617.024,0.41,3.58,0.34,3.50
617.046,0.52,3.51,0.37,3.54
617.068,0.26,3.54,0.36,3.53
617.090,0.27,3.56,0.37,3.55
617.112,0.25,3.42,0.34,3.52
617.134,0.41,3.21,0.34,3.45
617.156,0.50,3.34,0.34,3.41
617.178,0.60,3.26,0.41,3.36
617.200,0.53,3.29,0.46,3.30
617.222,0.41,3.40,0.49,3.30
617.244,0.30,3.30,0.47,3.32
617.266,0.21,3.43,0.41,3.34
617.288,0.04,3.34,0.30,3.35
617.310,0.14,3.24,0.22,3.34
617.332,0.16,3.29,0.17,3.32
617.354,0.37,3.37,0.18,3.33
617.376,0.33,3.46,0.21,3.34
617.398,0.28,3.48,0.26,3.37
617.420,0.27,3.37,0.28,3.39
617.442,0.39,3.48,0.33,3.43
617.464,0.33,3.36,0.32,3.43
617.486,0.30,3.55,0.31,3.45
617.508,0.28,3.52,0.31,3.46
617.530,0.13,3.50,0.29,3.48
617.552,0.19,3.30,0.25,3.45
617.574,0.14,3.30,0.21,3.43
617.596,0.36,3.29,0.22,3.38
617.618,0.29,3.18,0.22,3.31
617.640,0.24,3.34,0.24,3.28
617.662,0.21,3.40,0.25,3.30
617.684,0.15,3.42,0.25,3.33
617.706,0.15,3.35,0.21,3.34
617.728,0.37,3.31,0.22,3.36
617.750,0.28,3.47,0.23,3.39
617.772,0.36,3.48,0.26,3.41
617.794,0.30,3.46,0.29,3.41
617.816,0.37,3.53,0.34,3.45
617.838,0.41,3.62,0.34,3.51
617.860,0.39,3.49,0.37,3.52
617.882,0.33,3.36,0.36,3.49
617.904,0.45,3.46,0.39,3.49
617.926,0.30,3.48,0.38,3.48
617.948,0.18,3.30,0.33,3.42
617.970,0.36,3.33,0.32,3.39
617.992,0.30,3.18,0.32,3.35
618.014,0.33,3.19,0.29,3.30
618.036,0.28,3.26,0.29,3.25
618.058,0.19,3.45,0.29,3.28
618.080,0.21,3.47,0.26,3.31
618.102,0.27,3.37,0.26,3.35
618.124,0.39,3.36,0.27,3.38
618.146,0.36,3.34,0.28,3.40
618.168,0.35,3.16,0.32,3.34
618.190,0.20,3.27,0.31,3.30
618.212,0.26,3.52,0.31,3.33
618.234,0.22,3.45,0.28,3.35
618.256,0.29,3.33,0.26,3.35
618.278,0.24,3.36,0.24,3.39
618.300,0.28,3.39,0.26,3.41
618.322,0.42,3.35,0.29,3.38
618.344,0.29,3.56,0.30,3.40
618.366,0.26,3.50,0.30,3.43
618.388,0.16,3.46,0.28,3.45
618.410,0.30,3.35,0.29,3.44
618.432,0.33,3.44,0.27,3.46
618.454,0.34,3.38,0.28,3.43
618.476,0.52,3.40,0.33,3.41
618.498,0.41,3.40,0.38,3.39
618.520,0.32,3.39,0.38,3.40
618.542,0.38,3.34,0.39,3.38
618.564,0.38,3.27,0.40,3.36
618.586,0.52,3.26,0.40,3.33
618.608,0.46,3.29,0.41,3.31
618.630,0.52,3.24,0.45,3.28
618.652,0.55,3.20,0.49,3.25
618.674,0.39,3.06,0.49,3.21
618.696,0.33,3.19,0.45,3.20
618.718,0.34,3.32,0.43,3.20
618.740,0.35,3.33,0.39,3.22
618.762,0.20,3.41,0.32,3.26
618.784,0.30,3.32,0.30,3.31
618.806,0.21,3.35,0.28,3.35
618.828,0.26,3.25,0.26,3.33
618.850,0.45,3.23,0.28,3.31
618.872,0.45,3.31,0.33,3.29
618.894,0.28,3.24,0.33,3.28
618.916,0.20,3.21,0.33,3.25
618.938,0.13,3.26,0.30,3.25
618.960,0.12,3.32,0.24,3.27
618.982,0.13,3.46,0.17,3.30
619.004,0.21,3.38,0.16,3.33
619.026,0.25,3.38,0.17,3.36
619.048,0.37,3.33,0.22,3.37
619.070,0.28,3.37,0.25,3.38
619.092,0.21,3.37,0.26,3.37
619.114,0.26,3.33,0.27,3.36
619.136,0.02,3.41,0.23,3.36
619.158,0.26,3.34,0.21,3.36
619.180,0.24,3.33,0.20,3.36
619.202,0.28,3.48,0.21,3.38
619.224,0.18,3.45,0.20,3.40
619.246,0.28,3.53,0.25,3.43
619.268,0.08,3.50,0.21,3.46
619.290,0.27,3.47,0.22,3.49
619.312,0.26,3.48,0.21,3.49
619.334,0.23,3.55,0.22,3.51
619.356,0.24,3.45,0.22,3.49
619.378,0.15,3.48,0.23,3.49
619.400,0.41,3.38,0.26,3.47
619.422,0.24,3.20,0.25,3.41
619.444,0.37,3.23,0.28,3.35
619.466,0.36,3.30,0.31,3.32
619.488,0.36,3.42,0.35,3.31
619.510,0.32,3.44,0.33,3.32
619.532,0.25,3.30,0.33,3.34
619.554,0.42,3.41,0.34,3.37
619.576,0.33,3.46,0.34,3.41
619.598,0.36,3.38,0.34,3.40
619.620,0.34,3.54,0.34,3.42
619.642,0.35,3.68,0.36,3.49
619.664,0.30,3.44,0.34,3.50
619.686,0.35,3.51,0.34,3.51
619.708,0.30,3.47,0.33,3.53
619.730,0.25,3.43,0.31,3.51
619.752,0.31,3.43,0.30,3.46
619.774,0.37,3.33,0.32,3.43
619.796,0.26,3.23,0.30,3.38
619.818,0.18,3.33,0.27,3.35
619.840,0.24,3.35,0.27,3.33
619.862,0.37,3.36,0.28,3.32
619.884,0.33,3.20,0.28,3.29
619.906,0.30,3.20,0.28,3.29
619.928,0.25,3.18,0.30,3.26
619.950,0.34,3.19,0.32,3.23
619.972,0.47,3.17,0.34,3.19
619.994,0.38,3.22,0.35,3.19
620.016,0.30,3.37,0.35,3.23
620.038,0.31,3.27,0.36,3.24
620.060,0.20,3.41,0.33,3.29
620.082,0.31,3.37,0.30,3.33
620.104,0.26,3.42,0.28,3.37
620.126,0.14,3.43,0.24,3.38
620.148,0.20,3.46,0.22,3.42
620.170,0.32,3.25,0.25,3.39
620.192,0.30,3.42,0.24,3.40
620.214,0.24,3.43,0.24,3.40
620.236,0.26,3.51,0.26,3.41
620.258,0.55,3.43,0.33,3.41
620.280,0.50,3.38,0.37,3.43
620.302,0.45,3.35,0.40,3.42
620.324,0.45,3.24,0.44,3.38
620.346,0.23,3.24,0.44,3.33
620.368,0.33,3.24,0.39,3.29
620.390,0.34,3.49,0.36,3.31
620.412,0.37,3.35,0.34,3.31
620.434,0.38,3.60,0.33,3.38
620.456,0.29,3.40,0.34,3.42
620.478,0.38,3.46,0.35,3.46
620.500,0.38,3.49,0.36,3.46
620.522,0.39,3.39,0.36,3.47
620.544,0.34,3.66,0.36,3.48
620.566,0.20,3.55,0.34,3.51
620.588,0.23,3.40,0.31,3.50
620.610,0.24,3.50,0.28,3.50
620.632,0.16,3.56,0.23,3.53
620.654,0.12,3.57,0.19,3.52
620.676,0.23,3.59,0.20,3.52
620.698,0.24,3.46,0.20,3.54
620.720,0.17,3.15,0.18,3.47
620.742,0.14,3.33,0.18,3.42
620.764,0.14,3.40,0.18,3.39
620.786,0.29,3.27,0.20,3.32
620.808,0.32,3.40,0.21,3.31
620.830,0.56,3.45,0.29,3.37
620.852,0.33,3.36,0.33,3.38
620.874,0.19,3.25,0.34,3.35
620.896,0.22,3.20,0.32,3.33
620.918,0.27,3.12,0.31,3.28
620.940,0.23,3.09,0.25,3.20
620.962,0.25,3.23,0.23,3.18
620.984,0.21,3.09,0.24,3.15
621.006,0.16,3.09,0.22,3.12
621.028,0.31,3.17,0.23,3.13
621.050,0.35,3.30,0.26,3.18
621.072,0.25,3.62,0.26,3.25
621.094,0.10,3.45,0.23,3.33
621.116,0.19,3.50,0.24,3.41
621.138,0.29,3.53,0.24,3.48
621.160,0.42,3.59,0.25,3.54
621.182,0.39,3.43,0.28,3.50
621.204,0.44,3.40,0.35,3.49
621.226,0.55,3.44,0.42,3.48
621.248,0.30,3.33,0.42,3.44
621.270,0.32,3.47,0.40,3.41
621.292,0.39,3.46,0.40,3.42
621.314,0.33,3.29,0.38,3.40
621.336,0.39,3.29,0.35,3.37
621.358,0.32,3.31,0.35,3.36
621.380,0.44,3.08,0.37,3.29
621.402,0.46,3.15,0.39,3.22
621.424,0.36,3.19,0.39,3.20
621.446,0.44,3.24,0.40,3.19
621.468,0.34,3.28,0.41,3.19
621.490,0.45,3.42,0.41,3.26
621.512,0.42,3.23,0.40,3.27
621.534,0.48,3.32,0.43,3.30
621.556,0.41,3.36,0.42,3.32
621.578,0.37,3.45,0.43,3.36
621.600,0.30,3.33,0.40,3.34
621.622,0.32,3.30,0.38,3.35
621.644,0.33,3.36,0.35,3.36
621.666,0.37,3.33,0.34,3.35
621.688,0.22,3.34,0.31,3.33
621.710,0.24,3.19,0.30,3.30
621.732,0.30,3.31,0.29,3.31
621.754,0.33,3.22,0.29,3.28
621.776,0.48,3.18,0.31,3.25
621.798,0.46,3.30,0.36,3.24
621.820,0.42,3.27,0.40,3.26
621.842,0.29,3.33,0.40,3.26
621.864,0.31,3.23,0.39,3.26
621.886,0.27,3.33,0.35,3.29
621.908,0.19,3.31,0.30,3.29
621.930,0.43,3.32,0.30,3.30
621.952,0.35,3.34,0.31,3.31
621.974,0.39,3.57,0.33,3.37
621.996,0.33,3.43,0.34,3.39
622.018,0.11,3.60,0.32,3.45
622.040,0.05,3.55,0.25,3.50
622.062,0.21,3.54,0.22,3.54
622.084,0.24,3.42,0.19,3.51
622.106,0.22,3.34,0.17,3.49
622.128,0.26,3.35,0.20,3.44
622.150,0.25,3.29,0.24,3.39
622.172,0.35,3.32,0.26,3.34
622.194,0.11,3.32,0.24,3.32
622.216,0.22,3.34,0.24,3.32
622.238,0.38,3.26,0.26,3.31
622.260,0.26,3.27,0.26,3.30
622.282,0.24,3.33,0.24,3.30
622.304,0.14,3.36,0.25,3.31
622.326,0.26,3.30,0.26,3.30
622.348,0.33,3.29,0.25,3.31
622.370,0.29,3.27,0.25,3.31
622.392,0.39,3.18,0.28,3.28
622.414,0.24,3.33,0.30,3.27
622.436,0.34,3.22,0.32,3.26
622.458,0.32,2.99,0.32,3.20
622.480,0.43,3.11,0.34,3.17
622.502,0.36,3.33,0.34,3.20
622.524,0.37,3.43,0.36,3.22
622.546,0.43,3.33,0.38,3.24
622.568,0.32,3.34,0.38,3.31
622.590,0.34,3.38,0.36,3.36
622.612,0.17,3.51,0.33,3.40
622.634,0.34,3.54,0.32,3.42
622.656,0.32,3.55,0.30,3.46
622.678,0.33,3.31,0.30,3.46
622.700,0.49,3.19,0.33,3.42
622.722,0.30,3.35,0.36,3.39
622.744,0.25,3.35,0.34,3.35
622.766,0.18,3.28,0.31,3.30
622.788,0.15,3.39,0.27,3.31
622.810,0.23,3.25,0.22,3.32
622.832,0.33,3.32,0.23,3.32
622.854,0.25,3.38,0.23,3.32
622.876,0.35,3.30,0.26,3.33
622.898,0.28,3.39,0.29,3.33
622.920,0.29,3.67,0.30,3.41
622.942,0.21,3.47,0.28,3.44
622.964,0.22,3.38,0.27,3.44
622.986,0.30,3.28,0.26,3.44
623.008,0.20,3.35,0.24,3.43
623.030,0.26,3.49,0.24,3.39
623.052,0.34,3.38,0.26,3.38
623.074,0.46,3.29,0.31,3.36
623.096,0.41,3.29,0.33,3.36
623.118,0.46,3.20,0.39,3.33
623.140,0.24,3.26,0.38,3.28
623.162,0.32,3.24,0.38,3.26
623.184,0.31,3.46,0.35,3.29
623.206,0.33,3.37,0.33,3.31
623.228,0.27,3.45,0.29,3.36
623.250,0.29,3.39,0.30,3.38
623.272,0.42,3.46,0.32,3.43
623.294,0.36,3.42,0.33,3.42
623.316,0.41,3.26,0.35,3.40
623.338,0.19,3.27,0.33,3.36
623.360,0.23,3.28,0.32,3.34
623.382,0.29,3.34,0.30,3.31
623.404,0.29,3.37,0.28,3.30
623.426,0.29,3.31,0.26,3.31
623.448,0.20,3.41,0.26,3.34
623.470,0.19,3.29,0.25,3.34
623.492,0.34,3.33,0.26,3.34
623.514,0.31,3.18,0.27,3.30
623.536,0.34,3.41,0.28,3.32
623.558,0.31,3.47,0.30,3.34
623.580,0.23,3.47,0.31,3.37
623.602,0.28,3.37,0.29,3.38
623.624,0.25,3.44,0.28,3.43
623.646,0.16,3.43,0.25,3.44
623.668,0.30,3.48,0.24,3.44
623.690,0.25,3.32,0.25,3.41
623.712,0.34,3.53,0.26,3.44
623.734,0.33,3.23,0.28,3.40
623.756,0.26,3.33,0.30,3.38
623.778,0.43,3.47,0.32,3.38
623.800,0.40,3.47,0.35,3.41
623.822,0.46,3.33,0.38,3.37
623.844,0.48,3.53,0.41,3.43
623.866,0.30,3.51,0.41,3.46
623.888,0.34,3.38,0.40,3.44
623.910,0.62,3.39,0.44,3.43
623.932,0.54,3.40,0.46,3.44
623.954,0.33,3.30,0.43,3.40
623.976,0.52,3.24,0.47,3.34
623.998,0.45,3.49,0.49,3.36
624.020,0.47,3.53,0.46,3.39
624.042,0.23,3.46,0.40,3.40
624.064,0.25,3.35,0.38,3.41
624.086,0.34,3.32,0.35,3.43
624.108,0.34,3.28,0.33,3.39
624.130,0.32,3.38,0.30,3.36
624.152,0.30,3.20,0.31,3.31
624.174,0.34,3.16,0.33,3.27
624.196,0.33,3.33,0.33,3.27
624.218,0.24,3.29,0.31,3.27
624.241,0.36,3.40,0.31,3.28
624.263,0.26,3.27,0.31,3.29
624.285,0.30,3.27,0.30,3.31
624.307,0.26,3.32,0.28,3.31
624.329,0.31,3.24,0.30,3.30
624.351,0.38,3.37,0.30,3.29
624.373,0.47,3.24,0.34,3.29
624.395,0.45,3.24,0.37,3.28
624.417,0.46,3.14,0.41,3.25
624.439,0.40,3.13,0.43,3.22
624.461,0.30,3.15,0.42,3.18
624.483,0.32,3.20,0.39,3.17
624.505,0.26,3.29,0.35,3.18
624.527,0.18,3.34,0.29,3.22
624.549,0.30,3.33,0.27,3.26
624.571,0.29,3.29,0.27,3.29
624.593,0.43,3.30,0.29,3.31
624.615,0.45,3.34,0.33,3.32
624.637,0.52,3.35,0.40,3.32
624.659,0.47,3.17,0.43,3.29
624.681,0.19,3.37,0.41,3.31
624.703,0.15,3.38,0.36,3.32
624.725,0.21,3.46,0.31,3.35
624.747,0.28,3.39,0.26,3.35
624.769,0.31,3.44,0.23,3.41
624.791,0.19,3.43,0.23,3.42
624.813,0.24,3.42,0.25,3.43
624.835,0.22,3.39,0.25,3.41
624.857,0.21,3.38,0.23,3.41
624.879,0.24,3.36,0.22,3.40
624.901,0.30,3.28,0.24,3.37
624.923,0.17,3.34,0.23,3.35
624.945,0.19,3.36,0.22,3.34
624.967,0.18,3.33,0.22,3.33
624.989,0.27,3.34,0.22,3.33
625.011,0.44,3.58,0.25,3.39
625.033,0.40,3.34,0.30,3.39
625.055,0.38,3.36,0.33,3.39
625.077,0.40,3.35,0.38,3.39
625.099,0.36,3.45,0.40,3.42
625.121,0.37,3.38,0.38,3.38
625.143,0.30,3.43,0.36,3.39
625.165,0.41,3.36,0.37,3.39
625.187,0.35,3.40,0.36,3.40
625.209,0.42,3.31,0.37,3.38
625.231,0.37,3.29,0.37,3.36
625.253,0.30,3.31,0.37,3.33
625.275,0.33,3.32,0.35,3.33
625.297,0.35,3.37,0.35,3.32
625.319,0.32,3.31,0.33,3.32
625.341,0.28,3.35,0.32,3.33
625.363,0.25,3.33,0.31,3.34
625.385,0.10,3.45,0.26,3.36
625.407,0.18,3.43,0.23,3.37
625.429,0.17,3.35,0.20,3.38
625.451,0.17,3.28,0.17,3.37
625.473,0.28,3.22,0.18,3.35
625.495,0.36,3.29,0.23,3.31
625.517,0.33,3.40,0.26,3.31
625.539,0.29,3.30,0.29,3.30
625.561,0.44,3.34,0.34,3.31
625.583,0.53,3.23,0.39,3.31
625.605,0.38,3.28,0.39,3.31
625.627,0.29,3.25,0.39,3.28
625.649,0.29,3.29,0.39,3.28
625.671,0.47,3.46,0.39,3.30
625.693,0.37,3.39,0.36,3.33
625.715,0.31,3.37,0.35,3.35
625.737,0.40,3.40,0.37,3.38
625.759,0.32,3.28,0.37,3.38
625.781,0.36,3.18,0.35,3.32
625.803,0.43,3.45,0.36,3.34
625.825,0.48,3.35,0.40,3.33
625.847,0.59,3.43,0.44,3.34
625.869,0.35,3.53,0.44,3.39
625.891,0.33,3.54,0.44,3.46
625.913,0.23,3.36,0.40,3.44
625.935,0.36,3.39,0.37,3.45
625.957,0.39,3.43,0.33,3.45
625.979,0.39,3.26,0.34,3.40
626.001,0.24,3.21,0.32,3.33
626.023,0.30,3.21,0.34,3.30
626.045,0.35,3.16,0.33,3.25
626.067,0.32,3.33,0.32,3.23
626.089,0.48,3.21,0.34,3.22
626.111,0.47,3.32,0.38,3.25
626.133,0.45,3.34,0.41,3.27
626.155,0.41,3.21,0.43,3.28
626.177,0.22,3.33,0.41,3.28
626.199,0.22,3.37,0.35,3.31
626.221,0.35,3.22,0.33,3.29
626.243,0.46,3.34,0.33,3.29
626.265,0.42,3.25,0.33,3.30
626.287,0.37,3.36,0.36,3.31
626.309,0.30,3.33,0.38,3.30
626.331,0.43,3.43,0.40,3.34
626.353,0.34,3.39,0.37,3.35
626.375,0.33,3.30,0.35,3.36
626.397,0.32,3.23,0.34,3.34
626.419,0.21,3.20,0.33,3.31
626.441,0.22,3.34,0.28,3.29
626.463,0.21,3.27,0.26,3.27
626.485,0.23,3.33,0.24,3.27
626.507,0.38,3.32,0.25,3.29
626.529,0.24,3.39,0.26,3.33
626.551,0.33,3.19,0.28,3.30
626.573,0.22,3.36,0.28,3.32
626.595,0.24,3.30,0.28,3.31
626.617,0.30,3.29,0.27,3.31
626.639,0.39,3.30,0.30,3.29
626.661,0.35,3.44,0.30,3.34
626.683,0.42,3.27,0.34,3.32
626.705,0.30,3.55,0.35,3.37
626.727,0.31,3.63,0.35,3.44
626.749,0.32,3.46,0.34,3.47
626.771,0.51,3.44,0.37,3.47
626.793,0.52,3.30,0.39,3.48
626.815,0.28,3.26,0.39,3.42
626.837,0.28,3.28,0.38,3.35
626.859,0.38,3.32,0.39,3.32
626.881,0.40,3.41,0.37,3.31
626.903,0.30,3.21,0.33,3.30
626.925,0.19,3.09,0.31,3.26
626.947,0.34,3.10,0.32,3.23
626.969,0.28,3.17,0.30,3.20
626.991,0.32,3.24,0.29,3.16
627.013,0.32,3.50,0.29,3.22
627.035,0.23,3.37,0.30,3.28
627.057,0.29,3.43,0.29,3.34
627.079,0.28,3.45,0.29,3.40
627.101,0.30,3.43,0.28,3.44
627.123,0.39,3.51,0.30,3.44
627.145,0.31,3.47,0.31,3.46
627.167,0.37,3.44,0.33,3.46
627.189,0.32,3.27,0.34,3.42
627.211,0.19,3.24,0.32,3.39
627.233,0.28,3.20,0.29,3.32
627.255,0.44,3.46,0.32,3.32
627.277,0.42,3.43,0.33,3.32
627.299,0.26,3.39,0.32,3.34
627.321,0.26,3.24,0.33,3.34
627.343,0.35,3.21,0.35,3.35
627.365,0.18,3.34,0.29,3.32
627.387,0.27,3.22,0.26,3.28
627.409,0.34,3.39,0.28,3.28
627.431,0.41,3.34,0.31,3.30
627.453,0.20,3.35,0.28,3.33
627.475,0.26,3.39,0.30,3.34
627.497,0.29,3.54,0.30,3.40
627.519,0.36,3.50,0.30,3.42
627.541,0.27,3.28,0.28,3.41
627.563,0.20,3.46,0.28,3.43
627.585,0.40,3.41,0.30,3.44
627.607,0.38,3.47,0.32,3.42
627.629,0.22,3.38,0.29,3.40
627.651,0.27,3.47,0.29,3.44
627.673,0.31,3.44,0.32,3.43
627.695,0.02,3.43,0.24,3.44
627.717,0.22,3.44,0.21,3.43
627.739,0.21,3.42,0.21,3.44
627.761,0.29,3.44,0.21,3.43
627.783,0.18,3.40,0.18,3.43
627.805,0.11,3.34,0.20,3.41
627.827,0.06,3.31,0.17,3.38
627.849,0.15,3.21,0.16,3.34
627.871,0.23,3.43,0.15,3.34
627.893,0.33,3.49,0.18,3.36
627.915,0.42,3.63,0.24,3.41
627.937,0.37,3.48,0.30,3.45
627.959,0.24,3.58,0.32,3.52
627.981,0.33,3.38,0.34,3.51
628.003,0.34,3.45,0.34,3.50
628.025,0.11,3.34,0.28,3.45
628.047,0.11,3.35,0.23,3.42
628.069,0.11,3.36,0.20,3.38
628.091,0.22,3.47,0.18,3.39
628.113,0.36,3.40,0.18,3.38
628.135,0.33,3.43,0.23,3.40
628.157,0.31,3.31,0.27,3.39
628.179,0.31,3.38,0.31,3.40
628.201,0.36,3.42,0.33,3.39
628.223,0.20,3.32,0.30,3.37
628.245,0.25,3.28,0.29,3.34
628.267,0.17,3.29,0.26,3.34
628.289,0.18,3.31,0.23,3.32
628.311,0.23,3.27,0.21,3.29
628.333,0.26,3.23,0.22,3.28
628.355,0.28,3.25,0.22,3.27
628.377,0.10,3.31,0.21,3.27
628.399,0.19,3.19,0.21,3.25
628.421,0.22,3.21,0.21,3.24
628.443,0.34,3.07,0.23,3.21
628.465,0.36,3.15,0.24,3.19
628.487,0.22,3.26,0.27,3.18
628.509,0.26,3.32,0.28,3.20
628.531,0.25,3.30,0.29,3.22
628.553,0.30,3.20,0.28,3.25
628.575,0.30,3.44,0.27,3.30
628.597,0.32,3.45,0.29,3.34
628.619,0.16,3.28,0.27,3.33
628.641,0.26,3.28,0.27,3.33
628.663,0.13,3.24,0.23,3.34
628.685,0.18,3.06,0.21,3.26
628.707,0.30,3.20,0.21,3.21
628.729,0.33,3.31,0.24,3.22
628.751,0.37,3.41,0.26,3.24
628.773,0.38,3.32,0.31,3.26
628.795,0.29,3.29,0.33,3.31
628.817,0.30,3.37,0.33,3.34
628.839,0.24,3.43,0.32,3.36
628.861,0.32,3.34,0.31,3.35
628.883,0.39,3.26,0.31,3.34
628.905,0.36,3.35,0.32,3.35
628.927,0.28,3.34,0.32,3.34
628.949,0.23,3.35,0.32,3.33
628.971,0.14,3.28,0.28,3.32
628.993,0.08,3.38,0.22,3.34
629.015,0.12,3.25,0.17,3.32
629.037,0.25,3.25,0.16,3.30
629.059,0.38,3.26,0.19,3.28
629.081,0.34,3.25,0.23,3.28
629.103,0.32,3.33,0.28,3.27
629.125,0.36,3.35,0.33,3.29
629.147,0.43,3.45,0.37,3.33
629.169,0.35,3.39,0.36,3.35
629.191,0.28,3.54,0.35,3.41
629.213,0.36,3.41,0.36,3.43
629.235,0.35,3.49,0.35,3.46
629.257,0.41,3.47,0.35,3.46
629.279,0.27,3.21,0.33,3.42
629.301,0.29,3.21,0.34,3.36
629.323,0.30,3.32,0.32,3.34
629.345,0.24,3.23,0.30,3.29
629.367,0.31,3.29,0.28,3.25
629.389,0.29,3.27,0.29,3.26
629.411,0.23,3.12,0.27,3.25
629.433,0.25,3.20,0.26,3.22
629.455,0.22,3.18,0.26,3.21
629.477,0.39,3.27,0.28,3.21
629.499,0.29,3.28,0.28,3.21
629.521,0.26,3.19,0.28,3.22
629.543,0.34,3.25,0.30,3.23
629.565,0.34,3.35,0.32,3.27
629.587,0.26,3.32,0.30,3.28
629.609,0.33,3.44,0.31,3.31
629.631,0.21,3.35,0.30,3.34
629.653,0.11,3.29,0.25,3.35
629.675,0.24,3.35,0.23,3.35
629.697,0.32,3.38,0.24,3.36
629.719,0.44,3.16,0.26,3.31
629.741,0.45,3.18,0.31,3.27
629.763,0.48,3.33,0.39,3.28
629.785,0.34,3.19,0.41,3.25
629.807,0.36,3.24,0.41,3.22
629.829,0.30,3.39,0.39,3.27
629.851,0.22,3.29,0.34,3.29
629.873,0.18,3.33,0.28,3.29
629.895,0.18,3.34,0.25,3.32
629.917,0.27,3.31,0.23,3.33
629.939,0.24,3.47,0.22,3.35
629.961,0.32,3.50,0.24,3.39
629.983,0.36,3.50,0.27,3.42
630.005,0.25,3.36,0.29,3.43
630.027,0.24,3.46,0.28,3.46
630.049,0.22,3.33,0.28,3.43
630.071,0.17,3.45,0.25,3.42
630.093,0.20,3.40,0.22,3.40
630.115,0.25,3.30,0.22,3.39
630.137,0.34,3.41,0.24,3.38
630.159,0.44,3.27,0.28,3.37
630.181,0.22,3.29,0.29,3.33
630.203,0.43,3.21,0.34,3.30
630.225,0.36,3.24,0.36,3.28
630.247,0.33,3.12,0.36,3.23
630.269,0.41,3.17,0.35,3.21
630.291,0.33,3.32,0.37,3.21
630.313,0.20,3.31,0.33,3.23
630.335,0.27,3.29,0.31,3.24
630.357,0.28,3.20,0.30,3.26
630.379,0.37,3.26,0.29,3.28
630.401,0.24,3.35,0.27,3.28
630.423,0.20,3.21,0.27,3.26
630.445,0.22,3.20,0.26,3.24
630.467,0.40,3.25,0.29,3.25
630.489,0.22,3.19,0.26,3.24
630.511,0.23,3.14,0.25,3.20
630.533,0.37,3.14,0.29,3.18
630.555,0.30,3.30,0.30,3.20
630.577,0.39,3.41,0.30,3.24
630.599,0.18,3.46,0.29,3.29
630.621,0.08,3.32,0.26,3.33
630.643,0.20,3.48,0.23,3.39
630.665,0.36,3.47,0.24,3.43
630.687,0.46,3.35,0.26,3.42
630.709,0.46,3.47,0.31,3.42
630.731,0.43,3.55,0.38,3.46
630.753,0.48,3.54,0.44,3.48
630.775,0.35,3.50,0.44,3.48
630.797,0.43,3.63,0.43,3.54
630.819,0.38,3.55,0.41,3.55
630.841,0.29,3.40,0.39,3.52
630.863,0.16,3.35,0.32,3.49
630.885,0.35,3.43,0.32,3.47
630.907,0.44,3.55,0.32,3.46
630.929,0.33,3.37,0.31,3.42
630.951,0.39,3.35,0.33,3.41
630.973,0.39,3.33,0.38,3.41
630.995,0.49,3.24,0.41,3.37
631.017,0.39,3.35,0.40,3.33
631.039,0.25,3.18,0.38,3.29
631.061,0.49,3.25,0.40,3.27
631.083,0.44,3.34,0.41,3.27
631.105,0.55,3.42,0.42,3.31
631.127,0.42,3.35,0.43,3.31
631.149,0.46,3.29,0.47,3.33
631.171,0.41,3.39,0.46,3.36
631.193,0.29,3.23,0.43,3.34
631.215,0.39,3.21,0.39,3.29
631.237,0.35,3.29,0.38,3.28
631.259,0.24,3.26,0.34,3.28
631.281,0.47,3.24,0.35,3.25
631.303,0.37,3.21,0.36,3.24
631.325,0.38,3.07,0.36,3.21
631.347,0.29,3.30,0.35,3.22
631.369,0.22,3.54,0.35,3.27
631.391,0.29,3.55,0.31,3.33
631.413,0.18,3.50,0.27,3.39
631.435,0.40,3.48,0.28,3.47
631.457,0.38,3.44,0.29,3.50
631.479,0.22,3.48,0.29,3.49
631.501,0.21,3.26,0.28,3.43
631.523,0.41,3.45,0.32,3.42
631.545,0.42,3.44,0.33,3.41
631.567,0.45,3.47,0.34,3.42
631.589,0.33,3.59,0.36,3.44
631.611,0.39,3.48,0.40,3.49
631.633,0.34,3.39,0.39,3.47
631.655,0.26,3.24,0.35,3.43
631.677,0.50,3.32,0.36,3.40
631.699,0.48,3.43,0.39,3.37
631.721,0.44,3.46,0.40,3.37
631.743,0.35,3.34,0.41,3.36
631.765,0.33,3.41,0.42,3.39
631.787,0.39,3.31,0.40,3.39
631.809,0.39,3.28,0.38,3.36
631.831,0.33,3.38,0.36,3.34
631.853,0.35,3.31,0.36,3.34
631.875,0.32,3.46,0.36,3.35
631.897,0.32,3.28,0.34,3.34
631.919,0.34,3.19,0.33,3.32
631.941,0.26,3.31,0.32,3.31
631.963,0.34,3.35,0.32,3.32
631.985,0.40,3.50,0.33,3.33
632.007,0.28,3.49,0.32,3.37
632.029,0.26,3.37,0.31,3.40
632.051,0.13,3.41,0.28,3.42
632.073,0.43,3.32,0.30,3.42
632.095,0.36,3.46,0.29,3.41
632.117,0.28,3.37,0.29,3.39
632.139,0.34,3.38,0.31,3.39
632.161,0.27,3.49,0.34,3.40
632.183,0.20,3.39,0.29,3.42
632.205,0.22,3.25,0.26,3.38
632.227,0.30,3.29,0.27,3.36
632.249,0.38,3.33,0.27,3.35
632.271,0.32,3.49,0.28,3.35
632.293,0.23,3.42,0.29,3.36
632.315,0.28,3.18,0.30,3.34
632.337,0.42,3.41,0.33,3.37
632.359,0.32,3.31,0.31,3.36
632.381,0.23,3.27,0.30,3.32
632.403,0.23,3.20,0.30,3.27
632.425,0.28,3.37,0.30,3.31
632.447,0.17,3.31,0.25,3.29
632.469,0.29,3.29,0.24,3.29
632.491,0.29,3.37,0.25,3.31
632.513,0.22,3.44,0.25,3.36
632.535,0.18,3.49,0.23,3.38
632.557,0.14,3.55,0.22,3.43
632.579,0.14,3.54,0.19,3.48
632.601,0.33,3.43,0.20,3.49
632.623,0.30,3.45,0.22,3.49
632.645,0.20,3.46,0.22,3.49
632.667,0.16,3.35,0.23,3.45
632.689,0.16,3.28,0.23,3.39
632.711,0.24,3.30,0.21,3.37
632.733,0.16,3.43,0.18,3.36
632.755,0.22,3.53,0.19,3.38
632.777,0.06,3.49,0.17,3.41
632.799,0.24,3.34,0.18,3.42
632.821,0.20,3.25,0.18,3.41
632.843,0.26,3.39,0.20,3.40
632.865,0.33,3.47,0.22,3.39
632.887,0.13,3.36,0.23,3.36
632.909,0.18,3.30,0.22,3.35
632.931,0.34,3.26,0.25,3.36
632.953,0.38,3.51,0.27,3.38
632.975,0.38,3.50,0.28,3.39
632.997,0.38,3.36,0.33,3.39
633.019,0.30,3.40,0.36,3.41
633.041,0.23,3.36,0.33,3.43
633.063,0.19,3.21,0.30,3.37
633.085,0.29,3.36,0.28,3.34
633.107,0.17,3.28,0.24,3.32
633.129,0.16,3.19,0.21,3.28
633.151,0.21,3.15,0.20,3.24
633.173,0.29,3.46,0.22,3.29
633.195,0.50,3.39,0.27,3.29
633.217,0.41,3.43,0.31,3.32
633.239,0.37,3.34,0.36,3.35
633.261,0.16,3.38,0.35,3.40
633.283,0.31,3.52,0.35,3.41
633.305,0.20,3.41,0.29,3.42
633.327,0.20,3.35,0.25,3.40
633.349,0.18,3.30,0.21,3.39
633.371,0.39,3.38,0.26,3.39
633.393,0.34,3.27,0.26,3.34
633.415,0.28,3.30,0.28,3.32
633.437,0.36,3.40,0.31,3.33
633.459,0.37,3.45,0.35,3.36
633.481,0.33,3.30,0.34,3.34
633.503,0.33,3.27,0.33,3.34
633.525,0.34,3.31,0.35,3.35
633.547,0.15,3.43,0.30,3.35
633.569,0.24,3.22,0.28,3.31
633.591,0.14,3.29,0.24,3.30
633.613,0.18,3.36,0.21,3.32
633.635,0.14,3.30,0.17,3.32
633.657,0.34,3.38,0.21,3.31
633.679,0.31,3.27,0.22,3.32
633.701,0.30,3.40,0.25,3.34
633.723,0.48,3.33,0.31,3.34
633.745,0.31,3.44,0.35,3.36
633.767,0.40,3.42,0.36,3.37
633.789,0.30,3.42,0.36,3.40
633.811,0.26,3.30,0.35,3.38
633.833,0.28,3.31,0.31,3.38
633.855,0.26,3.28,0.30,3.35
633.877,0.19,3.34,0.26,3.33
633.899,0.27,3.25,0.25,3.30
633.921,0.19,3.29,0.24,3.29
633.943,0.20,3.22,0.22,3.28
633.965,0.25,3.07,0.22,3.23
633.987,0.31,3.30,0.24,3.23
634.009,0.41,3.38,0.27,3.25
634.031,0.41,3.30,0.32,3.25
634.053,0.39,3.26,0.35,3.26
634.075,0.31,3.16,0.37,3.28
634.097,0.20,3.28,0.34,3.28
634.119,0.17,3.42,0.30,3.28
634.141,0.27,3.40,0.27,3.30
634.163,0.28,3.60,0.25,3.37
634.185,0.19,3.48,0.22,3.44
634.207,0.28,3.46,0.24,3.47
634.229,0.27,3.42,0.26,3.47
634.251,0.36,3.52,0.28,3.50
634.273,0.40,3.56,0.30,3.49
634.295,0.40,3.49,0.34,3.49
634.317,0.50,3.63,0.39,3.52
634.339,0.42,3.60,0.42,3.56
634.361,0.31,3.62,0.41,3.58
634.383,0.27,3.52,0.38,3.57
634.405,0.30,3.40,0.36,3.55
634.427,0.42,3.50,0.34,3.53
634.449,0.50,3.34,0.36,3.48
634.471,0.41,3.31,0.38,3.41
634.493,0.36,3.30,0.40,3.37
634.515,0.43,3.37,0.42,3.36
634.537,0.32,3.35,0.40,3.33
634.559,0.23,3.35,0.35,3.34
634.581,0.33,3.43,0.33,3.36
634.603,0.39,3.30,0.34,3.36
634.625,0.27,3.31,0.31,3.35
634.647,0.15,3.27,0.27,3.33
634.669,0.32,3.38,0.29,3.34
634.691,0.19,3.42,0.26,3.34
634.713,0.19,3.30,0.22,3.34
634.735,0.17,3.44,0.20,3.36
634.757,0.18,3.27,0.21,3.36
634.779,0.31,3.43,0.21,3.37
634.801,0.32,3.35,0.23,3.36
634.823,0.36,3.33,0.27,3.36
634.845,0.32,3.45,0.30,3.37
634.867,0.30,3.34,0.32,3.38
634.889,0.32,3.25,0.32,3.34
634.911,0.25,3.33,0.31,3.34
634.933,0.22,3.21,0.28,3.32
634.955,0.54,3.29,0.33,3.28
634.977,0.44,3.30,0.35,3.28
634.999,0.43,3.24,0.38,3.27
635.021,0.42,3.46,0.41,3.30
635.043,0.59,3.45,0.48,3.35
635.065,0.55,3.42,0.49,3.37
635.087,0.31,3.41,0.46,3.40
635.109,0.18,3.28,0.41,3.40
635.131,0.35,3.52,0.40,3.42
635.153,0.25,3.51,0.33,3.43
635.175,0.37,3.40,0.29,3.42
635.197,0.28,3.49,0.29,3.44
635.219,0.26,3.32,0.30,3.45
635.241,0.18,3.33,0.27,3.41
635.263,0.15,3.43,0.25,3.39
635.285,0.22,3.28,0.22,3.37
635.307,0.32,3.39,0.23,3.35
635.329,0.35,3.28,0.24,3.34
635.351,0.38,3.18,0.28,3.31
635.373,0.35,3.18,0.32,3.26
635.395,0.29,3.20,0.34,3.25
635.417,0.31,3.20,0.34,3.21
635.439,0.40,3.28,0.35,3.21
635.461,0.34,3.20,0.34,3.21
635.483,0.41,3.24,0.35,3.22
635.505,0.22,3.27,0.34,3.24
635.527,0.29,3.30,0.33,3.26
635.549,0.26,3.27,0.30,3.26
635.571,0.29,3.36,0.29,3.29
635.593,0.40,3.38,0.29,3.32
635.615,0.29,3.41,0.31,3.34
635.637,0.17,3.30,0.28,3.34
635.659,0.32,3.26,0.29,3.34
635.681,0.36,3.23,0.31,3.32
635.703,0.43,3.23,0.31,3.29
635.725,0.40,3.42,0.34,3.29
635.747,0.36,3.32,0.37,3.29
635.769,0.46,3.51,0.40,3.34
635.791,0.49,3.45,0.43,3.39
635.813,0.37,3.38,0.42,3.42
635.835,0.45,3.31,0.43,3.39
635.857,0.30,3.40,0.41,3.41
635.879,0.27,3.35,0.38,3.38
635.901,0.34,3.53,0.35,3.39
635.923,0.27,3.51,0.33,3.42
635.945,0.32,3.39,0.30,3.44
635.967,0.36,3.39,0.31,3.43
635.989,0.24,3.40,0.31,3.44
636.011,0.26,3.42,0.29,3.42
636.033,0.28,3.45,0.29,3.41
636.055,0.33,3.62,0.29,3.46
636.077,0.19,3.48,0.26,3.47
636.099,0.18,3.32,0.25,3.46
636.121,0.11,3.41,0.22,3.46
636.143,0.11,3.48,0.18,3.46
636.165,0.12,3.44,0.14,3.43
636.187,0.27,3.47,0.16,3.42
636.209,0.20,3.49,0.16,3.46
636.231,0.21,3.38,0.18,3.45
636.253,0.22,3.48,0.20,3.45
636.275,0.23,3.39,0.23,3.44
636.297,0.16,3.50,0.20,3.45
636.319,0.25,3.24,0.21,3.40
636.341,0.11,3.28,0.19,3.38
636.363,0.31,3.29,0.21,3.34
636.385,0.20,3.24,0.21,3.31
636.407,0.23,3.25,0.22,3.26
636.429,0.35,3.35,0.24,3.28
636.451,0.36,3.16,0.29,3.26
636.473,0.36,3.09,0.30,3.22
636.495,0.27,3.21,0.31,3.21
636.517,0.47,3.23,0.36,3.21
636.539,0.49,3.18,0.39,3.17
636.561,0.30,3.46,0.38,3.23
636.583,0.18,3.25,0.34,3.27
636.605,0.11,3.21,0.31,3.27
636.627,0.27,3.20,0.27,3.26
636.649,0.21,3.14,0.21,3.25
636.671,0.12,3.12,0.18,3.18
636.693,0.16,3.23,0.17,3.18
636.715,0.42,3.31,0.24,3.20
636.737,0.58,3.31,0.30,3.22
636.759,0.39,3.24,0.33,3.24
636.781,0.35,3.25,0.38,3.27
636.803,0.38,3.26,0.42,3.27
636.825,0.27,3.33,0.39,3.28
636.847,0.34,3.28,0.35,3.27
636.869,0.46,3.44,0.36,3.31
636.891,0.45,3.45,0.38,3.35
636.913,0.32,3.37,0.37,3.37
636.935,0.43,3.43,0.40,3.39
636.957,0.33,3.58,0.40,3.45
636.979,0.45,3.36,0.40,3.44
637.001,0.33,3.30,0.37,3.41
637.023,0.13,3.37,0.33,3.41
637.045,0.19,3.40,0.29,3.40
637.067,0.22,3.36,0.26,3.36
637.089,0.13,3.31,0.20,3.35
637.111,0.16,3.46,0.17,3.38
637.133,0.20,3.25,0.18,3.36
637.155,0.45,3.32,0.23,3.34
637.177,0.41,3.35,0.27,3.34
637.199,0.43,3.45,0.33,3.37
637.221,0.36,3.41,0.37,3.36
637.243,0.37,3.20,0.40,3.35
637.265,0.27,3.34,0.37,3.35
637.287,0.28,3.38,0.34,3.36
637.309,0.37,3.53,0.33,3.37
637.331,0.37,3.60,0.33,3.41
637.353,0.48,3.51,0.35,3.47
637.375,0.37,3.44,0.37,3.49
637.397,0.30,3.36,0.38,3.49
637.419,0.34,3.26,0.37,3.43
637.441,0.20,3.32,0.34,3.38
637.463,0.20,3.34,0.28,3.34
637.485,0.30,3.36,0.27,3.33
637.507,0.39,3.41,0.29,3.34
637.529,0.36,3.26,0.29,3.34
637.551,0.26,3.30,0.30,3.33
637.573,0.32,3.44,0.33,3.35
637.595,0.23,3.36,0.31,3.35
637.617,0.20,3.27,0.27,3.33
637.639,0.29,3.31,0.26,3.34
637.661,0.22,3.54,0.25,3.38
637.683,0.28,3.60,0.24,3.42
637.705,0.32,3.36,0.26,3.42
637.727,0.31,3.43,0.28,3.45
637.749,0.40,3.50,0.31,3.49
637.771,0.55,3.55,0.37,3.49
637.793,0.29,3.62,0.37,3.49
637.815,0.29,3.41,0.37,3.50
637.837,0.29,3.38,0.36,3.49
637.859,0.29,3.43,0.34,3.48
637.881,0.32,3.38,0.30,3.44
637.903,0.36,3.25,0.31,3.37
637.925,0.21,3.26,0.29,3.34
637.947,0.29,3.34,0.29,3.33
637.969,0.23,3.40,0.28,3.33
637.991,0.28,3.48,0.27,3.35
638.013,0.27,3.39,0.26,3.37
638.035,0.20,3.27,0.25,3.38
638.057,0.30,3.43,0.26,3.39
638.079,0.45,3.35,0.30,3.38
638.101,0.39,3.51,0.32,3.39
638.123,0.33,3.37,0.33,3.39
638.145,0.21,3.25,0.34,3.38
638.167,0.18,3.31,0.31,3.36
638.189,0.16,3.37,0.25,3.36
638.211,0.20,3.30,0.22,3.32
638.233,0.12,3.46,0.17,3.34
638.255,0.20,3.32,0.17,3.35
638.277,0.05,3.33,0.15,3.36
638.299,0.10,3.31,0.13,3.34
638.321,0.19,3.19,0.13,3.32
638.343,0.26,3.29,0.16,3.29
638.365,0.37,3.35,0.19,3.29
638.387,0.29,3.24,0.24,3.28
638.409,0.20,3.19,0.26,3.25
638.431,-0.03,3.14,0.22,3.24
638.453,0.14,3.29,0.19,3.24
638.475,0.21,3.35,0.16,3.24
638.497,0.20,3.26,0.14,3.25
638.519,0.18,3.26,0.14,3.26
638.541,0.27,3.25,0.20,3.28
638.563,0.34,3.44,0.24,3.31
638.585,0.29,3.40,0.26,3.32
638.607,0.22,3.44,0.26,3.36
638.629,0.32,3.32,0.29,3.37
638.651,0.43,3.29,0.32,3.38
638.673,0.44,3.32,0.34,3.35
638.695,0.33,3.22,0.35,3.32
638.717,0.42,3.18,0.39,3.27
638.739,0.36,3.24,0.40,3.25
638.761,0.36,3.14,0.38,3.22
638.783,0.23,3.07,0.34,3.17
638.805,0.29,3.16,0.33,3.16
638.827,0.36,3.28,0.32,3.18
638.849,0.47,3.38,0.34,3.21
638.871,0.22,3.46,0.31,3.27
638.893,0.29,3.36,0.33,3.33
638.915,0.31,3.28,0.33,3.35
638.937,0.29,3.28,0.32,3.35
638.959,0.31,3.36,0.28,3.35
638.981,0.42,3.40,0.32,3.34
639.003,0.37,3.36,0.34,3.34
639.025,0.36,3.27,0.35,3.33
639.047,0.41,3.33,0.37,3.34
639.069,0.35,3.35,0.38,3.34
639.091,0.31,3.37,0.36,3.34
639.113,0.20,3.35,0.33,3.33
639.135,0.26,3.46,0.31,3.37
639.157,0.34,3.49,0.29,3.40
639.179,0.20,3.51,0.26,3.44
639.201,0.29,3.46,0.26,3.45
639.223,0.32,3.47,0.28,3.48
639.245,0.33,3.36,0.30,3.46
639.267,0.37,3.57,0.30,3.47
639.289,0.22,3.43,0.31,3.46
639.311,0.23,3.46,0.29,3.46
639.333,0.23,3.51,0.28,3.47
639.355,0.19,3.36,0.25,3.47
639.377,0.31,3.38,0.24,3.43
639.399,0.31,3.25,0.25,3.39
639.421,0.40,3.35,0.29,3.37
639.443,0.40,3.33,0.32,3.33
639.465,0.24,3.37,0.33,3.34
639.487,0.18,3.30,0.31,3.32
639.509,0.19,3.33,0.28,3.34
639.531,0.20,3.20,0.24,3.31
639.553,0.22,3.44,0.21,3.33
639.575,0.24,3.43,0.21,3.34
639.597,0.24,3.32,0.22,3.34
639.619,0.27,3.28,0.23,3.33
639.641,0.30,3.38,0.25,3.37
639.663,0.33,3.37,0.28,3.36
639.685,0.39,3.34,0.31,3.34
639.707,0.20,3.28,0.30,3.33
639.729,0.19,3.33,0.28,3.34
639.751,0.14,3.32,0.25,3.33
639.773,0.14,3.50,0.21,3.35
639.795,0.20,3.45,0.17,3.38
639.817,0.36,3.23,0.21,3.37
639.839,0.22,3.14,0.21,3.33
639.861,0.18,3.20,0.22,3.30
639.883,0.27,3.19,0.25,3.24
639.905,0.15,3.24,0.24,3.20
639.927,0.21,3.18,0.21,3.19
639.949,0.33,3.42,0.23,3.25
639.971,0.13,3.50,0.22,3.31
639.993,0.35,3.52,0.23,3.37
640.015,0.25,3.37,0.25,3.40
640.037,0.25,3.57,0.26,3.48
640.059,0.27,3.43,0.25,3.48
640.081,0.35,3.56,0.29,3.49
640.103,0.43,3.55,0.31,3.50
640.125,0.34,3.43,0.33,3.51
640.147,0.27,3.42,0.33,3.48
640.169,0.27,3.38,0.33,3.47
640.191,0.44,3.34,0.35,3.42
640.213,0.39,3.50,0.34,3.41
640.235,0.38,3.68,0.35,3.46
640.257,0.39,3.54,0.37,3.49
640.279,0.42,3.25,0.40,3.46
640.301,0.39,3.12,0.39,3.42
640.323,0.35,3.27,0.39,3.37
640.345,0.34,3.35,0.38,3.31
640.367,0.21,3.32,0.34,3.26
640.389,0.43,3.36,0.34,3.28
640.411,0.38,3.15,0.34,3.29
640.433,0.21,3.21,0.31,3.28
640.455,0.21,3.32,0.29,3.27
640.477,0.21,3.30,0.29,3.27
640.499,0.22,3.36,0.25,3.27
640.521,0.34,3.51,0.24,3.34
640.543,0.44,3.31,0.28,3.36
640.565,0.26,3.34,0.29,3.36
640.587,0.21,3.32,0.29,3.37
640.609,0.20,3.39,0.29,3.37
640.631,0.40,3.37,0.30,3.35
640.653,0.24,3.31,0.26,3.35
640.675,0.37,3.36,0.28,3.35
640.697,0.35,3.29,0.31,3.34
640.719,0.42,3.32,0.36,3.33
640.741,0.27,3.23,0.33,3.30
640.763,0.26,3.26,0.33,3.29
640.785,0.26,3.40,0.31,3.30
640.807,0.14,3.45,0.27,3.33
640.829,0.20,3.29,0.23,3.33
640.851,0.43,3.39,0.26,3.36
640.873,0.41,3.35,0.29,3.38
640.895,0.28,3.23,0.29,3.34
640.917,0.31,3.34,0.33,3.32
640.939,0.36,3.36,0.36,3.33
640.961,0.39,3.42,0.35,3.34
640.983,0.25,3.45,0.32,3.36
641.005,0.31,3.27,0.32,3.37
641.027,0.51,3.32,0.36,3.36
641.049,0.40,3.48,0.37,3.39
641.071,0.45,3.49,0.38,3.40
641.093,0.32,3.50,0.40,3.41
641.115,0.21,3.27,0.38,3.41
641.137,0.33,3.23,0.34,3.39
641.159,0.13,3.45,0.29,3.39
641.181,0.22,3.45,0.24,3.38
641.203,0.08,3.44,0.19,3.37
641.225,0.36,3.36,0.22,3.39
641.247,0.47,3.36,0.25,3.41
641.269,0.48,3.42,0.32,3.41
641.291,0.50,3.31,0.38,3.38
641.313,0.50,3.34,0.46,3.36
641.335,0.33,3.26,0.46,3.34
641.357,0.35,3.16,0.43,3.30
641.379,0.32,3.51,0.40,3.32
641.401,0.28,3.36,0.36,3.33
641.423,0.20,3.38,0.30,3.33
641.445,0.34,3.18,0.30,3.32
641.467,0.38,3.29,0.30,3.34
641.489,0.23,3.27,0.29,3.30
641.511,0.35,3.38,0.30,3.30
641.533,0.42,3.35,0.34,3.29
641.555,0.25,3.25,0.33,3.31
641.577,0.40,3.29,0.33,3.31
641.599,0.38,3.30,0.36,3.31
641.621,0.26,3.47,0.34,3.33
641.643,0.19,3.50,0.30,3.36
641.665,0.26,3.36,0.30,3.38
641.687,0.22,3.52,0.26,3.43
641.709,0.34,3.49,0.25,3.47
641.731,0.40,3.47,0.28,3.47
641.753,0.47,3.38,0.34,3.44
641.775,0.48,3.35,0.38,3.44
641.797,0.32,3.36,0.40,3.41
641.819,0.28,3.35,0.39,3.38
641.841,0.24,3.26,0.36,3.34
641.863,0.43,3.43,0.35,3.35
641.885,0.27,3.53,0.31,3.39
641.907,0.27,3.61,0.30,3.44
641.929,0.20,3.31,0.28,3.43
641.951,0.21,3.27,0.28,3.43
641.973,0.22,3.39,0.23,3.42
641.995,0.16,3.52,0.21,3.42
642.017,0.21,3.44,0.20,3.39
642.039,0.23,3.43,0.21,3.41
642.061,0.24,3.47,0.21,3.45
642.083,0.35,3.38,0.24,3.45
642.105,0.30,3.37,0.27,3.42
642.127,0.29,3.45,0.28,3.42
642.149,0.24,3.44,0.28,3.42
642.171,0.26,3.43,0.29,3.41
642.193,0.34,3.46,0.29,3.43
642.215,0.38,3.41,0.30,3.44
642.237,0.35,3.61,0.31,3.47
642.259,0.31,3.48,0.33,3.48
642.281,0.32,3.43,0.34,3.48
642.303,0.29,3.35,0.33,3.46
642.325,0.24,3.40,0.30,3.45
642.347,0.27,3.27,0.29,3.39
642.369,0.18,3.28,0.26,3.35
642.391,0.19,3.35,0.23,3.33
642.413,0.22,3.43,0.22,3.35
642.435,0.26,3.39,0.22,3.34
642.457,0.27,3.28,0.22,3.35
642.479,0.34,3.21,0.26,3.33
642.501,0.32,3.23,0.28,3.31
642.523,0.32,3.29,0.30,3.28
642.545,0.28,3.42,0.31,3.29
642.567,0.21,3.27,0.29,3.28
642.589,0.30,3.41,0.29,3.32
642.611,0.35,3.38,0.29,3.35
642.633,0.35,3.38,0.30,3.37
642.655,0.59,3.23,0.36,3.33
642.677,0.57,3.34,0.43,3.35
642.699,0.29,3.38,0.43,3.34
642.721,0.22,3.34,0.40,3.33
642.743,0.27,3.54,0.39,3.37
642.765,0.47,3.42,0.36,3.40
642.787,0.39,3.34,0.33,3.40
642.809,0.32,3.17,0.33,3.36
642.831,0.28,3.19,0.35,3.33
642.853,0.32,3.12,0.36,3.25
642.875,0.48,3.18,0.36,3.20
642.897,0.43,3.28,0.37,3.19
642.919,0.40,3.20,0.38,3.19
642.941,0.43,3.29,0.41,3.21
642.963,0.36,3.21,0.42,3.23
642.985,0.28,3.28,0.38,3.25
643.007,0.34,3.38,0.36,3.27
643.029,0.31,3.34,0.34,3.30
643.051,0.24,3.32,0.31,3.31
643.073,0.21,3.29,0.28,3.32
643.095,0.25,3.34,0.27,3.33
643.117,0.34,3.39,0.27,3.34
643.139,0.28,3.49,0.26,3.37
643.161,0.30,3.52,0.28,3.41
643.183,0.17,3.44,0.27,3.44
643.205,0.13,3.46,0.24,3.46
643.227,0.33,3.39,0.24,3.46
643.249,0.41,3.48,0.27,3.46
643.271,0.30,3.15,0.27,3.38
643.293,0.21,3.31,0.28,3.36
643.315,0.27,3.25,0.30,3.32
643.337,0.20,3.17,0.28,3.27
643.359,0.29,3.44,0.25,3.26
643.381,0.24,3.41,0.24,3.32
643.403,0.28,3.52,0.26,3.36
643.425,0.39,3.47,0.28,3.40
643.447,0.33,3.33,0.31,3.43
643.469,0.40,3.33,0.33,3.41
643.491,0.40,3.30,0.36,3.39
643.513,0.35,3.29,0.37,3.34
643.535,0.30,3.33,0.36,3.32
643.557,0.34,3.35,0.36,3.32
643.579,0.40,3.32,0.36,3.32
643.601,0.45,3.29,0.37,3.32
643.623,0.52,3.34,0.40,3.33
643.645,0.29,3.32,0.40,3.32
643.667,0.18,3.29,0.37,3.31
643.689,0.22,3.26,0.33,3.30
643.711,0.39,3.41,0.32,3.32
643.733,0.31,3.45,0.28,3.35
643.755,0.30,3.48,0.28,3.38
643.777,0.43,3.51,0.33,3.42
643.799,0.59,3.42,0.40,3.45
643.821,0.54,3.43,0.43,3.46
643.843,0.48,3.35,0.47,3.44
643.865,0.48,3.32,0.50,3.41
643.887,0.36,3.40,0.49,3.38
643.909,0.55,3.32,0.48,3.36
643.931,0.54,3.31,0.48,3.34
643.953,0.35,3.15,0.46,3.30
643.975,0.37,3.38,0.43,3.31
643.997,0.37,3.39,0.44,3.31
644.019,0.26,3.44,0.38,3.33
644.041,0.45,3.33,0.36,3.34
644.063,0.30,3.32,0.35,3.37
644.085,0.36,3.37,0.35,3.37
644.107,0.35,3.39,0.34,3.37
644.129,0.29,3.49,0.35,3.38
644.151,0.35,3.44,0.33,3.40
644.173,0.40,3.44,0.35,3.43
644.195,0.37,3.27,0.35,3.41
644.217,0.42,3.15,0.37,3.36
644.239,0.33,3.23,0.37,3.31
644.261,0.24,3.31,0.35,3.28
644.283,0.28,3.36,0.33,3.26
644.305,0.15,3.46,0.28,3.30
644.327,0.19,3.48,0.24,3.37
644.349,0.12,3.33,0.20,3.39
644.371,0.26,3.46,0.20,3.42
644.393,0.33,3.53,0.21,3.45
644.415,0.26,3.32,0.23,3.42
644.437,0.31,3.39,0.26,3.41
644.459,0.35,3.29,0.30,3.40
644.481,0.31,3.25,0.31,3.36
644.503,0.20,3.10,0.29,3.27
644.525,0.37,3.22,0.31,3.25
644.547,0.36,3.34,0.32,3.24
644.569,0.31,3.37,0.31,3.26
644.591,0.34,3.35,0.32,3.28
644.613,0.24,3.30,0.32,3.32
644.635,0.27,3.33,0.30,3.34
644.657,0.23,3.50,0.28,3.37
644.679,0.21,3.45,0.26,3.39
644.701,0.24,3.39,0.24,3.39
644.723,0.29,3.50,0.25,3.43
644.745,0.33,3.48,0.26,3.46
644.767,0.28,3.34,0.27,3.43
644.789,0.04,3.39,0.24,3.42
644.811,0.11,3.35,0.21,3.41
644.833,0.31,3.46,0.21,3.40
644.855,0.32,3.38,0.21,3.38
644.877,0.33,3.34,0.22,3.38
644.899,0.35,3.19,0.28,3.34
644.921,0.32,3.35,0.33,3.34
644.943,0.34,3.07,0.33,3.27
644.965,0.32,3.12,0.33,3.21
644.987,0.28,3.06,0.32,3.16
645.009,0.26,3.20,0.30,3.16
645.031,0.30,3.24,0.30,3.14
645.053,0.35,3.26,0.30,3.18
645.075,0.22,3.33,0.28,3.22
645.097,0.20,3.28,0.27,3.26
645.119,0.30,3.32,0.27,3.29
645.141,0.54,3.21,0.32,3.28
645.163,0.45,3.29,0.34,3.29
645.185,0.47,3.35,0.39,3.29
645.207,0.49,3.34,0.45,3.30
645.229,0.51,3.25,0.49,3.29
645.251,0.31,3.22,0.45,3.29
645.273,0.38,3.27,0.43,3.29
645.295,0.29,3.25,0.40,3.27
645.317,0.20,3.31,0.34,3.26
645.339,0.22,3.35,0.28,3.28
645.361,0.33,3.26,0.28,3.29
645.383,0.43,3.27,0.29,3.29
645.405,0.44,3.13,0.32,3.26
645.427,0.46,3.26,0.38,3.25
645.449,0.37,3.31,0.41,3.25
645.471,0.37,3.35,0.41,3.26
645.493,0.39,3.34,0.41,3.28
645.515,0.38,3.51,0.39,3.35
645.537,0.34,3.36,0.37,3.37
645.559,0.41,3.32,0.38,3.38
645.581,0.42,3.32,0.39,3.37
645.603,0.32,3.32,0.37,3.37
645.625,0.42,3.48,0.38,3.36
645.647,0.43,3.58,0.40,3.40
645.669,0.36,3.52,0.39,3.44
645.691,0.20,3.59,0.35,3.50
645.713,0.28,3.66,0.34,3.57
645.735,0.26,3.61,0.31,3.59
645.757,0.25,3.39,0.27,3.55
645.779,0.16,3.43,0.23,3.54
645.801,0.12,3.47,0.21,3.51
645.823,0.07,3.40,0.17,3.46
645.845,0.18,3.41,0.16,3.42
645.867,0.15,3.49,0.14,3.44
645.889,0.18,3.41,0.14,3.44
645.911,0.30,3.37,0.18,3.42
645.933,0.33,3.36,0.23,3.41
645.955,0.29,3.39,0.25,3.40
645.977,0.35,3.30,0.29,3.37
645.999,0.32,3.28,0.32,3.34
646.021,0.39,3.23,0.34,3.31
646.043,0.19,3.27,0.31,3.29
646.065,0.23,3.32,0.30,3.28
646.087,0.34,3.39,0.29,3.30
646.109,0.18,3.51,0.27,3.34
646.131,0.22,3.49,0.23,3.40
646.153,0.05,3.39,0.20,3.42
646.175,0.27,3.53,0.21,3.46
646.197,0.27,3.42,0.20,3.47
646.219,0.39,3.33,0.24,3.43
646.241,0.40,3.31,0.28,3.40
646.263,0.41,3.43,0.35,3.40
646.285,0.36,3.42,0.37,3.38
646.307,0.29,3.27,0.37,3.35
646.329,0.27,3.43,0.35,3.37
646.351,0.27,3.29,0.32,3.37
646.373,0.33,3.38,0.30,3.36
646.395,0.46,3.31,0.32,3.34
646.417,0.41,3.25,0.35,3.33
646.439,0.30,3.27,0.35,3.30
646.461,0.28,3.26,0.36,3.29
646.483,0.41,3.13,0.37,3.24
646.505,0.22,3.26,0.32,3.23
646.527,0.36,3.46,0.31,3.28
646.549,0.38,3.48,0.33,3.32
646.571,0.45,3.45,0.36,3.36
646.593,0.33,3.55,0.35,3.44
646.615,0.29,3.55,0.36,3.50
646.637,0.28,3.51,0.35,3.51
646.659,0.25,3.48,0.32,3.51
646.681,0.35,3.47,0.30,3.51
646.703,0.29,3.38,0.29,3.48
646.725,0.37,3.27,0.31,3.42
646.747,0.36,3.35,0.32,3.39
646.769,0.23,3.38,0.32,3.37
646.791,0.18,3.36,0.29,3.35
646.813,0.21,3.43,0.27,3.36
646.835,0.30,3.43,0.26,3.39
646.857,0.39,3.38,0.26,3.40
646.879,0.33,3.30,0.28,3.38
646.901,0.19,3.56,0.28,3.42
646.923,0.23,3.38,0.29,3.41
646.945,0.17,3.29,0.26,3.38
646.967,0.23,3.21,0.23,3.35
646.989,0.30,3.35,0.22,3.36
647.011,0.35,3.35,0.26,3.32
647.033,0.30,3.39,0.27,3.32
647.055,0.36,3.45,0.31,3.35
647.077,0.32,3.51,0.33,3.41
647.099,0.36,3.44,0.34,3.43
647.121,0.22,3.40,0.31,3.44
647.143,0.23,3.50,0.30,3.46
647.165,0.24,3.30,0.27,3.43
647.187,0.20,3.40,0.25,3.41
647.209,0.37,3.25,0.25,3.37
647.231,0.31,3.14,0.27,3.32
647.253,0.27,3.24,0.28,3.27
647.275,0.19,3.38,0.27,3.28
647.297,0.26,3.41,0.28,3.28
647.319,0.14,3.33,0.23,3.30
647.341,0.22,3.49,0.22,3.37
647.363,0.28,3.51,0.22,3.42
647.385,0.27,3.42,0.23,3.43
647.407,0.26,3.53,0.23,3.46
647.429,0.22,3.52,0.25,3.49
647.451,0.10,3.47,0.23,3.49
647.473,0.28,3.54,0.23,3.50
647.495,0.35,3.48,0.24,3.51
647.517,0.24,3.39,0.24,3.48
647.539,0.31,3.43,0.26,3.46
647.561,0.35,3.45,0.31,3.46
647.583,0.30,3.41,0.31,3.43
647.605,0.32,3.38,0.30,3.41
647.627,0.31,3.40,0.32,3.41
647.649,0.35,3.32,0.33,3.39
647.671,0.25,3.29,0.31,3.36
647.693,0.33,3.37,0.31,3.35
647.715,0.21,3.39,0.29,3.35
647.737,0.33,3.38,0.29,3.35
647.759,0.28,3.43,0.28,3.37
647.781,0.23,3.34,0.28,3.38
647.803,0.34,3.33,0.28,3.37
647.825,0.40,3.32,0.32,3.36
647.847,0.38,3.49,0.33,3.38
647.869,0.37,3.43,0.34,3.38
647.891,0.27,3.49,0.35,3.41
647.913,0.26,3.39,0.34,3.42
647.935,0.27,3.55,0.31,3.47
647.957,0.42,3.48,0.32,3.47
647.979,0.40,3.44,0.32,3.47
648.001,0.31,3.54,0.33,3.48
648.023,0.32,3.53,0.34,3.51
648.045,0.31,3.40,0.35,3.48
648.067,0.21,3.33,0.31,3.45
648.089,0.12,3.27,0.25,3.41
648.111,0.32,3.25,0.26,3.36
648.133,0.35,3.07,0.26,3.26
648.155,0.34,3.18,0.27,3.22
648.177,0.23,3.31,0.27,3.22
648.199,0.24,3.27,0.30,3.22
648.221,0.29,3.38,0.29,3.24
648.243,0.31,3.35,0.28,3.30
648.265,0.39,3.25,0.29,3.31
648.287,0.43,3.31,0.33,3.31
648.309,0.47,3.34,0.38,3.33
648.331,0.34,3.44,0.39,3.34
648.353,0.48,3.37,0.42,3.34
648.375,0.51,3.28,0.45,3.35
648.397,0.44,3.26,0.45,3.34
648.419,0.42,3.31,0.44,3.33
648.441,0.28,3.41,0.43,3.33
648.463,0.38,3.39,0.41,3.33
648.485,0.39,3.38,0.38,3.35
648.507,0.28,3.43,0.35,3.38
648.529,0.30,3.39,0.33,3.40
648.551,0.19,3.36,0.31,3.39
648.573,0.25,3.32,0.28,3.38
648.595,0.24,3.35,0.25,3.37
648.617,0.38,3.35,0.27,3.35
648.639,0.42,3.25,0.30,3.33
648.661,0.27,3.30,0.31,3.31
648.683,0.24,3.34,0.31,3.32
648.705,0.31,3.38,0.32,3.32
648.727,0.44,3.41,0.34,3.34
648.749,0.28,3.40,0.31,3.37
648.771,0.24,3.47,0.30,3.40
648.793,0.29,3.44,0.31,3.42
648.815,0.25,3.45,0.30,3.43
648.837,0.48,3.53,0.31,3.46
648.859,0.49,3.54,0.35,3.49
648.881,0.24,3.75,0.35,3.54
648.903,0.14,3.53,0.32,3.56
648.925,0.31,3.47,0.33,3.56
648.947,0.25,3.41,0.29,3.54
648.969,0.23,3.27,0.23,3.49
648.991,0.20,3.32,0.23,3.40
649.013,0.22,3.39,0.24,3.37
649.035,0.33,3.30,0.25,3.34
649.057,0.38,3.24,0.27,3.30
649.079,0.31,3.19,0.29,3.29
649.101,0.38,3.29,0.32,3.28
649.123,0.23,3.41,0.33,3.29
649.145,0.33,3.27,0.33,3.28
649.167,0.37,3.25,0.32,3.28
649.189,0.31,3.34,0.32,3.31
649.211,0.25,3.27,0.30,3.31
649.233,0.35,3.29,0.32,3.28
649.255,0.28,3.35,0.31,3.30
649.277,0.18,3.33,0.27,3.32
649.299,0.32,3.28,0.28,3.30
649.321,0.31,3.24,0.29,3.30
649.343,0.26,3.24,0.27,3.29
649.365,0.17,3.16,0.25,3.25
649.387,0.22,3.40,0.26,3.26
649.409,0.28,3.41,0.25,3.29
649.431,0.19,3.32,0.22,3.31
649.453,0.21,3.34,0.21,3.33
649.475,0.29,3.43,0.24,3.38
649.497,0.26,3.44,0.25,3.39
649.519,0.21,3.25,0.23,3.36
649.541,0.31,3.43,0.26,3.38
649.563,0.29,3.36,0.27,3.38
649.585,0.40,3.39,0.29,3.37
649.607,0.40,3.25,0.32,3.34
649.629,0.41,3.29,0.36,3.34
649.651,0.29,3.28,0.36,3.31
649.673,0.21,3.32,0.34,3.31
649.695,0.24,3.40,0.31,3.31
649.717,0.25,3.33,0.28,3.32
649.739,0.20,3.35,0.24,3.34
649.761,0.22,3.30,0.22,3.34
649.783,0.17,3.37,0.22,3.35
649.805,0.24,3.36,0.22,3.34
649.827,0.30,3.61,0.23,3.40
649.849,0.43,3.52,0.27,3.43
649.871,0.35,3.42,0.30,3.46
649.893,0.37,3.30,0.34,3.44
649.915,0.47,3.53,0.38,3.48
649.937,0.22,3.56,0.37,3.47
649.959,0.41,3.51,0.36,3.46
649.981,0.30,3.52,0.35,3.48
650.003,0.38,3.54,0.36,3.53
650.025,0.52,3.53,0.37,3.53
650.047,0.38,3.42,0.40,3.50
650.069,0.36,3.40,0.39,3.48
650.091,0.44,3.29,0.42,3.44
650.113,0.38,3.33,0.42,3.39
650.135,0.31,3.37,0.37,3.36
650.157,0.28,3.31,0.35,3.34
650.179,0.21,3.39,0.32,3.34
650.201,0.18,3.47,0.27,3.37
650.223,0.34,3.43,0.26,3.39
650.245,0.34,3.39,0.27,3.40
650.267,0.41,3.41,0.30,3.42
650.289,0.29,3.35,0.31,3.41
650.311,0.38,3.32,0.35,3.38
650.333,0.31,3.35,0.35,3.36
650.355,0.42,3.30,0.36,3.35
650.377,0.34,3.40,0.35,3.34
650.399,0.35,3.46,0.36,3.37
650.421,0.34,3.29,0.35,3.36
650.443,0.31,3.26,0.35,3.34
650.465,0.38,3.25,0.34,3.33
650.487,0.35,3.47,0.35,3.35
650.509,0.30,3.25,0.34,3.30
650.531,0.27,3.28,0.32,3.30
650.553,0.23,3.31,0.31,3.31
650.575,0.26,3.33,0.28,3.33
650.597,0.17,3.36,0.25,3.31
650.619,0.26,3.33,0.24,3.32
650.641,0.19,3.55,0.22,3.38
650.663,0.22,3.41,0.22,3.40
650.685,0.28,3.18,0.22,3.37
650.707,0.30,3.29,0.25,3.35
650.729,0.39,3.39,0.28,3.36
650.751,0.44,3.34,0.33,3.32
650.773,0.44,3.24,0.37,3.29
650.795,0.30,3.27,0.37,3.31
650.817,0.25,3.13,0.36,3.27
650.839,0.30,3.16,0.35,3.23
650.861,0.36,3.26,0.33,3.21
650.883,0.40,3.31,0.32,3.23
650.905,0.39,3.41,0.34,3.25
650.927,0.43,3.36,0.38,3.30
650.949,0.46,3.31,0.41,3.33
650.971,0.37,3.43,0.41,3.36
650.993,0.41,3.38,0.41,3.38
651.015,0.32,3.28,0.40,3.35
651.037,0.26,3.43,0.36,3.37
651.059,0.35,3.50,0.34,3.40
651.081,0.48,3.46,0.36,3.41
651.103,0.49,3.24,0.38,3.38
651.125,0.41,3.33,0.40,3.39
651.147,0.49,3.41,0.44,3.39
651.169,0.34,3.46,0.44,3.38
651.191,0.38,3.44,0.42,3.38
651.213,0.23,3.27,0.37,3.38
651.235,0.33,3.32,0.35,3.38
651.257,0.29,3.45,0.31,3.39
651.279,0.37,3.46,0.32,3.39
651.301,0.18,3.44,0.28,3.39
651.323,0.29,3.33,0.29,3.40
651.345,0.37,3.45,0.30,3.43
651.367,0.21,3.39,0.28,3.41
651.389,0.23,3.30,0.26,3.38
651.411,0.20,3.50,0.26,3.39
651.433,0.16,3.52,0.23,3.43
651.455,0.10,3.55,0.18,3.45
651.477,0.20,3.34,0.18,3.44
651.499,0.43,3.46,0.22,3.47
651.521,0.44,3.29,0.27,3.43
651.543,0.44,3.23,0.32,3.37
651.565,0.35,3.15,0.37,3.29
651.587,0.31,3.35,0.39,3.30
651.609,0.42,3.50,0.39,3.30
651.631,0.32,3.43,0.37,3.33
651.653,0.32,3.25,0.34,3.34
651.675,0.31,3.28,0.34,3.36
651.697,0.28,3.45,0.33,3.38
651.719,0.26,3.42,0.30,3.37
651.741,0.35,3.43,0.30,3.37
651.763,0.28,3.33,0.30,3.38
651.785,0.30,3.27,0.29,3.38
651.807,0.19,3.30,0.28,3.35
651.829,0.22,3.33,0.27,3.33
651.851,0.23,3.46,0.24,3.34
651.873,0.23,3.60,0.23,3.39
651.895,0.23,3.73,0.22,3.48
651.917,0.19,3.46,0.22,3.52
651.939,0.20,3.52,0.22,3.55
651.961,0.35,3.41,0.24,3.54
651.983,0.34,3.36,0.26,3.50
652.005,0.51,3.25,0.32,3.40
652.027,0.55,3.16,0.39,3.34
652.049,0.28,3.35,0.41,3.31
652.071,0.29,3.27,0.39,3.28
652.093,0.24,3.23,0.37,3.25
652.115,0.32,3.31,0.34,3.26
652.137,0.36,3.41,0.30,3.31
652.159,0.38,3.41,0.32,3.33
652.181,0.40,3.56,0.34,3.38
652.203,0.32,3.37,0.36,3.41
652.225,0.44,3.34,0.38,3.42
652.247,0.48,3.32,0.40,3.40
652.269,0.25,3.37,0.38,3.39
652.291,0.21,3.29,0.34,3.34
652.313,0.41,3.28,0.36,3.32
652.335,0.45,3.26,0.36,3.30
652.357,0.50,3.21,0.36,3.28
652.379,0.33,3.25,0.38,3.26
652.401,0.33,3.31,0.40,3.26
652.423,0.35,3.31,0.39,3.27
652.445,0.30,3.22,0.36,3.26
652.467,0.38,3.25,0.34,3.27
652.489,0.47,3.14,0.37,3.25
652.511,0.48,3.26,0.40,3.24
652.533,0.38,3.23,0.40,3.22
652.555,0.47,3.17,0.44,3.21
652.577,0.39,3.14,0.44,3.19
652.599,0.38,3.21,0.42,3.20
652.621,0.45,3.32,0.41,3.21
652.643,0.49,3.38,0.44,3.24
652.665,0.41,3.53,0.42,3.32
652.687,0.39,3.35,0.42,3.36
652.709,0.48,3.29,0.44,3.37
652.731,0.25,3.44,0.40,3.40
652.753,0.30,3.25,0.37,3.37
652.775,0.22,3.22,0.33,3.31
652.797,0.29,3.37,0.31,3.31
652.819,0.40,3.26,0.29,3.31
652.841,0.25,3.45,0.29,3.31
652.863,0.36,3.45,0.30,3.35
652.885,0.34,3.46,0.33,3.40
652.907,0.27,3.37,0.32,3.40
652.929,0.13,3.25,0.27,3.40
652.951,0.28,3.38,0.28,3.38
652.973,0.33,3.50,0.27,3.39
652.995,0.31,3.56,0.26,3.41
653.017,0.18,3.50,0.25,3.44
653.039,0.22,3.35,0.26,3.46
653.061,0.24,3.34,0.26,3.45
653.083,0.22,3.33,0.23,3.42
653.105,0.37,3.41,0.25,3.39
653.127,0.21,3.33,0.25,3.35
653.149,0.29,3.29,0.27,3.34
653.171,0.41,3.41,0.30,3.35
653.193,0.37,3.38,0.33,3.36
653.215,0.37,3.46,0.33,3.37
653.237,0.40,3.32,0.37,3.37
653.259,0.29,3.34,0.37,3.38
653.281,0.30,3.17,0.35,3.33
653.303,0.13,3.30,0.30,3.32
653.325,0.25,3.31,0.27,3.29
653.347,0.36,3.17,0.27,3.26
653.369,0.33,3.21,0.27,3.23
653.391,0.27,3.15,0.27,3.23
653.413,0.43,3.32,0.33,3.23
653.435,0.29,3.32,0.34,3.23
653.457,0.22,3.26,0.31,3.25
653.479,0.32,3.39,0.31,3.29
653.501,0.21,3.41,0.29,3.34
653.523,0.27,3.32,0.26,3.34
653.545,0.34,3.37,0.27,3.35
653.567,0.34,3.33,0.30,3.36
653.589,0.26,3.28,0.28,3.34
653.611,0.33,3.25,0.31,3.31
653.633,0.24,3.31,0.30,3.31
653.655,0.39,3.40,0.31,3.31
653.677,0.50,3.44,0.34,3.34
653.699,0.57,3.41,0.41,3.36
653.721,0.48,3.37,0.44,3.39
653.743,0.34,3.28,0.46,3.38
653.765,0.32,3.29,0.44,3.36
653.787,0.30,3.23,0.40,3.32
653.809,0.21,3.23,0.33,3.28
653.831,0.25,3.12,0.28,3.23
653.853,0.17,3.23,0.25,3.22
653.875,0.26,3.25,0.24,3.21
653.897,0.28,3.56,0.23,3.28
653.919,0.35,3.45,0.26,3.32
653.941,0.33,3.39,0.28,3.38
653.963,0.28,3.32,0.30,3.39
653.985,0.24,3.40,0.30,3.42
654.007,0.38,3.40,0.32,3.39
654.029,0.38,3.17,0.32,3.34
654.051,0.41,3.15,0.34,3.29
654.073,0.45,3.07,0.37,3.24
654.095,0.37,3.25,0.40,3.21
654.117,0.23,3.35,0.37,3.20
654.139,0.21,3.37,0.33,3.24
654.161,0.27,3.27,0.31,3.26
654.183,0.32,3.38,0.28,3.32
654.205,0.28,3.29,0.26,3.33
654.227,0.32,3.30,0.28,3.32
654.249,0.34,3.27,0.31,3.30
654.271,0.32,3.37,0.32,3.32
654.293,0.31,3.35,0.31,3.32
654.315,0.36,3.42,0.33,3.34
654.337,0.34,3.45,0.33,3.37
654.359,0.27,3.49,0.32,3.42
654.381,0.31,3.22,0.32,3.39
654.403,0.33,3.41,0.32,3.40
654.425,0.30,3.41,0.31,3.40
654.447,0.23,3.38,0.29,3.38
654.469,0.15,3.19,0.26,3.32
654.491,0.21,3.25,0.24,3.33
654.513,0.22,3.24,0.22,3.29
654.535,0.24,3.40,0.21,3.29
654.557,0.28,3.35,0.22,3.29
654.579,0.35,3.49,0.26,3.35
654.601,0.32,3.35,0.28,3.37
654.623,0.41,3.43,0.32,3.40
654.645,0.33,3.31,0.34,3.39
654.667,0.42,3.37,0.37,3.39
654.689,0.21,3.44,0.34,3.38
654.711,0.16,3.48,0.31,3.41
654.733,0.28,3.41,0.28,3.40
654.755,0.26,3.50,0.27,3.44
654.777,0.32,3.41,0.25,3.45
654.799,0.31,3.38,0.27,3.44
654.821,0.23,3.50,0.28,3.44
654.843,0.27,3.24,0.28,3.41
654.865,0.33,3.29,0.29,3.36
654.887,0.32,3.27,0.29,3.34
654.909,0.33,3.48,0.30,3.36
654.931,0.45,3.40,0.34,3.34
654.953,0.27,3.40,0.34,3.37
654.975,0.25,3.27,0.32,3.36
654.997,0.31,3.31,0.32,3.37
655.019,0.33,3.28,0.32,3.33
655.041,0.32,3.35,0.30,3.32
655.063,0.36,3.27,0.31,3.30
655.085,0.28,3.35,0.32,3.31
655.107,0.30,3.39,0.32,3.33
655.129,0.27,3.37,0.31,3.35
655.151,0.43,3.34,0.33,3.34
655.173,0.45,3.36,0.35,3.36
655.195,0.40,3.43,0.37,3.38
655.217,0.34,3.29,0.38,3.36
655.239,0.31,3.31,0.39,3.35
655.261,0.29,3.30,0.36,3.34
655.283,0.14,3.29,0.30,3.32
655.305,0.30,3.30,0.28,3.30
655.327,0.25,3.45,0.26,3.33
655.349,0.13,3.42,0.22,3.35
655.371,0.07,3.42,0.18,3.38
655.393,0.25,3.15,0.20,3.35
655.415,0.32,3.30,0.20,3.35
655.437,0.23,3.52,0.20,3.36
655.459,0.19,3.37,0.21,3.35
655.481,0.33,3.31,0.26,3.33
655.503,0.30,3.43,0.27,3.39
655.525,0.29,3.38,0.27,3.40
655.547,0.36,3.17,0.29,3.33
655.569,0.26,3.37,0.31,3.33
655.591,0.27,3.39,0.30,3.35
655.613,0.45,3.40,0.33,3.34
655.635,0.40,3.44,0.35,3.35
655.657,0.29,3.33,0.33,3.39
655.679,0.37,3.23,0.36,3.36
655.701,0.38,3.41,0.38,3.36
655.723,0.24,3.34,0.34,3.35
655.745,0.19,3.49,0.29,3.36
655.767,0.26,3.43,0.29,3.38
655.789,0.21,3.33,0.26,3.40
655.811,0.35,3.22,0.25,3.36
655.833,0.38,3.17,0.28,3.33
655.855,0.40,3.14,0.32,3.26
655.877,0.37,3.23,0.34,3.22
655.899,0.34,3.46,0.37,3.24
655.921,0.32,3.52,0.36,3.30
655.943,0.32,3.30,0.35,3.33
655.965,0.23,3.33,0.32,3.37
655.987,0.25,3.39,0.29,3.40
656.009,0.40,3.31,0.30,3.37
656.031,0.26,3.24,0.29,3.31
656.053,0.25,3.17,0.28,3.29
656.075,0.24,3.17,0.28,3.26
656.097,0.21,3.30,0.27,3.24
656.119,0.24,3.11,0.24,3.20
656.141,0.13,3.32,0.21,3.21
656.163,0.25,3.41,0.21,3.26
656.185,0.23,3.25,0.21,3.28
656.207,0.29,3.29,0.23,3.28
656.229,0.20,3.27,0.22,3.31
656.251,0.19,3.31,0.23,3.31
656.273,0.17,3.26,0.22,3.28
656.295,0.23,3.42,0.22,3.31
656.317,0.25,3.47,0.21,3.35
656.339,0.39,3.36,0.25,3.36
656.361,0.30,3.28,0.27,3.36
656.383,0.29,3.36,0.29,3.38
656.405,0.33,3.39,0.31,3.37
656.427,0.33,3.44,0.33,3.37
656.449,0.18,3.28,0.29,3.35
656.471,0.46,3.40,0.32,3.37
656.493,0.39,3.53,0.34,3.41
656.515,0.41,3.39,0.35,3.41
656.537,0.19,3.40,0.33,3.40
656.559,0.38,3.41,0.37,3.43
656.581,0.42,3.18,0.36,3.38
656.603,0.38,3.24,0.36,3.32
656.625,0.38,3.24,0.35,3.29
656.647,0.38,3.14,0.39,3.24
656.669,0.29,3.15,0.37,3.19
656.691,0.37,3.27,0.36,3.21
656.713,0.48,3.16,0.38,3.19
656.735,0.38,3.30,0.38,3.20
656.757,0.19,3.12,0.34,3.20
656.779,0.19,3.26,0.32,3.22
656.801,0.17,3.19,0.28,3.21
656.823,0.34,3.18,0.25,3.21
656.845,0.38,3.15,0.25,3.18
656.867,0.43,3.27,0.30,3.21
656.889,0.53,3.40,0.37,3.24
656.911,0.45,3.32,0.43,3.26
656.933,0.39,3.36,0.44,3.30
656.955,0.21,3.44,0.40,3.36
656.977,0.21,3.46,0.36,3.40
656.999,0.29,3.44,0.31,3.40
657.021,0.14,3.52,0.25,3.44
657.043,0.38,3.39,0.25,3.45
657.065,0.47,3.28,0.30,3.42
657.087,0.40,3.24,0.34,3.37
657.109,0.31,3.43,0.34,3.37
657.131,0.32,3.44,0.38,3.36
657.153,0.53,3.48,0.41,3.37
657.175,0.47,3.38,0.41,3.39
657.197,0.35,3.39,0.40,3.42
657.219,0.36,3.39,0.41,3.42
657.241,0.42,3.28,0.43,3.38
657.263,0.33,3.28,0.39,3.34
657.285,0.43,3.32,0.38,3.33
657.307,0.38,3.37,0.38,3.33
657.329,0.25,3.28,0.36,3.31
657.351,0.28,3.25,0.33,3.30
657.373,0.36,3.28,0.34,3.30
657.395,0.33,3.26,0.32,3.29
657.417,0.36,3.41,0.32,3.30
657.439,0.32,3.44,0.33,3.33
657.461,0.37,3.58,0.35,3.39
657.483,0.40,3.61,0.36,3.46
657.505,0.28,3.42,0.35,3.49
657.527,0.26,3.36,0.33,3.48
657.549,0.11,3.33,0.28,3.46
657.571,0.36,3.61,0.28,3.47
657.593,0.32,3.46,0.27,3.44
657.615,0.37,3.39,0.28,3.43
657.637,0.36,3.34,0.30,3.43
657.659,0.41,3.17,0.36,3.39
657.681,0.43,3.21,0.38,3.31
657.703,0.35,3.33,0.38,3.29
657.725,0.38,3.41,0.39,3.29
657.747,0.24,3.37,0.36,3.30
657.769,0.34,3.36,0.35,3.34
657.791,0.23,3.45,0.31,3.38
657.813,0.13,3.41,0.26,3.40
657.835,0.23,3.46,0.23,3.41
657.857,0.18,3.46,0.22,3.43
657.879,0.18,3.43,0.19,3.44
657.901,0.29,3.48,0.20,3.45
657.923,0.16,3.37,0.21,3.44
657.945,0.26,3.37,0.21,3.42
657.967,0.31,3.40,0.24,3.41
657.989,0.28,3.52,0.26,3.43
658.011,0.27,3.48,0.26,3.43
658.033,0.15,3.34,0.25,3.42
658.055,0.23,3.42,0.25,3.43
658.077,0.24,3.42,0.23,3.44
658.099,0.39,3.44,0.26,3.42
658.121,0.49,3.38,0.30,3.40
658.143,0.41,3.40,0.35,3.41
658.165,0.35,3.31,0.38,3.39
658.187,0.39,3.34,0.41,3.37
658.209,0.38,3.20,0.40,3.33
658.231,0.21,3.33,0.35,3.32
658.253,0.31,3.46,0.33,3.33
658.275,0.12,3.48,0.28,3.36
658.297,0.18,3.27,0.24,3.35
658.319,0.24,3.29,0.21,3.37
658.341,0.30,3.31,0.23,3.36
658.363,0.44,3.28,0.26,3.33
658.385,0.37,3.11,0.31,3.25
658.407,0.37,3.23,0.34,3.24
658.429,0.28,3.33,0.35,3.25
658.451,0.44,3.35,0.38,3.26
658.473,0.46,3.46,0.38,3.30
658.495,0.36,3.43,0.38,3.36
658.517,0.29,3.43,0.37,3.40
658.539,0.43,3.31,0.40,3.40
658.561,0.29,3.28,0.37,3.38
658.583,0.38,3.19,0.35,3.33
658.605,0.28,3.34,0.33,3.31
658.627,0.36,3.31,0.35,3.29
658.649,0.46,3.37,0.35,3.30
658.671,0.38,3.35,0.37,3.31
658.693,0.37,3.40,0.37,3.35
658.715,0.33,3.33,0.38,3.35
658.737,0.26,3.20,0.36,3.33
658.759,0.16,3.27,0.30,3.31
658.781,0.30,3.23,0.28,3.29
658.803,0.22,3.30,0.25,3.27
658.825,0.37,3.37,0.26,3.27
658.847,0.17,3.53,0.24,3.34
658.869,0.21,3.33,0.25,3.35
658.891,0.44,3.37,0.28,3.38
658.913,0.40,3.31,0.32,3.38
658.935,0.30,3.32,0.30,3.37
658.957,0.25,3.34,0.32,3.33
658.979,0.34,3.45,0.35,3.36
659.001,0.26,3.22,0.31,3.33
659.023,0.31,3.23,0.29,3.31
659.045,0.39,3.29,0.31,3.31
659.067,0.39,3.29,0.34,3.30
659.089,0.54,3.19,0.38,3.24
659.111,0.41,3.12,0.41,3.22
659.133,0.33,3.14,0.41,3.21
659.155,0.29,3.18,0.39,3.18
659.177,0.45,3.15,0.40,3.16
659.199,0.41,3.24,0.38,3.17
659.221,0.33,3.25,0.36,3.19
659.243,0.33,3.30,0.36,3.22
659.265,0.16,3.27,0.34,3.24
659.287,0.30,3.43,0.31,3.30
659.309,0.09,3.27,0.24,3.30
659.331,0.19,3.24,0.21,3.30
659.353,0.23,3.28,0.19,3.30
659.375,0.27,3.31,0.22,3.31
659.397,0.16,3.45,0.19,3.31
659.419,0.19,3.32,0.21,3.32
659.441,0.28,3.17,0.23,3.31
659.463,0.39,3.19,0.26,3.29
659.485,0.39,3.20,0.28,3.27
659.507,0.39,3.38,0.33,3.25
659.529,0.43,3.34,0.38,3.26
659.551,0.40,3.41,0.40,3.30
659.573,0.49,3.40,0.42,3.35
659.595,0.34,3.60,0.41,3.43
659.617,0.31,3.57,0.39,3.46
659.639,0.39,3.49,0.39,3.49
659.661,0.22,3.39,0.35,3.49
659.683,0.16,3.56,0.28,3.52
659.705,0.15,3.50,0.25,3.50
659.727,0.19,3.29,0.22,3.45
659.749,0.24,3.27,0.19,3.40
659.771,0.34,3.23,0.22,3.37
659.793,0.21,3.26,0.23,3.31
659.815,0.39,3.22,0.27,3.25
659.837,0.45,3.29,0.33,3.25
659.859,0.37,3.28,0.35,3.26
659.881,0.38,3.26,0.36,3.26
659.903,0.38,3.37,0.39,3.28
659.925,0.39,3.20,0.39,3.28
659.947,0.40,3.26,0.38,3.27
659.969,0.40,3.13,0.39,3.24
659.991,0.37,3.25,0.39,3.24
660.013,0.42,3.09,0.40,3.19
660.035,0.46,3.32,0.41,3.21
660.057,0.29,3.41,0.39,3.24
660.079,0.34,3.42,0.38,3.30
660.101,0.27,3.49,0.36,3.35
660.123,0.41,3.31,0.35,3.39
660.145,0.37,3.41,0.34,3.41
660.167,0.29,3.41,0.34,3.41
660.189,0.40,3.26,0.35,3.38
660.211,0.43,3.30,0.38,3.34
660.233,0.38,3.34,0.37,3.34
660.255,0.31,3.41,0.36,3.34
660.277,0.30,3.19,0.36,3.30
660.299,0.26,3.17,0.34,3.28
660.321,0.28,3.32,0.31,3.29
660.343,0.26,3.34,0.28,3.29
660.365,0.18,3.37,0.26,3.28
660.387,0.25,3.45,0.25,3.33
660.409,0.15,3.42,0.22,3.38
660.431,0.19,3.19,0.21,3.35
660.453,0.20,3.34,0.19,3.35
660.475,0.31,3.49,0.22,3.38
660.497,0.37,3.46,0.24,3.38
660.519,0.40,3.31,0.29,3.36
660.541,0.38,3.48,0.33,3.42
660.563,0.35,3.35,0.36,3.42
660.585,0.23,3.23,0.35,3.37
660.607,0.14,3.21,0.30,3.32
660.629,0.22,3.19,0.26,3.29
660.651,0.21,3.28,0.23,3.25
660.673,0.20,3.29,0.20,3.24
660.695,0.24,3.30,0.20,3.25
660.717,0.24,3.29,0.22,3.27
660.739,0.27,3.33,0.23,3.30
660.761,0.23,3.26,0.24,3.29
660.783,0.35,3.37,0.27,3.31
660.805,0.25,3.28,0.27,3.31
660.827,0.13,3.22,0.25,3.29
660.849,0.11,3.26,0.21,3.28
660.871,0.08,3.21,0.18,3.27
660.893,0.22,3.18,0.16,3.23
660.915,0.24,3.25,0.16,3.22
660.937,0.31,3.31,0.19,3.24
660.959,0.28,3.27,0.23,3.24
660.981,0.33,3.53,0.28,3.31
661.003,0.40,3.52,0.31,3.38
661.025,0.23,3.34,0.31,3.39
661.047,0.25,3.15,0.30,3.36
661.069,0.34,3.27,0.31,3.36
661.091,0.41,3.28,0.33,3.31
661.113,0.17,3.26,0.28,3.26
661.135,0.34,3.29,0.30,3.25
661.157,0.36,3.42,0.32,3.30
661.179,0.19,3.39,0.29,3.33
661.201,0.15,3.28,0.24,3.33
661.223,0.14,3.39,0.24,3.35
661.245,0.37,3.40,0.24,3.38
661.267,0.29,3.36,0.23,3.36
661.289,0.51,3.38,0.29,3.36
661.311,0.24,3.29,0.31,3.36
661.333,0.35,3.35,0.35,3.36
661.355,0.20,3.53,0.32,3.38
661.377,0.23,3.56,0.31,3.42
661.399,0.25,3.47,0.25,3.44
661.421,0.52,3.22,0.31,3.43
661.443,0.45,3.06,0.33,3.37
661.465,0.30,3.25,0.35,3.31
661.487,0.25,3.31,0.35,3.26
661.509,0.31,3.43,0.37,3.25
661.531,0.28,3.34,0.32,3.28
661.553,0.22,3.22,0.27,3.31
661.575,0.10,3.25,0.23,3.31
661.597,0.36,3.38,0.25,3.32
661.619,0.26,3.43,0.24,3.32
661.641,0.11,3.39,0.21,3.33
661.663,0.26,3.22,0.22,3.33
661.685,0.30,3.18,0.26,3.32
661.707,0.32,3.26,0.25,3.30
661.729,0.41,3.26,0.28,3.26
661.751,0.44,3.46,0.35,3.28
661.773,0.36,3.42,0.37,3.32
661.795,0.28,3.34,0.36,3.35
661.817,0.32,3.39,0.36,3.37
661.839,0.46,3.26,0.37,3.37
661.861,0.38,3.34,0.36,3.35
661.883,0.33,3.33,0.35,3.33
661.905,0.28,3.36,0.35,3.34
661.927,0.26,3.35,0.34,3.33
661.949,0.52,3.36,0.35,3.35
661.971,0.28,3.30,0.33,3.34
661.993,0.31,3.28,0.33,3.33
662.015,0.33,3.31,0.34,3.32
662.037,0.21,3.29,0.33,3.31
662.059,0.24,3.44,0.27,3.32
662.081,0.22,3.43,0.26,3.35
662.103,0.28,3.45,0.26,3.38
662.125,0.36,3.31,0.26,3.38
662.147,0.32,3.49,0.28,3.42
662.169,0.36,3.39,0.31,3.41
662.191,0.33,3.38,0.33,3.40
662.213,0.48,3.23,0.37,3.36
662.235,0.43,3.38,0.38,3.37
662.257,0.45,3.23,0.41,3.32
662.279,0.42,3.13,0.42,3.27
662.301,0.44,3.19,0.44,3.23
662.323,0.35,3.27,0.42,3.24
662.345,0.30,3.33,0.39,3.23
662.367,0.33,3.38,0.37,3.26
662.389,0.25,3.35,0.33,3.30
662.411,0.26,3.46,0.30,3.36
662.433,0.16,3.38,0.26,3.38
662.455,0.32,3.41,0.26,3.40
662.477,0.24,3.47,0.25,3.41
662.499,0.33,3.32,0.26,3.41
662.521,0.28,3.21,0.27,3.36
662.543,0.40,3.17,0.31,3.32
662.565,0.42,3.36,0.33,3.31
662.587,0.23,3.39,0.33,3.29
662.609,0.26,3.54,0.32,3.33
662.631,0.28,3.57,0.32,3.41
662.653,0.18,3.48,0.27,3.47
662.675,0.28,3.33,0.25,3.46
662.697,0.34,3.20,0.27,3.42
662.719,0.42,3.23,0.30,3.36
662.741,0.40,3.21,0.32,3.29
662.763,0.32,3.30,0.35,3.25
662.785,0.42,3.38,0.38,3.26
662.807,0.36,3.31,0.38,3.29
662.829,0.46,3.19,0.39,3.28
662.851,0.34,3.27,0.38,3.29
662.873,0.31,3.42,0.38,3.31
662.895,0.23,3.45,0.34,3.33
662.917,0.40,3.36,0.35,3.34
662.939,0.35,3.49,0.33,3.40
662.961,0.26,3.37,0.31,3.42
662.983,0.35,3.39,0.32,3.41
663.005,0.44,3.32,0.36,3.39
663.027,0.34,3.26,0.35,3.37
663.049,0.31,3.31,0.34,3.33
663.071,0.33,3.21,0.35,3.30
663.093,0.28,3.38,0.34,3.30
663.115,0.36,3.27,0.32,3.29
663.137,0.44,3.17,0.34,3.27
663.159,0.27,3.24,0.34,3.25
663.181,0.11,3.32,0.29,3.28
663.203,0.12,3.21,0.26,3.24
663.225,0.09,3.20,0.21,3.23
663.247,0.15,3.04,0.15,3.20
663.269,0.26,3.18,0.15,3.19
663.291,0.34,3.22,0.19,3.17
663.313,0.42,3.18,0.25,3.16
663.335,0.23,3.32,0.28,3.19
663.357,0.30,3.43,0.31,3.27
663.379,0.35,3.22,0.33,3.27
663.401,0.27,3.39,0.31,3.31
663.423,0.33,3.42,0.30,3.36
663.445,0.19,3.28,0.29,3.35
663.467,0.14,3.21,0.26,3.30
663.489,0.22,3.13,0.23,3.29
663.511,0.34,3.12,0.24,3.23
663.533,0.35,3.27,0.25,3.20
663.555,0.20,3.36,0.25,3.22
663.577,0.31,3.26,0.28,3.23
663.599,0.32,3.30,0.30,3.26
663.621,0.32,3.09,0.30,3.26
663.643,0.36,3.20,0.30,3.24
663.665,0.45,3.35,0.35,3.24
663.687,0.30,3.33,0.35,3.25
663.709,0.35,3.34,0.36,3.26
663.731,0.17,3.37,0.33,3.32
663.753,0.09,3.29,0.27,3.34
663.775,0.20,3.51,0.22,3.37
663.797,0.20,3.45,0.20,3.39
663.819,0.35,3.37,0.20,3.40
663.841,0.21,3.44,0.21,3.41
663.863,0.22,3.52,0.24,3.46
663.885,0.26,3.39,0.25,3.43
663.907,0.37,3.35,0.28,3.41
663.929,0.38,3.39,0.29,3.42
663.951,0.35,3.37,0.32,3.40
663.973,0.35,3.47,0.34,3.39
663.995,0.18,3.30,0.33,3.38
664.017,0.19,3.33,0.29,3.37
664.039,0.24,3.27,0.26,3.35
664.061,0.42,3.29,0.28,3.33
664.083,0.44,3.37,0.29,3.31
664.105,0.35,3.32,0.33,3.32
664.127,0.30,3.31,0.35,3.31
664.149,0.23,3.11,0.35,3.28
664.171,0.36,3.17,0.34,3.26
664.193,0.35,3.20,0.32,3.22
664.215,0.34,3.14,0.32,3.19
664.237,0.34,3.50,0.32,3.22
664.259,0.33,3.44,0.34,3.29
664.281,0.46,3.41,0.36,3.34
664.303,0.13,3.44,0.32,3.39
664.325,0.25,3.36,0.30,3.43
664.347,0.36,3.39,0.31,3.41
664.369,0.30,3.21,0.30,3.36
664.391,0.39,3.35,0.29,3.35
664.413,0.44,3.34,0.35,3.33
664.435,0.35,3.35,0.37,3.33
664.457,0.43,3.44,0.38,3.34
664.479,0.40,3.36,0.40,3.37
664.501,0.48,3.33,0.42,3.36
664.523,0.38,3.49,0.41,3.39
664.545,0.44,3.41,0.43,3.41
664.567,0.40,3.40,0.42,3.40
664.589,0.23,3.50,0.39,3.43
664.611,0.32,3.45,0.35,3.45
664.633,0.24,3.38,0.33,3.43
664.655,0.19,3.33,0.28,3.41
664.677,0.29,3.48,0.25,3.43
664.699,0.36,3.47,0.28,3.42
664.721,0.29,3.31,0.27,3.39
664.743,0.29,3.38,0.28,3.39
664.765,0.28,3.10,0.30,3.35
664.787,0.35,3.11,0.31,3.27
664.809,0.34,3.08,0.31,3.20
664.831,0.34,3.16,0.32,3.17
664.853,0.37,3.18,0.34,3.13
664.875,0.31,3.34,0.34,3.17
664.897,0.31,3.16,0.33,3.18
664.919,0.34,3.24,0.33,3.22
664.941,0.31,3.36,0.33,3.26
664.963,0.33,3.35,0.32,3.29
664.985,0.33,3.48,0.32,3.32
665.007,0.31,3.37,0.32,3.36
665.029,0.45,3.27,0.35,3.37
665.051,0.43,3.41,0.37,3.38
665.073,0.49,3.32,0.40,3.37
665.095,0.52,3.60,0.44,3.39
665.117,0.34,3.36,0.45,3.39
665.139,0.22,3.42,0.40,3.42
665.161,0.15,3.35,0.34,3.41
665.183,0.21,3.30,0.29,3.41
665.205,0.31,3.26,0.25,3.34
665.227,0.18,3.26,0.21,3.32
665.249,0.32,3.25,0.23,3.28
665.271,0.29,3.34,0.26,3.28
665.293,0.48,3.28,0.32,3.28
665.315,0.38,3.15,0.33,3.26
665.337,0.38,3.23,0.37,3.25
665.359,0.40,3.23,0.39,3.25
665.381,0.41,3.41,0.41,3.26
665.403,0.45,3.37,0.40,3.28
665.425,0.42,3.19,0.41,3.29
665.447,0.25,3.21,0.39,3.28
665.469,0.24,3.26,0.35,3.29
665.491,0.22,3.29,0.32,3.26
665.513,0.38,3.16,0.30,3.22
665.535,0.36,3.23,0.29,3.23
665.557,0.27,3.17,0.29,3.22
665.579,0.30,3.37,0.31,3.24
665.601,0.27,3.44,0.32,3.27
665.623,0.30,3.34,0.30,3.31
665.645,0.20,3.17,0.27,3.30
665.667,0.28,3.34,0.27,3.33
665.689,0.20,3.23,0.25,3.30
665.711,0.35,3.32,0.27,3.28
665.733,0.31,3.39,0.27,3.29
665.755,0.31,3.34,0.29,3.32
665.777,0.37,3.34,0.31,3.32
665.799,0.33,3.35,0.33,3.35
665.821,0.22,3.31,0.31,3.35
665.843,0.20,3.30,0.29,3.33
665.865,0.09,3.40,0.24,3.34
665.887,0.07,3.28,0.18,3.33
665.909,0.17,3.31,0.15,3.32
665.931,0.19,3.27,0.14,3.31
665.953,0.23,3.24,0.15,3.30
665.975,0.29,3.35,0.19,3.29
665.997,0.35,3.35,0.25,3.30
666.019,0.37,3.35,0.29,3.31
666.041,0.45,3.27,0.34,3.31
666.063,0.33,3.17,0.36,3.30
666.085,0.37,3.12,0.37,3.25
666.107,0.33,3.17,0.37,3.22
666.129,0.35,3.15,0.37,3.18
666.151,0.31,3.16,0.34,3.15
666.173,0.35,3.26,0.34,3.17
666.195,0.32,3.31,0.33,3.21
666.217,0.37,3.31,0.34,3.24
666.239,0.34,3.24,0.34,3.26
666.261,0.42,3.33,0.36,3.29
666.283,0.38,3.38,0.37,3.31
666.305,0.35,3.37,0.37,3.33
666.327,0.34,3.46,0.37,3.36
666.349,0.26,3.34,0.35,3.38
666.371,0.45,3.21,0.36,3.35
666.393,0.33,3.29,0.35,3.33
666.415,0.26,3.45,0.33,3.35
666.437,0.15,3.48,0.29,3.35
666.459,0.39,3.33,0.32,3.35
666.481,0.33,3.25,0.29,3.36
666.503,0.27,3.32,0.28,3.37
666.525,0.31,3.19,0.29,3.31
666.547,0.33,3.19,0.33,3.26
666.569,0.27,3.24,0.30,3.24
666.591,0.21,3.14,0.28,3.22
666.613,0.12,3.15,0.25,3.18
666.635,0.14,3.20,0.21,3.18
666.657,0.27,3.37,0.20,3.22
666.679,0.23,3.20,0.19,3.21
666.701,0.34,3.33,0.22,3.25
666.723,0.27,3.42,0.25,3.30
666.745,0.23,3.30,0.27,3.32
666.767,0.28,3.32,0.27,3.31
666.789,0.44,3.32,0.31,3.34
666.811,0.35,3.32,0.31,3.34
666.833,0.45,3.34,0.35,3.32
666.855,0.43,3.26,0.39,3.31
666.877,0.43,3.24,0.42,3.30
666.899,0.49,3.27,0.43,3.29
666.921,0.35,3.35,0.43,3.29
666.943,0.34,3.27,0.41,3.28
666.965,0.24,3.28,0.37,3.28
666.987,0.28,3.30,0.34,3.29
667.009,0.33,3.32,0.31,3.30
667.031,0.31,3.26,0.30,3.29
667.053,0.40,3.32,0.31,3.30
667.075,0.29,3.28,0.32,3.30
667.097,0.36,3.36,0.34,3.31
667.119,0.35,3.36,0.34,3.32
667.141,0.31,3.31,0.34,3.33
667.163,0.14,3.26,0.29,3.31
667.185,0.14,3.33,0.26,3.32
667.207,0.12,3.36,0.21,3.32
667.229,0.23,3.37,0.19,3.33
667.251,0.39,3.45,0.20,3.35
667.273,0.42,3.42,0.26,3.39
667.295,0.29,3.44,0.29,3.41
667.317,0.27,3.57,0.32,3.45
667.339,0.15,3.53,0.30,3.48
667.361,0.31,3.48,0.29,3.49
667.383,0.19,3.56,0.24,3.52
667.405,0.26,3.52,0.24,3.53
667.427,0.17,3.34,0.22,3.49
667.449,0.28,3.27,0.24,3.43
667.471,0.33,3.36,0.25,3.41
667.493,0.29,3.31,0.27,3.36
667.515,0.40,3.36,0.29,3.33
667.537,0.42,3.42,0.34,3.34
667.559,0.35,3.36,0.36,3.36
667.581,0.42,3.33,0.38,3.36
667.603,0.55,3.34,0.43,3.36
667.625,0.48,3.35,0.44,3.36
667.647,0.38,3.39,0.44,3.35
667.669,0.27,3.34,0.42,3.35
667.691,0.41,3.38,0.42,3.36
667.713,0.42,3.35,0.39,3.36
667.735,0.31,3.40,0.36,3.37
667.757,0.35,3.45,0.35,3.38
667.779,0.28,3.41,0.35,3.40
667.801,0.24,3.15,0.32,3.35
667.823,0.30,3.15,0.30,3.31
667.845,0.24,3.25,0.28,3.28
667.867,0.43,3.12,0.30,3.22
667.889,0.31,3.30,0.30,3.19
667.911,0.32,3.29,0.32,3.22
667.933,0.34,3.27,0.33,3.25
667.955,0.33,3.34,0.35,3.26
667.977,0.27,3.28,0.31,3.30
667.999,0.43,3.42,0.34,3.32
668.021,0.62,3.44,0.40,3.35
668.043,0.46,3.49,0.42,3.39
668.065,0.22,3.27,0.40,3.38
668.087,0.24,3.29,0.39,3.38
668.109,0.26,3.36,0.36,3.37
668.131,0.29,3.21,0.29,3.32
668.153,0.27,3.19,0.26,3.26
668.175,0.45,3.32,0.30,3.27
668.197,0.45,3.24,0.34,3.26
668.219,0.26,3.24,0.34,3.24
668.241,0.22,3.17,0.33,3.23
668.263,0.24,2.96,0.32,3.19
668.285,0.25,3.12,0.28,3.15
668.307,0.15,3.07,0.22,3.11
668.329,0.29,3.07,0.23,3.08
668.351,0.25,3.19,0.24,3.08
668.373,0.18,3.23,0.22,3.14
668.395,0.38,3.26,0.25,3.16
668.417,0.26,3.47,0.27,3.24
668.439,0.20,3.54,0.25,3.34
668.461,0.21,3.51,0.25,3.40
668.483,0.26,3.42,0.26,3.44
668.505,0.25,3.42,0.24,3.47
668.527,0.32,3.45,0.25,3.47
668.549,0.36,3.46,0.28,3.45
668.571,0.27,3.43,0.29,3.44
668.593,0.32,3.58,0.30,3.47
668.615,0.37,3.42,0.33,3.47
668.637,0.38,3.42,0.34,3.46
668.659,0.40,3.19,0.35,3.41
668.681,0.46,3.32,0.39,3.39
668.703,0.22,3.26,0.37,3.32
668.725,0.10,3.38,0.31,3.31
668.747,0.13,3.42,0.26,3.31
668.769,0.08,3.24,0.20,3.32
668.791,0.20,3.26,0.15,3.31
668.813,0.25,3.33,0.15,3.33
668.835,0.20,3.19,0.17,3.29
668.857,0.12,3.30,0.17,3.26
668.879,0.22,3.16,0.20,3.25
668.901,0.11,3.12,0.18,3.22
668.923,0.24,3.22,0.18,3.20
668.945,0.29,3.25,0.20,3.21
668.967,0.22,3.25,0.22,3.20
668.989,0.22,3.26,0.22,3.22
669.011,0.41,3.16,0.28,3.23
669.033,0.27,3.26,0.28,3.24
669.055,0.30,3.19,0.28,3.22
669.077,0.42,3.35,0.32,3.24
669.099,0.34,3.36,0.35,3.26
669.121,0.29,3.30,0.32,3.29
669.143,0.41,3.40,0.35,3.32
669.165,0.32,3.57,0.36,3.40
669.187,0.47,3.36,0.37,3.40
669.209,0.31,3.42,0.36,3.41
669.231,0.38,3.41,0.38,3.43
669.253,0.33,3.22,0.36,3.40
669.275,0.35,3.19,0.37,3.32
669.297,0.21,3.16,0.32,3.28
669.319,0.30,3.44,0.31,3.28
669.341,0.37,3.43,0.31,3.29
669.363,0.29,3.51,0.30,3.35
669.385,0.25,3.57,0.28,3.42
669.407,0.37,3.49,0.32,3.49
669.429,0.28,3.42,0.31,3.48
669.451,0.19,3.46,0.28,3.49
669.473,0.31,3.50,0.28,3.49
669.495,0.34,3.44,0.30,3.46
669.517,0.27,3.50,0.28,3.46
669.539,0.28,3.46,0.28,3.47
669.561,0.21,3.40,0.28,3.46
669.583,0.20,3.32,0.26,3.42
669.605,0.15,3.29,0.22,3.39
669.627,0.24,3.47,0.22,3.39
669.649,0.27,3.52,0.21,3.40
669.671,0.33,3.46,0.24,3.41
669.693,0.38,3.22,0.27,3.39
669.715,0.18,3.37,0.28,3.41
669.737,0.14,3.17,0.26,3.35
669.759,0.35,3.23,0.28,3.29
669.781,0.32,3.50,0.27,3.30
669.803,0.28,3.41,0.25,3.34
669.825,0.24,3.40,0.27,3.34
669.847,0.22,3.50,0.28,3.41
669.869,0.36,3.40,0.28,3.44
669.891,0.41,3.57,0.30,3.46
669.913,0.50,3.27,0.35,3.43
669.935,0.22,3.37,0.34,3.42
669.957,0.34,3.39,0.37,3.40
669.979,0.25,3.42,0.34,3.40
670.001,0.07,3.48,0.28,3.39
670.023,0.17,3.54,0.21,3.44
670.045,0.22,3.55,0.21,3.48
670.067,0.27,3.38,0.20,3.47
670.089,0.34,3.39,0.21,3.47
670.111,0.18,3.38,0.24,3.45
670.133,0.16,3.44,0.23,3.43
670.155,0.36,3.43,0.26,3.40
670.177,0.33,3.38,0.27,3.40
670.199,0.31,3.35,0.27,3.40
670.221,0.14,3.41,0.26,3.40
670.243,0.31,3.50,0.29,3.41
670.265,0.51,3.43,0.32,3.41
670.287,0.38,3.47,0.33,3.43
670.309,0.45,3.23,0.36,3.41
670.331,0.41,3.23,0.41,3.37
670.353,0.41,3.24,0.43,3.32
670.375,0.44,3.16,0.42,3.27
670.397,0.38,3.19,0.42,3.21
670.419,0.31,3.21,0.39,3.21
670.441,0.20,3.27,0.35,3.21
670.463,0.21,3.26,0.31,3.22
670.485,0.34,3.39,0.29,3.26
670.507,0.22,3.24,0.26,3.27
670.529,0.14,3.42,0.22,3.32
670.551,0.11,3.29,0.20,3.32
670.573,0.17,3.31,0.20,3.33
670.595,0.33,3.30,0.19,3.31
670.617,0.36,3.21,0.22,3.31
670.639,0.34,3.38,0.26,3.30
670.661,0.31,3.26,0.30,3.29
670.683,0.27,3.36,0.32,3.30
670.705,0.30,3.28,0.32,3.30
670.727,0.31,3.26,0.31,3.31
670.749,0.27,3.16,0.29,3.26
670.771,0.36,3.31,0.30,3.27
670.793,0.44,3.28,0.34,3.26
670.815,0.28,3.36,0.33,3.27
670.837,0.28,3.36,0.33,3.29
670.859,0.20,3.28,0.31,3.32
670.881,0.11,3.35,0.26,3.33
670.903,0.15,3.44,0.20,3.36
670.925,0.31,3.27,0.21,3.34
670.947,0.21,3.25,0.20,3.32
670.969,0.32,3.33,0.22,3.33
670.991,0.23,3.21,0.24,3.30
671.013,0.32,3.37,0.28,3.29
671.035,0.19,3.23,0.25,3.28
671.057,0.46,3.26,0.30,3.28
671.079,0.34,3.24,0.31,3.26
671.101,0.27,3.27,0.32,3.27
671.123,0.19,3.40,0.29,3.28
671.145,0.17,3.34,0.29,3.30
671.167,0.26,3.14,0.25,3.28
671.189,0.27,3.17,0.23,3.26
671.211,0.33,3.23,0.24,3.26
671.233,0.28,3.38,0.26,3.25
671.255,0.32,3.29,0.29,3.24
671.277,0.26,3.34,0.29,3.28
671.299,0.30,3.32,0.30,3.31
671.321,0.24,3.20,0.28,3.31
671.343,0.18,3.27,0.26,3.28
671.365,0.19,3.47,0.23,3.32
671.387,0.18,3.22,0.22,3.30
671.409,0.26,3.19,0.21,3.27
671.431,0.23,3.18,0.21,3.27
671.453,0.28,3.31,0.23,3.27
671.475,0.36,3.14,0.26,3.21
671.497,0.26,3.26,0.28,3.22
671.519,0.27,3.33,0.28,3.24
671.541,0.35,3.45,0.30,3.30
671.563,0.31,3.53,0.31,3.34
671.585,0.20,3.47,0.28,3.41
671.607,0.17,3.34,0.26,3.42
671.629,0.22,3.23,0.25,3.40
671.651,0.31,3.20,0.24,3.35
671.673,0.41,3.35,0.26,3.32
671.695,0.25,3.40,0.27,3.30
671.717,0.30,3.23,0.30,3.28
671.739,0.35,3.24,0.32,3.28
671.761,0.34,3.18,0.33,3.28
671.783,0.43,3.03,0.33,3.22
671.805,0.38,3.21,0.36,3.18
671.827,0.33,3.20,0.37,3.17
671.849,0.46,3.40,0.39,3.20
671.871,0.38,3.32,0.40,3.23
671.893,0.48,3.35,0.41,3.30
671.915,0.40,3.34,0.41,3.32
671.937,0.41,3.32,0.43,3.35
671.959,0.40,3.36,0.41,3.34
671.981,0.35,3.33,0.41,3.34
672.003,0.36,3.28,0.38,3.33
672.025,0.43,3.19,0.39,3.30
672.047,0.41,3.15,0.39,3.26
672.069,0.38,3.15,0.39,3.22
672.091,0.31,3.26,0.38,3.21
672.113,0.39,3.39,0.38,3.23
672.135,0.37,3.39,0.37,3.27
672.157,0.33,3.47,0.36,3.33
672.179,0.34,3.33,0.35,3.37
672.201,0.28,3.42,0.34,3.40
672.223,0.41,3.41,0.35,3.40
672.245,0.30,3.31,0.33,3.39
672.267,0.25,3.45,0.32,3.38
672.289,0.25,3.37,0.30,3.39
672.311,0.32,3.26,0.31,3.36
672.333,0.25,3.33,0.27,3.34
672.355,0.27,3.32,0.27,3.35
672.377,0.25,3.32,0.27,3.32
672.399,0.37,3.36,0.29,3.32
672.421,0.31,3.50,0.29,3.37
672.443,0.31,3.46,0.30,3.39
672.465,0.35,3.39,0.32,3.41
672.487,0.27,3.38,0.32,3.42
672.509,0.33,3.31,0.31,3.41
672.531,0.22,3.27,0.30,3.36
672.553,0.20,3.34,0.27,3.34
672.575,0.43,3.23,0.29,3.31
672.597,0.36,3.35,0.31,3.30
672.619,0.35,3.44,0.31,3.33
672.641,0.32,3.49,0.33,3.37
672.663,0.33,3.32,0.36,3.37
672.685,0.44,3.32,0.36,3.38
672.707,0.31,3.32,0.35,3.38
672.729,0.25,3.52,0.33,3.39
672.751,0.24,3.46,0.31,3.39
672.773,0.30,3.40,0.31,3.40
672.795,0.44,3.41,0.31,3.42
672.817,0.30,3.46,0.31,3.45
672.839,0.32,3.51,0.32,3.45
672.861,0.40,3.40,0.35,3.44
672.883,0.35,3.49,0.36,3.45
672.905,0.23,3.36,0.32,3.44
672.927,0.31,3.40,0.32,3.43
672.949,0.27,3.43,0.31,3.42
672.971,0.29,3.39,0.29,3.41
672.993,0.21,3.43,0.26,3.40
673.015,0.19,3.39,0.25,3.41
673.037,0.20,3.49,0.23,3.43
673.059,0.18,3.41,0.21,3.42
673.081,0.26,3.32,0.21,3.41
673.103,0.29,3.41,0.22,3.40
673.125,0.31,3.18,0.25,3.36
673.147,0.25,3.26,0.26,3.32
673.169,0.32,3.23,0.29,3.28
673.191,0.37,3.24,0.31,3.26
673.213,0.46,3.38,0.34,3.26
673.235,0.44,3.42,0.37,3.31
673.257,0.29,3.35,0.38,3.32
673.279,0.26,3.42,0.36,3.36
673.301,0.18,3.55,0.33,3.42
673.323,0.29,3.52,0.29,3.45
673.345,0.37,3.44,0.28,3.46
673.367,0.26,3.30,0.27,3.45
673.389,0.27,3.40,0.27,3.44
673.411,0.14,3.44,0.27,3.42
673.433,0.24,3.33,0.26,3.38
673.455,0.34,3.48,0.25,3.39
673.477,0.19,3.56,0.24,3.44
673.499,0.16,3.39,0.21,3.44
673.521,0.16,3.40,0.22,3.43
673.543,0.22,3.39,0.21,3.44
673.565,0.27,3.36,0.20,3.42
673.587,0.16,3.34,0.19,3.38
673.609,0.15,3.41,0.19,3.38
673.631,0.28,3.28,0.22,3.36
673.653,0.32,3.21,0.24,3.32
673.675,0.31,3.29,0.24,3.31
673.697,0.38,3.32,0.29,3.30
673.719,0.48,3.31,0.35,3.28
673.741,0.34,3.26,0.37,3.28
673.763,0.34,3.40,0.37,3.32
673.785,0.19,3.48,0.35,3.35
673.807,0.24,3.36,0.32,3.36
673.829,0.31,3.47,0.28,3.39
673.851,0.23,3.38,0.26,3.42
673.873,0.21,3.45,0.24,3.43
673.895,0.35,3.53,0.27,3.44
673.917,0.26,3.51,0.27,3.47
673.939,0.23,3.44,0.26,3.46
673.961,0.34,3.48,0.28,3.48
673.983,0.22,3.46,0.28,3.48
674.005,0.26,3.46,0.26,3.47
674.027,0.38,3.45,0.29,3.46
674.049,0.28,3.62,0.30,3.49
674.071,0.22,3.49,0.27,3.50
674.093,0.24,3.44,0.28,3.49
674.115,0.17,3.32,0.26,3.46
674.137,0.20,3.46,0.22,3.47
674.159,0.30,3.36,0.23,3.41
674.181,0.35,3.34,0.25,3.38
674.203,0.34,3.22,0.27,3.34
674.225,0.43,3.30,0.32,3.34
674.247,0.40,3.24,0.36,3.29
674.269,0.36,3.43,0.38,3.31
674.291,0.42,3.29,0.39,3.30
674.313,0.35,3.39,0.39,3.33
674.335,0.35,3.55,0.38,3.38
674.357,0.20,3.56,0.34,3.44
674.379,0.31,3.48,0.33,3.45
674.401,0.35,3.36,0.31,3.47
674.423,0.37,3.33,0.32,3.46
674.445,0.37,3.39,0.32,3.42
674.467,0.22,3.33,0.32,3.38
674.489,0.12,3.28,0.29,3.34
674.511,0.26,3.27,0.27,3.32
674.533,0.22,3.33,0.24,3.32
674.555,0.39,3.53,0.24,3.35
674.577,0.45,3.59,0.29,3.40
674.599,0.29,3.56,0.32,3.46
674.621,0.26,3.51,0.32,3.50
674.643,0.24,3.44,0.33,3.53
674.665,0.25,3.29,0.30,3.48
674.687,0.35,3.34,0.28,3.43
674.709,0.30,3.37,0.28,3.39
674.731,0.20,3.24,0.27,3.34
674.753,0.33,3.32,0.29,3.31
674.775,0.35,3.28,0.31,3.31
674.797,0.03,3.27,0.24,3.30
674.819,0.12,3.26,0.21,3.27
674.841,0.15,3.35,0.20,3.30
674.863,0.30,3.20,0.19,3.27
674.885,0.17,3.42,0.15,3.30
674.907,0.16,3.32,0.18,3.31
674.929,0.23,3.43,0.20,3.34
674.951,0.30,3.32,0.23,3.34
674.973,0.14,3.30,0.20,3.36
674.995,0.16,3.34,0.20,3.34
675.017,0.19,3.33,0.20,3.34
675.039,0.38,3.19,0.23,3.30
675.061,0.31,3.35,0.24,3.30
675.083,0.38,3.20,0.28,3.28
675.105,0.28,3.20,0.31,3.25
675.127,0.29,3.26,0.33,3.24
675.149,0.36,3.32,0.32,3.27
675.171,0.26,3.37,0.31,3.27
675.193,0.38,3.27,0.31,3.28
675.215,0.26,3.19,0.31,3.28
675.237,0.37,3.27,0.33,3.28
675.259,0.38,3.19,0.33,3.26
675.281,0.32,3.17,0.34,3.22
675.303,0.39,3.25,0.34,3.21
675.325,0.45,3.31,0.38,3.24
675.347,0.54,3.38,0.42,3.26
675.369,0.38,3.30,0.42,3.28
675.391,0.33,3.35,0.42,3.32
675.413,0.26,3.20,0.39,3.31
675.435,0.20,3.24,0.34,3.29
675.457,0.26,3.36,0.29,3.29
675.479,0.37,3.29,0.28,3.29
675.501,0.45,3.30,0.31,3.28
675.523,0.28,3.52,0.31,3.34
675.545,0.34,3.47,0.34,3.39
675.567,0.34,3.33,0.36,3.38
675.589,0.40,3.34,0.36,3.39
675.611,0.41,3.38,0.35,3.41
675.633,0.37,3.33,0.37,3.37
675.655,0.37,3.26,0.38,3.33
675.677,0.37,3.38,0.38,3.34
675.699,0.30,3.17,0.36,3.30
675.721,0.26,3.22,0.33,3.27
675.743,0.26,3.38,0.31,3.28
675.765,0.34,3.29,0.31,3.29
675.787,0.16,3.44,0.26,3.30
675.809,0.28,3.58,0.26,3.38
675.831,0.28,3.30,0.26,3.40
675.853,0.14,3.24,0.24,3.37
675.875,0.20,3.30,0.21,3.37
675.897,0.30,3.41,0.24,3.37
675.919,0.35,3.39,0.25,3.33
675.941,0.39,3.37,0.28,3.34
675.963,0.29,3.31,0.31,3.36
675.985,0.25,3.35,0.32,3.37
676.007,0.18,3.41,0.29,3.37
676.029,0.14,3.43,0.25,3.37
676.051,0.29,3.49,0.23,3.40
676.073,0.29,3.28,0.23,3.39
676.095,0.26,3.23,0.23,3.37
676.117,0.36,3.31,0.27,3.35
676.139,0.37,3.34,0.31,3.33
676.161,0.35,3.22,0.33,3.28
676.183,0.45,3.23,0.36,3.27
676.205,0.26,3.10,0.36,3.24
676.227,0.30,3.27,0.35,3.23
676.249,0.33,3.23,0.34,3.21
676.271,0.33,3.27,0.33,3.22
676.293,0.36,3.33,0.32,3.24
676.315,0.34,3.32,0.33,3.28
676.337,0.22,3.38,0.32,3.31
676.359,0.21,3.25,0.29,3.31
676.381,0.33,3.29,0.29,3.31
676.403,0.37,3.36,0.29,3.32
676.425,0.16,3.49,0.26,3.35
676.447,0.22,3.52,0.26,3.38
676.469,0.07,3.55,0.23,3.44
676.491,0.13,3.43,0.19,3.47
676.513,0.32,3.46,0.18,3.49
676.535,0.39,3.44,0.23,3.48
676.557,0.22,3.39,0.23,3.45
676.579,0.39,3.37,0.29,3.42
676.601,0.42,3.40,0.35,3.41
676.623,0.26,3.50,0.34,3.42
676.645,0.26,3.40,0.31,3.41
676.667,0.30,3.39,0.33,3.41
676.689,0.25,3.27,0.30,3.39
676.711,0.21,3.39,0.26,3.39
676.733,0.27,3.29,0.26,3.35
676.755,0.46,3.38,0.30,3.34
676.777,0.43,3.28,0.32,3.32
676.799,0.44,3.37,0.36,3.34
676.821,0.41,3.45,0.40,3.35
676.843,0.37,3.45,0.42,3.39
676.865,0.55,3.50,0.44,3.41
676.887,0.41,3.53,0.44,3.46
676.909,0.45,3.26,0.44,3.44
676.931,0.48,3.41,0.45,3.43
676.953,0.39,3.32,0.46,3.40
676.975,0.31,3.41,0.41,3.39
676.997,0.29,3.38,0.38,3.36
677.019,0.39,3.31,0.37,3.37
677.041,0.38,3.30,0.35,3.34
677.063,0.35,3.08,0.34,3.30
677.085,0.24,3.05,0.33,3.22
677.107,0.29,3.23,0.33,3.19
677.129,0.33,3.27,0.32,3.19
677.151,0.37,3.43,0.32,3.21
677.173,0.41,3.44,0.33,3.28
677.195,0.60,3.42,0.40,3.36
677.217,0.39,3.33,0.42,3.38
677.239,0.29,3.29,0.41,3.38
677.261,0.37,3.45,0.41,3.39
677.283,0.25,3.45,0.38,3.39
677.305,0.26,3.25,0.31,3.35
677.327,0.22,3.41,0.28,3.37
677.349,0.20,3.40,0.26,3.39
677.371,0.22,3.50,0.23,3.40
677.393,0.25,3.56,0.23,3.42
677.415,0.24,3.57,0.23,3.49
677.437,0.34,3.34,0.25,3.47
677.459,0.36,3.46,0.28,3.49
677.481,0.25,3.38,0.29,3.46
677.503,0.28,3.22,0.29,3.39
677.525,0.30,3.35,0.31,3.35
677.547,0.33,3.33,0.30,3.35
677.569,0.29,3.37,0.29,3.33
677.591,0.37,3.34,0.31,3.32
677.613,0.27,3.28,0.31,3.33
677.635,0.39,3.10,0.33,3.28
677.657,0.44,3.25,0.35,3.27
677.679,0.27,3.25,0.35,3.24
677.701,0.41,3.38,0.36,3.25
677.723,0.43,3.33,0.39,3.26
677.745,0.40,3.34,0.39,3.31
677.767,0.27,3.38,0.36,3.34
677.789,0.31,3.29,0.36,3.34
677.811,0.37,3.35,0.36,3.34
677.833,0.32,3.33,0.33,3.34
677.855,0.25,3.29,0.30,3.33
677.877,0.32,3.31,0.31,3.31
677.899,0.21,3.35,0.29,3.33
677.921,0.10,3.37,0.24,3.33
677.943,0.24,3.24,0.22,3.31
677.965,0.38,3.32,0.25,3.32
677.987,0.36,3.10,0.26,3.28
678.009,0.30,3.32,0.28,3.27
678.031,0.32,3.28,0.32,3.25
678.053,0.35,3.29,0.34,3.26
678.075,0.42,3.31,0.35,3.26
678.097,0.29,3.34,0.34,3.31
678.119,0.22,3.37,0.32,3.32
678.141,0.30,3.43,0.32,3.35
678.163,0.32,3.51,0.31,3.39
678.185,0.29,3.43,0.28,3.42
678.207,0.27,3.50,0.28,3.45
678.229,0.36,3.49,0.31,3.47
678.251,0.34,3.48,0.32,3.48
678.273,0.37,3.25,0.33,3.43
678.295,0.37,3.34,0.34,3.41
678.317,0.20,3.39,0.33,3.39
678.339,0.24,3.37,0.30,3.37
678.361,0.24,3.44,0.28,3.36
678.383,0.14,3.37,0.24,3.38
678.405,0.17,3.52,0.20,3.42
678.427,0.20,3.43,0.20,3.43
678.449,0.27,3.44,0.20,3.44
678.471,0.17,3.58,0.19,3.47
678.493,0.27,3.44,0.22,3.48
678.515,0.37,3.39,0.26,3.46
678.537,0.28,3.30,0.27,3.43
678.559,0.44,3.43,0.31,3.43
678.581,0.29,3.37,0.33,3.39
678.603,0.31,3.29,0.34,3.36
678.625,0.51,3.41,0.37,3.36
678.647,0.19,3.37,0.35,3.37
678.669,0.16,3.41,0.29,3.37
678.691,0.09,3.35,0.25,3.37
678.713,0.11,3.34,0.21,3.38
678.735,0.10,3.32,0.13,3.36
678.757,0.28,3.29,0.15,3.34
678.779,0.26,3.37,0.17,3.33
678.801,0.25,3.45,0.20,3.35
678.823,0.34,3.32,0.25,3.35
678.845,0.24,3.27,0.27,3.34
678.867,0.40,3.38,0.30,3.36
678.889,0.33,3.38,0.31,3.36
678.911,0.40,3.16,0.34,3.30
678.933,0.30,3.11,0.33,3.26
678.955,0.23,3.28,0.33,3.26
678.977,0.34,3.26,0.32,3.24
678.999,0.43,3.31,0.34,3.22
679.022,0.32,3.31,0.32,3.25
679.044,0.26,3.27,0.32,3.29
679.066,0.36,3.18,0.34,3.27
679.088,0.32,3.24,0.34,3.26
679.110,0.30,3.26,0.31,3.25
679.132,0.20,3.21,0.29,3.23
679.154,0.34,3.27,0.30,3.23
679.176,0.22,3.27,0.28,3.25
679.198,0.36,3.35,0.28,3.27
679.220,0.27,3.29,0.28,3.28
679.242,0.33,3.38,0.30,3.31
679.264,0.28,3.31,0.29,3.32
679.286,0.31,3.45,0.31,3.36
679.308,0.29,3.56,0.30,3.40
679.330,0.43,3.55,0.33,3.45
679.352,0.34,3.46,0.33,3.47
679.374,0.22,3.22,0.32,3.45
679.396,0.23,3.18,0.30,3.39
679.418,0.31,3.25,0.31,3.33
679.440,0.23,3.23,0.27,3.27
679.462,0.13,3.29,0.22,3.23
679.484,0.31,3.35,0.24,3.26
679.506,0.28,3.23,0.25,3.27
679.528,0.28,3.15,0.25,3.25
679.550,0.29,3.32,0.26,3.27
679.572,0.40,3.48,0.31,3.31
679.594,0.36,3.31,0.32,3.30
679.616,0.40,3.44,0.35,3.34
679.638,0.29,3.43,0.35,3.40
679.660,0.33,3.43,0.36,3.42
679.682,0.26,3.49,0.33,3.42
679.704,0.29,3.44,0.31,3.45
679.726,0.47,3.44,0.33,3.45
679.748,0.28,3.47,0.33,3.45
679.770,0.36,3.42,0.33,3.45
679.792,0.32,3.35,0.34,3.42
679.814,0.37,3.55,0.36,3.45
679.836,0.50,3.36,0.37,3.43
679.858,0.51,3.37,0.41,3.41
679.880,0.33,3.41,0.41,3.41
679.902,0.40,3.33,0.42,3.40
679.924,0.26,3.39,0.40,3.37
679.946,0.34,3.37,0.37,3.37
679.968,0.16,3.42,0.30,3.38
679.990,0.15,3.28,0.26,3.36
680.012,0.20,3.45,0.22,3.38
680.034,0.11,3.48,0.19,3.40
680.056,0.20,3.45,0.16,3.42
680.078,0.05,3.37,0.14,3.41
680.100,0.27,3.25,0.17,3.40
680.122,0.30,3.30,0.19,3.37
680.144,0.30,3.46,0.22,3.37
680.166,0.20,3.47,0.22,3.37
680.188,0.24,3.41,0.26,3.38
680.210,0.34,3.38,0.28,3.40
680.232,0.22,3.45,0.26,3.43
680.254,0.17,3.50,0.23,3.44
680.276,0.32,3.53,0.26,3.45
680.298,0.32,3.33,0.27,3.44
680.320,0.25,3.42,0.26,3.45
680.342,0.11,3.46,0.23,3.45
680.364,0.29,3.49,0.26,3.45
680.386,0.30,3.30,0.25,3.40
680.408,0.12,3.39,0.21,3.41
680.430,0.12,3.39,0.19,3.41
680.452,0.12,3.44,0.19,3.40
680.474,0.34,3.39,0.20,3.38
680.496,0.27,3.43,0.19,3.41
680.518,0.20,3.34,0.21,3.40
680.540,0.08,3.33,0.20,3.39
680.562,0.15,3.39,0.21,3.38
680.584,0.20,3.46,0.18,3.39
680.606,0.14,3.45,0.15,3.39
680.628,0.29,3.39,0.17,3.40
680.650,0.15,3.28,0.19,3.39
680.672,0.23,3.24,0.20,3.36
680.694,0.28,3.50,0.22,3.37
680.716,0.35,3.34,0.26,3.35
680.738,0.24,3.41,0.25,3.35
680.760,0.46,3.50,0.31,3.40
680.782,0.51,3.47,0.37,3.44
680.804,0.45,3.51,0.40,3.45
680.826,0.34,3.61,0.40,3.50
680.848,0.30,3.34,0.41,3.49
680.870,0.25,3.36,0.37,3.46
680.892,0.32,3.33,0.33,3.43
680.914,0.30,3.65,0.30,3.46
680.936,0.44,3.52,0.32,3.44
680.958,0.43,3.31,0.35,3.43
680.980,0.46,3.24,0.39,3.41
681.002,0.44,3.36,0.41,3.42
681.024,0.37,3.34,0.43,3.35
681.046,0.24,3.31,0.39,3.31
681.068,0.34,3.33,0.37,3.32
681.090,0.18,3.43,0.31,3.35
681.112,0.25,3.37,0.28,3.36
681.134,0.32,3.49,0.27,3.39
681.156,0.45,3.46,0.31,3.42
681.178,0.25,3.37,0.29,3.42
681.200,0.29,3.32,0.31,3.40
681.222,0.38,3.38,0.34,3.40
681.244,0.28,3.26,0.33,3.36
681.266,0.37,3.47,0.31,3.36
681.288,0.22,3.40,0.31,3.37
681.310,0.16,3.44,0.28,3.39
681.332,0.12,3.49,0.23,3.41
681.354,0.25,3.57,0.22,3.47
681.376,0.24,3.23,0.20,3.43
681.398,0.04,3.35,0.16,3.42
681.420,0.12,3.38,0.15,3.40
681.442,0.21,3.39,0.17,3.38
681.464,0.22,3.36,0.17,3.34
681.486,0.27,3.36,0.17,3.37
681.508,0.26,3.34,0.22,3.37
681.530,0.07,3.41,0.21,3.37
681.552,0.33,3.42,0.23,3.38
681.574,0.57,3.17,0.30,3.34
681.596,0.29,3.24,0.30,3.32
681.618,0.29,3.36,0.31,3.32
681.640,0.31,3.36,0.36,3.31
681.662,0.28,3.29,0.35,3.28
681.684,0.15,3.43,0.26,3.34
681.706,0.28,3.38,0.26,3.36
681.728,0.33,3.40,0.27,3.37
681.750,0.35,3.43,0.28,3.39
681.772,0.34,3.37,0.29,3.40
681.794,0.28,3.30,0.32,3.38
681.816,0.34,3.36,0.33,3.37
681.838,0.25,3.38,0.31,3.37
681.860,0.33,3.31,0.31,3.34
681.882,0.46,3.42,0.33,3.35
681.904,0.44,3.46,0.36,3.39
681.926,0.19,3.35,0.33,3.38
681.948,0.24,3.29,0.33,3.37
681.970,0.24,3.43,0.31,3.39
681.992,0.38,3.56,0.30,3.42
682.014,0.40,3.47,0.29,3.42
682.036,0.35,3.59,0.32,3.47
682.058,0.29,3.54,0.33,3.52
682.080,0.37,3.42,0.36,3.52
682.102,0.24,3.36,0.33,3.48
682.124,0.30,3.53,0.31,3.49
682.146,0.27,3.59,0.29,3.49
682.168,0.29,3.45,0.29,3.47
682.190,0.35,3.41,0.29,3.47
682.212,0.29,3.50,0.30,3.50
682.234,0.32,3.54,0.30,3.50
682.256,0.34,3.39,0.32,3.46
682.278,0.43,3.32,0.35,3.43
682.300,0.36,3.16,0.35,3.38
682.322,0.37,3.20,0.36,3.32
682.344,0.38,3.28,0.38,3.27
682.366,0.33,3.33,0.37,3.26
682.388,0.38,3.56,0.36,3.31
682.410,0.38,3.60,0.37,3.39
682.432,0.44,3.40,0.38,3.43
682.454,0.34,3.31,0.37,3.44
682.476,0.41,3.33,0.39,3.44
682.498,0.30,3.26,0.37,3.38
682.520,0.22,3.38,0.34,3.34
682.542,0.20,3.35,0.29,3.33
682.564,0.34,3.41,0.29,3.35
682.586,0.43,3.40,0.30,3.36
682.608,0.36,3.32,0.31,3.37
682.630,0.36,3.46,0.34,3.39
682.652,0.28,3.36,0.35,3.39
682.674,0.30,3.29,0.35,3.37
682.696,0.20,3.43,0.30,3.37
682.718,0.25,3.40,0.28,3.39
682.740,0.15,3.33,0.24,3.36
682.762,0.18,3.45,0.22,3.38
682.784,0.23,3.58,0.20,3.44
682.806,0.30,3.49,0.22,3.45
682.828,0.26,3.51,0.22,3.47
682.850,0.14,3.65,0.22,3.54
682.872,0.25,3.53,0.24,3.55
682.894,0.20,3.52,0.23,3.54
682.916,0.29,3.55,0.23,3.55
682.938,0.44,3.55,0.26,3.56
682.960,0.42,3.49,0.32,3.53
682.982,0.26,3.51,0.32,3.52
683.004,0.26,3.40,0.33,3.50
683.026,0.27,3.40,0.33,3.47
683.048,0.33,3.38,0.31,3.44
683.070,0.42,3.36,0.31,3.41
683.092,0.30,3.40,0.32,3.39
683.114,0.22,3.30,0.31,3.37
683.136,0.35,3.23,0.32,3.33
683.158,0.29,3.41,0.32,3.34
683.180,0.25,3.19,0.28,3.31
683.202,0.26,3.32,0.27,3.29
683.224,0.29,3.36,0.29,3.30
683.246,0.24,3.31,0.27,3.32
683.268,0.33,3.34,0.27,3.30
683.290,0.32,3.44,0.29,3.35
683.312,0.22,3.44,0.28,3.38
683.334,0.23,3.39,0.27,3.38
683.356,0.16,3.54,0.25,3.43
683.378,0.22,3.54,0.23,3.47
683.400,0.33,3.40,0.23,3.46
683.422,0.45,3.48,0.28,3.47
683.444,0.40,3.26,0.31,3.44
683.466,0.17,3.30,0.31,3.40
683.488,0.33,3.23,0.34,3.33
683.510,0.30,3.26,0.33,3.31
683.532,0.25,3.20,0.29,3.25
683.554,0.27,3.35,0.26,3.27
683.576,0.25,3.35,0.28,3.28
683.598,0.31,3.44,0.28,3.32
683.620,0.22,3.36,0.26,3.34
683.642,0.37,3.28,0.28,3.36
683.664,0.32,3.30,0.29,3.35
683.686,0.29,3.48,0.30,3.37
683.708,0.43,3.54,0.33,3.39
683.730,0.41,3.48,0.36,3.42
683.752,0.42,3.45,0.37,3.45
683.774,0.42,3.46,0.39,3.48
683.796,0.54,3.42,0.44,3.47
683.818,0.46,3.49,0.45,3.46
683.840,0.49,3.49,0.47,3.46
683.862,0.54,3.50,0.49,3.47
683.884,0.45,3.41,0.50,3.46
683.906,0.41,3.44,0.47,3.47
683.928,0.22,3.35,0.42,3.44
683.950,0.17,3.41,0.36,3.42
683.972,0.28,3.33,0.31,3.39
683.994,0.43,3.29,0.30,3.36
684.016,0.33,3.40,0.29,3.36
684.038,0.34,3.34,0.31,3.35
684.060,0.34,3.45,0.34,3.36
684.082,0.46,3.41,0.38,3.38
684.104,0.50,3.28,0.39,3.38
684.126,0.45,3.29,0.42,3.35
684.148,0.35,3.46,0.42,3.38
684.170,0.35,3.49,0.42,3.39
684.192,0.40,3.46,0.41,3.40
684.214,0.51,3.38,0.41,3.42
684.236,0.45,3.43,0.41,3.44
684.258,0.45,3.38,0.43,3.43
684.280,0.41,3.27,0.44,3.38
684.302,0.38,3.30,0.44,3.35
684.324,0.24,3.21,0.39,3.32
684.346,0.16,3.36,0.33,3.30
684.368,0.16,3.10,0.27,3.25
684.390,0.23,3.23,0.23,3.24
684.412,0.28,3.28,0.21,3.24
684.434,0.33,3.23,0.23,3.24
684.456,0.18,3.23,0.24,3.21
684.478,0.11,3.26,0.23,3.25
684.500,0.22,3.38,0.22,3.28
684.522,0.23,3.54,0.21,3.33
684.544,0.27,3.52,0.20,3.39
684.566,0.41,3.44,0.25,3.43
684.588,0.43,3.45,0.31,3.47
684.610,0.38,3.35,0.34,3.46
684.632,0.20,3.28,0.34,3.41
684.654,0.26,3.31,0.34,3.37
684.676,0.33,3.40,0.32,3.36
684.698,0.24,3.30,0.28,3.33
684.720,0.30,3.14,0.27,3.29
684.742,0.39,3.14,0.30,3.26
684.764,0.28,3.12,0.31,3.22
684.786,0.39,3.42,0.32,3.22
684.808,0.37,3.42,0.35,3.25
684.830,0.35,3.40,0.36,3.30
684.852,0.43,3.41,0.36,3.35
684.874,0.47,3.49,0.40,3.43
684.896,0.41,3.57,0.41,3.46
684.918,0.37,3.49,0.41,3.47
684.940,0.18,3.41,0.37,3.47
684.962,0.23,3.30,0.33,3.45
684.984,0.15,3.45,0.27,3.44
685.006,0.18,3.38,0.22,3.41
685.028,0.21,3.45,0.19,3.40
685.050,0.22,3.29,0.20,3.37
685.072,0.26,3.47,0.20,3.41
685.094,0.42,3.31,0.26,3.38
685.116,0.40,3.24,0.30,3.35
685.138,0.28,3.30,0.32,3.32
685.160,0.33,3.43,0.34,3.35
685.182,0.43,3.15,0.37,3.29
685.204,0.34,3.35,0.36,3.29
685.226,0.26,3.32,0.33,3.31
685.248,0.09,3.34,0.29,3.32
685.270,0.10,3.32,0.24,3.30
685.292,0.22,3.42,0.20,3.35
685.314,0.25,3.45,0.18,3.37
685.336,0.36,3.44,0.20,3.39
685.358,0.26,3.38,0.24,3.40
685.380,0.27,3.31,0.27,3.40
685.402,0.38,3.16,0.30,3.35
685.424,0.47,3.23,0.35,3.30
685.446,0.36,3.10,0.35,3.24
685.468,0.23,3.11,0.34,3.18
685.490,0.32,3.18,0.35,3.16
685.512,0.28,3.10,0.33,3.14
685.534,0.33,3.12,0.30,3.12
685.556,0.24,3.34,0.28,3.17
685.578,0.30,3.41,0.29,3.23
685.600,0.39,3.37,0.31,3.27
685.622,0.46,3.46,0.34,3.34
685.644,0.47,3.47,0.37,3.41
685.666,0.44,3.49,0.41,3.44
685.688,0.33,3.44,0.42,3.45
685.710,0.27,3.52,0.39,3.48
685.732,0.35,3.46,0.37,3.48
685.754,0.28,3.54,0.33,3.49
685.776,0.45,3.38,0.34,3.47
685.798,0.33,3.35,0.34,3.45
685.820,0.35,3.31,0.35,3.41
685.842,0.29,3.43,0.34,3.40
685.864,0.29,3.44,0.34,3.38
685.886,0.28,3.37,0.31,3.38
685.908,0.16,3.46,0.27,3.40
685.930,0.27,3.49,0.26,3.44
685.952,0.34,3.57,0.27,3.47
685.974,0.45,3.45,0.30,3.47
685.996,0.41,3.35,0.33,3.46
686.018,0.44,3.23,0.38,3.42
686.040,0.34,3.29,0.40,3.38
686.062,0.23,3.28,0.37,3.32
686.084,0.13,3.35,0.31,3.30
686.106,0.21,3.26,0.27,3.28
686.128,0.19,3.37,0.22,3.31
686.150,0.34,3.23,0.22,3.30
686.172,0.35,3.24,0.24,3.29
686.194,0.53,3.27,0.32,3.27
686.216,0.42,3.39,0.37,3.30
686.238,0.38,3.48,0.40,3.32
686.260,0.41,3.29,0.42,3.33
686.282,0.29,3.07,0.41,3.30
686.304,0.34,3.23,0.37,3.29
686.326,0.38,3.36,0.36,3.29
686.348,0.22,3.55,0.33,3.30
686.370,0.25,3.51,0.30,3.34
686.392,0.23,3.67,0.28,3.46
686.414,0.36,3.44,0.29,3.51
686.436,0.39,3.30,0.29,3.49
686.458,0.30,3.31,0.31,3.45
686.480,0.25,3.18,0.31,3.38
686.502,0.30,3.27,0.32,3.30
686.524,0.31,3.40,0.31,3.29
686.546,0.25,3.20,0.28,3.27
686.568,0.34,3.33,0.29,3.28
686.590,0.24,3.33,0.29,3.31
686.612,0.36,3.32,0.30,3.32
686.634,0.32,3.17,0.30,3.27
686.656,0.24,3.14,0.30,3.26
686.678,0.26,3.22,0.28,3.24
686.700,0.24,3.23,0.28,3.22
686.722,0.27,3.46,0.27,3.24
686.744,0.33,3.38,0.27,3.29
686.766,0.25,3.27,0.27,3.31
686.788,0.30,3.27,0.28,3.32
686.810,0.35,3.22,0.30,3.32
686.832,0.38,3.29,0.32,3.29
686.854,0.29,3.24,0.31,3.26
686.876,0.32,3.19,0.33,3.24
686.898,0.28,3.15,0.32,3.22
686.920,0.39,3.26,0.33,3.23
686.942,0.25,3.37,0.31,3.24
686.964,0.23,3.44,0.29,3.28
686.986,0.21,3.34,0.27,3.31
687.008,0.31,3.38,0.28,3.36
687.030,0.32,3.35,0.26,3.38
687.052,0.11,3.39,0.24,3.38
687.074,0.15,3.35,0.22,3.36
687.096,0.29,3.58,0.24,3.41
687.118,0.45,3.42,0.26,3.42
687.140,0.25,3.36,0.25,3.42
687.162,0.14,3.31,0.26,3.40
687.184,0.28,3.29,0.28,3.39
687.206,0.44,3.33,0.31,3.34
687.228,0.53,3.34,0.33,3.33
687.250,0.45,3.33,0.37,3.32
687.272,0.34,3.40,0.41,3.34
687.294,0.37,3.32,0.43,3.34
687.316,0.35,3.28,0.41,3.33
687.338,0.33,3.29,0.37,3.32
687.360,0.33,3.26,0.34,3.31
687.382,0.27,3.20,0.33,3.27
687.404,0.51,3.25,0.36,3.26
687.426,0.53,3.35,0.39,3.27
687.448,0.42,3.26,0.41,3.26
687.470,0.23,3.14,0.39,3.24
687.492,0.26,3.20,0.39,3.24
687.514,0.24,3.30,0.34,3.25
687.536,0.23,3.32,0.28,3.24
687.558,0.33,3.35,0.26,3.26
687.580,0.34,3.35,0.28,3.30
687.602,0.33,3.36,0.29,3.34
687.624,0.27,3.35,0.30,3.35
687.646,0.25,3.40,0.30,3.36
687.668,0.30,3.44,0.30,3.38
687.690,0.37,3.27,0.30,3.36
687.712,0.30,3.32,0.30,3.36
687.734,0.34,3.26,0.31,3.34
687.756,0.39,3.27,0.34,3.31
687.778,0.40,3.17,0.36,3.26
687.800,0.44,3.34,0.37,3.27
687.822,0.35,3.32,0.38,3.27
687.844,0.41,3.31,0.40,3.28
687.866,0.45,3.35,0.41,3.30
687.888,0.27,3.35,0.38,3.33
687.910,0.16,3.25,0.33,3.32
687.932,0.19,3.27,0.30,3.31
687.954,0.18,3.29,0.25,3.30
687.976,0.23,3.32,0.21,3.30
687.998,0.23,3.48,0.20,3.32
688.020,0.13,3.39,0.19,3.35
688.042,0.03,3.40,0.16,3.38
688.064,0.16,3.48,0.16,3.41
688.086,0.22,3.32,0.15,3.41
688.108,0.22,3.33,0.15,3.38
688.130,0.20,3.29,0.17,3.36
688.152,0.35,3.38,0.23,3.36
688.174,0.42,3.29,0.28,3.32
688.196,0.48,3.26,0.33,3.31
688.218,0.34,3.24,0.36,3.29
688.240,0.36,3.33,0.39,3.30
688.262,0.23,3.38,0.37,3.30
688.284,0.34,3.42,0.35,3.33
688.306,0.34,3.34,0.32,3.34
688.328,0.29,3.30,0.31,3.35
688.350,0.29,3.27,0.30,3.34
688.372,0.23,3.26,0.30,3.32
688.394,0.37,3.35,0.30,3.30
688.416,0.38,3.44,0.31,3.32
688.438,0.35,3.48,0.32,3.36
688.460,0.43,3.41,0.35,3.39
688.482,0.39,3.47,0.38,3.43
688.504,0.32,3.43,0.37,3.45
688.526,0.40,3.45,0.38,3.45
688.548,0.39,3.34,0.39,3.42
688.570,0.24,3.41,0.35,3.42
688.592,0.22,3.25,0.31,3.38
688.614,0.30,3.46,0.31,3.38
688.636,0.09,3.17,0.25,3.33
688.658,0.20,3.10,0.21,3.28
688.680,0.37,3.28,0.24,3.25
688.702,0.38,3.17,0.27,3.24
688.724,0.28,3.22,0.26,3.19
688.746,0.28,3.35,0.30,3.22
688.768,0.29,3.52,0.32,3.31
688.790,0.45,3.49,0.34,3.35
688.812,0.32,3.41,0.32,3.40
688.834,0.39,3.33,0.35,3.42
688.856,0.39,3.32,0.37,3.41
688.878,0.38,3.41,0.39,3.39
688.900,0.22,3.44,0.34,3.38
688.922,0.40,3.36,0.36,3.37
688.944,0.41,3.42,0.36,3.39
688.966,0.36,3.26,0.35,3.38
688.988,0.36,3.19,0.35,3.33
689.010,0.34,3.28,0.37,3.30
689.032,0.22,3.34,0.34,3.30
689.054,0.29,3.20,0.31,3.25
689.076,0.33,3.21,0.31,3.24
689.098,0.34,3.15,0.30,3.24
689.120,0.18,3.36,0.27,3.25
689.142,0.19,3.45,0.27,3.27
689.164,0.32,3.40,0.27,3.31
689.186,0.36,3.41,0.28,3.35
689.208,0.38,3.31,0.29,3.39
689.230,0.29,3.31,0.31,3.38
689.252,0.26,3.43,0.32,3.37
689.274,0.31,3.45,0.32,3.38
689.296,0.32,3.37,0.31,3.37
689.318,0.42,3.39,0.32,3.39
689.340,0.39,3.35,0.34,3.40
689.362,0.27,3.34,0.34,3.38
689.384,0.38,3.29,0.36,3.35
689.406,0.34,3.37,0.36,3.35
689.428,0.18,3.48,0.31,3.37
689.450,0.23,3.50,0.28,3.40
689.472,0.28,3.43,0.28,3.41
689.494,0.26,3.38,0.26,3.43
689.516,0.42,3.34,0.27,3.43
689.538,0.31,3.24,0.30,3.38
689.560,0.28,3.16,0.31,3.31
689.582,0.31,3.20,0.32,3.26
689.604,0.34,3.24,0.33,3.24
689.626,0.23,3.31,0.29,3.23
689.648,0.19,3.21,0.27,3.22
689.670,0.08,3.18,0.23,3.23
689.692,0.25,3.31,0.22,3.25
689.714,0.19,3.40,0.19,3.28
689.736,0.20,3.36,0.18,3.29
689.758,0.19,3.17,0.18,3.28
689.780,0.31,3.06,0.23,3.26
689.802,0.32,3.20,0.24,3.24
689.824,0.29,3.24,0.26,3.21
689.846,0.41,3.33,0.30,3.20
689.868,0.30,3.29,0.33,3.22
689.890,0.36,3.49,0.34,3.31
689.912,0.40,3.36,0.35,3.34
689.934,0.35,3.38,0.36,3.37
689.956,0.20,3.47,0.32,3.40
689.978,0.24,3.36,0.31,3.41
690.000,0.35,3.23,0.31,3.36
690.022,0.18,3.28,0.26,3.34
690.044,0.22,3.57,0.24,3.38
690.066,0.20,3.36,0.24,3.36
690.088,0.29,3.45,0.25,3.38
690.110,0.26,3.58,0.23,3.45
690.132,0.40,3.56,0.27,3.50
690.154,0.35,3.59,0.30,3.51
690.176,0.51,3.52,0.36,3.54
690.198,0.46,3.41,0.40,3.53
690.220,0.38,3.34,0.42,3.48
690.242,0.44,3.32,0.43,3.44
690.264,0.32,3.42,0.42,3.40
690.286,0.23,3.41,0.37,3.38
690.308,0.30,3.42,0.33,3.38
690.330,0.47,3.36,0.35,3.39
690.352,0.33,3.56,0.33,3.43
690.374,0.27,3.50,0.32,3.45
690.396,0.36,3.42,0.35,3.45
690.418,0.30,3.29,0.35,3.43
690.440,0.33,3.38,0.32,3.43
690.462,0.35,3.43,0.32,3.40
690.484,0.21,3.31,0.31,3.37
690.506,0.36,3.34,0.31,3.35
690.528,0.48,3.39,0.35,3.37
690.550,0.38,3.44,0.36,3.38
690.572,0.32,3.40,0.35,3.38
690.594,0.36,3.28,0.38,3.37
690.616,0.24,3.47,0.36,3.40
690.638,0.39,3.58,0.34,3.43
690.660,0.22,3.53,0.31,3.45
690.682,0.30,3.65,0.30,3.50
690.704,0.23,3.46,0.28,3.54
690.726,0.19,3.38,0.27,3.52
690.748,0.28,3.26,0.24,3.46
690.770,0.34,3.46,0.27,3.44
690.792,0.17,3.35,0.24,3.38
690.814,0.27,3.29,0.25,3.35
690.836,0.16,3.38,0.24,3.35
690.858,0.16,3.27,0.22,3.35
690.880,0.30,3.23,0.21,3.30
690.902,0.33,3.25,0.24,3.28
690.924,0.19,3.41,0.23,3.31
690.946,0.18,3.38,0.23,3.31
690.968,0.26,3.47,0.25,3.35
690.990,0.18,3.39,0.23,3.38
691.012,0.29,3.25,0.22,3.38
691.034,0.39,3.24,0.26,3.35
691.056,0.43,3.24,0.31,3.32
691.078,0.38,3.24,0.33,3.27
691.100,0.35,3.27,0.37,3.25
691.122,0.34,3.12,0.38,3.22
691.144,0.29,3.06,0.36,3.19
691.166,0.29,3.11,0.33,3.16
691.188,0.35,3.16,0.32,3.14
691.210,0.29,3.26,0.31,3.14
691.232,0.23,3.36,0.29,3.19
691.254,0.34,3.29,0.30,3.24
691.276,0.31,3.30,0.30,3.27
691.298,0.43,3.23,0.32,3.29
691.320,0.37,3.20,0.34,3.28
691.342,0.36,3.18,0.36,3.24
691.364,0.45,3.20,0.38,3.22
691.386,0.27,3.46,0.38,3.25
691.408,0.29,3.37,0.35,3.28
691.430,0.24,3.36,0.32,3.31
691.452,0.19,3.33,0.29,3.34
691.474,0.26,3.42,0.25,3.39
691.496,0.36,3.34,0.27,3.36
691.518,0.36,3.36,0.28,3.36
691.540,0.23,3.35,0.28,3.36
691.562,0.35,3.42,0.31,3.38
691.584,0.26,3.45,0.31,3.38
691.606,0.43,3.40,0.33,3.40
691.628,0.28,3.40,0.31,3.40
691.650,0.34,3.45,0.33,3.42
691.672,0.21,3.54,0.30,3.45
691.694,0.19,3.47,0.29,3.45
691.716,0.12,3.44,0.23,3.46
691.738,0.06,3.39,0.18,3.46
691.760,0.15,3.42,0.15,3.45
691.782,0.19,3.39,0.14,3.42
691.804,0.34,3.41,0.17,3.41
691.826,0.34,3.44,0.22,3.41
691.848,0.36,3.31,0.28,3.39
691.870,0.26,3.23,0.30,3.36
691.892,0.15,3.14,0.29,3.31
691.914,0.20,3.35,0.26,3.29
691.936,0.32,3.22,0.26,3.25
691.958,0.33,3.28,0.25,3.24
691.980,0.26,3.33,0.25,3.26
692.002,0.29,3.48,0.28,3.33
692.024,0.34,3.36,0.31,3.33
692.046,0.40,3.40,0.32,3.37
692.068,0.42,3.40,0.34,3.39
692.090,0.33,3.37,0.36,3.40
692.112,0.33,3.42,0.36,3.39
692.134,0.24,3.55,0.34,3.43
692.156,0.32,3.59,0.33,3.47
692.178,0.30,3.49,0.30,3.48
692.200,0.26,3.37,0.29,3.48
692.222,0.31,3.29,0.29,3.46
692.244,0.21,3.33,0.28,3.41
692.266,0.27,3.42,0.27,3.38
692.288,0.21,3.38,0.25,3.36
692.310,0.27,3.47,0.25,3.38
692.332,0.41,3.40,0.27,3.40
692.354,0.37,3.44,0.31,3.42
692.376,0.46,3.30,0.34,3.40
692.398,0.38,3.21,0.38,3.36
692.420,0.33,3.36,0.39,3.34
692.442,0.32,3.42,0.37,3.35
692.464,0.29,3.44,0.36,3.35
692.486,0.51,3.50,0.37,3.39
692.508,0.44,3.28,0.38,3.40
692.530,0.27,3.25,0.37,3.38
692.552,0.44,3.31,0.39,3.36
692.574,0.24,3.24,0.38,3.32
692.596,0.16,3.37,0.31,3.29
692.618,0.33,3.27,0.29,3.29
692.640,0.37,3.36,0.31,3.31
692.662,0.29,3.42,0.28,3.33
692.684,0.31,3.23,0.29,3.33
692.706,0.29,3.10,0.32,3.28
692.728,0.18,3.20,0.29,3.26
692.750,0.24,3.24,0.26,3.24
692.772,0.16,3.28,0.24,3.21
692.794,0.18,3.38,0.21,3.24
692.816,0.33,3.21,0.22,3.26
692.838,0.19,3.38,0.22,3.30
692.860,0.26,3.37,0.22,3.32
692.882,0.38,3.34,0.27,3.34
692.904,0.31,3.37,0.29,3.33
692.926,0.25,3.38,0.28,3.37
692.948,0.23,3.21,0.29,3.33
692.970,0.28,3.39,0.29,3.34
692.992,0.42,3.34,0.30,3.34
693.014,0.39,3.42,0.31,3.35
693.036,0.45,3.51,0.35,3.37
693.058,0.17,3.52,0.34,3.44
693.080,0.19,3.48,0.32,3.45
693.102,0.21,3.41,0.28,3.47
693.124,0.28,3.31,0.26,3.45
693.146,0.28,3.53,0.23,3.45
693.168,0.37,3.37,0.27,3.42
693.190,0.46,3.19,0.32,3.36
693.212,0.38,3.28,0.35,3.34
693.234,0.40,3.41,0.38,3.36
693.256,0.49,3.32,0.42,3.31
693.278,0.26,3.45,0.40,3.33
693.300,0.33,3.41,0.37,3.37
693.322,0.41,3.28,0.38,3.37
693.344,0.42,3.30,0.38,3.35
693.366,0.31,3.28,0.35,3.34
693.388,0.33,3.29,0.36,3.31
693.410,0.23,3.43,0.34,3.32
693.432,0.30,3.27,0.32,3.31
693.454,0.26,3.36,0.29,3.33
693.476,0.24,3.41,0.27,3.35
693.498,0.37,3.49,0.28,3.39
693.520,0.43,3.38,0.32,3.38
693.542,0.37,3.44,0.33,3.42
693.564,0.42,3.56,0.37,3.46
693.586,0.39,3.55,0.40,3.48
693.608,0.46,3.43,0.41,3.47
693.630,0.23,3.21,0.37,3.44
693.652,0.17,3.21,0.33,3.39
693.674,0.22,3.20,0.29,3.32
693.696,0.25,3.24,0.27,3.26
693.718,0.13,3.36,0.20,3.24
693.740,0.30,3.36,0.21,3.27
693.762,0.20,3.39,0.22,3.31
693.784,0.15,3.19,0.21,3.31
693.806,0.31,3.27,0.22,3.31
693.828,0.38,3.29,0.27,3.30
693.850,0.32,3.32,0.27,3.29
693.872,0.29,3.21,0.29,3.26
693.894,0.28,3.31,0.32,3.28
693.916,0.30,3.25,0.31,3.28
693.938,0.40,3.22,0.32,3.26
693.960,0.30,3.23,0.31,3.24
693.982,0.33,3.31,0.32,3.26
694.004,0.39,3.23,0.34,3.25
694.026,0.38,3.23,0.36,3.24
694.048,0.39,3.30,0.36,3.26
694.070,0.29,3.34,0.36,3.28
694.092,0.17,3.32,0.32,3.28
694.114,0.19,3.47,0.28,3.33
694.136,0.32,3.37,0.27,3.36
694.158,0.28,3.40,0.25,3.38
694.180,0.22,3.23,0.24,3.36
694.202,0.30,3.30,0.26,3.35
694.224,0.39,3.41,0.30,3.34
694.246,0.32,3.38,0.30,3.34
694.268,0.38,3.49,0.32,3.36
694.290,0.44,3.46,0.37,3.41
694.312,0.35,3.42,0.38,3.43
694.334,0.25,3.46,0.35,3.44
694.356,0.15,3.38,0.31,3.44
694.378,0.20,3.38,0.28,3.42
694.400,0.20,3.36,0.23,3.40
694.422,0.09,3.44,0.18,3.40
694.444,0.04,3.38,0.14,3.39
694.466,0.10,3.22,0.13,3.36
694.488,0.19,3.40,0.12,3.36
694.510,0.21,3.54,0.13,3.40
694.532,0.36,3.69,0.18,3.45
694.554,0.37,3.51,0.25,3.47
694.576,0.08,3.36,0.24,3.50
694.598,0.09,3.32,0.22,3.48
694.620,0.22,3.37,0.22,3.45
694.642,0.33,3.48,0.22,3.41
694.664,0.37,3.37,0.22,3.38
694.686,0.40,3.39,0.28,3.39
694.708,0.38,3.28,0.34,3.38
694.730,0.31,3.32,0.36,3.37
694.752,0.21,3.26,0.33,3.32
694.774,0.28,3.26,0.32,3.30
694.796,0.22,3.20,0.28,3.26
694.818,0.27,3.26,0.26,3.26
694.840,0.28,3.27,0.25,3.25
694.862,0.32,3.29,0.27,3.26
694.884,0.31,3.30,0.28,3.26
694.906,0.37,3.30,0.31,3.28
694.928,0.55,3.23,0.37,3.28
694.950,0.46,3.31,0.40,3.29
694.972,0.31,3.50,0.40,3.33
694.994,0.35,3.41,0.41,3.35
695.016,0.42,3.47,0.42,3.38
695.038,0.46,3.59,0.40,3.46
695.060,0.40,3.34,0.39,3.46
695.082,0.47,3.26,0.42,3.41
695.104,0.47,3.28,0.44,3.39
695.126,0.51,3.27,0.46,3.35
695.148,0.50,3.15,0.47,3.26
695.170,0.27,3.08,0.44,3.21
695.192,0.32,3.12,0.41,3.18
695.214,0.16,3.29,0.35,3.18
695.236,0.28,3.39,0.31,3.21
695.258,0.17,3.53,0.24,3.28
695.280,0.26,3.58,0.24,3.38
695.302,0.39,3.62,0.25,3.48
695.324,0.42,3.43,0.30,3.51
695.346,0.40,3.43,0.33,3.52
695.368,0.27,3.50,0.35,3.51
695.390,0.23,3.42,0.34,3.48
695.412,0.16,3.38,0.30,3.43
695.434,0.20,3.52,0.25,3.45
695.456,0.13,3.40,0.20,3.44
695.478,0.13,3.44,0.17,3.43
695.500,0.14,3.25,0.15,3.40
695.522,0.26,3.32,0.17,3.39
695.544,0.32,3.33,0.20,3.35
695.566,0.40,3.46,0.25,3.36
695.588,0.41,3.28,0.31,3.33
695.610,0.35,3.40,0.35,3.36
695.632,0.25,3.47,0.35,3.39
695.654,0.15,3.46,0.31,3.41
695.676,0.21,3.38,0.27,3.40
695.698,0.22,3.35,0.24,3.41
695.720,0.16,3.35,0.20,3.40
695.742,0.18,3.32,0.18,3.37
695.764,0.31,3.42,0.22,3.36
695.786,0.21,3.52,0.22,3.39
695.808,0.28,3.42,0.23,3.41
695.830,0.38,3.35,0.27,3.41
695.852,0.29,3.40,0.29,3.42
695.874,0.20,3.24,0.27,3.39
695.896,0.19,3.42,0.27,3.37
695.918,0.25,3.50,0.26,3.38
695.940,0.37,3.64,0.26,3.44
695.962,0.34,3.59,0.27,3.48
695.984,0.37,3.53,0.30,3.54
696.006,0.26,3.40,0.32,3.53
696.028,0.32,3.42,0.33,3.52
696.050,0.38,3.42,0.33,3.47
696.072,0.37,3.38,0.34,3.43
696.094,0.30,3.34,0.33,3.39
696.116,0.34,3.37,0.34,3.39
696.138,0.30,3.41,0.34,3.38
696.160,0.31,3.24,0.32,3.35
696.182,0.29,3.48,0.31,3.37
696.204,0.32,3.53,0.31,3.41
696.226,0.49,3.45,0.34,3.42
696.248,0.37,3.37,0.36,3.41
696.270,0.26,3.22,0.35,3.41
696.292,0.23,3.29,0.33,3.37
696.314,0.27,3.19,0.32,3.30
696.336,0.25,3.30,0.28,3.27
696.358,0.37,3.34,0.28,3.27
696.380,0.41,3.14,0.31,3.25
696.402,0.38,3.08,0.34,3.21
696.424,0.34,3.31,0.35,3.23
696.446,0.20,3.37,0.34,3.25
696.468,0.33,3.43,0.33,3.27
696.490,0.38,3.43,0.33,3.32
696.512,0.64,3.40,0.38,3.39
696.534,0.52,3.41,0.41,3.41
696.556,0.38,3.31,0.45,3.40
696.578,0.32,3.41,0.45,3.39
696.600,0.31,3.37,0.43,3.38
696.622,0.42,3.36,0.39,3.37
696.644,0.43,3.34,0.37,3.36
696.666,0.49,3.36,0.39,3.37
696.688,0.50,3.24,0.43,3.33
696.710,0.41,3.39,0.45,3.34
696.732,0.35,3.32,0.44,3.33
696.754,0.28,3.36,0.41,3.33
696.776,0.32,3.33,0.37,3.33
696.798,0.29,3.28,0.33,3.34
696.820,0.18,3.23,0.28,3.30
696.842,0.21,3.27,0.26,3.29
696.864,0.33,3.21,0.27,3.26
696.886,0.43,3.31,0.29,3.26
696.908,0.38,3.24,0.31,3.25
696.930,0.27,3.13,0.32,3.23
696.952,0.26,3.16,0.33,3.21
696.974,0.18,3.22,0.30,3.21
696.996,0.37,3.33,0.29,3.22
697.018,0.45,3.30,0.31,3.23
697.040,0.44,3.33,0.34,3.27
697.062,0.43,3.39,0.37,3.31
697.084,0.31,3.43,0.40,3.36
697.106,0.25,3.31,0.38,3.35
697.128,0.20,3.30,0.33,3.35
697.150,0.28,3.55,0.29,3.40
697.172,0.26,3.56,0.26,3.43
697.194,0.22,3.60,0.24,3.46
697.216,0.30,3.44,0.25,3.49
697.238,0.20,3.31,0.25,3.49
697.260,0.21,3.08,0.24,3.40
697.282,0.34,3.19,0.25,3.32
697.304,0.38,3.23,0.29,3.25
697.326,0.40,3.09,0.31,3.18
697.348,0.41,3.14,0.35,3.15
697.370,0.54,3.16,0.41,3.16
697.392,0.42,3.21,0.43,3.17
697.414,0.35,3.15,0.42,3.15
697.436,0.28,3.24,0.40,3.18
697.458,0.32,3.43,0.38,3.24
697.480,0.36,3.44,0.35,3.29
697.502,0.37,3.35,0.34,3.32
697.524,0.39,3.41,0.34,3.37
697.546,0.34,3.49,0.36,3.42
697.568,0.43,3.43,0.38,3.42
697.590,0.40,3.34,0.39,3.40
697.612,0.46,3.43,0.40,3.42
697.634,0.41,3.44,0.41,3.43
697.656,0.35,3.41,0.41,3.41
697.678,0.34,3.47,0.39,3.42
697.700,0.33,3.45,0.38,3.44
697.722,0.17,3.47,0.32,3.45
697.744,0.38,3.41,0.31,3.44
697.766,0.38,3.42,0.32,3.44
697.788,0.28,3.28,0.31,3.41
697.810,0.36,3.22,0.31,3.36
697.832,0.24,3.31,0.33,3.33
697.854,0.42,3.30,0.34,3.31
697.876,0.30,3.28,0.32,3.28
697.898,0.16,3.37,0.30,3.30
697.920,0.12,3.33,0.25,3.32
697.942,0.20,3.33,0.24,3.32
697.964,0.24,3.44,0.20,3.35
697.986,0.34,3.41,0.21,3.38
698.008,0.31,3.36,0.24,3.37
698.030,0.39,3.41,0.30,3.39
698.052,0.20,3.22,0.30,3.37
698.074,0.18,3.18,0.28,3.32
698.096,0.29,3.17,0.27,3.27
698.118,0.17,3.24,0.25,3.24
698.140,0.14,3.21,0.20,3.20
698.162,0.15,3.29,0.19,3.22
698.184,0.28,3.27,0.21,3.24
698.206,0.21,3.39,0.19,3.28
698.228,0.31,3.58,0.22,3.35
698.250,0.42,3.40,0.27,3.39
698.272,0.35,3.37,0.31,3.40
698.294,0.38,3.57,0.33,3.46
698.316,0.20,3.26,0.33,3.44
698.338,0.12,3.22,0.29,3.36
698.360,0.34,3.30,0.28,3.34
698.382,0.34,3.44,0.28,3.36
698.404,0.40,3.39,0.28,3.32
698.426,0.51,3.45,0.34,3.36
698.448,0.32,3.42,0.38,3.40
698.470,0.36,3.42,0.39,3.42
698.492,0.33,3.35,0.38,3.41
698.514,0.43,3.47,0.39,3.42
698.536,0.29,3.53,0.35,3.44
698.558,0.19,3.49,0.32,3.45
698.580,0.19,3.36,0.29,3.44
698.602,0.28,3.29,0.28,3.43
698.624,0.17,3.29,0.22,3.39
698.646,0.17,3.25,0.20,3.34
698.668,0.28,3.48,0.22,3.33
698.690,0.31,3.43,0.24,3.35
698.712,0.45,3.44,0.28,3.38
698.734,0.44,3.24,0.33,3.37
698.756,0.40,3.51,0.38,3.42
698.778,0.43,3.39,0.41,3.40
698.800,0.28,3.56,0.40,3.43
698.822,0.23,3.49,0.36,3.44
698.844,0.30,3.38,0.33,3.47
698.866,0.34,3.42,0.32,3.45
698.888,0.44,3.26,0.32,3.42
698.910,0.40,3.24,0.34,3.36
698.932,0.23,3.28,0.34,3.32
698.954,0.19,3.29,0.32,3.30
698.976,0.21,3.35,0.29,3.28
698.998,0.29,3.38,0.26,3.31
699.020,0.24,3.38,0.23,3.34
699.042,0.24,3.31,0.23,3.34
699.064,0.22,3.41,0.24,3.37
699.086,0.27,3.46,0.25,3.39
699.108,0.35,3.29,0.26,3.37
699.130,0.48,3.32,0.31,3.36
699.152,0.42,3.49,0.35,3.39
699.174,0.53,3.42,0.41,3.40
699.196,0.43,3.26,0.44,3.36
699.218,0.49,3.44,0.47,3.39
699.240,0.29,3.39,0.43,3.40
699.262,0.39,3.28,0.43,3.36
699.284,0.42,3.22,0.40,3.32
699.306,0.22,3.24,0.36,3.31
699.328,0.33,3.22,0.33,3.27
699.350,0.27,3.04,0.33,3.20
699.372,0.23,3.07,0.29,3.16
699.394,0.46,3.19,0.30,3.15
699.416,0.33,3.26,0.32,3.16
699.438,0.28,3.44,0.31,3.20
699.460,0.26,3.39,0.31,3.27
699.482,0.32,3.47,0.33,3.35
699.504,0.30,3.48,0.30,3.41
699.526,0.29,3.39,0.29,3.43
699.548,0.24,3.44,0.28,3.43
699.570,0.31,3.30,0.29,3.42
699.592,0.44,3.33,0.32,3.39
699.614,0.42,3.42,0.34,3.38
699.636,0.41,3.49,0.36,3.40
699.658,0.32,3.38,0.38,3.38
699.680,0.29,3.47,0.38,3.42
699.702,0.40,3.69,0.37,3.49
699.724,0.46,3.45,0.38,3.50
699.746,0.34,3.29,0.36,3.46
699.768,0.34,3.34,0.37,3.45
699.790,0.36,3.28,0.38,3.41
699.812,0.34,3.33,0.37,3.34
699.834,0.37,3.47,0.35,3.34
699.856,0.27,3.49,0.34,3.38
699.878,0.19,3.44,0.31,3.40
699.900,0.20,3.28,0.27,3.40
699.922,0.26,3.29,0.26,3.39
699.944,0.34,3.20,0.25,3.34
699.966,0.31,3.36,0.26,3.31
699.988,0.44,3.24,0.31,3.27
700.010,0.40,3.21,0.35,3.26
700.032,0.42,3.43,0.38,3.29
700.054,0.23,3.47,0.36,3.34
700.076,0.22,3.27,0.34,3.32
700.098,0.15,3.16,0.28,3.31
700.120,0.23,3.27,0.25,3.32
700.142,0.31,3.25,0.23,3.28
700.164,0.41,3.34,0.26,3.26
700.186,0.32,3.40,0.28,3.28
700.208,0.37,3.41,0.33,3.33
700.230,0.34,3.25,0.35,3.33
700.252,0.47,3.21,0.38,3.32
700.274,0.51,3.23,0.40,3.30
700.296,0.39,3.23,0.42,3.27
700.318,0.15,3.35,0.37,3.25
700.340,0.37,3.21,0.38,3.25
700.362,0.40,3.25,0.36,3.25
700.384,0.18,3.29,0.30,3.27
700.406,0.18,3.22,0.26,3.26
700.428,0.12,3.20,0.25,3.23
700.450,0.25,3.25,0.23,3.24
700.472,0.30,3.30,0.21,3.25
700.494,0.20,3.22,0.21,3.24
700.516,0.12,3.34,0.20,3.26
700.538,0.17,3.38,0.21,3.30
700.560,0.16,3.15,0.19,3.28
700.582,0.16,3.19,0.16,3.26
700.604,0.28,3.15,0.18,3.24
700.626,0.35,3.39,0.22,3.25
700.648,0.44,3.48,0.28,3.27
700.670,0.34,3.44,0.31,3.33
700.692,0.22,3.35,0.33,3.36
700.714,0.17,3.34,0.30,3.40
700.736,0.08,3.29,0.25,3.38
700.758,0.32,3.25,0.23,3.33
700.780,0.39,3.27,0.24,3.30
700.802,0.37,3.25,0.27,3.28
700.824,0.32,3.22,0.30,3.26
700.846,0.28,3.27,0.34,3.25
700.868,0.19,3.34,0.31,3.27
700.890,0.32,3.41,0.30,3.30
700.912,0.26,3.40,0.27,3.33
700.934,0.26,3.25,0.26,3.33
700.956,0.31,3.23,0.27,3.33
700.978,0.20,3.39,0.27,3.34
701.000,0.33,3.38,0.27,3.33
701.022,0.32,3.49,0.28,3.35
701.044,0.46,3.43,0.32,3.38
701.066,0.48,3.47,0.36,3.43
701.088,0.40,3.47,0.40,3.45
701.110,0.22,3.36,0.38,3.44
701.132,0.16,3.44,0.34,3.43
701.154,0.17,3.55,0.29,3.46
701.176,0.34,3.30,0.26,3.42
701.198,0.29,3.31,0.24,3.39
701.220,0.26,3.36,0.24,3.39
701.242,0.35,3.28,0.28,3.36
701.264,0.27,3.31,0.30,3.31
701.286,0.38,3.17,0.31,3.29
701.308,0.32,3.30,0.32,3.28
701.330,0.41,3.24,0.35,3.26
701.352,0.29,3.28,0.33,3.26
701.374,0.23,3.20,0.33,3.24
701.396,0.35,3.27,0.32,3.26
701.418,0.36,3.38,0.33,3.27
701.440,0.24,3.43,0.29,3.31
701.462,0.18,3.25,0.27,3.31
701.484,0.31,3.27,0.29,3.32
701.506,0.28,3.15,0.27,3.30
701.528,0.33,3.24,0.27,3.27
701.550,0.32,3.21,0.28,3.22
701.572,0.31,3.31,0.31,3.24
701.594,0.32,3.18,0.31,3.22
701.616,0.27,3.21,0.31,3.23
701.638,0.23,3.49,0.29,3.28
701.660,0.13,3.36,0.25,3.31
701.682,0.29,3.32,0.25,3.31
701.704,0.33,3.33,0.25,3.34
701.726,0.44,3.14,0.28,3.33
701.748,0.32,3.08,0.30,3.25
701.770,0.26,3.04,0.33,3.18
701.792,0.24,3.07,0.32,3.13
701.814,0.16,3.16,0.28,3.10
701.836,0.15,3.28,0.23,3.13
701.858,0.28,3.30,0.22,3.17
701.880,0.37,3.36,0.24,3.23
701.902,0.33,3.28,0.26,3.28
701.924,0.38,3.27,0.30,3.30
701.946,0.39,3.32,0.35,3.31
701.968,0.35,3.27,0.36,3.30
701.990,0.36,3.34,0.36,3.30
702.012,0.20,3.34,0.34,3.31
702.034,0.26,3.33,0.31,3.32
702.056,0.25,3.35,0.28,3.33
702.078,0.26,3.37,0.27,3.35
702.100,0.33,3.41,0.26,3.36
702.122,0.40,3.50,0.30,3.39
702.144,0.33,3.66,0.31,3.46
702.166,0.25,3.29,0.31,3.45
702.188,0.13,3.26,0.29,3.42
702.210,0.18,3.36,0.26,3.41
702.232,0.12,3.32,0.20,3.38
702.254,0.13,3.32,0.16,3.31
702.276,0.27,3.19,0.17,3.29
702.298,0.24,3.24,0.19,3.29
702.320,0.28,3.26,0.21,3.27
702.342,0.15,3.38,0.21,3.28
702.364,0.21,3.17,0.23,3.25
702.386,0.34,3.15,0.24,3.24
702.408,0.34,3.38,0.26,3.27
702.430,0.36,3.28,0.28,3.27
702.452,0.27,3.44,0.30,3.28
702.474,0.23,3.40,0.31,3.33
702.496,0.24,3.34,0.29,3.37
702.518,0.33,3.24,0.29,3.34
702.540,0.37,3.24,0.29,3.33
702.562,0.32,3.28,0.30,3.30
702.584,0.49,3.28,0.35,3.28
702.606,0.35,3.22,0.37,3.25
702.628,0.32,3.21,0.37,3.25
702.650,0.36,3.28,0.37,3.25
702.672,0.21,3.36,0.35,3.27
702.694,0.30,3.47,0.31,3.31
702.716,0.24,3.46,0.29,3.36
702.738,0.39,3.32,0.30,3.38
702.760,0.43,3.33,0.31,3.39
702.782,0.31,3.29,0.33,3.37
702.804,0.32,3.56,0.34,3.39
702.826,0.35,3.57,0.36,3.41
702.848,0.31,3.43,0.34,3.44
702.870,0.36,3.30,0.33,3.43
702.892,0.32,3.38,0.33,3.45
702.914,0.40,3.37,0.35,3.41
702.936,0.45,3.37,0.37,3.37
702.958,0.32,3.35,0.37,3.35
702.980,0.33,3.42,0.36,3.38
703.002,0.38,3.36,0.38,3.37
703.024,0.33,3.30,0.36,3.36
703.046,0.35,3.47,0.34,3.38
703.068,0.45,3.40,0.37,3.39
703.090,0.36,3.31,0.37,3.37
703.112,0.23,3.31,0.34,3.36
703.134,0.14,3.35,0.31,3.37
703.156,0.12,3.34,0.26,3.34
703.178,0.18,3.52,0.21,3.37
703.200,0.14,3.46,0.16,3.40
703.222,0.23,3.48,0.16,3.43
703.244,0.34,3.36,0.20,3.43
703.266,0.27,3.25,0.23,3.41
703.288,0.09,3.15,0.21,3.34
703.310,0.09,3.40,0.20,3.33
703.332,0.33,3.30,0.22,3.29
703.354,0.29,3.46,0.21,3.31
703.376,0.28,3.33,0.22,3.33
703.398,0.38,3.38,0.27,3.37
703.420,0.23,3.37,0.30,3.37
703.442,0.25,3.46,0.29,3.40
703.464,0.29,3.43,0.29,3.39
703.486,0.36,3.53,0.30,3.43
703.508,0.31,3.55,0.29,3.47
703.530,0.56,3.62,0.35,3.52
703.552,0.59,3.34,0.42,3.49
703.574,0.23,3.37,0.41,3.48
703.596,0.30,3.33,0.40,3.44
703.618,0.29,3.48,0.39,3.43
703.640,0.29,3.43,0.34,3.39
703.662,0.41,3.32,0.30,3.39
703.684,0.44,3.23,0.35,3.36
703.706,0.33,3.26,0.35,3.34
703.728,0.29,3.33,0.35,3.31
703.750,0.35,3.32,0.36,3.29
703.772,0.32,3.22,0.35,3.27
703.794,0.34,3.37,0.33,3.30
703.816,0.23,3.49,0.31,3.35
703.838,0.27,3.49,0.30,3.38
703.860,0.25,3.38,0.28,3.39
703.882,0.32,3.50,0.28,3.45
703.904,0.22,3.49,0.26,3.47
703.926,0.20,3.53,0.25,3.48
703.948,0.14,3.56,0.23,3.49
703.970,0.35,3.53,0.25,3.52
703.992,0.25,3.56,0.23,3.53
704.014,0.24,3.50,0.24,3.54
704.036,0.23,3.42,0.24,3.51
704.058,0.29,3.38,0.27,3.48
704.080,0.33,3.35,0.27,3.44
704.102,0.38,3.35,0.29,3.40
704.124,0.32,3.38,0.31,3.38
704.146,0.22,3.44,0.31,3.38
704.168,0.18,3.40,0.29,3.38
704.190,0.20,3.29,0.26,3.37
704.212,0.22,3.31,0.23,3.36
704.234,0.28,3.45,0.22,3.38
704.256,0.32,3.41,0.24,3.37
704.278,0.44,3.46,0.29,3.38
704.300,0.41,3.53,0.33,3.43
704.322,0.35,3.43,0.36,3.46
704.344,0.30,3.40,0.36,3.45
704.366,0.31,3.31,0.36,3.43
704.388,0.35,3.34,0.34,3.40
704.410,0.34,3.24,0.33,3.34
704.432,0.46,3.20,0.35,3.30
704.454,0.31,3.22,0.35,3.26
704.476,0.12,3.40,0.32,3.28
704.498,0.23,3.36,0.29,3.28
704.520,0.34,3.29,0.29,3.29
704.542,0.18,3.31,0.24,3.32
704.564,0.29,3.28,0.23,3.33
704.586,0.41,3.27,0.29,3.30
704.608,0.47,3.45,0.34,3.32
704.630,0.35,3.45,0.34,3.35
704.652,0.40,3.48,0.38,3.39
704.674,0.38,3.59,0.40,3.45
704.696,0.37,3.61,0.39,3.52
704.718,0.18,3.48,0.34,3.52
704.740,0.28,3.34,0.32,3.50
704.762,0.34,3.20,0.31,3.44
704.784,0.18,3.32,0.27,3.39
704.806,0.18,3.15,0.23,3.30
704.828,0.36,3.24,0.27,3.25
704.850,0.21,3.21,0.25,3.22
704.872,0.18,3.22,0.22,3.23
704.894,0.25,3.25,0.24,3.21
704.916,0.23,3.38,0.25,3.26
704.938,0.30,3.31,0.23,3.27
704.960,0.33,3.19,0.26,3.27
704.982,0.30,3.32,0.28,3.29
705.004,0.28,3.36,0.29,3.31
705.026,0.29,3.31,0.30,3.30
705.048,0.35,3.35,0.31,3.31
705.070,0.26,3.18,0.30,3.30
705.092,0.30,3.34,0.30,3.31
705.114,0.40,3.39,0.32,3.31
705.136,0.24,3.40,0.31,3.33
705.158,0.35,3.32,0.31,3.33
705.180,0.35,3.26,0.33,3.34
705.202,0.35,3.20,0.34,3.31
705.224,0.34,3.40,0.33,3.32
705.246,0.38,3.34,0.35,3.30
705.268,0.35,3.36,0.35,3.31
705.290,0.21,3.36,0.33,3.33
705.312,0.32,3.17,0.32,3.33
705.334,0.38,3.31,0.33,3.31
705.356,0.35,3.33,0.32,3.31
705.378,0.22,3.38,0.30,3.31
705.400,0.36,3.38,0.33,3.31
705.422,0.47,3.37,0.36,3.35
705.444,0.34,3.35,0.35,3.36
705.466,0.46,3.38,0.37,3.37
705.488,0.46,3.38,0.42,3.37
705.510,0.41,3.37,0.43,3.37
705.532,0.27,3.22,0.39,3.34
705.554,0.30,3.35,0.38,3.34
705.576,0.27,3.40,0.34,3.34
705.598,0.26,3.42,0.30,3.35
705.620,0.33,3.53,0.29,3.38
705.642,0.30,3.44,0.29,3.43
705.664,0.41,3.50,0.31,3.46
705.686,0.33,3.35,0.33,3.45
705.708,0.48,3.34,0.37,3.43
705.730,0.41,3.32,0.39,3.39
705.752,0.35,3.41,0.40,3.38
705.774,0.28,3.45,0.37,3.37
705.796,0.18,3.42,0.34,3.39
705.818,0.29,3.47,0.30,3.41
705.840,0.27,3.50,0.27,3.45
705.862,0.29,3.40,0.26,3.45
705.884,0.27,3.49,0.26,3.46
705.906,0.24,3.60,0.27,3.49
705.928,0.21,3.58,0.26,3.51
705.950,0.31,3.47,0.26,3.51
705.972,0.28,3.40,0.26,3.51
705.994,0.21,3.31,0.25,3.47
706.016,0.33,3.35,0.27,3.42
706.038,0.29,3.45,0.28,3.40
706.060,0.32,3.27,0.29,3.36
706.082,0.25,3.35,0.28,3.35
706.104,0.27,3.29,0.29,3.34
706.126,0.35,3.44,0.30,3.36
706.148,0.29,3.17,0.30,3.30
706.170,0.31,3.14,0.29,3.28
706.192,0.39,3.21,0.32,3.25
706.214,0.44,3.42,0.36,3.28
706.236,0.41,3.35,0.37,3.26
706.258,0.28,3.34,0.37,3.29
706.280,0.47,3.26,0.40,3.32
706.302,0.41,3.22,0.40,3.32
706.324,0.30,3.37,0.37,3.31
706.346,0.20,3.28,0.33,3.29
706.368,0.30,3.47,0.34,3.32
706.390,0.26,3.45,0.29,3.36
706.412,0.34,3.31,0.28,3.38
706.434,0.23,3.29,0.27,3.36
706.456,0.33,3.26,0.29,3.36
706.478,0.40,3.19,0.31,3.30
706.500,0.43,3.24,0.35,3.26
706.522,0.41,3.28,0.36,3.25
706.544,0.30,3.46,0.37,3.29
706.566,0.31,3.38,0.37,3.31
706.588,0.29,3.19,0.35,3.31
706.610,0.33,3.32,0.33,3.33
706.632,0.40,3.33,0.33,3.34
706.654,0.30,3.22,0.33,3.29
706.676,0.24,3.19,0.31,3.25
706.698,0.26,3.37,0.31,3.29
706.720,0.20,3.33,0.28,3.29
706.742,0.01,3.38,0.20,3.30
706.764,0.13,3.56,0.17,3.37
706.786,0.21,3.50,0.16,3.43
706.808,0.29,3.49,0.17,3.45
706.830,0.36,3.37,0.20,3.46
706.852,0.42,3.36,0.28,3.46
706.874,0.43,3.59,0.34,3.46
706.896,0.40,3.60,0.38,3.48
706.918,0.36,3.53,0.39,3.49
706.940,0.35,3.41,0.39,3.50
706.962,0.31,3.53,0.37,3.53
706.984,0.24,3.34,0.33,3.48
707.006,0.29,3.47,0.31,3.46
707.028,0.48,3.33,0.33,3.42
707.050,0.35,3.22,0.33,3.38
707.072,0.29,3.43,0.33,3.36
707.094,0.33,3.30,0.35,3.35
707.116,0.27,3.33,0.34,3.32
707.138,0.36,3.48,0.32,3.35
707.160,0.28,3.49,0.31,3.41
707.182,0.40,3.50,0.33,3.42
707.204,0.46,3.45,0.35,3.45
707.226,0.52,3.52,0.40,3.49
707.248,0.30,3.28,0.39,3.45
707.270,0.22,3.24,0.38,3.40
707.292,0.33,3.27,0.37,3.35
707.314,0.35,3.21,0.34,3.30
707.336,0.32,3.31,0.30,3.26
707.358,0.31,3.28,0.31,3.26
707.380,0.30,3.27,0.32,3.27
707.402,0.35,3.10,0.33,3.23
707.424,0.35,3.30,0.33,3.25
707.446,0.26,3.41,0.31,3.27
707.468,0.29,3.45,0.31,3.31
707.490,0.32,3.29,0.31,3.31
707.512,0.44,3.28,0.33,3.35
707.534,0.20,3.33,0.30,3.35
707.556,0.26,3.36,0.30,3.34
707.578,0.25,3.20,0.29,3.29
707.600,0.37,3.36,0.30,3.31
707.622,0.39,3.42,0.29,3.33
707.644,0.22,3.35,0.30,3.34
707.666,0.38,3.16,0.32,3.30
707.688,0.48,3.20,0.37,3.30
707.710,0.58,3.37,0.41,3.30
707.732,0.40,3.38,0.41,3.29
707.754,0.40,3.51,0.45,3.32
707.776,0.46,3.49,0.46,3.39
707.798,0.35,3.46,0.44,3.44
707.820,0.19,3.43,0.36,3.45
707.842,0.14,3.39,0.31,3.46
707.864,0.25,3.49,0.28,3.45
707.886,0.30,3.48,0.25,3.45
707.908,0.19,3.46,0.21,3.45
707.930,0.15,3.55,0.21,3.47
707.952,0.16,3.41,0.21,3.48
707.974,0.31,3.34,0.22,3.45
707.996,0.31,3.33,0.22,3.42
708.018,0.21,3.30,0.23,3.39
708.040,0.14,3.33,0.23,3.34
708.062,0.30,3.45,0.25,3.35
708.084,0.43,3.40,0.28,3.36
708.106,0.42,3.22,0.30,3.34
708.128,0.39,3.20,0.34,3.32
708.150,0.40,3.21,0.39,3.30
708.172,0.44,3.28,0.42,3.26
708.194,0.24,3.18,0.38,3.22
708.216,0.35,3.29,0.36,3.23
708.238,0.27,3.23,0.34,3.24
708.260,0.23,3.26,0.31,3.25
708.282,0.28,3.26,0.27,3.24
708.304,0.26,3.33,0.28,3.27
708.326,0.25,3.31,0.26,3.28
708.348,0.14,3.24,0.23,3.28
708.370,0.27,3.27,0.24,3.28
708.392,0.17,3.26,0.22,3.28
708.414,0.15,3.21,0.20,3.26
708.436,0.28,3.23,0.20,3.24
708.458,0.30,3.22,0.23,3.24
708.480,0.36,3.24,0.25,3.23
708.502,0.27,3.46,0.27,3.27
708.524,0.16,3.49,0.27,3.33
708.546,0.22,3.31,0.26,3.34
708.568,0.22,3.31,0.25,3.36
708.590,0.28,3.33,0.23,3.38
708.612,0.32,3.41,0.24,3.37
708.634,0.30,3.47,0.27,3.37
708.656,0.40,3.44,0.30,3.39
708.678,0.30,3.36,0.32,3.40
708.700,0.14,3.33,0.29,3.40
708.722,0.30,3.27,0.29,3.37
708.744,0.32,3.30,0.29,3.34
708.766,0.30,3.16,0.27,3.28
708.788,0.31,3.24,0.27,3.26
708.810,0.52,3.16,0.35,3.23
708.832,0.36,3.19,0.36,3.21
708.854,0.46,3.17,0.39,3.18
708.876,0.45,3.33,0.42,3.22
708.898,0.41,3.37,0.44,3.24
708.920,0.50,3.21,0.44,3.25
708.942,0.50,3.36,0.46,3.29
708.964,0.43,3.30,0.46,3.31
708.986,0.31,3.23,0.43,3.29
709.008,0.41,3.48,0.43,3.32
709.030,0.45,3.40,0.42,3.35
709.052,0.51,3.41,0.42,3.36
709.074,0.51,3.36,0.44,3.38
709.096,0.44,3.49,0.46,3.43
709.118,0.45,3.44,0.47,3.42
709.140,0.27,3.22,0.44,3.38
709.162,0.28,3.22,0.39,3.35
709.184,0.37,3.32,0.36,3.34
709.206,0.37,3.30,0.35,3.30
709.228,0.37,3.36,0.33,3.28
709.250,0.25,3.35,0.33,3.31
709.272,0.29,3.31,0.33,3.33
709.294,0.18,3.31,0.29,3.33
709.316,0.21,3.47,0.26,3.36
709.338,0.23,3.40,0.23,3.37
709.360,0.11,3.45,0.20,3.39
709.382,0.30,3.34,0.21,3.39
709.404,0.33,3.48,0.24,3.43
709.426,0.32,3.57,0.26,3.45
709.448,0.18,3.38,0.25,3.44
709.470,0.14,3.31,0.25,3.42
709.492,0.30,3.20,0.25,3.39
709.514,0.28,3.24,0.24,3.34
709.536,0.29,3.42,0.24,3.31
709.558,0.28,3.36,0.26,3.31
709.580,0.20,3.36,0.27,3.32
709.602,0.22,3.35,0.25,3.35
709.624,0.15,3.27,0.23,3.35
709.646,0.28,3.34,0.23,3.34
709.668,0.15,3.36,0.20,3.34
709.690,0.23,3.46,0.21,3.36
709.712,0.36,3.45,0.23,3.38
709.734,0.21,3.36,0.25,3.39
709.756,0.24,3.45,0.24,3.42
709.778,0.41,3.28,0.29,3.40
709.800,0.26,3.31,0.30,3.37
709.822,0.40,3.33,0.30,3.35
709.844,0.30,3.19,0.32,3.31
709.866,0.30,3.12,0.33,3.25
709.888,0.24,3.26,0.30,3.24
709.910,0.27,3.32,0.30,3.24
709.932,0.29,3.22,0.28,3.22
709.954,0.39,3.18,0.30,3.22
709.976,0.40,3.31,0.32,3.26
709.998,0.36,3.40,0.34,3.29
710.020,0.46,3.40,0.38,3.30
710.042,0.32,3.38,0.39,3.33
710.064,0.22,3.40,0.35,3.38
710.086,0.12,3.44,0.30,3.40
710.108,0.28,3.36,0.28,3.40
710.130,0.31,3.40,0.25,3.40
710.152,0.34,3.52,0.25,3.42
710.174,0.33,3.43,0.28,3.43
710.196,0.34,3.41,0.32,3.42
710.218,0.48,3.32,0.36,3.42
710.240,0.34,3.29,0.37,3.39
710.262,0.38,3.40,0.37,3.37
710.284,0.34,3.42,0.38,3.37
710.306,0.32,3.43,0.37,3.37
710.328,0.26,3.45,0.33,3.40
710.350,0.51,3.36,0.36,3.41
710.372,0.41,3.38,0.37,3.41
710.394,0.36,3.28,0.37,3.38
710.416,0.07,3.27,0.32,3.35
710.438,0.22,3.25,0.31,3.31
710.460,0.38,3.25,0.29,3.29
710.482,0.39,3.18,0.28,3.25
710.504,0.58,3.32,0.33,3.25
710.526,0.48,3.25,0.41,3.25
710.548,0.53,3.30,0.47,3.26
710.570,0.32,3.44,0.46,3.30
710.592,0.39,3.45,0.46,3.35
710.614,0.36,3.33,0.42,3.35
710.636,0.37,3.39,0.39,3.38
710.658,0.41,3.47,0.37,3.42
710.680,0.42,3.33,0.39,3.39
710.702,0.38,3.39,0.39,3.38
710.724,0.46,3.46,0.41,3.41
710.746,0.44,3.47,0.42,3.42
710.768,0.37,3.29,0.41,3.39
710.790,0.35,3.27,0.40,3.38
710.812,0.24,3.40,0.37,3.38
710.834,0.40,3.39,0.36,3.36
710.856,0.45,3.35,0.36,3.34
710.878,0.35,3.21,0.36,3.32
710.900,0.43,3.32,0.37,3.33
710.922,0.44,3.32,0.41,3.32
710.944,0.34,3.30,0.40,3.30
710.966,0.33,3.24,0.38,3.28
710.988,0.29,3.19,0.37,3.27
711.010,0.25,3.34,0.33,3.28
711.032,0.26,3.35,0.29,3.28
711.054,0.30,3.30,0.29,3.28
711.076,0.36,3.23,0.29,3.28
711.098,0.37,3.26,0.31,3.30
711.120,0.34,3.26,0.33,3.28
711.142,0.34,3.38,0.34,3.29
711.164,0.35,3.27,0.35,3.28
711.186,0.39,3.13,0.36,3.26
711.208,0.21,3.10,0.33,3.23
711.230,0.16,3.16,0.29,3.21
711.252,0.46,3.09,0.31,3.15
711.274,0.37,3.08,0.32,3.11
711.296,0.31,3.18,0.30,3.12
711.318,0.17,3.35,0.29,3.17
711.340,0.19,3.32,0.30,3.20
711.362,0.20,3.30,0.25,3.25
711.384,0.14,3.17,0.20,3.26
711.406,0.13,3.26,0.17,3.28
711.428,0.25,3.27,0.18,3.26
711.450,0.14,3.34,0.17,3.27
711.472,0.27,3.43,0.19,3.29
711.494,0.33,3.44,0.22,3.35
711.516,0.45,3.46,0.29,3.39
711.538,0.35,3.44,0.31,3.42
711.560,0.37,3.41,0.35,3.44
711.582,0.39,3.34,0.38,3.42
711.604,0.25,3.31,0.36,3.39
711.626,0.18,3.21,0.31,3.34
711.648,0.15,3.37,0.27,3.33
711.670,0.27,3.32,0.25,3.31
711.692,0.28,3.39,0.23,3.32
711.714,0.38,3.42,0.25,3.34
711.736,0.41,3.44,0.30,3.39
711.758,0.29,3.40,0.33,3.39
711.780,0.35,3.48,0.34,3.43
711.802,0.25,3.45,0.34,3.44
711.824,0.18,3.38,0.30,3.43
711.846,0.28,3.32,0.27,3.41
711.868,0.12,3.34,0.24,3.39
711.890,0.27,3.40,0.22,3.38
711.912,0.31,3.47,0.23,3.38
711.934,0.45,3.47,0.29,3.40
711.956,0.49,3.46,0.33,3.43
711.978,0.33,3.43,0.37,3.45
712.000,0.26,3.29,0.37,3.42
712.022,0.27,3.33,0.36,3.40
712.044,0.25,3.28,0.32,3.36
712.066,0.35,3.37,0.29,3.34
712.088,0.36,3.43,0.30,3.34
712.110,0.36,3.37,0.32,3.36
712.132,0.25,3.38,0.31,3.37
712.154,0.31,3.41,0.33,3.39
712.176,0.19,3.30,0.29,3.38
712.198,0.20,3.46,0.26,3.38
712.220,0.17,3.42,0.22,3.39
712.242,0.26,3.30,0.23,3.38
712.264,0.19,3.21,0.20,3.34
712.286,0.18,3.35,0.20,3.35
712.308,0.31,3.45,0.22,3.35
712.330,0.21,3.54,0.23,3.37
712.352,0.32,3.59,0.24,3.43
712.374,0.37,3.52,0.28,3.49
712.396,0.35,3.35,0.31,3.49
712.418,0.19,3.11,0.29,3.42
712.440,0.10,3.26,0.27,3.37
712.462,0.17,3.50,0.24,3.35
712.484,0.41,3.44,0.24,3.33
712.506,0.37,3.43,0.25,3.35
712.528,0.35,3.65,0.28,3.46
712.550,0.29,3.58,0.32,3.52
712.572,0.33,3.61,0.35,3.54
712.594,0.23,3.49,0.31,3.55
712.616,0.26,3.40,0.29,3.55
712.638,0.36,3.36,0.29,3.49
712.660,0.28,3.32,0.29,3.44
712.682,0.19,3.38,0.26,3.39
712.704,0.14,3.28,0.25,3.35
712.726,0.23,3.48,0.24,3.36
712.748,0.09,3.37,0.19,3.37
712.770,0.23,3.35,0.18,3.37
712.792,0.38,3.48,0.21,3.39
712.814,0.36,3.51,0.26,3.44
712.836,0.41,3.49,0.29,3.44
712.858,0.46,3.38,0.37,3.44
712.880,0.37,3.37,0.40,3.45
712.902,0.42,3.19,0.40,3.39
712.924,0.40,3.25,0.41,3.34
712.946,0.32,3.29,0.39,3.30
712.968,0.39,3.44,0.38,3.31
712.990,0.22,3.54,0.35,3.34
713.012,0.21,3.47,0.31,3.40
713.034,0.32,3.42,0.29,3.43
713.056,0.28,3.41,0.28,3.46
713.078,0.38,3.22,0.28,3.41
713.100,0.37,3.31,0.31,3.37
713.122,0.45,3.42,0.36,3.36
713.144,0.29,3.28,0.35,3.33
713.166,0.24,3.35,0.35,3.32
713.188,0.46,3.39,0.36,3.35
713.210,0.29,3.38,0.35,3.36
713.232,0.23,3.51,0.30,3.38
713.254,0.32,3.46,0.31,3.42
713.276,0.24,3.43,0.31,3.43
713.298,0.15,3.32,0.25,3.42
713.320,0.24,3.33,0.24,3.41
713.342,0.29,3.28,0.25,3.36
713.364,0.37,3.45,0.26,3.36
713.386,0.23,3.43,0.26,3.36
713.408,0.19,3.26,0.26,3.35
713.430,0.26,3.31,0.27,3.35
713.452,0.28,3.31,0.27,3.35
713.474,0.20,3.45,0.23,3.35
713.496,0.08,3.29,0.20,3.32
713.518,0.19,3.31,0.20,3.33
713.540,0.37,3.36,0.22,3.34
713.562,0.36,3.38,0.24,3.36
713.584,0.31,3.49,0.26,3.37
713.606,0.32,3.46,0.31,3.40
713.628,0.21,3.36,0.31,3.41
713.650,0.29,3.17,0.30,3.37
713.672,0.21,3.23,0.27,3.34
713.694,0.35,3.28,0.28,3.30
713.716,0.35,3.37,0.28,3.28
713.738,0.59,3.33,0.36,3.28
713.760,0.48,3.38,0.40,3.32
713.782,0.56,3.29,0.47,3.33
713.804,0.44,3.24,0.48,3.32
713.826,0.38,3.15,0.49,3.28
713.848,0.32,3.31,0.44,3.27
713.870,0.39,3.40,0.42,3.28
713.892,0.21,3.38,0.35,3.30
713.914,0.12,3.37,0.28,3.32
713.936,0.06,3.30,0.22,3.35
713.958,0.16,3.39,0.19,3.37
713.980,0.26,3.38,0.16,3.36
714.002,0.21,3.34,0.16,3.36
714.024,0.13,3.35,0.16,3.35
714.046,0.15,3.36,0.18,3.36
714.068,0.26,3.26,0.20,3.34
714.090,0.29,3.38,0.21,3.34
714.112,0.22,3.36,0.21,3.34
714.134,0.24,3.47,0.23,3.37
714.156,0.10,3.44,0.22,3.38
714.178,0.18,3.48,0.21,3.43
714.200,0.23,3.30,0.19,3.41
714.222,0.24,3.36,0.20,3.41
714.244,0.14,3.50,0.18,3.42
714.266,0.21,3.50,0.20,3.43
714.288,0.16,3.34,0.20,3.40
714.310,0.17,3.30,0.18,3.40
714.332,0.32,3.42,0.20,3.41
714.354,0.25,3.45,0.22,3.40
714.376,0.40,3.45,0.26,3.39
714.398,0.34,3.40,0.30,3.40
714.420,0.28,3.35,0.32,3.41
714.442,0.10,3.35,0.27,3.40
714.464,0.15,3.37,0.25,3.38
714.486,0.20,3.12,0.21,3.32
714.508,0.19,3.26,0.18,3.29
714.530,0.33,3.34,0.19,3.29
714.552,0.40,3.24,0.25,3.27
714.574,0.51,3.19,0.33,3.23
714.596,0.45,3.29,0.38,3.26
714.618,0.28,3.51,0.39,3.31
714.640,0.30,3.30,0.39,3.31
714.662,0.07,3.34,0.32,3.33
714.684,0.22,3.55,0.26,3.40
714.706,0.39,3.45,0.25,3.43
714.728,0.31,3.46,0.26,3.42
714.750,0.29,3.38,0.26,3.44
714.772,0.30,3.40,0.30,3.45
714.794,0.38,3.40,0.33,3.42
714.816,0.31,3.43,0.32,3.41
714.838,0.21,3.40,0.30,3.40
714.860,0.26,3.38,0.29,3.40
714.882,0.21,3.43,0.27,3.41
714.904,0.22,3.33,0.24,3.39
714.926,0.28,3.33,0.24,3.37
714.948,0.21,3.26,0.24,3.35
714.970,0.24,3.40,0.23,3.35
714.992,0.11,3.45,0.21,3.35
715.014,0.33,3.40,0.23,3.37
715.036,0.41,3.35,0.26,3.37
715.058,0.28,3.36,0.27,3.39
715.080,0.29,3.27,0.28,3.37
715.102,0.26,3.23,0.31,3.32
715.124,0.29,3.23,0.31,3.29
715.146,0.38,3.21,0.30,3.26
715.168,0.36,3.10,0.32,3.21
715.190,0.29,3.11,0.32,3.18
715.212,0.35,3.27,0.33,3.18
715.234,0.29,3.17,0.33,3.17
715.256,0.37,3.49,0.33,3.23
715.278,0.26,3.49,0.31,3.31
715.300,0.46,3.34,0.35,3.35
715.322,0.28,3.31,0.33,3.36
715.344,0.28,3.46,0.33,3.42
715.366,0.34,3.38,0.32,3.40
715.388,0.22,3.33,0.32,3.36
715.410,0.16,3.35,0.26,3.37
715.432,0.28,3.37,0.26,3.38
715.454,0.26,3.48,0.25,3.38
715.476,0.45,3.43,0.27,3.39
715.498,0.29,3.35,0.29,3.40
715.520,0.19,3.20,0.29,3.37
715.542,0.23,3.33,0.28,3.36
715.564,0.18,3.26,0.27,3.31
715.586,0.25,3.35,0.23,3.30
715.608,0.28,3.34,0.23,3.30
715.630,0.26,3.41,0.24,3.34
715.652,0.35,3.38,0.26,3.35
715.674,0.31,3.39,0.29,3.37
715.696,0.20,3.14,0.28,3.33
715.718,0.33,3.32,0.29,3.33
715.740,0.36,3.42,0.31,3.33
715.762,0.24,3.36,0.29,3.33
715.784,0.28,3.29,0.28,3.31
715.806,0.21,3.16,0.28,3.31
715.828,0.38,3.28,0.29,3.30
715.850,0.26,3.30,0.27,3.28
715.872,0.49,3.30,0.32,3.27
715.894,0.38,3.30,0.34,3.27
715.916,0.27,3.37,0.36,3.31
715.938,0.32,3.37,0.34,3.33
715.960,0.41,3.14,0.37,3.30
715.982,0.35,3.29,0.35,3.29
716.004,0.17,3.35,0.30,3.30
716.026,0.25,3.31,0.30,3.29
716.048,0.27,3.39,0.29,3.30
716.070,0.27,3.46,0.26,3.36
716.092,0.40,3.40,0.27,3.38
716.114,0.33,3.43,0.30,3.40
716.136,0.28,3.44,0.31,3.42
716.158,0.29,3.54,0.31,3.45
716.180,0.14,3.54,0.29,3.47
716.202,0.21,3.56,0.25,3.50
716.224,0.24,3.63,0.23,3.54
716.246,0.30,3.41,0.24,3.54
716.268,0.38,3.35,0.25,3.50
716.290,0.28,3.42,0.28,3.47
716.312,0.23,3.36,0.29,3.43
716.334,0.35,3.33,0.31,3.37
716.356,0.20,3.36,0.29,3.36
716.378,0.24,3.34,0.26,3.36
716.400,0.27,3.33,0.26,3.34
716.422,0.18,3.39,0.25,3.35
716.444,0.12,3.46,0.20,3.38
716.466,0.24,3.33,0.21,3.37
716.488,0.19,3.40,0.20,3.38
716.510,0.36,3.44,0.22,3.40
716.532,0.45,3.37,0.27,3.40
716.554,0.42,3.31,0.33,3.37
716.576,0.29,3.38,0.34,3.38
716.598,0.30,3.36,0.36,3.37
716.620,0.29,3.39,0.35,3.36
716.642,0.21,3.35,0.30,3.36
716.664,0.16,3.39,0.25,3.37
716.686,0.35,3.20,0.26,3.34
716.708,0.38,3.31,0.28,3.33
716.730,0.33,3.41,0.29,3.33
716.752,0.27,3.30,0.30,3.32
716.774,0.42,3.36,0.35,3.32
716.796,0.36,3.32,0.35,3.34
716.818,0.29,3.36,0.33,3.35
716.840,0.33,3.41,0.33,3.35
716.862,0.32,3.42,0.34,3.37
716.884,0.38,3.50,0.34,3.40
716.906,0.34,3.59,0.33,3.46
716.928,0.18,3.62,0.31,3.51
716.950,0.21,3.40,0.29,3.51
716.972,0.23,3.54,0.27,3.53
716.994,0.40,3.51,0.27,3.53
717.016,0.35,3.43,0.27,3.50
717.038,0.10,3.47,0.26,3.47
717.060,0.17,3.42,0.25,3.47
717.082,0.23,3.54,0.25,3.47
717.104,0.37,3.42,0.24,3.46
717.126,0.38,3.32,0.25,3.43
717.148,0.21,3.15,0.27,3.37
717.170,0.12,3.22,0.26,3.33
717.192,0.26,3.19,0.27,3.26
717.214,0.25,3.13,0.24,3.20
717.236,0.20,3.08,0.21,3.15
717.258,0.20,3.22,0.21,3.17
717.280,0.31,3.14,0.24,3.15
717.302,0.35,3.40,0.26,3.19
717.324,0.38,3.27,0.29,3.22
717.346,0.40,3.11,0.33,3.23
717.368,0.30,3.17,0.35,3.22
717.390,0.24,3.43,0.33,3.28
717.412,0.30,3.48,0.32,3.29
717.434,0.34,3.56,0.32,3.35
717.456,0.27,3.48,0.29,3.42
717.478,0.31,3.24,0.29,3.44
717.500,0.17,3.29,0.28,3.41
717.522,0.33,3.36,0.28,3.39
717.544,0.30,3.39,0.28,3.35
717.566,0.27,3.48,0.28,3.35
717.588,0.28,3.49,0.27,3.40
717.610,0.18,3.43,0.27,3.43
717.632,0.12,3.46,0.23,3.45
717.654,0.14,3.40,0.20,3.45
717.676,0.40,3.52,0.22,3.46
717.698,0.25,3.42,0.22,3.45
717.720,0.12,3.55,0.21,3.47
717.742,0.22,3.36,0.23,3.45
717.764,0.12,3.40,0.22,3.45
717.786,0.25,3.27,0.19,3.40
717.808,0.25,3.29,0.19,3.37
717.830,0.29,3.25,0.23,3.31
717.852,0.24,3.22,0.23,3.29
717.874,0.13,3.35,0.23,3.28
717.896,0.32,3.29,0.25,3.28
717.918,0.38,3.19,0.27,3.26
717.940,0.36,3.25,0.29,3.26
717.962,0.27,3.37,0.29,3.29
717.984,0.33,3.35,0.33,3.29
718.006,0.26,3.36,0.32,3.30
718.028,0.49,3.22,0.34,3.31
718.050,0.51,3.16,0.37,3.29
718.072,0.50,3.19,0.42,3.26
718.094,0.41,3.19,0.43,3.22
718.116,0.42,3.00,0.47,3.15
718.138,0.46,3.21,0.46,3.15
718.160,0.28,3.31,0.41,3.18
718.182,0.30,3.38,0.37,3.22
718.204,0.37,3.39,0.37,3.26
718.226,0.38,3.45,0.36,3.35
718.248,0.41,3.40,0.35,3.39
718.270,0.31,3.49,0.35,3.42
718.292,0.37,3.43,0.37,3.43
718.314,0.35,3.38,0.36,3.43
718.336,0.42,3.34,0.37,3.41
718.358,0.42,3.40,0.37,3.41
718.380,0.39,3.30,0.39,3.37
718.402,0.33,3.36,0.38,3.36
718.424,0.20,3.24,0.35,3.33
718.446,0.25,3.37,0.32,3.33
718.468,0.28,3.23,0.29,3.30
718.490,0.20,3.35,0.25,3.31
718.512,0.14,3.32,0.21,3.30
718.534,0.28,3.38,0.23,3.33
718.556,0.26,3.51,0.23,3.36
718.578,0.21,3.37,0.22,3.39
718.600,0.27,3.43,0.23,3.40
718.622,0.29,3.35,0.26,3.41
718.644,0.37,3.38,0.28,3.41
718.666,0.36,3.35,0.30,3.38
718.688,0.30,3.40,0.32,3.38
718.710,0.38,3.45,0.34,3.39
718.732,0.33,3.39,0.35,3.39
718.754,0.41,3.27,0.36,3.37
718.776,0.37,3.41,0.36,3.38
718.798,0.54,3.34,0.41,3.37
718.820,0.50,3.33,0.43,3.35
718.842,0.15,3.32,0.39,3.33
718.864,0.23,3.20,0.36,3.32
718.886,0.12,3.26,0.31,3.29
718.908,0.21,3.34,0.24,3.29
718.930,0.29,3.24,0.20,3.27
718.952,0.22,3.36,0.21,3.28
718.974,0.18,3.36,0.20,3.31
718.996,0.10,3.20,0.20,3.30
719.018,0.23,3.35,0.20,3.30
719.040,0.26,3.34,0.20,3.32
719.062,0.43,3.41,0.24,3.33
719.084,0.31,3.34,0.27,3.33
719.106,0.28,3.21,0.30,3.33
719.128,0.25,3.21,0.31,3.30
719.150,0.19,3.23,0.29,3.28
719.172,0.12,3.30,0.23,3.26
719.194,0.35,3.25,0.24,3.24
719.216,0.38,3.08,0.26,3.21
719.238,0.32,3.18,0.27,3.21
719.260,0.38,3.27,0.31,3.22
719.282,0.36,3.32,0.36,3.22
719.304,0.36,3.18,0.36,3.21
719.326,0.24,3.28,0.33,3.25
719.348,0.39,3.25,0.35,3.26
719.370,0.44,3.50,0.36,3.31
719.392,0.37,3.58,0.36,3.36
719.414,0.28,3.56,0.34,3.43
719.436,0.18,3.44,0.33,3.47
719.458,0.37,3.53,0.33,3.52
719.480,0.24,3.41,0.29,3.50
719.502,0.19,3.44,0.25,3.48
719.524,0.36,3.41,0.27,3.45
719.546,0.15,3.31,0.26,3.42
719.568,0.23,3.30,0.23,3.37
719.590,0.19,3.36,0.22,3.36
719.612,0.22,3.40,0.23,3.36
719.634,0.22,3.40,0.20,3.35
719.656,0.37,3.39,0.25,3.37
719.678,0.23,3.40,0.25,3.39
719.700,0.30,3.29,0.27,3.38
719.722,0.20,3.40,0.26,3.38
719.744,0.25,3.46,0.27,3.39
719.766,0.31,3.43,0.26,3.40
719.788,0.30,3.46,0.27,3.41
719.810,0.39,3.32,0.29,3.41
719.832,0.32,3.23,0.31,3.38
719.854,0.34,3.45,0.33,3.38
719.876,0.28,3.45,0.33,3.38
719.898,0.34,3.42,0.33,3.37
719.920,0.28,3.29,0.31,3.37
719.942,0.29,3.41,0.31,3.40
719.964,0.47,3.33,0.33,3.38
719.986,0.36,3.34,0.35,3.36
720.008,0.27,3.21,0.33,3.32
720.030,0.38,3.15,0.35,3.29
720.052,0.35,3.31,0.37,3.27
720.074,0.37,3.34,0.35,3.27
720.096,0.41,3.37,0.36,3.28
720.118,0.41,3.48,0.38,3.33
720.140,0.49,3.49,0.41,3.40
720.162,0.32,3.47,0.40,3.43
720.184,0.23,3.42,0.37,3.45
720.206,0.27,3.48,0.34,3.47
720.228,0.40,3.36,0.34,3.44
720.250,0.26,3.21,0.30,3.39
720.272,0.28,3.34,0.29,3.36
720.294,0.38,3.41,0.32,3.36
720.316,0.36,3.36,0.34,3.34
720.338,0.25,3.33,0.31,3.33
720.360,0.33,3.35,0.32,3.36
720.382,0.26,3.27,0.32,3.34
720.404,0.08,3.16,0.26,3.29
720.426,0.12,3.29,0.21,3.28
720.448,0.36,3.37,0.23,3.29
720.470,0.46,3.34,0.26,3.29
720.492,0.35,3.36,0.27,3.30
720.514,0.19,3.32,0.30,3.34
720.536,0.13,3.31,0.30,3.34
720.558,0.29,3.28,0.28,3.32
720.580,0.21,3.27,0.23,3.31
720.602,0.09,3.40,0.18,3.32
720.624,0.08,3.32,0.16,3.32
720.646,0.02,3.27,0.14,3.31
720.668,0.05,3.25,0.09,3.30
720.690,0.16,3.28,0.08,3.30
720.712,0.31,3.45,0.12,3.31
720.734,0.23,3.46,0.15,3.34
720.756,0.23,3.32,0.20,3.35
720.778,0.30,3.24,0.25,3.35
720.800,0.18,3.29,0.25,3.35
720.822,0.30,3.18,0.25,3.30
720.844,0.41,3.23,0.28,3.25
720.866,0.36,3.07,0.31,3.20
720.888,0.36,3.15,0.32,3.18
720.910,0.28,3.19,0.34,3.16
720.932,0.42,3.27,0.37,3.18
720.954,0.36,3.40,0.36,3.22
720.976,0.38,3.45,0.36,3.29
720.998,0.31,3.51,0.35,3.36
721.020,0.29,3.35,0.35,3.40
721.042,0.30,3.34,0.33,3.41
721.064,0.41,3.25,0.34,3.38
721.086,0.14,3.34,0.29,3.36
721.108,0.25,3.52,0.28,3.36
721.130,0.52,3.37,0.32,3.36
721.152,0.50,3.42,0.36,3.38
721.174,0.50,3.45,0.38,3.42
721.196,0.50,3.49,0.45,3.45
721.218,0.63,3.40,0.53,3.43
721.240,0.41,3.28,0.51,3.41
721.262,0.34,3.27,0.48,3.38
721.284,0.23,3.24,0.42,3.34
721.306,0.35,3.41,0.39,3.32
721.328,0.25,3.36,0.32,3.31
721.350,0.30,3.20,0.29,3.30
721.372,0.28,3.13,0.28,3.27
721.394,0.29,3.21,0.29,3.26
721.416,0.29,3.39,0.28,3.26
721.438,0.38,3.41,0.31,3.27
721.460,0.39,3.30,0.33,3.29
721.482,0.43,3.24,0.36,3.31
721.504,0.25,3.31,0.35,3.33
721.526,0.20,3.24,0.33,3.30
721.548,0.19,3.45,0.29,3.31
721.570,0.17,3.48,0.25,3.34
721.592,0.27,3.41,0.22,3.38
721.614,0.19,3.39,0.20,3.39
721.636,0.16,3.30,0.20,3.41
721.658,0.21,3.26,0.20,3.37
721.680,0.23,3.39,0.21,3.35
721.702,0.25,3.36,0.21,3.34
721.724,0.31,3.39,0.23,3.34
721.746,0.43,3.32,0.29,3.34
721.768,0.29,3.08,0.30,3.31
721.790,0.27,3.33,0.31,3.30
721.812,0.26,3.18,0.31,3.26
721.834,0.26,3.34,0.30,3.25
721.856,0.23,3.26,0.26,3.24
721.878,0.40,3.17,0.28,3.26
721.900,0.24,3.20,0.28,3.23
721.923,0.26,3.41,0.28,3.28
721.945,0.29,3.30,0.28,3.27
721.967,0.42,3.13,0.32,3.24
721.989,0.35,3.13,0.31,3.23
722.011,0.29,3.05,0.32,3.20
722.033,0.31,3.22,0.33,3.17
722.055,0.27,3.30,0.33,3.17
722.077,0.27,3.51,0.30,3.24
722.099,0.37,3.43,0.30,3.30
722.121,0.41,3.41,0.33,3.37
722.143,0.32,3.52,0.33,3.43
722.165,0.20,3.44,0.31,3.46
722.187,0.33,3.23,0.33,3.41
722.209,0.19,3.31,0.29,3.38
722.231,0.15,3.28,0.24,3.36
722.253,0.30,3.46,0.23,3.34
722.275,0.28,3.45,0.25,3.35
722.297,0.41,3.45,0.27,3.39
722.319,0.49,3.32,0.33,3.39
722.341,0.45,3.25,0.39,3.39
722.363,0.51,3.44,0.43,3.38
722.385,0.50,3.42,0.47,3.38
722.407,0.33,3.50,0.46,3.39
722.429,0.38,3.49,0.43,3.42
722.451,0.45,3.38,0.43,3.45
722.473,0.33,3.53,0.40,3.46
722.495,0.34,3.56,0.37,3.49
722.517,0.43,3.52,0.39,3.50
722.539,0.34,3.51,0.38,3.50
722.561,0.22,3.38,0.33,3.50
722.583,0.23,3.32,0.31,3.46
722.605,0.27,3.34,0.30,3.41
722.627,0.28,3.43,0.27,3.40
722.649,0.46,3.49,0.29,3.39
722.671,0.37,3.44,0.32,3.40
722.693,0.44,3.47,0.36,3.43
722.715,0.37,3.51,0.38,3.47
722.737,0.38,3.40,0.40,3.46
722.759,0.35,3.40,0.38,3.44
722.781,0.32,3.55,0.37,3.47
722.803,0.30,3.30,0.34,3.43
722.825,0.28,3.18,0.33,3.37
722.847,0.30,3.17,0.31,3.32
722.869,0.34,3.19,0.31,3.28
722.891,0.34,3.38,0.31,3.24
722.913,0.32,3.19,0.32,3.22
722.935,0.38,3.27,0.34,3.24
722.957,0.22,3.37,0.32,3.28
722.979,0.28,3.32,0.31,3.31
723.001,0.29,3.33,0.30,3.30
723.023,0.38,3.38,0.31,3.33
723.045,0.30,3.34,0.29,3.35
723.067,0.41,3.52,0.33,3.38
723.089,0.31,3.33,0.34,3.38
723.111,0.27,3.31,0.33,3.38
723.133,0.28,3.38,0.31,3.38
723.155,0.35,3.32,0.32,3.37
723.177,0.21,3.45,0.28,3.36
723.199,0.24,3.47,0.27,3.39
723.221,0.15,3.49,0.25,3.42
723.243,0.17,3.60,0.22,3.47
723.265,0.12,3.34,0.18,3.47
723.287,0.16,3.39,0.17,3.46
723.309,0.25,3.50,0.17,3.46
723.331,0.30,3.25,0.20,3.42
723.353,0.29,3.31,0.22,3.36
723.375,0.42,3.34,0.28,3.36
723.397,0.44,3.44,0.34,3.37
723.419,0.29,3.47,0.35,3.36
723.441,0.48,3.36,0.38,3.38
723.463,0.36,3.52,0.40,3.43
723.485,0.18,3.56,0.35,3.47
723.507,0.06,3.40,0.27,3.46
723.529,0.15,3.44,0.25,3.46
723.551,0.30,3.49,0.21,3.48
723.573,0.33,3.49,0.20,3.48
723.595,0.28,3.27,0.22,3.42
723.617,0.27,3.42,0.27,3.42
723.639,0.20,3.38,0.28,3.41
723.661,0.21,3.46,0.26,3.40
723.683,0.03,3.37,0.20,3.38
723.705,-0.01,3.36,0.14,3.40
723.727,0.17,3.29,0.12,3.37
723.749,0.30,3.36,0.14,3.37
723.771,0.29,3.32,0.16,3.34
723.793,0.37,3.28,0.22,3.32
723.815,0.29,3.33,0.28,3.32
723.837,0.36,3.19,0.32,3.30
723.859,0.37,3.16,0.34,3.26
723.881,0.55,3.16,0.39,3.22
723.903,0.42,3.09,0.40,3.19
723.925,0.38,3.27,0.42,3.17
723.947,0.33,3.38,0.41,3.21
723.969,0.25,3.39,0.39,3.26
723.991,0.28,3.39,0.33,3.30
724.013,0.25,3.59,0.30,3.40
724.035,0.34,3.53,0.29,3.46
724.057,0.29,3.54,0.28,3.49
724.079,0.28,3.38,0.29,3.49
724.101,0.35,3.32,0.30,3.47
724.123,0.34,3.38,0.32,3.43
724.145,0.14,3.32,0.28,3.39
724.167,0.10,3.32,0.24,3.34
724.189,0.16,3.33,0.22,3.33
724.211,0.37,3.43,0.22,3.36
724.233,0.39,3.37,0.23,3.35
724.255,0.33,3.44,0.27,3.38
724.277,0.35,3.39,0.32,3.39
724.299,0.35,3.39,0.36,3.40
724.321,0.30,3.27,0.34,3.37
724.343,0.35,3.19,0.34,3.34
724.365,0.32,3.33,0.33,3.31
724.387,0.28,3.32,0.32,3.30
724.409,0.48,3.28,0.35,3.28
724.431,0.33,3.37,0.35,3.30
724.453,0.32,3.30,0.35,3.32
724.475,0.43,3.23,0.37,3.30
724.497,0.33,3.26,0.38,3.29
724.519,0.40,3.20,0.36,3.27
724.541,0.34,3.23,0.36,3.24
724.563,0.14,3.33,0.33,3.25
724.585,0.27,3.38,0.30,3.28
724.607,0.41,3.18,0.31,3.26
724.629,0.36,3.23,0.30,3.27
724.651,0.40,3.31,0.32,3.29
724.673,0.34,3.30,0.36,3.28
724.695,0.20,3.41,0.34,3.29
724.717,0.24,3.39,0.31,3.33
724.739,0.41,3.35,0.32,3.35
724.761,0.31,3.41,0.30,3.37
724.783,0.17,3.47,0.27,3.41
724.805,0.23,3.46,0.27,3.42
724.827,0.26,3.32,0.28,3.40
724.849,0.27,3.45,0.25,3.42
724.871,0.24,3.39,0.23,3.42
724.893,0.15,3.19,0.23,3.36
724.915,0.27,3.39,0.24,3.35
724.937,0.26,3.16,0.24,3.32
724.959,0.29,3.19,0.24,3.26
724.981,0.22,3.30,0.24,3.25
725.003,0.30,3.33,0.27,3.27
725.025,0.35,3.48,0.28,3.29
725.047,0.26,3.61,0.28,3.38
725.069,0.27,3.29,0.28,3.40
725.091,0.23,3.28,0.28,3.40
725.113,0.15,3.40,0.25,3.41
725.135,0.15,3.27,0.21,3.37
725.157,0.16,3.32,0.19,3.31
725.179,0.10,3.28,0.16,3.31
725.201,0.25,3.35,0.16,3.32
725.223,0.41,3.44,0.21,3.33
725.245,0.30,3.42,0.24,3.36
725.267,0.29,3.46,0.27,3.39
725.289,0.19,3.44,0.29,3.42
725.311,0.24,3.48,0.29,3.45
725.333,0.24,3.23,0.25,3.41
725.355,0.33,3.14,0.26,3.35
725.377,0.28,3.25,0.26,3.31
725.399,0.28,3.38,0.27,3.30
725.421,0.32,3.41,0.29,3.28
725.443,0.44,3.44,0.33,3.32
725.465,0.34,3.21,0.33,3.34
725.487,0.27,3.46,0.33,3.38
725.509,0.24,3.41,0.32,3.39
725.531,0.18,3.39,0.29,3.38
725.553,0.28,3.35,0.26,3.36
725.575,0.22,3.32,0.24,3.39
725.597,0.23,3.41,0.23,3.38
725.619,0.37,3.41,0.26,3.38
725.641,0.37,3.28,0.29,3.35
725.663,0.42,3.35,0.32,3.35
725.685,0.46,3.42,0.37,3.37
725.707,0.56,3.45,0.44,3.38
725.729,0.51,3.42,0.46,3.38
725.751,0.42,3.47,0.47,3.42
725.773,0.37,3.37,0.46,3.43
725.795,0.33,3.39,0.44,3.42
725.817,0.41,3.40,0.41,3.41
725.839,0.39,3.55,0.38,3.44
725.861,0.40,3.29,0.38,3.40
725.883,0.25,3.34,0.36,3.39
725.905,0.28,3.40,0.35,3.40
725.927,0.21,3.29,0.31,3.37
725.949,0.22,3.25,0.27,3.31
725.971,0.28,3.39,0.25,3.33
725.993,0.27,3.32,0.25,3.33
726.015,0.24,3.30,0.24,3.31
726.037,0.41,3.21,0.28,3.29
726.059,0.33,3.36,0.31,3.32
726.081,0.30,3.40,0.31,3.32
726.103,0.20,3.25,0.30,3.30
726.125,0.24,3.36,0.30,3.32
726.147,0.29,3.36,0.27,3.35
726.169,0.28,3.30,0.26,3.33
726.191,0.28,3.46,0.26,3.35
726.213,0.29,3.40,0.28,3.38
726.235,0.38,3.53,0.30,3.41
726.257,0.32,3.50,0.31,3.44
726.279,0.42,3.61,0.34,3.50
726.301,0.48,3.40,0.38,3.49
726.323,0.40,3.48,0.40,3.50
726.345,0.32,3.21,0.39,3.44
726.367,0.49,3.11,0.42,3.36
726.389,0.55,3.07,0.45,3.25
726.411,0.51,3.09,0.45,3.19
726.433,0.39,3.36,0.45,3.17
726.455,0.31,3.26,0.45,3.18
726.477,0.26,3.30,0.40,3.22
726.499,0.31,3.35,0.36,3.27
726.521,0.35,3.36,0.32,3.33
726.543,0.31,3.56,0.31,3.37
726.565,0.25,3.34,0.30,3.38
726.587,0.37,3.32,0.32,3.39
726.609,0.14,3.36,0.28,3.39
726.631,0.18,3.40,0.25,3.40
726.653,0.19,3.42,0.23,3.37
726.675,0.17,3.38,0.21,3.38
726.697,0.42,3.35,0.22,3.38
726.719,0.38,3.21,0.27,3.35
726.741,0.31,3.10,0.29,3.29
726.763,0.31,3.24,0.32,3.26
726.785,0.34,3.26,0.35,3.23
726.807,0.33,3.28,0.33,3.22
726.829,0.29,3.43,0.32,3.26
726.851,0.22,3.33,0.30,3.31
726.873,0.36,3.33,0.31,3.33
726.895,0.24,3.47,0.29,3.37
726.917,0.39,3.45,0.30,3.40
726.939,0.36,3.40,0.31,3.40
726.961,0.46,3.22,0.36,3.37
726.983,0.45,3.34,0.38,3.38
727.005,0.32,3.29,0.40,3.34
727.027,0.28,3.32,0.37,3.31
727.049,0.20,3.42,0.34,3.32
727.071,0.15,3.33,0.28,3.34
727.093,0.24,3.28,0.24,3.33
727.115,0.24,3.26,0.22,3.32
727.137,0.24,3.40,0.21,3.34
727.159,0.18,3.41,0.21,3.34
727.181,0.33,3.31,0.25,3.33
727.203,0.36,3.28,0.27,3.33
727.225,0.37,3.25,0.30,3.33
727.247,0.33,3.31,0.31,3.31
727.269,0.11,3.19,0.30,3.27
727.291,0.28,3.18,0.29,3.24
727.313,0.29,3.34,0.28,3.25
727.335,0.37,3.35,0.28,3.27
727.357,0.44,3.27,0.30,3.27
727.379,0.39,3.25,0.35,3.28
727.401,0.34,3.20,0.37,3.28
727.423,0.20,3.23,0.35,3.26
727.445,0.18,3.25,0.31,3.24
727.467,0.20,3.20,0.26,3.23
727.489,0.06,3.36,0.20,3.25
727.511,0.21,3.36,0.17,3.28
727.533,0.46,3.38,0.22,3.31
727.555,0.52,3.37,0.29,3.33
727.577,0.31,3.37,0.31,3.37
727.599,0.23,3.35,0.35,3.37
727.621,0.27,3.18,0.36,3.33
727.643,0.18,3.37,0.30,3.33
727.665,0.21,3.26,0.24,3.31
727.687,0.40,3.40,0.26,3.31
727.709,0.28,3.29,0.27,3.30
727.731,0.49,3.32,0.31,3.33
727.753,0.42,3.28,0.36,3.31
727.775,0.35,3.38,0.39,3.33
727.797,0.34,3.46,0.38,3.35
727.819,0.33,3.43,0.39,3.37
727.841,0.31,3.42,0.35,3.39
727.863,0.31,3.48,0.33,3.43
727.885,0.25,3.35,0.31,3.43
727.907,0.27,3.24,0.29,3.38
727.929,0.26,3.28,0.28,3.35
727.951,0.37,3.29,0.29,3.33
727.973,0.36,3.40,0.30,3.31
727.995,0.41,3.37,0.33,3.32
728.017,0.36,3.42,0.35,3.35
728.039,0.34,3.35,0.37,3.37
728.061,0.33,3.33,0.36,3.37
728.083,0.34,3.21,0.36,3.34
728.105,0.30,3.21,0.33,3.30
728.127,0.31,3.24,0.32,3.27
728.149,0.40,3.26,0.34,3.25
728.171,0.35,3.28,0.34,3.24
728.193,0.28,3.42,0.33,3.28
728.215,0.26,3.42,0.32,3.32
728.237,0.21,3.29,0.30,3.33
728.259,0.13,3.27,0.25,3.34
728.281,0.28,3.25,0.23,3.33
728.303,0.33,3.37,0.24,3.32
728.325,0.27,3.46,0.24,3.33
728.347,0.40,3.33,0.28,3.34
728.369,0.30,3.35,0.32,3.35
728.391,0.23,3.35,0.31,3.37
728.413,0.26,3.13,0.29,3.32
728.435,0.19,3.14,0.28,3.26
728.457,0.15,3.27,0.23,3.25
728.479,0.27,3.39,0.22,3.26
728.501,0.31,3.35,0.24,3.26
728.523,0.36,3.48,0.26,3.33
728.545,0.31,3.46,0.28,3.39
728.567,0.35,3.39,0.32,3.41
728.589,0.44,3.46,0.35,3.43
728.611,0.52,3.42,0.40,3.44
728.633,0.41,3.45,0.41,3.44
728.655,0.35,3.55,0.41,3.45
728.677,0.43,3.37,0.43,3.45
728.699,0.27,3.33,0.40,3.42
728.721,0.20,3.32,0.33,3.40
728.743,0.12,3.15,0.27,3.34
728.765,0.17,3.15,0.24,3.26
728.787,0.40,3.16,0.23,3.22
728.809,0.17,3.32,0.21,3.22
728.831,0.23,3.26,0.22,3.21
728.853,0.31,3.08,0.26,3.19
728.875,0.29,3.15,0.28,3.19
728.897,0.30,3.39,0.26,3.24
728.919,0.23,3.46,0.27,3.27
728.941,0.13,3.36,0.25,3.29
728.963,0.32,3.32,0.25,3.34
728.985,0.37,3.32,0.27,3.37
729.007,0.30,3.20,0.27,3.33
729.029,0.37,3.35,0.30,3.31
729.051,0.30,3.34,0.33,3.31
729.073,0.20,3.45,0.31,3.33
729.095,0.32,3.51,0.30,3.37
729.117,0.37,3.34,0.31,3.40
729.139,0.30,3.22,0.30,3.37
729.161,0.37,3.18,0.31,3.34
729.183,0.46,3.35,0.36,3.32
729.205,0.41,3.39,0.38,3.30
729.227,0.44,3.51,0.40,3.33
729.249,0.50,3.42,0.44,3.37
729.271,0.41,3.37,0.44,3.41
729.293,0.34,3.36,0.42,3.41
729.315,0.34,3.39,0.41,3.41
729.337,0.33,3.24,0.38,3.36
729.359,0.33,3.35,0.35,3.34
729.381,0.43,3.26,0.35,3.32
729.403,0.27,3.36,0.34,3.32
729.425,0.39,3.35,0.35,3.31
729.447,0.20,3.36,0.32,3.34
729.469,0.29,3.42,0.32,3.35
729.491,0.43,3.44,0.32,3.39
729.513,0.25,3.44,0.31,3.40
729.535,0.24,3.27,0.28,3.39
729.557,0.39,3.27,0.32,3.37
729.579,0.36,3.23,0.33,3.33
729.601,0.33,3.22,0.31,3.29
729.623,0.22,3.28,0.31,3.25
729.645,0.25,3.20,0.31,3.24
729.667,0.27,3.19,0.29,3.22
729.689,0.28,3.05,0.27,3.19
729.711,0.31,3.09,0.27,3.16
729.733,0.41,3.24,0.30,3.15
729.755,0.35,3.32,0.32,3.18
729.777,0.29,3.42,0.33,3.22
729.799,0.38,3.38,0.35,3.29
729.821,0.39,3.39,0.36,3.35
729.843,0.30,3.33,0.34,3.37
729.865,0.40,3.51,0.35,3.41
729.887,0.27,3.44,0.35,3.41
729.909,0.21,3.39,0.31,3.41
729.931,0.45,3.26,0.33,3.39
729.953,0.47,3.22,0.36,3.36
729.975,0.29,3.22,0.34,3.31
729.997,0.25,3.21,0.33,3.26
730.019,0.22,3.24,0.34,3.23
730.041,0.36,3.31,0.32,3.24
730.063,0.39,3.48,0.30,3.29
730.085,0.39,3.52,0.32,3.35
730.107,0.43,3.41,0.36,3.39
730.129,0.41,3.41,0.40,3.43
730.151,0.30,3.35,0.38,3.43
730.173,0.40,3.47,0.39,3.43
730.195,0.37,3.42,0.38,3.41
730.217,0.33,3.62,0.36,3.45
730.239,0.42,3.47,0.36,3.47
730.261,0.52,3.39,0.41,3.47
730.283,0.40,3.40,0.41,3.46
730.305,0.45,3.38,0.42,3.45
730.327,0.50,3.27,0.46,3.38
730.349,0.45,3.33,0.46,3.35
730.371,0.41,3.43,0.44,3.36
730.393,0.33,3.45,0.43,3.37
730.415,0.32,3.41,0.40,3.38
730.437,0.26,3.45,0.35,3.41
730.459,0.39,3.34,0.34,3.42
730.481,0.23,3.35,0.31,3.40
730.503,0.28,3.34,0.30,3.38
730.525,0.31,3.37,0.29,3.37
730.547,0.39,3.39,0.32,3.36
730.569,0.32,3.25,0.31,3.34
730.591,0.26,3.29,0.31,3.33
730.613,0.29,3.26,0.31,3.31
730.635,0.44,3.48,0.34,3.33
730.657,0.41,3.43,0.34,3.34
730.679,0.13,3.36,0.31,3.36
730.701,0.14,3.52,0.28,3.41
730.723,0.24,3.35,0.27,3.43
730.745,0.40,3.40,0.26,3.41
730.767,0.36,3.35,0.25,3.40
730.789,0.28,3.32,0.28,3.39
730.811,0.20,3.20,0.30,3.32
730.833,0.29,3.23,0.31,3.30
730.855,0.28,3.39,0.28,3.30
730.877,0.52,3.38,0.31,3.30
730.899,0.31,3.39,0.32,3.32
730.921,0.38,3.34,0.36,3.35
730.943,0.51,3.26,0.40,3.35
730.965,0.55,3.31,0.45,3.34
730.987,0.54,3.36,0.46,3.33
731.009,0.35,3.48,0.47,3.35
731.031,0.38,3.42,0.47,3.37
731.053,0.30,3.41,0.42,3.40
731.075,0.30,3.30,0.37,3.39
731.097,0.36,3.39,0.34,3.40
731.119,0.36,3.43,0.34,3.39
731.141,0.30,3.39,0.32,3.38
731.163,0.25,3.32,0.31,3.37
731.185,0.32,3.40,0.32,3.39
731.207,0.28,3.24,0.30,3.36
731.229,0.31,3.24,0.29,3.32
731.251,0.27,3.23,0.29,3.29
731.273,0.19,3.23,0.27,3.27
731.295,0.47,3.23,0.30,3.23
731.317,0.36,3.29,0.32,3.24
731.339,0.28,3.37,0.31,3.27
731.361,0.27,3.36,0.31,3.30
731.383,0.21,3.47,0.32,3.34
731.405,0.28,3.32,0.28,3.36
731.427,0.29,3.41,0.27,3.39
731.449,0.29,3.45,0.27,3.40
731.471,0.30,3.27,0.27,3.38
731.493,0.26,3.34,0.28,3.36
731.515,0.31,3.31,0.29,3.36
731.537,0.26,3.33,0.28,3.34
731.559,0.28,3.32,0.28,3.31
731.581,0.42,3.36,0.31,3.33
731.603,0.33,3.41,0.32,3.35
731.625,0.27,3.48,0.31,3.38
731.647,0.25,3.41,0.31,3.40
731.669,0.29,3.48,0.31,3.43
731.691,0.21,3.63,0.27,3.48
731.713,0.34,3.44,0.27,3.49
731.735,0.30,3.41,0.28,3.47
731.757,0.36,3.40,0.30,3.47
731.779,0.49,3.35,0.34,3.45
731.801,0.31,3.35,0.36,3.39
731.823,0.42,3.35,0.38,3.37
731.845,0.33,3.28,0.38,3.35
731.867,0.27,3.38,0.36,3.34
731.889,0.22,3.38,0.31,3.35
731.911,0.22,3.41,0.29,3.36
731.933,0.30,3.38,0.27,3.37
731.955,0.22,3.33,0.25,3.38
731.977,0.52,3.32,0.30,3.36
731.999,0.58,3.38,0.37,3.36
732.021,0.48,3.34,0.42,3.35
732.043,0.54,3.63,0.47,3.40
732.065,0.42,3.53,0.51,3.44
732.087,0.26,3.51,0.46,3.48
732.109,0.24,3.50,0.39,3.50
732.131,0.20,3.59,0.33,3.55
732.153,0.40,3.34,0.30,3.49
732.175,0.39,3.39,0.30,3.47
732.197,0.31,3.49,0.31,3.46
732.219,0.35,3.33,0.33,3.43
732.241,0.29,3.20,0.35,3.35
732.263,0.31,3.30,0.33,3.34
732.285,0.27,3.30,0.31,3.32
732.307,0.23,3.32,0.29,3.29
732.329,0.14,3.30,0.25,3.28
732.351,0.25,3.24,0.24,3.29
732.373,0.33,3.19,0.24,3.27
732.395,0.34,3.31,0.26,3.27
732.417,0.40,3.25,0.29,3.26
732.439,0.21,3.21,0.31,3.24
732.461,0.30,3.25,0.32,3.24
732.483,0.27,3.32,0.30,3.27
732.505,0.21,3.26,0.28,3.26
732.527,0.16,3.39,0.23,3.29
732.549,0.09,3.42,0.21,3.33
732.571,0.07,3.39,0.16,3.36
732.593,0.06,3.29,0.12,3.35
732.615,0.27,3.25,0.13,3.35
732.637,0.32,3.34,0.16,3.34
732.659,0.29,3.49,0.20,3.35
732.681,0.32,3.45,0.25,3.36
732.703,0.28,3.25,0.30,3.36
732.725,0.31,3.36,0.30,3.38
732.747,0.45,3.35,0.33,3.38
732.769,0.36,3.48,0.34,3.38
732.791,0.39,3.37,0.36,3.36
732.813,0.47,3.34,0.40,3.38
732.835,0.49,3.46,0.43,3.40
732.857,0.31,3.46,0.40,3.42
732.879,0.32,3.37,0.40,3.40
732.901,0.39,3.36,0.40,3.40
732.923,0.32,3.28,0.37,3.39
732.945,0.52,3.26,0.37,3.35
732.967,0.33,3.27,0.38,3.31
732.989,0.26,3.31,0.36,3.30
733.011,0.12,3.39,0.31,3.30
733.033,0.19,3.28,0.28,3.30
733.055,0.22,3.25,0.22,3.30
733.077,0.34,3.17,0.23,3.28
733.099,0.32,3.23,0.24,3.26
733.121,0.34,3.30,0.28,3.25
733.143,0.21,3.51,0.29,3.29
733.165,0.13,3.55,0.27,3.35
733.187,0.26,3.37,0.25,3.39
733.209,0.26,3.23,0.24,3.39
733.231,0.24,3.19,0.22,3.37
733.253,0.31,3.28,0.24,3.32
733.275,0.52,3.16,0.32,3.25
733.297,0.41,3.30,0.35,3.23
733.319,0.39,3.39,0.37,3.26
733.341,0.34,3.32,0.39,3.29
733.363,0.27,3.32,0.39,3.30
733.385,0.24,3.34,0.33,3.33
733.407,0.38,3.34,0.32,3.34
733.429,0.36,3.40,0.32,3.34
733.451,0.25,3.59,0.30,3.40
733.473,0.32,3.53,0.31,3.44
733.495,0.20,3.38,0.30,3.45
733.517,0.36,3.44,0.30,3.47
733.539,0.36,3.37,0.30,3.46
733.561,0.26,3.44,0.30,3.43
733.583,0.34,3.41,0.30,3.41
733.605,0.24,3.54,0.31,3.44
733.627,0.35,3.46,0.31,3.44
733.649,0.41,3.38,0.32,3.45
733.671,0.28,3.40,0.32,3.44
733.693,0.24,3.26,0.30,3.41
733.715,0.20,3.36,0.30,3.37
733.737,0.41,3.44,0.31,3.37
733.759,0.31,3.28,0.29,3.35
733.781,0.25,3.34,0.28,3.34
733.803,0.27,3.26,0.29,3.34
733.825,0.30,3.19,0.31,3.30
733.847,0.32,3.33,0.29,3.28
733.869,0.34,3.38,0.30,3.30
733.891,0.34,3.26,0.31,3.28
733.913,0.39,3.15,0.34,3.26
733.935,0.31,3.24,0.34,3.27
733.957,0.45,3.29,0.37,3.26
733.979,0.37,3.37,0.37,3.26
734.001,0.26,3.41,0.36,3.29
734.023,0.29,3.54,0.34,3.37
734.045,0.26,3.48,0.33,3.42
734.067,0.32,3.47,0.30,3.45
734.089,0.26,3.33,0.28,3.45
734.111,0.27,3.33,0.28,3.43
734.133,0.35,3.40,0.29,3.40
734.155,0.32,3.52,0.30,3.41
734.177,0.22,3.48,0.28,3.41
734.199,0.08,3.32,0.25,3.41
734.221,0.16,3.21,0.23,3.39
734.243,0.29,3.16,0.21,3.34
734.265,0.31,3.23,0.21,3.28
734.287,0.31,3.23,0.23,3.23
734.309,0.45,3.08,0.30,3.18
734.331,0.25,3.23,0.32,3.19
734.353,0.37,3.32,0.34,3.22
734.375,0.41,3.50,0.36,3.27
734.397,0.46,3.54,0.39,3.33
734.419,0.33,3.48,0.36,3.41
734.441,0.29,3.39,0.37,3.45
734.463,0.30,3.27,0.36,3.44
734.485,0.32,3.25,0.34,3.39
734.507,0.41,3.20,0.33,3.32
734.529,0.42,3.24,0.35,3.27
734.551,0.28,3.26,0.35,3.24
734.573,0.22,3.02,0.33,3.19
734.595,0.28,3.06,0.32,3.16
734.617,0.23,3.19,0.29,3.15
734.639,0.25,3.26,0.25,3.16
734.661,0.14,3.38,0.22,3.18
734.683,0.23,3.35,0.23,3.25
734.705,0.27,3.51,0.22,3.34
734.727,0.39,3.52,0.26,3.40
734.749,0.39,3.44,0.28,3.44
734.771,0.40,3.34,0.34,3.43
734.793,0.46,3.30,0.38,3.42
734.815,0.49,3.20,0.43,3.36
734.837,0.29,3.11,0.41,3.28
734.859,0.32,3.19,0.39,3.23
734.881,0.37,3.39,0.39,3.24
734.903,0.36,3.32,0.37,3.24
734.925,0.30,3.26,0.33,3.25
734.947,0.24,3.30,0.32,3.29
734.969,0.24,3.52,0.30,3.36
734.991,0.18,3.30,0.26,3.34
735.013,0.24,3.34,0.24,3.34
735.035,0.37,3.29,0.25,3.35
735.057,0.27,3.22,0.26,3.33
735.079,0.37,3.23,0.29,3.28
735.101,0.49,3.28,0.35,3.27
735.123,0.38,3.39,0.38,3.28
735.145,0.31,3.40,0.36,3.30
735.167,0.43,3.40,0.40,3.34
735.189,0.41,3.40,0.40,3.37
735.211,0.62,3.40,0.43,3.40
735.233,0.58,3.42,0.47,3.40
735.255,0.34,3.35,0.48,3.39
735.277,0.29,3.23,0.45,3.36
735.299,0.25,3.28,0.42,3.34
735.321,0.32,3.38,0.36,3.33
735.343,0.36,3.35,0.31,3.32
735.365,0.31,3.27,0.31,3.30
735.387,0.32,3.12,0.31,3.28
735.409,0.33,3.20,0.33,3.26
735.431,0.47,3.09,0.36,3.21
735.453,0.53,3.09,0.39,3.15
735.475,0.39,3.24,0.41,3.15
735.497,0.33,3.31,0.41,3.19
735.519,0.24,3.49,0.39,3.24
735.541,0.32,3.26,0.36,3.28
735.563,0.40,3.41,0.34,3.34
735.585,0.21,3.36,0.30,3.37
735.607,0.13,3.27,0.26,3.36
735.629,0.08,3.34,0.23,3.33
735.651,0.22,3.52,0.21,3.38
735.673,0.14,3.56,0.16,3.41
735.695,0.35,3.67,0.18,3.47
735.717,0.24,3.48,0.21,3.51
735.739,0.41,3.34,0.27,3.51
735.761,0.40,3.25,0.31,3.46
735.783,0.38,3.24,0.36,3.40
735.805,0.35,3.27,0.36,3.32
735.827,0.37,3.23,0.38,3.27
735.849,0.32,3.37,0.36,3.27
735.871,0.32,3.44,0.35,3.31
735.893,0.44,3.41,0.36,3.34
735.915,0.35,3.41,0.36,3.37
735.937,0.21,3.51,0.33,3.43
735.959,0.26,3.47,0.32,3.45
735.981,0.38,3.37,0.33,3.43
736.003,0.31,3.51,0.30,3.45
736.025,0.42,3.34,0.32,3.44
736.047,0.22,3.47,0.32,3.43
736.069,0.35,3.30,0.34,3.40
736.091,0.32,3.30,0.32,3.38
736.113,0.32,3.29,0.33,3.34
736.135,0.23,3.24,0.29,3.32
736.157,0.19,3.32,0.28,3.29
736.179,0.30,3.35,0.27,3.30
736.201,0.38,3.41,0.28,3.32
736.223,0.31,3.35,0.28,3.33
736.245,0.27,3.34,0.29,3.35
736.267,0.27,3.38,0.31,3.37
736.289,0.22,3.30,0.29,3.36
736.311,0.26,3.37,0.27,3.35
736.333,0.27,3.27,0.26,3.33
736.355,0.37,3.17,0.28,3.30
736.377,0.26,3.15,0.28,3.25
736.399,0.26,3.27,0.28,3.25
736.421,0.35,3.45,0.30,3.26
736.443,0.41,3.23,0.33,3.25
736.465,0.36,3.17,0.33,3.25
736.487,0.30,3.39,0.34,3.30
736.509,0.13,3.37,0.31,3.32
736.531,0.18,3.36,0.28,3.30
736.553,0.28,3.29,0.25,3.32
736.575,0.27,3.33,0.23,3.35
736.597,0.28,3.34,0.23,3.34
736.619,0.40,3.20,0.28,3.30
736.641,0.36,3.45,0.32,3.32
736.663,0.32,3.50,0.33,3.36
736.685,0.33,3.31,0.34,3.36
736.707,0.39,3.33,0.36,3.36
736.729,0.37,3.24,0.35,3.37
736.751,0.47,3.31,0.38,3.34
736.773,0.28,3.31,0.37,3.30
736.795,0.16,3.31,0.33,3.30
736.817,0.36,3.38,0.33,3.31
736.839,0.26,3.24,0.31,3.31
736.861,0.36,3.15,0.28,3.28
736.883,0.35,3.47,0.30,3.31
736.905,0.33,3.41,0.33,3.33
736.927,0.37,3.28,0.33,3.31
736.949,0.47,3.25,0.38,3.31
736.971,0.33,3.14,0.37,3.31
736.993,0.34,3.29,0.37,3.27
737.015,0.29,3.18,0.36,3.23
737.037,0.30,3.20,0.35,3.21
737.059,0.34,3.22,0.32,3.21
737.081,0.26,3.31,0.31,3.24
737.103,0.41,3.40,0.32,3.26
737.125,0.38,3.36,0.34,3.30
737.147,0.31,3.48,0.34,3.35
737.169,0.35,3.33,0.34,3.38
737.191,0.23,3.33,0.34,3.38
737.213,0.40,3.37,0.33,3.37
737.235,0.43,3.35,0.34,3.37
737.257,0.52,3.35,0.39,3.35
737.279,0.51,3.31,0.42,3.34
737.301,0.43,3.35,0.46,3.35
737.323,0.31,3.36,0.44,3.34
737.345,0.32,3.50,0.42,3.37
737.367,0.49,3.44,0.41,3.39
737.389,0.42,3.50,0.39,3.43
737.411,0.47,3.21,0.40,3.40
737.433,0.51,3.29,0.44,3.39
737.455,0.39,3.26,0.46,3.34
737.477,0.43,3.51,0.44,3.35
737.499,0.38,3.46,0.44,3.35
737.521,0.46,3.53,0.43,3.41
737.543,0.35,3.49,0.40,3.45
737.565,0.43,3.39,0.41,3.48
737.587,0.34,3.44,0.39,3.46
737.609,0.27,3.31,0.37,3.43
737.631,0.40,3.41,0.36,3.41
737.653,0.55,3.38,0.40,3.39
737.675,0.35,3.51,0.38,3.41
737.697,0.33,3.44,0.38,3.41
737.719,0.17,3.44,0.36,3.44
737.741,0.37,3.28,0.35,3.41
737.763,0.44,3.28,0.33,3.39
737.785,0.34,3.29,0.33,3.35
737.807,0.42,3.44,0.35,3.35
737.829,0.37,3.61,0.39,3.38
737.851,0.27,3.46,0.37,3.42
737.873,0.43,3.50,0.37,3.46
737.895,0.40,3.42,0.38,3.49
737.917,0.39,3.42,0.37,3.48
737.939,0.56,3.27,0.41,3.41
737.961,0.50,3.36,0.46,3.39
737.983,0.48,3.31,0.47,3.36
738.005,0.36,3.30,0.46,3.33
738.027,0.28,3.27,0.44,3.30
738.049,0.17,3.30,0.36,3.31
738.071,0.34,3.34,0.33,3.30
738.093,0.35,3.36,0.30,3.31
738.115,0.25,3.40,0.28,3.33
738.137,0.25,3.42,0.27,3.36
738.159,0.24,3.35,0.29,3.37
738.181,0.33,3.35,0.28,3.38
738.203,0.41,3.34,0.30,3.37
738.225,0.32,3.36,0.31,3.36
738.247,0.32,3.40,0.32,3.36
738.269,0.26,3.38,0.33,3.37
738.291,0.34,3.49,0.33,3.39
738.313,0.23,3.47,0.29,3.42
738.335,0.31,3.35,0.29,3.42
738.357,0.21,3.36,0.27,3.41
738.379,0.34,3.39,0.29,3.41
738.401,0.21,3.43,0.26,3.40
738.423,0.09,3.18,0.23,3.34
738.445,0.25,3.18,0.22,3.31
738.467,0.22,3.31,0.22,3.30
738.489,0.14,3.25,0.18,3.27
738.511,0.11,3.21,0.16,3.23
738.533,0.24,3.30,0.19,3.25
738.555,0.15,3.35,0.17,3.28
738.577,0.28,3.43,0.18,3.31
738.599,0.35,3.36,0.23,3.33
738.621,0.30,3.41,0.26,3.37
738.643,0.28,3.27,0.27,3.36
738.665,0.29,3.35,0.30,3.36
738.687,0.36,3.51,0.32,3.38
738.709,0.34,3.53,0.31,3.41
738.731,0.40,3.49,0.33,3.43
738.753,0.35,3.53,0.35,3.48
738.775,0.29,3.55,0.35,3.52
738.797,0.26,3.42,0.33,3.50
738.819,0.37,3.32,0.33,3.46
738.841,0.36,3.28,0.33,3.42
738.863,0.31,3.19,0.32,3.35
738.885,0.30,3.21,0.32,3.28
738.907,0.27,3.42,0.32,3.28
738.929,0.30,3.31,0.31,3.28
738.951,0.37,3.34,0.31,3.29
738.973,0.33,3.30,0.31,3.32
738.995,0.30,3.24,0.31,3.32
739.017,0.27,3.12,0.31,3.26
739.039,0.23,3.15,0.30,3.23
739.061,0.28,3.31,0.28,3.22
739.083,0.31,3.53,0.28,3.27
739.105,0.15,3.55,0.25,3.33
739.127,0.17,3.46,0.23,3.40
739.149,0.11,3.49,0.20,3.47
739.171,0.18,3.55,0.18,3.52
739.193,0.22,3.54,0.17,3.52
739.215,0.33,3.56,0.20,3.52
739.237,0.35,3.58,0.24,3.54
739.259,0.38,3.41,0.29,3.53
739.281,0.38,3.28,0.33,3.47
739.303,0.30,3.40,0.35,3.45
739.325,0.36,3.25,0.35,3.38
739.347,0.50,3.13,0.38,3.29
739.369,0.20,3.18,0.35,3.25
739.391,0.19,3.03,0.31,3.20
739.413,0.33,3.26,0.32,3.17
739.435,0.33,3.34,0.31,3.19
739.457,0.41,3.49,0.29,3.26
739.479,0.41,3.44,0.33,3.31
739.501,0.27,3.35,0.35,3.38
739.523,0.22,3.42,0.33,3.41
739.545,0.23,3.40,0.31,3.42
739.567,0.42,3.41,0.31,3.40
739.589,0.33,3.43,0.29,3.40
739.611,0.38,3.36,0.32,3.40
739.633,0.24,3.33,0.32,3.39
739.655,0.44,3.40,0.36,3.39
739.677,0.30,3.22,0.34,3.35
739.699,0.51,3.23,0.37,3.31
739.721,0.50,3.29,0.40,3.29
739.743,0.38,3.34,0.43,3.30
739.765,0.27,3.29,0.39,3.27
739.787,0.31,3.38,0.39,3.31
739.809,0.23,3.31,0.34,3.32
739.831,0.28,3.20,0.29,3.30
739.853,0.28,3.22,0.27,3.28
739.875,0.31,3.20,0.28,3.26
739.897,0.25,3.37,0.27,3.26
739.919,0.47,3.44,0.32,3.29
739.941,0.43,3.39,0.35,3.32
739.963,0.49,3.51,0.39,3.38
739.985,0.49,3.47,0.43,3.44
740.007,0.30,3.47,0.44,3.46
740.029,0.38,3.32,0.42,3.43
740.051,0.37,3.39,0.41,3.43
740.073,0.28,3.29,0.36,3.39
740.095,0.32,3.23,0.33,3.34
740.117,0.23,3.21,0.32,3.29
740.139,0.38,3.08,0.32,3.24
740.161,0.53,3.20,0.35,3.20
740.183,0.43,3.19,0.38,3.18
740.205,0.36,3.26,0.39,3.19
740.227,0.44,3.26,0.43,3.20
740.249,0.25,3.34,0.40,3.25
740.271,0.19,3.36,0.33,3.28
740.293,0.11,3.32,0.27,3.31
740.315,0.19,3.22,0.24,3.30
740.337,0.29,3.16,0.21,3.28
740.359,0.34,3.29,0.22,3.27
740.381,0.48,3.31,0.28,3.26
740.403,0.27,3.32,0.31,3.26
740.425,0.33,3.36,0.34,3.29
740.447,0.27,3.15,0.34,3.29
740.469,0.38,2.94,0.35,3.22
740.491,0.38,3.18,0.33,3.19
740.513,0.37,3.23,0.35,3.17
740.535,0.34,3.36,0.35,3.17
740.557,0.29,3.27,0.35,3.20
740.579,0.24,3.31,0.32,3.27
740.601,0.33,3.37,0.31,3.31
740.623,0.27,3.44,0.29,3.35
740.645,0.33,3.34,0.29,3.35
740.667,0.26,3.36,0.29,3.36
740.689,0.39,3.38,0.32,3.38
740.711,0.40,3.35,0.33,3.37
740.733,0.28,3.30,0.33,3.35
740.755,0.38,3.23,0.34,3.32
740.777,0.26,3.25,0.34,3.30
740.799,0.44,3.28,0.35,3.28
740.821,0.30,3.39,0.33,3.29
740.843,0.30,3.42,0.34,3.31
740.865,0.50,3.41,0.36,3.35
740.887,0.44,3.31,0.40,3.36
740.909,0.45,3.46,0.40,3.40
740.931,0.49,3.28,0.44,3.38
740.953,0.41,3.31,0.46,3.35
740.975,0.34,3.49,0.43,3.37
740.997,0.28,3.49,0.39,3.41
741.019,0.34,3.65,0.37,3.44
741.041,0.32,3.48,0.34,3.48
741.063,0.34,3.37,0.32,3.50
741.085,0.42,3.37,0.34,3.47
741.107,0.42,3.47,0.37,3.47
741.129,0.47,3.39,0.39,3.42
741.151,0.35,3.38,0.40,3.40
741.173,0.28,3.43,0.39,3.41
741.195,0.36,3.39,0.38,3.41
741.217,0.37,3.42,0.37,3.40
741.239,0.45,3.37,0.36,3.40
741.261,0.41,3.29,0.37,3.38
741.283,0.35,3.38,0.39,3.37
741.305,0.19,3.43,0.35,3.38
741.327,0.29,3.39,0.34,3.37
741.349,0.35,3.44,0.32,3.39
741.371,0.44,3.34,0.32,3.40
741.393,0.27,3.20,0.31,3.36
741.415,0.30,3.26,0.33,3.33
741.437,0.41,3.19,0.35,3.29
741.459,0.33,3.33,0.35,3.26
741.481,0.38,3.37,0.34,3.27
741.503,0.33,3.34,0.35,3.30
741.525,0.47,3.38,0.38,3.32
741.547,0.46,3.35,0.39,3.35
741.569,0.28,3.43,0.38,3.37
741.591,0.35,3.50,0.38,3.40
741.613,0.42,3.37,0.40,3.41
741.635,0.51,3.29,0.40,3.39
741.657,0.46,3.52,0.40,3.42
741.679,0.46,3.52,0.44,3.44
741.701,0.38,3.48,0.45,3.44
741.723,0.36,3.42,0.43,3.45
741.745,0.35,3.37,0.40,3.46
741.767,0.45,3.16,0.40,3.39
741.789,0.42,3.21,0.39,3.33
741.811,0.26,3.21,0.37,3.27
741.833,0.17,3.27,0.33,3.24
741.855,0.19,3.29,0.30,3.23
741.877,0.31,3.31,0.27,3.26
741.899,0.23,3.65,0.23,3.35
741.921,0.40,3.64,0.26,3.43
741.943,0.35,3.50,0.30,3.48
741.965,0.26,3.56,0.31,3.53
741.987,0.40,3.55,0.33,3.58
742.009,0.20,3.62,0.32,3.57
742.031,0.22,3.41,0.29,3.53
742.053,0.34,3.24,0.28,3.48
742.075,0.35,3.20,0.30,3.40
742.097,0.17,3.23,0.26,3.34
742.119,0.23,3.15,0.26,3.25
742.141,0.29,3.09,0.28,3.18
742.163,0.27,3.28,0.26,3.19
742.185,0.24,3.22,0.24,3.19
742.207,0.16,3.20,0.24,3.19
742.229,0.07,3.23,0.21,3.20
742.251,0.09,3.31,0.17,3.25
742.273,0.01,3.35,0.11,3.26
742.295,0.25,3.35,0.12,3.29
742.317,0.31,3.45,0.15,3.34
742.339,0.20,3.48,0.17,3.39
742.361,0.31,3.45,0.22,3.42
742.383,0.26,3.46,0.27,3.44
742.405,0.27,3.35,0.27,3.44
742.427,0.28,3.40,0.26,3.43
742.449,0.39,3.34,0.30,3.40
742.471,0.41,3.33,0.32,3.38
742.493,0.40,3.33,0.35,3.35
742.515,0.46,3.46,0.39,3.37
742.537,0.31,3.39,0.39,3.37
742.559,0.29,3.24,0.37,3.35
742.581,0.30,3.34,0.35,3.35
742.603,0.35,3.46,0.34,3.38
742.625,0.29,3.52,0.31,3.39
742.647,0.32,3.51,0.31,3.41
742.669,0.35,3.56,0.32,3.48
742.691,0.37,3.55,0.34,3.52
742.713,0.47,3.59,0.36,3.55
742.735,0.32,3.61,0.37,3.56
742.757,0.28,3.48,0.36,3.56
742.779,0.40,3.49,0.37,3.54
742.801,0.33,3.42,0.36,3.52
742.823,0.28,3.35,0.32,3.47
742.845,0.35,3.37,0.33,3.42
742.867,0.25,3.18,0.32,3.36
742.889,0.34,3.21,0.31,3.31
742.911,0.13,3.20,0.27,3.26
742.933,0.27,3.28,0.27,3.25
742.955,0.25,3.28,0.25,3.23
742.977,0.23,3.33,0.24,3.26
742.999,0.26,3.25,0.23,3.27
743.021,0.29,3.21,0.26,3.27
743.043,0.39,3.25,0.28,3.26
743.065,0.26,3.43,0.29,3.29
743.087,0.31,3.34,0.30,3.30
743.109,0.37,3.38,0.32,3.32
743.131,0.37,3.41,0.34,3.36
743.153,0.29,3.37,0.32,3.39
743.175,0.34,3.31,0.34,3.36
743.197,0.28,3.32,0.33,3.36
743.219,0.23,3.32,0.30,3.35
743.241,0.29,3.26,0.29,3.32
743.263,0.41,3.38,0.31,3.32
743.285,0.30,3.41,0.30,3.34
743.307,0.15,3.44,0.28,3.36
743.329,0.24,3.29,0.28,3.36
743.351,0.20,3.27,0.26,3.36
743.373,0.07,3.33,0.19,3.35
743.395,0.08,3.22,0.15,3.31
743.417,0.26,3.23,0.17,3.27
743.439,0.29,3.24,0.18,3.26
743.461,0.16,3.25,0.17,3.25
743.483,0.12,3.31,0.18,3.25
743.505,0.16,3.35,0.20,3.28
743.527,0.08,3.36,0.16,3.30
743.549,0.34,3.56,0.17,3.37
743.571,0.24,3.55,0.19,3.43
743.593,0.34,3.50,0.23,3.46
743.615,0.47,3.35,0.29,3.46
743.637,0.39,3.26,0.36,3.44
743.659,0.31,3.23,0.35,3.38
743.681,0.39,3.43,0.38,3.35
743.703,0.23,3.25,0.36,3.30
743.725,0.25,3.44,0.31,3.32
743.747,0.35,3.24,0.31,3.32
743.769,0.26,3.26,0.30,3.32
743.791,0.38,3.45,0.29,3.33
743.813,0.54,3.24,0.36,3.33
743.835,0.43,3.15,0.39,3.27
743.857,0.40,3.26,0.40,3.27
743.879,0.31,3.18,0.41,3.26
743.901,0.41,3.27,0.42,3.22
743.923,0.34,3.25,0.38,3.22
743.945,0.39,3.14,0.37,3.22
743.967,0.38,3.25,0.37,3.22
743.989,0.29,3.27,0.36,3.24
744.011,0.31,3.26,0.34,3.23
744.033,0.31,3.23,0.34,3.23
744.055,0.31,3.26,0.32,3.25
744.077,0.23,3.18,0.29,3.24
744.099,0.23,3.33,0.28,3.25
744.121,0.20,3.27,0.26,3.25
744.143,0.21,3.20,0.24,3.25
744.165,0.23,3.24,0.22,3.24
744.187,0.22,3.21,0.22,3.25
744.209,0.14,3.19,0.20,3.22
744.231,0.22,3.25,0.20,3.22
744.253,0.27,3.31,0.22,3.24
744.275,0.22,3.31,0.21,3.25
744.297,0.20,3.33,0.21,3.28
744.319,0.40,3.30,0.26,3.30
744.341,0.36,3.33,0.29,3.32
744.363,0.30,3.38,0.30,3.33
744.385,0.35,3.45,0.32,3.36
744.407,0.31,3.38,0.34,3.37
744.429,0.32,3.38,0.33,3.38
744.451,0.36,3.59,0.33,3.44
744.473,0.25,3.50,0.32,3.46
744.495,0.33,3.50,0.31,3.47
744.517,0.31,3.66,0.31,3.53
744.539,0.19,3.39,0.29,3.53
744.561,0.18,3.13,0.25,3.44
744.583,0.35,3.29,0.27,3.39
744.605,0.21,3.25,0.25,3.34
744.627,0.34,3.42,0.25,3.30
744.649,0.38,3.28,0.29,3.27
744.671,0.42,3.29,0.34,3.31
744.693,0.47,3.41,0.36,3.33
744.715,0.43,3.41,0.41,3.36
744.737,0.33,3.23,0.41,3.32
744.759,0.31,3.29,0.39,3.33
744.781,0.30,3.45,0.37,3.36
744.803,0.39,3.49,0.35,3.37
744.825,0.31,3.54,0.33,3.40
744.847,0.34,3.40,0.33,3.43
744.869,0.57,3.36,0.38,3.45
744.891,0.54,3.22,0.43,3.40
744.913,0.64,3.18,0.48,3.34
744.935,0.14,3.34,0.45,3.30
744.957,0.15,3.41,0.41,3.30
744.979,0.32,3.35,0.36,3.30
745.001,0.39,3.34,0.33,3.32
745.023,0.27,3.28,0.25,3.34
745.045,0.32,3.04,0.29,3.28
745.067,0.24,3.14,0.31,3.23
745.089,0.09,3.17,0.26,3.19
745.111,0.23,3.23,0.23,3.17
745.133,0.21,3.40,0.22,3.20
745.155,0.21,3.33,0.20,3.25
745.177,0.29,3.32,0.21,3.29
745.199,0.35,3.38,0.26,3.33
745.221,0.29,3.33,0.27,3.35
745.243,0.13,3.37,0.25,3.35
745.265,0.19,3.52,0.25,3.38
745.287,0.24,3.30,0.24,3.38
745.309,0.14,3.44,0.20,3.39
745.331,0.21,3.33,0.18,3.39
745.353,0.14,3.34,0.18,3.39
745.375,0.18,3.54,0.18,3.39
745.397,0.31,3.56,0.20,3.44
745.419,0.19,3.41,0.21,3.44
745.441,0.34,3.51,0.23,3.47
745.463,0.40,3.46,0.28,3.50
745.485,0.45,3.65,0.34,3.52
745.507,0.26,3.54,0.33,3.51
745.529,0.36,3.36,0.36,3.50
745.551,0.29,3.32,0.35,3.47
745.573,0.31,3.27,0.33,3.43
745.595,0.46,3.34,0.34,3.37
745.617,0.53,3.27,0.39,3.31
745.639,0.26,3.26,0.37,3.29
745.661,0.29,3.24,0.37,3.28
745.683,0.21,3.37,0.35,3.30
745.705,0.07,3.37,0.27,3.30
745.727,0.24,3.40,0.21,3.33
745.749,0.35,3.37,0.23,3.35
745.771,0.38,3.41,0.25,3.38
745.793,0.29,3.52,0.27,3.41
745.815,0.29,3.49,0.31,3.44
745.837,0.37,3.46,0.34,3.45
745.859,0.29,3.36,0.32,3.45
745.881,0.30,3.21,0.31,3.41
745.903,0.23,3.16,0.30,3.34
745.925,0.19,3.08,0.28,3.25
745.947,0.19,3.30,0.24,3.22
745.969,0.25,3.34,0.23,3.22
745.991,0.23,3.46,0.22,3.27
746.013,0.25,3.36,0.22,3.31
746.035,0.34,3.41,0.25,3.37
746.057,0.46,3.30,0.31,3.37
746.079,0.29,3.46,0.31,3.40
746.101,0.27,3.37,0.32,3.38
746.123,0.36,3.51,0.34,3.41
746.145,0.34,3.47,0.34,3.42
746.167,0.35,3.42,0.32,3.45
746.189,0.39,3.37,0.34,3.43
746.211,0.27,3.25,0.34,3.40
746.233,0.43,3.20,0.36,3.34
746.255,0.33,3.23,0.35,3.29
746.277,0.22,3.28,0.33,3.27
746.299,0.27,3.26,0.30,3.24
746.321,0.19,3.37,0.29,3.27
746.343,0.16,3.42,0.23,3.31
746.365,0.29,3.49,0.23,3.36
746.387,0.30,3.26,0.24,3.36
746.409,0.18,3.35,0.22,3.38
746.431,0.25,3.45,0.24,3.39
746.453,0.30,3.34,0.26,3.38
746.475,0.36,3.37,0.28,3.35
746.497,0.35,3.38,0.29,3.38
746.519,0.42,3.42,0.34,3.39
746.541,0.26,3.51,0.34,3.40
746.563,0.25,3.41,0.33,3.42
746.585,0.19,3.26,0.29,3.40
746.607,0.34,3.31,0.29,3.38
746.629,0.33,3.20,0.27,3.34
746.651,0.27,3.14,0.28,3.26
746.673,0.26,3.23,0.28,3.23
746.695,0.38,3.15,0.32,3.21
746.717,0.10,3.32,0.27,3.21
746.739,0.27,3.43,0.26,3.25
746.761,0.42,3.43,0.29,3.31
746.783,0.39,3.39,0.31,3.34
746.805,0.42,3.30,0.32,3.37
746.827,0.55,3.44,0.41,3.40
746.849,0.25,3.48,0.41,3.41
746.871,0.25,3.41,0.37,3.40
746.893,0.42,3.39,0.38,3.40
746.915,0.32,3.45,0.36,3.43
746.937,0.28,3.42,0.30,3.43
746.959,0.45,3.36,0.34,3.41
746.981,0.33,3.08,0.36,3.34
747.003,0.28,3.23,0.33,3.31
747.025,0.45,3.24,0.36,3.27
747.047,0.30,3.25,0.36,3.23
747.069,0.41,3.28,0.35,3.22
747.091,0.43,3.29,0.37,3.26
747.113,0.54,3.31,0.43,3.27
747.135,0.41,3.48,0.42,3.32
747.157,0.36,3.52,0.43,3.38
747.179,0.33,3.38,0.41,3.40
747.201,0.42,3.38,0.41,3.41
747.223,0.22,3.33,0.35,3.42
747.245,0.26,3.35,0.32,3.39
747.267,0.17,3.41,0.28,3.37
747.289,0.37,3.60,0.29,3.41
747.311,0.25,3.36,0.25,3.41
747.333,0.31,3.36,0.27,3.42
747.355,0.18,3.34,0.26,3.41
747.377,0.33,3.31,0.29,3.39
747.399,0.43,3.32,0.30,3.34
747.421,0.40,3.46,0.33,3.36
747.443,0.40,3.48,0.35,3.38
747.465,0.44,3.37,0.40,3.39
747.487,0.26,3.25,0.39,3.38
747.509,0.32,3.06,0.36,3.32
747.531,0.50,3.24,0.38,3.28
747.553,0.28,3.34,0.36,3.25
747.575,0.18,3.28,0.31,3.23
747.597,0.22,3.31,0.30,3.25
747.619,0.21,3.24,0.28,3.28
747.641,0.25,3.27,0.23,3.29
747.663,0.36,3.35,0.24,3.29
747.685,0.39,3.29,0.29,3.29
747.707,0.49,3.23,0.34,3.28
747.729,0.31,3.36,0.36,3.30
747.751,0.29,3.41,0.37,3.33
747.773,0.33,3.54,0.36,3.37
747.795,0.31,3.40,0.35,3.39
747.817,0.38,3.34,0.32,3.41
747.839,0.35,3.47,0.33,3.43
747.861,0.40,3.32,0.35,3.41
747.883,0.35,3.28,0.36,3.36
747.905,0.43,3.25,0.38,3.33
747.927,0.25,3.28,0.36,3.32
747.949,0.16,3.33,0.32,3.29
747.971,0.21,3.33,0.28,3.29
747.993,0.28,3.25,0.27,3.29
748.015,0.38,3.20,0.26,3.28
748.037,0.25,3.28,0.26,3.28
748.059,0.43,3.28,0.31,3.27
748.081,0.31,3.24,0.33,3.25
748.103,0.28,3.22,0.33,3.24
748.125,0.28,3.15,0.31,3.23
748.147,0.27,3.24,0.31,3.23
748.169,0.26,3.37,0.28,3.24
748.191,0.33,3.27,0.28,3.25
748.213,0.37,3.21,0.30,3.25
748.235,0.46,3.10,0.34,3.24
748.257,0.39,3.33,0.36,3.26
748.279,0.30,3.32,0.37,3.25
748.301,0.26,3.26,0.36,3.24
748.323,0.18,3.18,0.32,3.24
748.345,0.36,3.27,0.30,3.27
748.367,0.36,3.38,0.29,3.28
748.389,0.33,3.34,0.30,3.29
748.411,0.21,3.36,0.29,3.31
748.433,0.21,3.32,0.29,3.33
748.455,0.20,3.48,0.26,3.38
748.477,0.17,3.61,0.22,3.42
748.499,0.47,3.44,0.25,3.44
748.521,0.56,3.31,0.32,3.43
748.543,0.41,3.43,0.36,3.45
748.565,0.40,3.44,0.40,3.45
748.587,0.34,3.37,0.44,3.40
748.609,0.26,3.29,0.39,3.37
748.631,0.38,3.28,0.36,3.36
748.653,0.35,3.31,0.35,3.34
748.675,0.45,3.33,0.36,3.32
748.697,0.40,3.38,0.37,3.32
748.719,0.46,3.33,0.41,3.33
748.741,0.41,3.43,0.41,3.36
748.763,0.32,3.46,0.41,3.39
748.785,0.26,3.42,0.37,3.40
748.807,0.44,3.34,0.38,3.40
748.829,0.35,3.53,0.36,3.44
748.851,0.40,3.44,0.35,3.44
748.873,0.29,3.32,0.35,3.41
748.895,0.43,3.50,0.38,3.43
748.917,0.34,3.49,0.36,3.46
748.939,0.47,3.48,0.39,3.45
748.961,0.44,3.40,0.39,3.44
748.983,0.34,3.49,0.40,3.47
749.005,0.28,3.34,0.37,3.44
749.027,0.37,3.19,0.38,3.38
749.049,0.39,3.43,0.36,3.37
749.071,0.34,3.38,0.34,3.37
749.093,0.26,3.50,0.33,3.37
749.115,0.35,3.25,0.34,3.35
749.137,0.42,3.33,0.35,3.38
749.159,0.39,3.37,0.35,3.37
749.181,0.48,3.45,0.38,3.38
749.203,0.28,3.34,0.38,3.35
749.225,0.26,3.29,0.37,3.36
749.247,0.17,3.51,0.32,3.39
749.269,0.19,3.33,0.28,3.38
749.291,0.26,3.32,0.23,3.36
749.313,0.32,3.33,0.24,3.36
749.335,0.43,3.27,0.27,3.35
749.357,0.48,3.55,0.34,3.36
749.379,0.40,3.74,0.38,3.44
749.401,0.35,3.57,0.40,3.49
749.423,0.38,3.52,0.41,3.53
749.445,0.38,3.38,0.40,3.55
749.467,0.36,3.38,0.37,3.52
749.489,0.30,3.37,0.35,3.44
749.511,0.29,3.28,0.34,3.39
749.533,0.33,3.34,0.33,3.35
749.555,0.34,3.38,0.32,3.35
749.577,0.25,3.35,0.30,3.34
749.599,0.29,3.28,0.30,3.33
749.621,0.41,3.22,0.32,3.31
749.643,0.41,3.24,0.34,3.29
749.665,0.48,3.24,0.37,3.27
749.687,0.34,3.34,0.39,3.26
749.709,0.32,3.42,0.39,3.29
749.731,0.28,3.45,0.37,3.34
749.753,0.31,3.35,0.35,3.36
749.775,0.37,3.34,0.32,3.38
749.797,0.46,3.52,0.35,3.42
749.819,0.46,3.66,0.38,3.46
749.841,0.40,3.51,0.40,3.48
749.863,0.36,3.52,0.41,3.51
749.885,0.37,3.37,0.41,3.52
749.907,0.32,3.32,0.38,3.48
749.929,0.32,3.20,0.35,3.38
749.951,0.38,3.47,0.35,3.38
749.973,0.38,3.51,0.35,3.37
749.995,0.26,3.42,0.33,3.38
750.017,0.27,3.25,0.32,3.37
750.039,0.27,3.25,0.31,3.38
750.061,0.39,3.30,0.31,3.35
750.083,0.25,3.41,0.29,3.33
750.105,0.25,3.29,0.29,3.30
750.127,0.34,3.30,0.30,3.31
750.149,0.16,3.41,0.28,3.34
750.171,0.42,3.35,0.28,3.35
750.193,0.37,3.28,0.31,3.33
750.215,0.30,3.38,0.32,3.34
750.237,0.33,3.39,0.32,3.36
750.259,0.29,3.34,0.34,3.35
750.281,0.34,3.28,0.33,3.33
750.303,0.27,3.33,0.31,3.34
750.325,0.16,3.32,0.28,3.33
750.347,0.22,3.24,0.26,3.30
750.369,0.27,3.43,0.25,3.32
750.391,0.32,3.50,0.25,3.36
750.413,0.27,3.38,0.25,3.37
750.435,0.28,3.50,0.27,3.41
750.457,0.14,3.42,0.26,3.45
750.479,0.39,3.45,0.28,3.45
750.501,0.35,3.48,0.29,3.45
750.523,0.31,3.40,0.29,3.45
750.545,0.31,3.36,0.30,3.42
750.567,0.38,3.38,0.35,3.41
750.589,0.29,3.25,0.33,3.37
750.611,0.23,3.29,0.30,3.34
750.633,0.30,3.31,0.30,3.32
750.655,0.35,3.47,0.31,3.34
750.677,0.28,3.50,0.29,3.36
750.699,0.12,3.40,0.26,3.39
750.721,0.38,3.33,0.29,3.40
750.743,0.37,3.31,0.30,3.40
750.765,0.38,3.23,0.31,3.35
750.787,0.47,3.35,0.34,3.32
750.809,0.53,3.29,0.43,3.30
750.831,0.45,3.24,0.44,3.28
750.853,0.40,3.45,0.45,3.31
750.875,0.30,3.28,0.43,3.32
750.897,0.25,3.17,0.39,3.29
750.919,0.21,3.22,0.32,3.27
750.941,0.32,3.24,0.30,3.27
750.963,0.32,3.21,0.28,3.22
750.985,0.32,3.33,0.28,3.23
751.007,0.39,3.40,0.31,3.28
751.029,0.38,3.53,0.35,3.34
751.051,0.42,3.50,0.37,3.39
751.073,0.38,3.42,0.38,3.44
751.095,0.09,3.45,0.33,3.46
751.117,0.24,3.43,0.30,3.47
751.139,0.39,3.41,0.30,3.44
751.161,0.39,3.35,0.30,3.41
751.183,0.28,3.34,0.28,3.40
751.205,0.38,3.32,0.34,3.37
751.227,0.33,3.26,0.35,3.34
751.249,0.26,3.29,0.33,3.31
751.271,0.30,3.35,0.31,3.31
751.293,0.27,3.30,0.31,3.30
751.315,0.21,3.26,0.27,3.29
751.337,0.18,3.28,0.24,3.30
751.359,0.21,3.21,0.23,3.28
751.381,0.05,3.24,0.18,3.26
751.403,0.22,3.29,0.17,3.26
751.425,0.32,3.24,0.20,3.25
751.447,0.28,3.39,0.22,3.27
751.469,0.23,3.31,0.22,3.29
751.491,0.19,3.13,0.25,3.27
751.513,0.25,3.31,0.25,3.28
751.535,0.27,3.38,0.24,3.30
751.557,0.33,3.25,0.25,3.28
751.579,0.30,3.38,0.27,3.29
751.601,0.26,3.26,0.28,3.32
751.623,0.30,3.25,0.29,3.30
751.645,0.25,3.29,0.29,3.29
751.667,0.22,3.34,0.27,3.30
751.689,0.19,3.28,0.24,3.28
751.711,0.19,3.25,0.23,3.28
751.733,0.03,3.24,0.18,3.28
751.755,0.08,3.30,0.14,3.28
751.777,0.12,3.43,0.12,3.30
751.799,0.25,3.22,0.13,3.29
751.821,0.36,3.20,0.17,3.28
751.843,0.38,3.29,0.24,3.29
751.865,0.31,3.36,0.28,3.30
751.887,0.28,3.45,0.32,3.30
751.909,0.23,3.43,0.31,3.35
751.931,0.52,3.32,0.34,3.37
751.953,0.52,3.24,0.37,3.36
751.975,0.40,3.34,0.39,3.36
751.997,0.53,3.52,0.44,3.37
752.019,0.46,3.34,0.49,3.35
752.041,0.43,3.43,0.47,3.37
752.063,0.28,3.33,0.42,3.39
752.085,0.33,3.40,0.41,3.40
752.107,0.21,3.36,0.34,3.37
752.129,0.28,3.39,0.31,3.38
752.151,0.24,3.37,0.27,3.37
752.173,0.22,3.37,0.26,3.38
752.195,0.17,3.25,0.22,3.35
752.217,0.35,3.37,0.25,3.35
752.239,0.25,3.42,0.25,3.36
752.261,0.12,3.38,0.22,3.36
752.283,0.39,3.42,0.26,3.37
752.305,0.43,3.38,0.31,3.39
752.327,0.51,3.39,0.34,3.40
752.349,0.48,3.34,0.39,3.38
752.371,0.18,3.57,0.40,3.42
752.393,0.23,3.56,0.37,3.45
752.415,0.37,3.58,0.35,3.49
752.437,0.22,3.49,0.30,3.51
752.459,0.21,3.41,0.24,3.52
752.481,0.22,3.31,0.25,3.47
752.503,0.24,3.30,0.25,3.42
752.525,0.10,3.43,0.20,3.39
752.547,0.23,3.47,0.20,3.38
752.569,0.29,3.53,0.22,3.41
752.591,0.33,3.34,0.24,3.41
752.613,0.30,3.17,0.25,3.39
752.635,0.20,3.23,0.27,3.35
752.657,0.16,3.24,0.26,3.30
752.679,0.06,3.18,0.21,3.23
752.701,0.10,3.31,0.16,3.23
752.723,0.26,3.25,0.16,3.24
752.745,0.14,3.31,0.14,3.26
752.767,0.22,3.41,0.16,3.29
752.789,0.36,3.49,0.22,3.35
752.811,0.30,3.36,0.26,3.36
752.833,0.31,3.45,0.27,3.40
752.855,0.33,3.53,0.30,3.45
752.877,0.36,3.47,0.33,3.46
752.899,0.42,3.43,0.34,3.45
752.921,0.25,3.42,0.33,3.46
752.943,0.19,3.38,0.31,3.45
752.965,0.34,3.27,0.31,3.39
752.987,0.37,3.38,0.31,3.38
753.009,0.37,3.48,0.30,3.39
753.031,0.33,3.37,0.32,3.38
753.053,0.16,3.36,0.31,3.37
753.075,0.08,3.29,0.26,3.38
753.097,0.26,3.38,0.24,3.38
753.119,0.23,3.35,0.21,3.35
753.141,0.44,3.18,0.23,3.31
753.163,0.40,3.17,0.28,3.27
753.185,0.36,3.31,0.34,3.28
753.207,0.25,3.45,0.34,3.29
753.229,0.38,3.55,0.37,3.33
753.251,0.39,3.47,0.36,3.39
753.273,0.38,3.41,0.35,3.44
753.295,0.26,3.39,0.33,3.45
753.317,0.36,3.32,0.35,3.43
753.339,0.32,3.54,0.34,3.43
753.361,0.29,3.57,0.32,3.45
753.383,0.18,3.37,0.28,3.44
753.405,0.30,3.34,0.29,3.43
753.427,0.28,3.29,0.27,3.42
753.449,0.27,3.22,0.26,3.36
753.471,0.22,3.20,0.25,3.28
753.493,0.33,3.17,0.28,3.24
753.515,0.33,3.03,0.29,3.18
753.537,0.39,3.14,0.31,3.15
753.559,0.52,3.16,0.36,3.14
753.581,0.52,3.27,0.42,3.15
753.603,0.39,3.35,0.43,3.19
753.625,0.28,3.20,0.42,3.22
753.647,0.26,3.23,0.39,3.24
753.669,0.32,3.35,0.35,3.28
753.691,0.34,3.36,0.32,3.30
753.713,0.31,3.41,0.30,3.31
753.735,0.45,3.52,0.34,3.37
753.757,0.31,3.46,0.35,3.42
753.779,0.25,3.45,0.33,3.44
753.801,0.37,3.42,0.34,3.45
753.823,0.26,3.42,0.33,3.45
753.845,0.29,3.34,0.30,3.42
753.867,0.10,3.32,0.25,3.39
753.889,0.07,3.39,0.22,3.38
753.911,0.23,3.41,0.19,3.38
753.933,0.31,3.28,0.20,3.35
753.955,0.40,3.32,0.22,3.34
753.977,0.34,3.29,0.27,3.34
753.999,0.15,3.29,0.29,3.32
754.021,0.20,3.36,0.28,3.31
754.043,0.16,3.35,0.25,3.32
754.065,0.16,3.38,0.20,3.33
754.087,0.09,3.32,0.15,3.34
754.109,0.32,3.14,0.19,3.31
754.131,0.27,3.17,0.20,3.27
754.153,0.33,3.14,0.23,3.23
754.175,0.24,3.21,0.25,3.20
754.197,0.17,2.96,0.27,3.12
754.219,0.28,3.12,0.26,3.12
754.241,0.19,3.38,0.24,3.16
754.263,0.25,3.37,0.23,3.21
754.285,0.32,3.42,0.24,3.25
754.307,0.40,3.58,0.29,3.37
754.329,0.56,3.31,0.34,3.41
754.351,0.52,3.43,0.41,3.42
754.373,0.59,3.42,0.48,3.43
754.395,0.47,3.47,0.51,3.44
754.417,0.29,3.45,0.49,3.42
754.439,0.37,3.18,0.45,3.39
754.461,0.25,3.24,0.39,3.35
754.483,0.43,3.18,0.36,3.30
754.505,0.55,3.28,0.38,3.27
754.527,0.39,3.34,0.40,3.24
754.549,0.29,3.14,0.38,3.24
754.571,0.20,3.23,0.37,3.23
754.593,0.28,3.26,0.34,3.25
754.615,0.32,3.34,0.30,3.26
754.637,0.44,3.28,0.31,3.25
754.659,0.36,3.25,0.32,3.27
754.681,0.22,3.21,0.32,3.27
754.703,0.18,3.33,0.30,3.28
754.725,0.09,3.24,0.26,3.26
754.747,0.22,3.36,0.21,3.28
754.769,0.21,3.24,0.18,3.28
754.791,0.20,3.37,0.18,3.31
754.813,0.30,3.50,0.20,3.34
754.835,0.27,3.61,0.24,3.42
754.857,0.17,3.61,0.23,3.47
754.879,0.22,3.37,0.23,3.49
754.901,0.30,3.39,0.25,3.50
754.923,0.48,3.54,0.29,3.50
754.945,0.38,3.41,0.31,3.46
754.967,0.26,3.32,0.33,3.41
754.989,0.23,3.24,0.33,3.38
755.011,0.38,3.30,0.35,3.36
755.033,0.35,3.31,0.32,3.32
755.055,0.36,3.30,0.32,3.29
755.077,0.46,3.30,0.36,3.29
755.099,0.36,3.55,0.38,3.35
755.121,0.40,3.54,0.39,3.40
755.143,0.39,3.44,0.39,3.43
755.165,0.46,3.40,0.41,3.45
755.187,0.63,3.31,0.45,3.45
755.209,0.46,3.40,0.47,3.42
755.231,0.30,3.35,0.45,3.38
755.253,0.27,3.41,0.42,3.37
755.275,0.24,3.50,0.38,3.39
755.297,0.13,3.49,0.28,3.43
755.319,0.29,3.45,0.25,3.44
755.341,0.39,3.47,0.26,3.46
755.363,0.44,3.39,0.30,3.46
755.385,0.40,3.28,0.33,3.42
755.407,0.32,3.37,0.37,3.39
755.429,0.32,3.46,0.37,3.39
755.451,0.37,3.43,0.37,3.39
755.473,0.35,3.34,0.35,3.38
755.495,0.37,3.39,0.35,3.40
755.517,0.30,3.39,0.34,3.40
755.539,0.30,3.42,0.34,3.39
755.561,0.41,3.24,0.35,3.36
755.583,0.34,3.26,0.34,3.34
755.605,0.37,3.19,0.34,3.30
755.627,0.33,3.31,0.35,3.28
755.649,0.31,3.17,0.35,3.23
755.671,0.41,3.30,0.35,3.25
755.693,0.38,3.25,0.36,3.24
755.715,0.37,3.44,0.36,3.29
755.737,0.39,3.56,0.37,3.34
755.759,0.39,3.28,0.39,3.37
755.781,0.25,3.25,0.36,3.36
755.803,0.39,3.29,0.36,3.36
755.825,0.44,3.28,0.37,3.33
755.847,0.50,3.20,0.39,3.26
755.869,0.28,3.32,0.37,3.27
755.891,0.30,3.29,0.38,3.28
755.913,0.26,3.35,0.36,3.29
755.935,0.31,3.34,0.33,3.30
755.957,0.24,3.23,0.28,3.31
755.979,0.25,3.32,0.27,3.31
756.001,0.30,3.41,0.27,3.33
756.023,0.24,3.48,0.27,3.36
756.045,0.27,3.30,0.26,3.35
756.067,0.30,3.45,0.27,3.39
756.089,0.51,3.48,0.32,3.42
756.111,0.36,3.32,0.34,3.41
756.133,0.57,3.42,0.40,3.39
756.155,0.40,3.22,0.43,3.38
756.177,0.29,3.23,0.43,3.33
756.199,0.14,3.47,0.35,3.33
756.221,0.36,3.43,0.35,3.35
756.243,0.28,3.51,0.29,3.37
756.265,0.29,3.53,0.27,3.43
756.287,0.40,3.34,0.29,3.46
756.309,0.40,3.20,0.35,3.40
756.331,0.36,3.13,0.35,3.34
756.353,0.24,3.19,0.34,3.28
756.375,0.19,3.21,0.32,3.21
756.397,0.30,3.35,0.30,3.22
756.419,0.34,3.45,0.29,3.27
756.441,0.31,3.50,0.28,3.34
756.463,0.28,3.45,0.28,3.39
756.485,0.50,3.30,0.35,3.41
756.507,0.41,3.19,0.37,3.38
756.529,0.31,3.33,0.36,3.35
756.551,0.23,3.29,0.35,3.31
756.573,0.34,3.21,0.36,3.26
756.595,0.38,3.30,0.33,3.26
756.617,0.40,3.38,0.33,3.30
756.639,0.32,3.52,0.33,3.34
756.661,0.36,3.40,0.36,3.36
756.683,0.32,3.23,0.36,3.37
756.705,0.35,3.24,0.35,3.35
756.727,0.29,3.33,0.33,3.34
756.749,0.36,3.35,0.34,3.31
756.771,0.23,3.40,0.31,3.31
756.793,0.31,3.26,0.31,3.32
756.815,0.21,3.36,0.28,3.34
756.837,0.20,3.26,0.26,3.33
756.859,0.22,3.24,0.23,3.30
756.881,0.32,3.36,0.25,3.30
756.903,0.16,3.33,0.22,3.31
756.925,0.19,3.26,0.22,3.29
756.947,0.20,3.14,0.22,3.27
756.969,0.33,3.26,0.24,3.27
756.991,0.24,3.24,0.22,3.25
757.013,0.25,3.22,0.24,3.22
757.035,0.38,3.28,0.28,3.23
757.057,0.33,3.46,0.31,3.29
757.079,0.26,3.28,0.29,3.30
757.101,0.28,3.22,0.30,3.29
757.123,0.22,3.19,0.29,3.29
757.145,0.33,3.37,0.28,3.30
757.167,0.24,3.34,0.27,3.28
757.189,0.44,3.26,0.30,3.28
757.211,0.43,3.33,0.33,3.30
757.233,0.32,3.34,0.35,3.33
757.255,0.46,3.26,0.38,3.31
757.277,0.36,3.27,0.40,3.29
757.299,0.40,3.45,0.39,3.33
757.321,0.43,3.32,0.39,3.33
757.343,0.38,3.44,0.41,3.35
757.365,0.28,3.31,0.37,3.36
757.387,0.20,3.27,0.34,3.36
757.409,0.30,3.32,0.32,3.33
757.431,0.44,3.39,0.32,3.35
757.453,0.67,3.41,0.38,3.34
757.475,0.49,3.50,0.42,3.38
757.497,0.33,3.40,0.45,3.40
757.519,0.33,3.40,0.45,3.42
757.541,0.35,3.25,0.43,3.39
757.563,0.30,3.25,0.36,3.36
757.585,0.32,3.23,0.33,3.31
757.607,0.39,3.39,0.34,3.30
757.629,0.43,3.45,0.36,3.31
757.651,0.33,3.55,0.35,3.37
757.673,0.23,3.44,0.34,3.41
757.695,0.34,3.43,0.34,3.45
757.717,0.27,3.50,0.32,3.47
757.739,0.27,3.42,0.29,3.47
757.761,0.23,3.33,0.27,3.42
757.783,0.09,3.54,0.24,3.44
757.805,0.21,3.64,0.21,3.49
757.827,0.28,3.46,0.22,3.48
757.849,0.33,3.46,0.23,3.49
757.871,0.34,3.41,0.25,3.50
757.893,0.27,3.33,0.29,3.46
757.915,0.31,3.24,0.31,3.38
757.937,0.42,3.27,0.33,3.34
757.959,0.46,3.22,0.36,3.29
757.981,0.41,3.15,0.37,3.24
758.003,0.44,3.23,0.41,3.22
758.025,0.45,3.16,0.44,3.21
758.047,0.46,3.07,0.44,3.17
758.069,0.58,3.18,0.47,3.16
758.091,0.58,3.23,0.50,3.17
758.113,0.46,3.22,0.51,3.17
758.135,0.38,3.30,0.49,3.20
758.157,0.40,3.34,0.48,3.25
758.179,0.24,3.29,0.41,3.28
758.201,0.33,3.32,0.36,3.29
758.223,0.26,3.15,0.32,3.28
758.245,0.29,3.02,0.30,3.22
758.267,0.23,3.22,0.27,3.20
758.289,0.33,3.25,0.29,3.19
758.311,0.28,3.46,0.28,3.22
758.333,0.41,3.50,0.31,3.29
758.355,0.27,3.40,0.30,3.37
758.377,0.16,3.39,0.29,3.40
758.399,0.19,3.30,0.26,3.41
758.421,0.31,3.40,0.27,3.40
758.443,0.33,3.33,0.25,3.36
758.465,0.24,3.28,0.25,3.34
758.487,0.22,3.31,0.26,3.32
758.509,0.23,3.38,0.27,3.34
758.531,0.06,3.39,0.22,3.34
758.553,-0.01,3.43,0.15,3.36
758.575,0.14,3.37,0.13,3.38
758.597,0.22,3.29,0.13,3.37
758.619,0.22,3.34,0.13,3.36
758.641,0.30,3.33,0.17,3.35
758.663,0.32,3.27,0.24,3.32
758.685,0.26,3.33,0.26,3.31
758.707,0.41,3.26,0.30,3.31
758.729,0.48,3.25,0.35,3.29
758.751,0.42,3.34,0.38,3.29
758.773,0.21,3.41,0.36,3.32
758.795,0.29,3.44,0.36,3.34
758.817,0.23,3.44,0.33,3.38
758.839,0.30,3.30,0.29,3.39
758.861,0.31,3.23,0.27,3.36
758.883,0.40,3.39,0.31,3.36
758.905,0.44,3.39,0.34,3.35
758.927,0.49,3.39,0.39,3.34
758.949,0.46,3.58,0.42,3.40
758.971,0.26,3.35,0.41,3.42
758.993,0.36,3.35,0.40,3.41
759.015,0.32,3.33,0.38,3.40
759.037,0.28,3.21,0.34,3.36
759.059,0.24,3.25,0.29,3.30
759.081,0.26,3.31,0.29,3.29
759.103,0.00,3.29,0.22,3.28
759.125,0.30,3.23,0.22,3.26
759.147,0.31,3.22,0.22,3.26
759.169,0.36,3.31,0.25,3.27
759.191,0.42,3.42,0.28,3.29
759.213,0.30,3.34,0.34,3.30
759.235,0.22,3.27,0.32,3.31
759.257,0.25,3.47,0.31,3.36
759.279,0.26,3.25,0.29,3.35
759.301,0.25,3.22,0.26,3.31
759.323,0.27,3.24,0.25,3.29
759.345,0.40,3.36,0.29,3.31
759.367,0.36,3.41,0.31,3.30
759.389,0.53,3.42,0.36,3.33
759.411,0.42,3.35,0.40,3.36
759.433,0.43,3.33,0.43,3.37
759.455,0.41,3.33,0.43,3.37
759.477,0.40,3.45,0.44,3.38
759.499,0.45,3.37,0.42,3.37
759.521,0.31,3.23,0.40,3.34
759.543,0.46,3.17,0.41,3.31
759.565,0.37,3.14,0.40,3.27
759.587,0.38,3.22,0.39,3.23
759.609,0.24,3.30,0.35,3.21
759.631,0.33,3.36,0.36,3.24
759.653,0.26,3.49,0.32,3.30
759.675,0.27,3.40,0.30,3.35
759.697,0.43,3.36,0.31,3.38
759.719,0.42,3.18,0.34,3.36
759.741,0.55,3.28,0.39,3.34
759.763,0.41,3.34,0.42,3.31
759.785,0.27,3.34,0.42,3.30
759.807,0.23,3.39,0.38,3.31
759.829,0.28,3.50,0.35,3.37
759.851,0.41,3.23,0.32,3.36
759.873,0.31,3.23,0.30,3.34
759.895,0.44,3.32,0.33,3.33
759.917,0.40,3.39,0.37,3.33
759.939,0.26,3.34,0.36,3.30
759.961,0.30,3.39,0.34,3.33
759.983,0.22,3.31,0.32,3.35
760.005,0.19,3.38,0.27,3.36
760.027,0.08,3.31,0.21,3.35
760.049,0.19,3.34,0.20,3.35
760.071,0.21,3.30,0.18,3.33
760.093,0.18,3.28,0.17,3.32
760.115,0.38,3.37,0.21,3.32
760.137,0.31,3.20,0.25,3.30
760.159,0.21,3.05,0.26,3.24
760.181,0.37,3.28,0.29,3.24
760.203,0.43,3.28,0.34,3.24
760.225,0.31,3.31,0.33,3.22
760.247,0.38,3.46,0.34,3.28
760.269,0.40,3.42,0.38,3.35
760.291,0.35,3.53,0.37,3.40
760.313,0.40,3.27,0.37,3.40
760.335,0.46,3.19,0.40,3.37
760.357,0.36,3.13,0.39,3.31
760.379,0.11,3.28,0.34,3.28
760.401,0.22,3.26,0.31,3.23
760.423,0.09,3.44,0.25,3.26
760.445,0.24,3.39,0.20,3.30
760.467,0.26,3.33,0.18,3.34
760.489,0.40,3.37,0.24,3.36
760.511,0.17,3.25,0.23,3.36
760.533,0.20,3.40,0.25,3.35
760.555,0.37,3.42,0.28,3.35
760.577,0.37,3.36,0.30,3.36
760.599,0.33,3.51,0.29,3.39
760.621,0.26,3.37,0.31,3.41
760.643,0.17,3.41,0.30,3.41
760.665,0.16,3.34,0.26,3.40
760.687,0.17,3.27,0.22,3.38
760.709,0.30,3.32,0.21,3.34
760.731,0.35,3.48,0.23,3.36
760.753,0.28,3.38,0.25,3.36
760.775,0.32,3.20,0.28,3.33
760.797,0.36,3.29,0.32,3.33
760.819,0.34,3.26,0.33,3.32
760.841,0.32,3.21,0.32,3.27
760.863,0.43,3.18,0.35,3.23
760.885,0.39,3.19,0.37,3.23
760.907,0.32,3.15,0.36,3.20
760.929,0.35,3.21,0.36,3.19
760.951,0.14,3.15,0.33,3.18
760.973,0.18,3.27,0.28,3.19
760.995,0.33,3.14,0.26,3.18
761.017,0.31,3.13,0.26,3.18
761.039,0.20,3.22,0.23,3.18
761.061,0.27,3.11,0.26,3.17
761.083,0.34,3.14,0.29,3.15
761.105,0.25,3.22,0.27,3.16
761.127,0.21,3.20,0.25,3.18
761.149,0.24,3.29,0.26,3.19
761.171,0.28,3.36,0.26,3.24
761.193,0.26,3.40,0.25,3.29
761.215,0.35,3.39,0.27,3.33
761.237,0.53,3.26,0.33,3.34
761.259,0.44,3.45,0.37,3.37
761.281,0.27,3.41,0.37,3.38
761.303,0.24,3.30,0.37,3.36
761.325,0.39,3.33,0.37,3.35
761.347,0.32,3.36,0.33,3.37
761.369,0.20,3.23,0.28,3.33
761.391,0.27,3.47,0.28,3.34
761.413,0.34,3.48,0.30,3.37
761.435,0.45,3.46,0.32,3.40
761.457,0.28,3.18,0.31,3.36
761.479,0.28,3.30,0.32,3.38
761.501,0.36,3.37,0.34,3.36
761.523,0.36,3.29,0.35,3.32
761.545,0.32,3.34,0.32,3.30
761.567,0.33,3.15,0.33,3.29
761.589,0.24,3.18,0.32,3.27
761.611,0.24,3.16,0.30,3.22
761.633,0.32,3.32,0.29,3.23
761.655,0.43,3.17,0.31,3.20
761.677,0.50,3.14,0.35,3.19
761.699,0.31,3.25,0.36,3.21
761.721,0.27,3.18,0.37,3.21
761.743,0.17,3.31,0.34,3.21
761.765,0.07,3.28,0.26,3.23
761.787,0.16,3.44,0.20,3.29
761.809,0.14,3.31,0.16,3.30
761.831,0.14,3.32,0.14,3.33
761.853,0.24,3.31,0.15,3.33
761.875,0.29,3.47,0.19,3.37
761.897,0.45,3.41,0.25,3.36
761.919,0.61,3.22,0.35,3.35
761.941,0.36,3.41,0.39,3.36
761.963,0.30,3.46,0.40,3.39
761.985,0.30,3.53,0.40,3.41
762.007,0.27,3.50,0.37,3.42
762.029,0.33,3.40,0.31,3.46
762.051,0.18,3.61,0.28,3.50
762.073,0.18,3.60,0.25,3.53
762.095,0.21,3.46,0.23,3.51
762.117,0.21,3.36,0.22,3.49
762.139,0.23,3.34,0.20,3.47
762.161,0.16,3.48,0.20,3.45
762.183,0.24,3.54,0.21,3.44
762.205,0.37,3.43,0.24,3.43
762.227,0.36,3.38,0.27,3.43
762.249,0.31,3.30,0.29,3.43
762.271,0.27,3.28,0.31,3.39
762.293,0.24,3.19,0.31,3.32
762.315,0.26,3.16,0.29,3.26
762.337,0.35,3.27,0.29,3.24
762.359,0.30,3.42,0.28,3.26
762.381,0.19,3.54,0.27,3.32
762.403,0.22,3.50,0.26,3.38
762.425,0.27,3.54,0.27,3.45
762.447,0.35,3.36,0.27,3.47
762.469,-0.01,3.51,0.20,3.49
762.491,0.24,3.44,0.21,3.47
762.513,0.22,3.36,0.21,3.44
762.535,0.34,3.33,0.23,3.40
762.557,0.38,3.44,0.23,3.42
762.579,0.38,3.37,0.31,3.39
762.601,0.35,3.40,0.33,3.38
762.623,0.21,3.23,0.33,3.35
762.645,0.21,3.28,0.31,3.34
762.667,0.21,3.39,0.27,3.33
762.689,0.21,3.47,0.24,3.35
762.711,0.24,3.38,0.22,3.35
762.733,0.36,3.12,0.25,3.33
762.755,0.30,3.20,0.26,3.31
762.777,0.25,3.30,0.27,3.29
762.799,0.31,3.30,0.29,3.26
762.821,0.33,3.31,0.31,3.25
762.843,0.29,3.24,0.30,3.27
762.865,0.35,3.45,0.31,3.32
762.887,0.28,3.41,0.31,3.34
762.909,0.36,3.57,0.32,3.40
762.931,0.37,3.54,0.33,3.44
762.953,0.23,3.42,0.32,3.48
762.975,0.39,3.43,0.33,3.47
762.997,0.37,3.56,0.34,3.50
763.019,0.45,3.46,0.36,3.48
763.041,0.41,3.33,0.37,3.44
763.063,0.22,3.28,0.37,3.41
763.085,0.30,3.39,0.35,3.40
763.107,0.25,3.27,0.33,3.35
763.129,0.27,3.35,0.29,3.32
763.151,0.22,3.35,0.25,3.33
763.173,0.39,3.59,0.29,3.39
763.195,0.32,3.47,0.29,3.41
763.217,0.49,3.60,0.34,3.47
763.239,0.41,3.64,0.37,3.53
763.261,0.47,3.58,0.42,3.58
763.283,0.41,3.43,0.42,3.54
763.305,0.46,3.29,0.45,3.51
763.327,0.34,3.35,0.42,3.46
763.349,0.26,3.34,0.39,3.40
763.371,0.28,3.33,0.35,3.35
763.393,0.25,3.30,0.32,3.32
763.415,0.24,3.19,0.27,3.30
763.437,0.12,3.17,0.23,3.27
763.459,0.15,3.21,0.21,3.24
763.481,0.09,3.30,0.17,3.23
763.503,0.30,3.24,0.18,3.22
763.525,0.44,3.29,0.22,3.24
763.547,0.29,3.33,0.25,3.27
763.569,0.14,3.19,0.25,3.27
763.591,0.11,3.26,0.26,3.26
763.613,0.18,3.21,0.23,3.26
763.635,0.12,3.29,0.17,3.26
763.657,0.19,3.40,0.15,3.27
763.679,0.30,3.43,0.18,3.32
763.701,0.38,3.60,0.23,3.39
763.723,0.28,3.49,0.25,3.44
763.745,0.22,3.53,0.27,3.49
763.767,0.27,3.57,0.29,3.52
763.789,0.32,3.70,0.29,3.58
763.811,0.19,3.37,0.26,3.53
763.833,0.26,3.29,0.25,3.49
763.855,0.36,3.30,0.28,3.45
763.877,0.25,3.39,0.28,3.41
763.899,0.22,3.38,0.26,3.35
763.921,0.30,3.41,0.28,3.35
763.943,0.23,3.35,0.27,3.37
763.965,0.33,3.29,0.27,3.36
763.987,0.21,3.23,0.26,3.33
764.009,0.40,3.45,0.29,3.35
764.031,0.23,3.40,0.28,3.34
764.053,0.28,3.46,0.29,3.37
764.075,0.32,3.36,0.29,3.38
764.097,0.36,3.40,0.32,3.41
764.119,0.41,3.29,0.32,3.38
764.141,0.48,3.35,0.37,3.37
764.163,0.39,3.48,0.39,3.38
764.185,0.37,3.56,0.40,3.42
764.207,0.30,3.41,0.39,3.42
764.229,0.31,3.36,0.37,3.43
764.251,0.37,3.51,0.35,3.46
764.273,0.37,3.41,0.34,3.45
764.295,0.34,3.33,0.34,3.40
764.317,0.19,3.26,0.32,3.37
764.339,0.29,3.23,0.31,3.35
764.361,0.35,3.36,0.31,3.32
764.383,0.41,3.43,0.32,3.32
764.405,0.48,3.45,0.34,3.35
764.427,0.39,3.45,0.38,3.38
764.449,0.27,3.31,0.38,3.40
764.471,0.38,3.32,0.39,3.39
764.493,0.34,3.32,0.37,3.37
764.515,0.22,3.32,0.32,3.34
764.537,0.20,3.27,0.28,3.31
764.559,0.24,3.32,0.28,3.31
764.581,0.33,3.31,0.27,3.31
764.603,0.43,3.47,0.28,3.34
764.625,0.30,3.38,0.30,3.35
764.647,0.36,3.23,0.33,3.34
764.669,0.33,3.18,0.35,3.31
764.691,0.30,3.40,0.34,3.33
764.713,0.28,3.39,0.31,3.32
764.735,0.38,3.49,0.33,3.34
764.757,0.39,3.40,0.34,3.37
764.779,0.45,3.52,0.36,3.44
764.801,0.35,3.49,0.37,3.46
764.823,0.37,3.47,0.39,3.47
764.845,0.32,3.39,0.38,3.45
764.867,0.41,3.37,0.38,3.45
764.889,0.48,3.37,0.39,3.42
764.911,0.38,3.29,0.39,3.38
764.933,0.46,3.33,0.41,3.35
764.955,0.41,3.26,0.43,3.32
764.977,0.51,3.39,0.45,3.33
764.999,0.31,3.40,0.41,3.33
765.021,0.51,3.35,0.44,3.35
765.043,0.45,3.37,0.44,3.35
765.065,0.39,3.18,0.43,3.34
765.087,0.31,3.28,0.39,3.32
765.109,0.30,3.35,0.39,3.31
765.131,0.26,3.39,0.34,3.31
765.153,0.27,3.15,0.31,3.27
765.175,0.47,3.36,0.32,3.31
765.197,0.45,3.45,0.35,3.34
765.219,0.37,3.35,0.36,3.34
765.241,0.30,3.23,0.37,3.31
765.263,0.29,3.30,0.38,3.34
765.285,0.24,3.39,0.33,3.34
765.307,0.31,3.49,0.30,3.35
765.329,0.31,3.36,0.29,3.35
765.351,0.37,3.36,0.30,3.38
765.373,0.40,3.35,0.33,3.39
765.395,0.50,3.32,0.38,3.38
765.417,0.40,3.25,0.40,3.33
765.439,0.41,3.42,0.42,3.34
765.461,0.31,3.36,0.40,3.34
765.483,0.32,3.44,0.39,3.36
765.505,0.40,3.39,0.37,3.37
765.527,0.42,3.33,0.37,3.39
765.549,0.47,3.51,0.38,3.41
765.571,0.47,3.33,0.42,3.40
765.593,0.53,3.33,0.46,3.38
765.615,0.46,3.34,0.47,3.37
765.637,0.48,3.49,0.48,3.40
765.659,0.45,3.35,0.48,3.37
765.681,0.38,3.31,0.46,3.36
765.703,0.27,3.35,0.41,3.37
765.725,0.28,3.27,0.37,3.35
765.747,0.35,3.38,0.35,3.33
765.769,0.40,3.40,0.34,3.34
765.791,0.40,3.38,0.34,3.36
765.813,0.34,3.35,0.35,3.36
765.835,0.33,3.43,0.36,3.39
765.857,0.45,3.35,0.38,3.38
765.879,0.35,3.48,0.37,3.40
765.901,0.49,3.41,0.39,3.40
765.923,0.51,3.40,0.43,3.41
765.945,0.27,3.43,0.41,3.41
765.967,0.26,3.47,0.38,3.44
765.989,0.33,3.39,0.37,3.42
766.011,0.34,3.37,0.34,3.41
766.033,0.31,3.39,0.30,3.41
766.055,0.31,3.13,0.31,3.35
766.077,0.20,3.21,0.30,3.30
766.099,0.31,3.04,0.29,3.23
766.121,0.21,3.06,0.27,3.17
766.143,0.11,3.09,0.23,3.11
766.165,0.22,3.07,0.21,3.09
766.187,0.41,3.22,0.25,3.10
766.209,0.38,3.33,0.27,3.15
766.231,0.29,3.28,0.28,3.20
766.253,0.34,3.35,0.33,3.25
766.275,0.39,3.52,0.36,3.34
766.297,0.34,3.54,0.35,3.40
766.319,0.34,3.49,0.34,3.44
766.341,0.27,3.27,0.34,3.43
766.363,0.27,3.38,0.32,3.44
766.385,0.31,3.44,0.31,3.42
766.407,0.28,3.45,0.29,3.41
766.429,0.28,3.31,0.28,3.37
766.451,0.16,3.28,0.26,3.37
766.473,0.19,3.31,0.24,3.36
766.495,0.16,3.34,0.21,3.34
766.517,0.31,3.38,0.22,3.32
766.539,0.29,3.31,0.22,3.32
766.561,0.39,3.34,0.27,3.34
766.583,0.42,3.45,0.31,3.36
766.605,0.26,3.42,0.33,3.38
766.627,0.20,3.36,0.31,3.38
766.649,0.18,3.32,0.29,3.38
766.671,0.23,3.42,0.26,3.39
766.693,0.31,3.38,0.24,3.38
766.715,0.26,3.35,0.24,3.37
766.737,0.23,3.41,0.24,3.38
766.759,0.24,3.33,0.25,3.38
766.781,0.27,3.37,0.26,3.37
766.803,0.29,3.30,0.26,3.35
766.825,0.39,3.28,0.28,3.34
766.847,0.22,3.18,0.28,3.29
766.869,0.18,3.18,0.27,3.26
766.891,0.27,3.22,0.27,3.23
766.913,0.20,3.25,0.25,3.22
766.935,0.28,3.35,0.23,3.24
766.957,0.42,3.45,0.27,3.29
766.979,0.39,3.37,0.31,3.33
767.001,0.21,3.27,0.30,3.34
767.023,0.45,3.35,0.35,3.36
767.045,0.48,3.42,0.39,3.37
767.067,0.46,3.55,0.40,3.39
767.089,0.51,3.32,0.42,3.38
767.111,0.25,3.46,0.43,3.42
767.133,0.39,3.36,0.42,3.42
767.155,0.46,3.42,0.41,3.42
767.177,0.35,3.22,0.39,3.36
767.199,0.33,3.22,0.36,3.34
767.221,0.38,3.14,0.38,3.27
767.243,0.34,3.37,0.37,3.27
767.265,0.34,3.23,0.35,3.24
767.287,0.24,3.24,0.33,3.24
767.309,0.33,3.25,0.33,3.25
767.331,0.41,3.45,0.33,3.31
767.353,0.41,3.49,0.35,3.33
767.375,0.37,3.35,0.35,3.36
767.397,0.26,3.17,0.36,3.34
767.419,0.29,3.21,0.35,3.33
767.441,0.30,3.20,0.33,3.28
767.463,0.14,3.21,0.27,3.23
767.485,0.27,3.27,0.25,3.21
767.507,0.19,3.39,0.24,3.26
767.529,0.21,3.30,0.22,3.27
767.551,0.30,3.28,0.22,3.29
767.573,0.18,3.21,0.23,3.29
767.595,0.17,3.35,0.21,3.31
767.617,0.33,3.37,0.24,3.30
767.639,0.21,3.37,0.24,3.32
767.661,0.47,3.29,0.27,3.32
767.683,0.31,3.25,0.30,3.33
767.705,0.39,3.26,0.34,3.31
767.727,0.37,3.37,0.35,3.31
767.749,0.33,3.39,0.37,3.31
767.771,0.13,3.31,0.31,3.32
767.793,0.23,3.34,0.29,3.33
767.815,0.31,3.37,0.27,3.36
767.837,0.36,3.27,0.27,3.34
767.859,0.31,3.23,0.27,3.30
767.881,0.36,3.23,0.31,3.29
767.903,0.25,3.28,0.32,3.28
767.925,0.27,3.25,0.31,3.25
767.947,0.48,3.27,0.33,3.25
767.969,0.34,3.31,0.34,3.27
767.991,0.29,3.32,0.33,3.29
768.013,0.28,3.16,0.33,3.26
768.035,0.27,3.29,0.33,3.27
768.057,0.30,3.11,0.30,3.24
768.079,0.25,3.17,0.28,3.21
768.101,0.27,3.05,0.27,3.16
768.123,0.27,3.32,0.27,3.19
768.145,0.32,3.39,0.28,3.21
768.167,0.27,3.34,0.28,3.25
768.189,0.37,3.31,0.30,3.28
768.211,0.22,3.24,0.29,3.32
768.233,0.38,3.29,0.31,3.31
768.255,0.39,3.23,0.33,3.28
768.277,0.44,3.12,0.36,3.24
768.299,0.58,3.29,0.40,3.23
768.321,0.33,3.34,0.42,3.25
768.343,0.36,3.29,0.42,3.25
768.365,0.27,3.38,0.40,3.28
768.387,0.39,3.46,0.39,3.35
768.409,0.39,3.44,0.35,3.38
768.431,0.33,3.29,0.35,3.37
768.453,0.24,3.41,0.32,3.40
768.475,0.31,3.35,0.33,3.39
768.497,0.40,3.53,0.33,3.40
768.519,0.43,3.49,0.34,3.41
768.541,0.36,3.31,0.35,3.42
768.563,0.25,3.47,0.35,3.43
768.585,0.29,3.37,0.35,3.43
768.607,0.30,3.35,0.33,3.40
768.629,0.22,3.19,0.28,3.34
768.651,0.19,3.26,0.25,3.33
768.673,0.22,3.26,0.24,3.29
768.695,0.23,3.18,0.23,3.25
768.717,0.46,3.29,0.26,3.24
768.739,0.34,3.32,0.29,3.26
768.761,0.38,3.26,0.33,3.26
768.783,0.26,3.36,0.33,3.28
768.805,0.16,3.45,0.32,3.34
768.827,0.39,3.43,0.31,3.36
768.849,0.47,3.48,0.33,3.40
768.871,0.38,3.35,0.33,3.41
768.893,0.50,3.34,0.38,3.41
768.915,0.44,3.42,0.44,3.40
768.937,0.45,3.50,0.45,3.42
768.959,0.37,3.42,0.43,3.41
768.981,0.48,3.48,0.45,3.43
769.003,0.45,3.43,0.44,3.45
769.025,0.53,3.47,0.46,3.46
769.047,0.41,3.43,0.45,3.45
769.069,0.42,3.22,0.46,3.41
769.091,0.22,3.40,0.41,3.39
769.113,0.36,3.39,0.39,3.38
769.135,0.28,3.33,0.34,3.35
769.157,0.33,3.32,0.32,3.33
769.179,0.22,3.22,0.28,3.33
769.201,0.29,3.36,0.30,3.32
769.223,0.22,3.55,0.27,3.36
769.245,0.05,3.54,0.22,3.40
769.267,0.15,3.49,0.19,3.43
769.289,0.20,3.38,0.18,3.46
769.311,0.30,3.28,0.18,3.45
769.333,0.27,3.43,0.19,3.42
769.355,0.41,3.27,0.27,3.37
769.377,0.36,3.42,0.31,3.36
769.399,0.40,3.53,0.35,3.39
769.421,0.31,3.40,0.35,3.41
769.443,0.23,3.48,0.34,3.42
769.465,0.22,3.32,0.30,3.43
769.487,0.20,3.39,0.27,3.42
769.509,0.38,3.49,0.27,3.42
769.531,0.37,3.48,0.28,3.43
769.553,0.32,3.36,0.30,3.41
769.575,0.17,3.52,0.29,3.45
769.597,0.25,3.65,0.30,3.50
769.619,0.15,3.54,0.25,3.51
769.641,0.30,3.51,0.24,3.52
769.663,0.38,3.35,0.25,3.51
769.685,0.40,3.40,0.30,3.49
769.707,0.41,3.35,0.33,3.43
769.729,0.35,3.36,0.37,3.39
769.751,0.42,3.39,0.39,3.37
769.773,0.42,3.22,0.40,3.34
769.795,0.45,3.43,0.41,3.35
769.817,0.34,3.35,0.40,3.35
769.839,0.35,3.43,0.40,3.36
769.861,0.37,3.40,0.39,3.37
769.883,0.42,3.44,0.39,3.41
769.905,0.26,3.44,0.35,3.41
769.927,0.33,3.50,0.35,3.44
769.949,0.26,3.46,0.33,3.45
769.971,0.40,3.35,0.33,3.44
769.993,0.44,3.21,0.34,3.39
770.015,0.36,3.21,0.36,3.35
770.037,0.33,3.20,0.36,3.29
770.059,0.18,3.43,0.34,3.28
770.081,0.29,3.32,0.32,3.27
770.103,0.11,3.35,0.25,3.30
770.125,0.31,3.07,0.24,3.27
770.147,0.25,3.17,0.23,3.27
770.169,0.27,3.27,0.25,3.24
770.191,0.21,3.30,0.23,3.23
770.213,0.33,3.44,0.27,3.25
770.235,0.16,3.35,0.24,3.31
770.257,0.20,3.23,0.23,3.32
770.279,0.33,3.45,0.25,3.35
770.301,0.29,3.44,0.26,3.38
770.323,0.31,3.46,0.26,3.39
770.345,0.37,3.37,0.30,3.39
770.367,0.41,3.31,0.34,3.41
770.389,0.36,3.27,0.35,3.37
770.411,0.34,3.38,0.36,3.36
770.433,0.31,3.46,0.36,3.36
770.455,0.17,3.50,0.32,3.38
770.477,0.31,3.55,0.30,3.43
770.499,0.17,3.41,0.26,3.46
770.521,0.16,3.36,0.22,3.46
770.543,0.09,3.33,0.18,3.43
770.565,0.38,3.18,0.22,3.37
770.587,0.45,3.24,0.25,3.30
770.609,0.45,3.26,0.31,3.27
770.631,0.38,3.34,0.35,3.27
770.653,0.42,3.35,0.42,3.27
770.675,0.40,3.36,0.42,3.31
770.697,0.36,3.43,0.40,3.35
770.719,0.38,3.40,0.39,3.38
770.741,0.22,3.35,0.36,3.38
770.763,0.23,3.28,0.32,3.36
770.785,0.36,3.33,0.31,3.36
770.807,0.32,3.19,0.30,3.31
770.829,0.40,3.30,0.31,3.29
770.851,0.32,3.32,0.33,3.28
770.873,0.25,3.31,0.33,3.29
770.895,0.34,3.34,0.33,3.29
770.917,0.29,3.24,0.32,3.30
770.939,0.49,3.40,0.34,3.32
770.961,0.37,3.49,0.35,3.36
770.983,0.33,3.48,0.36,3.39
771.005,0.36,3.45,0.37,3.41
771.027,0.44,3.40,0.40,3.44
771.049,0.52,3.41,0.40,3.45
771.071,0.44,3.40,0.42,3.43
771.093,0.42,3.37,0.44,3.41
771.115,0.25,3.29,0.41,3.37
771.137,0.39,3.37,0.40,3.37
771.159,0.28,3.35,0.36,3.36
771.181,0.25,3.30,0.32,3.34
771.203,0.31,3.33,0.30,3.33
771.225,0.33,3.27,0.31,3.32
771.247,0.26,3.28,0.29,3.31
771.269,0.22,3.33,0.27,3.30
771.291,0.28,3.24,0.28,3.29
771.313,0.30,3.22,0.28,3.27
771.335,0.24,3.32,0.26,3.28
771.357,0.20,3.24,0.25,3.27
771.379,0.15,3.42,0.23,3.29
771.401,0.28,3.29,0.23,3.30
771.423,0.26,3.39,0.23,3.33
771.445,0.15,3.40,0.21,3.35
771.467,0.17,3.27,0.20,3.35
771.489,0.30,3.36,0.23,3.34
771.511,0.25,3.38,0.23,3.36
771.533,0.35,3.40,0.24,3.36
771.555,0.35,3.42,0.28,3.37
771.577,0.35,3.43,0.32,3.40
771.599,0.35,3.29,0.33,3.38
771.621,0.11,3.05,0.30,3.32
771.643,0.17,3.17,0.27,3.27
771.665,0.22,3.12,0.24,3.21
771.687,0.17,3.27,0.20,3.18
771.709,0.17,3.33,0.17,3.19
771.731,0.10,3.31,0.17,3.24
771.753,0.19,3.32,0.17,3.27
771.775,0.21,3.29,0.17,3.30
771.797,0.06,3.35,0.15,3.32
771.819,0.12,3.26,0.14,3.31
771.841,0.25,3.37,0.17,3.32
771.863,0.27,3.40,0.18,3.33
771.885,0.22,3.26,0.18,3.33
771.907,0.28,3.41,0.23,3.34
771.929,0.35,3.45,0.27,3.38
771.951,0.42,3.27,0.31,3.36
771.973,0.45,3.35,0.34,3.35
771.995,0.40,3.36,0.38,3.37
772.017,0.27,3.54,0.38,3.39
772.039,0.20,3.44,0.35,3.39
772.061,0.24,3.32,0.31,3.40
772.083,0.25,3.46,0.27,3.42
772.105,0.43,3.44,0.28,3.44
772.127,0.33,3.40,0.29,3.41
772.149,0.37,3.28,0.32,3.38
772.171,0.29,3.42,0.33,3.40
772.193,0.33,3.47,0.35,3.40
772.215,0.22,3.39,0.31,3.39
772.237,0.26,3.41,0.29,3.39
772.259,0.36,3.30,0.29,3.40
772.281,0.37,3.27,0.31,3.37
772.303,0.46,3.22,0.33,3.32
772.325,0.21,3.32,0.33,3.30
772.347,0.39,3.38,0.36,3.30
772.369,0.16,3.52,0.32,3.34
772.391,0.17,3.33,0.28,3.35
772.413,0.23,3.35,0.23,3.38
772.435,0.48,3.48,0.29,3.41
772.457,0.47,3.54,0.30,3.44
772.479,0.47,3.37,0.36,3.41
772.501,0.36,3.41,0.40,3.43
772.523,0.26,3.40,0.41,3.44
772.545,0.24,3.38,0.36,3.42
772.567,0.28,3.42,0.32,3.40
772.589,0.28,3.17,0.28,3.36
772.611,0.21,3.26,0.25,3.33
772.633,0.19,3.33,0.24,3.31
772.655,0.24,3.34,0.24,3.30
772.677,0.34,3.37,0.25,3.29
772.699,0.31,3.45,0.26,3.35
772.721,0.34,3.37,0.28,3.37
772.743,0.37,3.40,0.32,3.39
772.765,0.33,3.34,0.34,3.39
772.787,0.41,3.38,0.35,3.39
772.809,0.37,3.37,0.36,3.37
772.831,0.42,3.57,0.38,3.41
772.853,0.38,3.48,0.38,3.43
772.875,0.31,3.56,0.38,3.47
772.897,0.32,3.50,0.36,3.50
772.919,0.36,3.45,0.36,3.51
772.941,0.36,3.58,0.35,3.51
772.963,0.38,3.51,0.35,3.52
772.985,0.28,3.49,0.34,3.51
773.007,0.28,3.38,0.33,3.48
773.029,0.30,3.14,0.32,3.42
773.051,0.21,3.23,0.29,3.35
773.073,0.29,3.25,0.27,3.30
773.095,0.22,3.09,0.26,3.22
773.117,0.26,3.12,0.26,3.17
773.139,0.06,3.20,0.21,3.18
773.161,0.19,3.38,0.20,3.21
773.183,0.34,3.41,0.21,3.24
773.205,0.33,3.46,0.24,3.31
773.227,0.21,3.42,0.23,3.37
773.249,0.19,3.28,0.25,3.39
773.271,0.33,3.28,0.28,3.37
773.293,0.33,3.35,0.28,3.36
773.315,0.30,3.28,0.27,3.32
773.337,0.24,3.20,0.28,3.28
773.359,0.24,3.25,0.29,3.27
773.381,0.11,3.26,0.24,3.27
773.403,0.19,3.38,0.22,3.27
773.425,0.20,3.39,0.20,3.30
773.447,0.24,3.37,0.20,3.33
773.469,0.23,3.51,0.19,3.38
773.491,0.27,3.34,0.23,3.40
773.513,0.21,3.35,0.23,3.39
773.535,0.47,3.42,0.28,3.40
773.557,0.35,3.33,0.31,3.39
773.579,0.28,3.40,0.32,3.37
773.601,0.45,3.28,0.35,3.36
773.623,0.30,3.46,0.37,3.38
773.645,0.45,3.41,0.37,3.38
773.667,0.38,3.37,0.37,3.38
773.689,0.27,3.38,0.37,3.38
773.711,0.41,3.61,0.36,3.45
773.733,0.24,3.52,0.35,3.46
773.755,0.32,3.34,0.32,3.44
773.777,0.49,3.39,0.35,3.45
773.799,0.48,3.34,0.39,3.44
773.821,0.45,3.40,0.40,3.40
773.843,0.43,3.26,0.43,3.35
773.865,0.35,3.24,0.44,3.33
773.887,0.22,3.28,0.39,3.30
773.909,0.21,3.37,0.33,3.31
773.931,0.34,3.29,0.31,3.29
773.953,0.31,3.31,0.29,3.30
773.975,0.27,3.30,0.27,3.31
773.997,0.37,3.20,0.30,3.29
774.019,0.48,3.27,0.35,3.27
774.041,0.33,3.45,0.35,3.31
774.063,0.34,3.40,0.36,3.32
774.085,0.47,3.31,0.40,3.33
774.107,0.39,3.30,0.40,3.35
774.129,0.42,3.30,0.39,3.35
774.151,0.30,3.17,0.38,3.30
774.173,0.26,3.16,0.37,3.25
774.195,0.26,3.18,0.33,3.22
774.217,0.50,3.12,0.35,3.19
774.239,0.47,3.25,0.36,3.18
774.261,0.51,3.20,0.40,3.18
774.283,0.45,3.20,0.44,3.19
774.305,0.39,3.32,0.46,3.22
774.327,0.12,3.28,0.39,3.25
774.349,0.21,3.23,0.34,3.25
774.371,0.32,3.26,0.30,3.26
774.393,0.22,3.36,0.25,3.29
774.415,0.25,3.33,0.22,3.29
774.437,0.34,3.39,0.27,3.31
774.459,0.41,3.30,0.31,3.33
774.481,0.31,3.29,0.31,3.33
774.503,0.29,3.38,0.32,3.34
774.525,0.21,3.40,0.31,3.35
774.547,0.20,3.46,0.28,3.37
774.569,0.21,3.39,0.24,3.38
774.591,0.08,3.32,0.20,3.39
774.613,0.30,3.39,0.20,3.39
774.635,0.22,3.56,0.20,3.42
774.657,0.29,3.47,0.22,3.43
774.679,0.34,3.55,0.25,3.46
774.701,0.36,3.46,0.30,3.49
774.723,0.29,3.24,0.30,3.46
774.745,0.26,3.42,0.31,3.43
774.767,0.31,3.33,0.31,3.40
774.789,0.32,3.34,0.31,3.36
774.811,0.30,3.40,0.30,3.35
774.833,0.23,3.34,0.28,3.37
774.855,0.31,3.47,0.29,3.38
774.877,0.36,3.51,0.30,3.41
774.899,0.32,3.36,0.30,3.42
774.921,0.28,3.51,0.30,3.44
774.943,0.33,3.40,0.32,3.45
774.965,0.44,3.31,0.35,3.42
774.987,0.27,3.27,0.33,3.37
775.009,0.17,3.16,0.30,3.33
775.031,0.15,3.20,0.27,3.27
775.053,0.32,3.22,0.27,3.23
775.075,0.26,3.12,0.23,3.19
775.097,0.25,3.24,0.23,3.19
775.119,0.24,3.14,0.24,3.18
775.141,0.30,3.22,0.27,3.19
775.163,0.38,3.20,0.29,3.18
775.185,0.39,3.38,0.31,3.24
775.207,0.43,3.39,0.35,3.27
775.229,0.30,3.51,0.36,3.34
775.251,0.15,3.48,0.33,3.39
775.273,0.17,3.58,0.29,3.47
775.295,0.32,3.54,0.27,3.50
775.317,0.30,3.58,0.25,3.54
775.339,0.30,3.51,0.25,3.54
775.361,0.23,3.55,0.26,3.55
775.383,0.29,3.44,0.29,3.52
775.405,0.42,3.53,0.31,3.52
775.427,0.38,3.29,0.32,3.46
775.449,0.46,3.40,0.36,3.44
775.471,0.38,3.48,0.39,3.43
775.493,0.41,3.44,0.41,3.43
775.515,0.35,3.37,0.40,3.40
775.537,0.24,3.29,0.37,3.40
775.559,0.25,3.21,0.33,3.36
775.581,0.20,3.36,0.29,3.33
775.603,0.33,3.36,0.27,3.32
775.625,0.24,3.29,0.25,3.30
775.647,0.26,3.29,0.26,3.30
775.669,0.25,3.40,0.26,3.34
775.691,0.31,3.29,0.28,3.33
775.713,0.24,3.35,0.26,3.32
775.735,0.32,3.25,0.28,3.32
775.757,0.18,3.38,0.26,3.33
775.779,0.26,3.35,0.26,3.32
775.801,0.21,3.33,0.24,3.33
775.823,0.24,3.48,0.24,3.36
775.845,0.20,3.43,0.22,3.39
775.867,0.24,3.33,0.23,3.38
775.889,0.22,3.45,0.22,3.40
775.911,0.23,3.32,0.23,3.40
775.933,0.19,3.23,0.22,3.35
775.955,0.29,3.29,0.23,3.32
775.977,0.20,3.30,0.23,3.32
775.999,0.29,3.28,0.24,3.28
776.021,0.24,3.33,0.24,3.29
776.043,0.27,3.43,0.26,3.33
776.065,0.32,3.40,0.26,3.35
776.087,0.25,3.51,0.27,3.39
776.109,0.29,3.30,0.27,3.39
776.131,0.42,3.53,0.31,3.43
776.153,0.47,3.45,0.35,3.44
776.175,0.33,3.43,0.35,3.44
776.197,0.34,3.41,0.37,3.42
776.219,0.51,3.24,0.41,3.41
776.241,0.30,3.15,0.39,3.34
776.263,0.29,3.14,0.35,3.27
776.285,0.23,3.31,0.33,3.25
776.307,0.18,3.32,0.30,3.23
776.329,0.27,3.21,0.25,3.23
776.351,0.25,3.28,0.24,3.25
776.373,0.13,3.21,0.21,3.27
776.395,0.19,3.17,0.20,3.24
776.417,0.30,3.26,0.23,3.23
776.439,0.29,3.26,0.23,3.24
776.461,0.24,3.22,0.23,3.22
776.483,0.30,3.24,0.26,3.23
776.505,0.37,3.34,0.30,3.26
776.527,0.27,3.24,0.29,3.26
776.549,0.18,3.28,0.27,3.26
776.571,0.33,3.32,0.29,3.28
776.593,0.38,3.31,0.31,3.30
776.615,0.39,3.21,0.31,3.27
776.637,0.50,3.33,0.36,3.29
776.659,0.27,3.23,0.37,3.28
776.681,0.26,3.31,0.36,3.28
776.703,0.30,3.40,0.34,3.30
776.725,0.05,3.25,0.28,3.30
776.747,0.08,3.23,0.19,3.28
776.769,0.16,3.57,0.17,3.35
776.791,0.33,3.50,0.18,3.39
776.813,0.28,3.34,0.18,3.38
776.835,0.23,3.48,0.22,3.42
776.857,0.31,3.33,0.26,3.44
776.879,0.34,3.45,0.30,3.42
776.901,0.32,3.34,0.30,3.39
776.923,0.34,3.41,0.31,3.40
776.945,0.44,3.41,0.35,3.39
776.967,0.37,3.24,0.36,3.37
776.989,0.39,3.28,0.37,3.34
777.011,0.26,3.23,0.36,3.31
777.033,0.15,3.47,0.32,3.33
777.055,0.22,3.73,0.28,3.39
777.077,0.24,3.55,0.25,3.45
777.099,0.18,3.47,0.21,3.49
777.121,0.29,3.39,0.22,3.52
777.143,0.35,3.36,0.26,3.50
777.165,0.33,3.23,0.28,3.40
777.187,0.44,3.10,0.32,3.31
777.209,0.31,3.06,0.34,3.23
777.231,0.17,3.18,0.32,3.19
777.253,0.22,3.24,0.29,3.16
777.275,0.18,3.34,0.26,3.18
777.297,0.11,3.29,0.20,3.22
777.319,0.18,3.35,0.17,3.28
777.341,0.16,3.49,0.17,3.34
777.363,0.33,3.37,0.19,3.37
777.385,0.35,3.29,0.23,3.36
777.407,0.45,3.14,0.29,3.33
777.429,0.41,3.24,0.34,3.31
777.451,0.36,3.22,0.38,3.25
777.473,0.42,3.13,0.40,3.20
777.495,0.38,3.28,0.40,3.20
777.517,0.42,3.32,0.40,3.24
777.539,0.42,3.41,0.40,3.27
777.561,0.35,3.53,0.40,3.33
777.583,0.44,3.48,0.40,3.40
777.605,0.32,3.41,0.39,3.43
777.627,0.33,3.37,0.37,3.44
777.649,0.37,3.35,0.36,3.43
777.671,0.27,3.30,0.35,3.38
777.693,0.29,3.43,0.32,3.37
777.715,0.21,3.45,0.29,3.38
777.737,0.24,3.19,0.28,3.34
777.759,0.44,3.25,0.29,3.32
777.781,0.46,3.30,0.33,3.32
777.803,0.22,3.38,0.31,3.31
777.825,0.10,3.43,0.29,3.31
777.847,0.24,3.33,0.29,3.34
777.869,0.21,3.26,0.25,3.34
777.891,0.31,3.40,0.22,3.36
777.913,0.41,3.32,0.25,3.35
777.935,0.38,3.23,0.31,3.31
777.957,0.30,3.28,0.32,3.30
777.979,0.28,3.27,0.34,3.30
778.001,0.34,3.20,0.34,3.26
778.023,0.19,3.13,0.30,3.22
778.045,0.23,3.21,0.27,3.22
778.067,0.28,3.18,0.26,3.20
778.089,0.22,3.35,0.25,3.21
778.111,0.24,3.26,0.23,3.23
778.133,0.31,3.21,0.26,3.24
778.155,0.26,3.27,0.26,3.25
778.177,0.16,3.42,0.24,3.30
778.199,0.33,3.38,0.26,3.31
778.221,0.35,3.39,0.28,3.33
778.243,0.37,3.37,0.29,3.37
778.265,0.46,3.32,0.33,3.38
778.287,0.39,3.37,0.38,3.37
778.309,0.31,3.30,0.38,3.35
778.331,0.26,3.51,0.36,3.37
778.353,0.22,3.33,0.33,3.37
778.375,0.13,3.34,0.26,3.37
778.397,0.24,3.26,0.23,3.35
778.419,0.24,3.34,0.22,3.36
778.441,0.28,3.33,0.22,3.32
778.463,0.17,3.25,0.21,3.30
778.485,0.26,3.45,0.24,3.33
778.507,0.13,3.44,0.22,3.36
778.529,0.29,3.44,0.23,3.38
778.551,0.24,3.34,0.22,3.38
778.573,0.21,3.33,0.23,3.40
778.595,0.25,3.26,0.22,3.36
778.617,0.14,3.31,0.23,3.34
778.639,0.26,3.37,0.22,3.32
778.661,0.34,3.29,0.24,3.31
778.683,0.16,3.26,0.23,3.30
778.705,0.13,3.23,0.21,3.29
778.727,0.28,3.39,0.23,3.31
778.749,0.25,3.43,0.23,3.32
778.771,0.23,3.69,0.21,3.40
778.793,0.27,3.34,0.23,3.42
778.815,0.21,3.34,0.25,3.44
778.837,0.27,3.36,0.25,3.43
778.859,0.30,3.41,0.26,3.43
778.881,0.39,3.35,0.29,3.36
778.903,0.35,3.42,0.30,3.38
778.925,0.25,3.22,0.31,3.35
778.947,0.37,3.36,0.33,3.35
778.969,0.25,3.36,0.32,3.34
778.991,0.31,3.28,0.31,3.33
779.013,0.23,3.38,0.28,3.32
779.035,0.32,3.39,0.30,3.35
779.057,0.26,3.34,0.27,3.35
779.079,0.25,3.44,0.27,3.37
779.101,0.32,3.39,0.28,3.39
779.123,0.19,3.33,0.27,3.38
779.145,0.28,3.33,0.26,3.37
779.167,0.26,3.25,0.26,3.35
779.189,0.25,3.31,0.26,3.32
779.211,0.31,3.36,0.26,3.32
779.233,0.37,3.19,0.29,3.29
779.255,0.42,3.36,0.32,3.29
779.277,0.33,3.48,0.34,3.34
779.299,0.35,3.37,0.36,3.35
779.321,0.25,3.49,0.34,3.38
779.343,0.17,3.40,0.30,3.42
779.365,0.13,3.39,0.25,3.43
779.387,0.32,3.42,0.24,3.41
779.409,0.25,3.53,0.22,3.45
779.431,0.27,3.48,0.23,3.44
779.453,0.24,3.43,0.24,3.45
779.475,0.29,3.45,0.27,3.46
779.497,0.24,3.38,0.26,3.45
779.519,0.25,3.48,0.26,3.44
779.541,0.32,3.46,0.27,3.44
779.563,0.34,3.58,0.29,3.47
779.585,0.27,3.44,0.28,3.47
779.607,0.31,3.39,0.30,3.47
779.629,0.21,3.36,0.29,3.45
779.651,0.47,3.21,0.32,3.40
779.673,0.51,3.24,0.35,3.33
779.695,0.43,3.28,0.39,3.30
779.717,0.51,3.24,0.43,3.27
779.739,0.33,3.37,0.45,3.27
779.761,0.34,3.31,0.42,3.29
779.783,0.26,3.42,0.37,3.32
779.805,0.36,3.43,0.36,3.35
779.827,0.41,3.29,0.34,3.36
779.849,0.42,3.28,0.36,3.35
779.871,0.49,3.31,0.39,3.35
779.893,0.51,3.19,0.44,3.30
779.915,0.33,3.17,0.43,3.25
779.937,0.17,3.29,0.38,3.25
779.959,0.41,3.32,0.38,3.26
779.981,0.35,3.33,0.35,3.26
780.003,0.35,3.13,0.32,3.25
780.025,0.39,3.21,0.33,3.26
780.047,0.39,3.27,0.38,3.25
780.069,0.38,3.29,0.37,3.25
780.091,0.45,3.22,0.39,3.22
780.113,0.24,3.32,0.37,3.26
780.135,0.19,3.38,0.33,3.30
780.157,0.21,3.29,0.29,3.30
780.179,0.20,3.33,0.26,3.31
780.201,0.25,3.30,0.22,3.32
780.223,0.23,3.36,0.22,3.33
780.245,0.23,3.26,0.22,3.31
780.267,0.35,3.33,0.25,3.32
780.289,0.44,3.25,0.30,3.30
780.311,0.35,3.35,0.32,3.31
780.333,0.43,3.49,0.36,3.34
780.355,0.37,3.44,0.39,3.37
780.377,0.33,3.40,0.38,3.39
780.399,0.39,3.39,0.37,3.41
780.421,0.40,3.24,0.38,3.39
780.443,0.40,3.29,0.38,3.35
780.465,0.42,3.40,0.39,3.34
780.487,0.29,3.29,0.38,3.32
780.509,0.29,3.24,0.36,3.29
780.531,0.33,3.33,0.35,3.31
780.553,0.16,3.36,0.30,3.32
780.575,0.27,3.38,0.27,3.32
780.597,0.27,3.21,0.26,3.30
780.619,0.32,3.27,0.27,3.31
780.641,0.44,3.23,0.29,3.29
780.663,0.25,3.27,0.31,3.27
780.685,0.33,3.39,0.32,3.27
780.707,0.35,3.23,0.34,3.28
780.729,0.28,3.15,0.33,3.25
780.751,0.24,3.18,0.29,3.24
780.773,0.23,3.19,0.29,3.23
780.795,0.08,3.23,0.24,3.20
780.817,0.24,3.13,0.21,3.18
780.839,0.34,3.33,0.23,3.21
780.861,0.36,3.39,0.25,3.25
780.883,0.29,3.45,0.26,3.31
780.905,0.32,3.34,0.31,3.33
780.927,0.30,3.27,0.32,3.36
780.949,0.22,3.36,0.30,3.36
780.971,0.26,3.38,0.28,3.36
780.993,0.20,3.41,0.26,3.35
781.015,0.38,3.34,0.27,3.35
781.037,0.18,3.32,0.25,3.36
781.059,0.30,3.31,0.26,3.35
781.081,0.28,3.41,0.27,3.36
781.103,0.23,3.18,0.27,3.31
781.125,0.33,3.14,0.26,3.27
781.147,0.39,3.14,0.31,3.24
781.169,0.43,3.24,0.33,3.22
781.191,0.40,3.14,0.36,3.17
781.213,0.18,3.30,0.35,3.19
781.235,0.31,3.36,0.34,3.24
781.257,0.25,3.42,0.31,3.29
781.279,0.35,3.34,0.30,3.31
781.301,0.27,3.32,0.27,3.35
781.323,0.36,3.26,0.31,3.34
781.345,0.44,3.21,0.33,3.31
781.367,0.42,3.45,0.37,3.32
781.389,0.53,3.49,0.40,3.35
781.411,0.28,3.43,0.41,3.37
781.433,0.28,3.47,0.39,3.41
781.455,0.22,3.29,0.35,3.43
781.477,0.15,3.33,0.29,3.40
781.499,0.19,3.35,0.22,3.37
781.521,0.23,3.30,0.21,3.35
781.543,0.31,3.38,0.22,3.33
781.565,0.26,3.37,0.23,3.35
781.587,0.13,3.39,0.22,3.36
781.609,0.07,3.41,0.20,3.37
781.631,0.27,3.36,0.21,3.38
781.653,0.24,3.44,0.19,3.39
781.675,0.30,3.38,0.20,3.40
781.697,0.36,3.38,0.25,3.39
781.719,0.30,3.29,0.29,3.37
781.741,0.23,3.33,0.29,3.36
781.763,0.28,3.34,0.29,3.34
781.785,0.33,3.47,0.30,3.36
781.807,0.32,3.50,0.29,3.39
781.829,0.19,3.52,0.27,3.43
781.851,0.23,3.38,0.27,3.44
781.873,0.22,3.37,0.26,3.45
781.895,0.09,3.44,0.21,3.44
781.917,0.27,3.32,0.20,3.41
781.939,0.27,3.23,0.22,3.35
781.961,0.35,3.09,0.24,3.29
781.983,0.29,3.21,0.25,3.26
782.005,0.39,3.29,0.31,3.23
782.027,0.41,3.34,0.34,3.23
782.049,0.51,3.33,0.39,3.25
782.071,0.28,3.26,0.38,3.29
782.093,0.21,3.34,0.36,3.31
782.115,0.25,3.53,0.33,3.36
782.137,0.39,3.60,0.33,3.41
782.159,0.32,3.50,0.29,3.45
782.181,0.28,3.57,0.29,3.51
782.203,0.43,3.38,0.33,3.52
782.225,0.37,3.28,0.36,3.47
782.247,0.31,3.26,0.34,3.40
782.269,0.23,3.32,0.32,3.36
782.291,0.24,3.23,0.32,3.29
782.313,0.30,3.40,0.29,3.30
782.335,0.46,3.48,0.31,3.34
782.357,0.40,3.42,0.33,3.37
782.379,0.41,3.26,0.36,3.36
782.401,0.32,3.27,0.38,3.37
782.423,0.53,3.34,0.42,3.35
782.445,0.37,3.45,0.41,3.35
782.467,0.38,3.48,0.40,3.36
782.489,0.28,3.38,0.38,3.38
782.511,0.21,3.28,0.35,3.39
782.533,0.22,3.39,0.29,3.40
782.555,0.33,3.35,0.28,3.38
782.577,0.14,3.39,0.24,3.36
782.599,0.14,3.38,0.21,3.36
782.621,0.25,3.32,0.22,3.37
782.643,0.27,3.39,0.23,3.37
782.665,0.26,3.28,0.21,3.35
782.687,0.17,3.30,0.22,3.33
782.709,0.07,3.32,0.20,3.32
782.731,0.07,3.22,0.17,3.30
782.753,0.39,3.22,0.19,3.27
782.775,0.50,3.24,0.24,3.26
782.797,0.34,3.20,0.27,3.24
782.819,0.33,3.20,0.33,3.22
782.841,0.29,3.19,0.37,3.21
782.863,0.32,3.07,0.36,3.18
782.885,0.32,3.29,0.32,3.19
782.907,0.35,3.28,0.32,3.21
782.929,0.30,3.23,0.32,3.21
782.951,0.22,3.39,0.30,3.25
782.973,0.27,3.26,0.29,3.29
782.995,0.45,3.48,0.32,3.33
783.017,0.28,3.40,0.30,3.35
783.039,0.31,3.51,0.31,3.41
783.061,0.35,3.47,0.33,3.42
783.083,0.51,3.41,0.38,3.45
783.105,0.47,3.27,0.38,3.41
783.127,0.43,3.20,0.41,3.37
783.149,0.21,3.34,0.39,3.34
783.171,0.20,3.31,0.36,3.31
783.193,0.14,3.19,0.29,3.26
783.215,0.33,3.43,0.26,3.29
783.237,0.22,3.52,0.22,3.36
783.259,0.18,3.58,0.21,3.41
783.281,0.24,3.60,0.22,3.46
783.303,0.30,3.61,0.25,3.55
783.325,0.48,3.46,0.28,3.55
783.347,0.42,3.55,0.32,3.56
783.369,0.37,3.67,0.36,3.58
783.391,0.30,3.56,0.37,3.57
783.413,0.18,3.51,0.35,3.55
783.435,0.31,3.34,0.32,3.53
783.457,0.21,3.37,0.27,3.49
783.479,0.23,3.33,0.25,3.42
783.501,0.26,3.24,0.24,3.36
783.523,0.23,3.23,0.25,3.30
783.545,0.07,3.22,0.20,3.28
783.567,0.08,3.18,0.17,3.24
783.589,0.15,3.13,0.16,3.20
783.611,0.22,3.19,0.15,3.19
783.633,0.45,3.26,0.19,3.20
783.655,0.35,3.41,0.25,3.23
783.677,0.34,3.45,0.30,3.29
783.699,0.19,3.46,0.31,3.35
783.721,0.29,3.47,0.32,3.41
783.743,0.21,3.41,0.28,3.44
783.765,0.23,3.35,0.25,3.43
783.787,0.19,3.47,0.22,3.43
783.809,0.19,3.33,0.22,3.41
783.831,0.26,3.37,0.22,3.39
783.853,0.32,3.41,0.24,3.39
783.875,0.30,3.64,0.25,3.44
783.897,0.21,3.50,0.26,3.45
783.919,0.36,3.40,0.29,3.46
783.941,0.41,3.43,0.32,3.48
783.963,0.39,3.29,0.33,3.45
783.985,0.26,3.37,0.33,3.40
784.007,0.27,3.42,0.34,3.38
784.029,0.38,3.43,0.34,3.39
784.051,0.43,3.34,0.35,3.37
784.073,0.41,3.35,0.35,3.38
784.095,0.33,3.34,0.36,3.38
784.117,0.23,3.36,0.36,3.36
784.139,0.16,3.43,0.31,3.36
784.161,0.10,3.45,0.25,3.39
784.183,0.15,3.43,0.19,3.40
784.205,0.15,3.36,0.16,3.41
784.227,0.22,3.38,0.16,3.41
784.249,0.31,3.27,0.19,3.38
784.271,0.31,3.24,0.23,3.34
784.293,0.27,3.41,0.25,3.33
784.315,0.20,3.48,0.26,3.36
784.337,0.17,3.48,0.25,3.38
784.359,0.25,3.56,0.24,3.43
784.381,0.18,3.37,0.21,3.46
784.403,0.27,3.30,0.21,3.44
784.425,0.28,3.25,0.23,3.39
784.447,0.19,3.29,0.23,3.35
784.469,0.35,3.18,0.25,3.28
784.491,0.34,3.22,0.29,3.25
784.513,0.24,3.27,0.28,3.24
784.535,0.39,3.27,0.30,3.25
784.557,0.29,3.34,0.32,3.26
784.579,0.26,3.40,0.30,3.30
784.601,0.32,3.32,0.30,3.32
784.623,0.30,3.27,0.31,3.32
784.645,0.23,3.32,0.28,3.33
784.667,0.24,3.33,0.27,3.33
784.689,0.25,3.44,0.27,3.34
784.711,0.29,3.47,0.26,3.37
784.733,0.36,3.43,0.27,3.40
784.755,0.41,3.46,0.31,3.43
784.777,0.33,3.47,0.33,3.45
784.799,0.31,3.53,0.34,3.47
784.821,0.37,3.39,0.36,3.46
784.843,0.32,3.37,0.35,3.44
784.865,0.35,3.24,0.34,3.40
784.887,0.25,3.13,0.32,3.33
784.909,0.23,3.11,0.30,3.25
784.931,0.39,3.17,0.31,3.20
784.953,0.28,3.32,0.30,3.19
784.975,0.29,3.31,0.29,3.21
784.997,0.32,3.42,0.30,3.27
785.019,0.28,3.42,0.31,3.33
785.041,0.33,3.37,0.30,3.37
785.063,0.41,3.37,0.33,3.38
785.085,0.42,3.39,0.35,3.39
785.107,0.38,3.38,0.36,3.39
785.129,0.37,3.41,0.38,3.38
785.151,0.27,3.41,0.37,3.39
785.173,0.49,3.51,0.39,3.42
785.195,0.36,3.42,0.37,3.43
785.217,0.36,3.32,0.37,3.41
785.239,0.33,3.29,0.36,3.39
785.261,0.33,3.19,0.37,3.35
785.283,0.41,3.08,0.36,3.26
785.305,0.22,3.17,0.33,3.21
785.327,0.36,3.14,0.33,3.17
785.349,0.33,3.20,0.33,3.16
785.371,0.43,3.32,0.35,3.18
785.393,0.40,3.46,0.35,3.26
785.415,0.37,3.49,0.38,3.32
785.437,0.37,3.50,0.38,3.39
785.459,0.17,3.43,0.35,3.44
785.481,0.28,3.51,0.32,3.48
785.503,0.29,3.39,0.30,3.46
785.525,0.30,3.29,0.28,3.42
785.547,0.17,3.29,0.24,3.38
785.569,0.14,3.40,0.24,3.38
785.591,0.30,3.13,0.24,3.30
785.613,0.30,3.10,0.24,3.24
785.635,0.35,3.26,0.25,3.24
785.657,0.31,3.32,0.28,3.24
785.679,0.37,3.40,0.33,3.24
785.701,0.26,3.39,0.32,3.29
785.723,0.21,3.46,0.30,3.37
785.745,0.19,3.51,0.27,3.42
785.767,0.26,3.63,0.26,3.48
785.789,0.18,3.33,0.22,3.46
785.811,0.26,3.32,0.22,3.45
785.833,0.20,3.53,0.22,3.46
785.855,0.17,3.53,0.21,3.47
785.877,0.25,3.62,0.21,3.47
785.899,0.27,3.55,0.23,3.51
785.921,0.27,3.60,0.23,3.57
785.943,0.37,3.50,0.27,3.56
785.965,0.48,3.50,0.33,3.55
785.987,0.43,3.44,0.36,3.52
786.009,0.32,3.31,0.37,3.47
786.031,0.37,3.17,0.39,3.38
786.053,0.24,3.25,0.37,3.33
786.075,0.18,3.23,0.31,3.28
786.097,0.35,3.26,0.29,3.24
786.119,0.23,3.53,0.27,3.29
786.141,0.24,3.43,0.25,3.34
786.163,0.20,3.42,0.24,3.37
786.185,0.22,3.41,0.25,3.41
786.207,0.32,3.43,0.24,3.44
786.229,0.28,3.48,0.25,3.43
786.251,0.31,3.43,0.27,3.43
786.273,0.43,3.51,0.31,3.45
786.295,0.49,3.48,0.37,3.47
786.317,0.46,3.51,0.39,3.48
786.339,0.52,3.52,0.44,3.49
786.361,0.57,3.49,0.49,3.50
786.383,0.48,3.29,0.50,3.46
786.405,0.37,3.26,0.48,3.41
786.427,0.40,3.30,0.47,3.37
786.449,0.46,3.42,0.46,3.35
786.471,0.35,3.54,0.41,3.36
786.493,0.52,3.43,0.42,3.39
786.515,0.23,3.39,0.39,3.42
786.537,0.41,3.42,0.39,3.44
786.559,0.38,3.38,0.38,3.43
786.581,0.36,3.42,0.38,3.41
786.603,0.37,3.34,0.35,3.39
786.625,0.31,3.22,0.37,3.36
786.647,0.33,3.28,0.35,3.33
786.669,0.26,3.22,0.33,3.30
786.691,0.18,3.30,0.29,3.27
786.713,0.22,3.23,0.26,3.25
786.735,0.31,3.35,0.26,3.28
786.757,0.22,3.38,0.24,3.30
786.779,0.31,3.47,0.25,3.35
786.801,0.29,3.46,0.27,3.38
786.823,0.37,3.39,0.30,3.41
786.845,0.41,3.22,0.32,3.38
786.867,0.37,3.22,0.35,3.35
786.889,0.32,3.36,0.35,3.33
786.911,0.31,3.53,0.36,3.34
786.933,0.40,3.44,0.36,3.35
786.955,0.37,3.45,0.35,3.40
786.977,0.39,3.49,0.36,3.45
786.999,0.32,3.68,0.36,3.52
787.021,0.29,3.66,0.35,3.54
787.043,0.31,3.67,0.34,3.59
787.065,0.32,3.66,0.33,3.63
787.087,0.45,3.39,0.34,3.61
787.109,0.29,3.47,0.33,3.57
787.131,0.24,3.24,0.32,3.49
787.153,0.25,3.30,0.31,3.41
787.175,0.21,3.25,0.29,3.33
787.197,0.46,3.20,0.29,3.29
787.219,0.44,3.28,0.32,3.25
787.241,0.35,3.31,0.34,3.27
787.263,0.26,3.34,0.34,3.28
787.285,0.35,3.59,0.37,3.34
787.307,0.26,3.51,0.33,3.41
787.329,0.21,3.38,0.29,3.43
787.351,0.38,3.41,0.29,3.45
787.373,0.42,3.33,0.32,3.44
787.395,0.26,3.50,0.31,3.43
787.417,0.27,3.56,0.31,3.44
787.439,0.38,3.59,0.34,3.48
787.461,0.31,3.40,0.33,3.48
787.483,0.33,3.39,0.31,3.49
787.505,0.24,3.40,0.31,3.47
787.527,0.23,3.25,0.30,3.41
787.549,0.36,3.23,0.29,3.33
787.571,0.37,3.27,0.31,3.31
787.593,0.40,3.28,0.32,3.29
787.615,0.23,3.22,0.32,3.25
787.637,0.27,3.35,0.33,3.27
787.659,0.25,3.28,0.30,3.28
787.681,0.13,3.21,0.26,3.27
787.703,0.26,3.29,0.23,3.27
787.725,0.21,3.30,0.22,3.29
787.747,0.27,3.35,0.22,3.29
787.769,0.34,3.28,0.24,3.29
787.791,0.25,3.31,0.27,3.31
787.813,0.28,3.25,0.27,3.30
787.835,0.32,3.35,0.29,3.31
787.857,0.33,3.45,0.30,3.33
787.879,0.27,3.52,0.29,3.38
787.901,0.11,3.49,0.26,3.41
787.923,0.16,3.25,0.24,3.41
787.945,0.13,3.31,0.20,3.40
787.967,0.09,3.43,0.15,3.40
787.989,0.21,3.38,0.14,3.37
788.011,0.25,3.44,0.17,3.36
788.033,0.18,3.32,0.17,3.38
788.055,0.35,3.38,0.22,3.39
788.077,0.42,3.43,0.28,3.39
788.099,0.34,3.40,0.31,3.39
788.121,0.18,3.23,0.29,3.35
788.143,0.23,3.31,0.30,3.35
788.165,0.20,3.20,0.27,3.31
788.187,0.27,3.25,0.24,3.28
788.209,0.33,3.29,0.24,3.26
788.231,0.30,3.43,0.27,3.30
788.253,0.31,3.68,0.28,3.37
788.275,0.42,3.51,0.33,3.43
788.297,0.29,3.64,0.33,3.51
788.319,0.40,3.63,0.34,3.58
788.341,0.38,3.41,0.36,3.57
788.363,0.28,3.41,0.35,3.52
788.385,0.33,3.30,0.34,3.48
788.407,0.29,3.31,0.34,3.41
788.429,0.29,3.32,0.31,3.35
788.451,0.31,3.30,0.30,3.33
788.473,0.32,3.31,0.31,3.31
788.495,0.29,3.46,0.30,3.34
788.517,0.29,3.33,0.30,3.34
788.539,0.11,3.27,0.26,3.33
788.561,0.20,3.26,0.24,3.33
788.583,0.30,3.44,0.24,3.35
788.605,0.32,3.40,0.24,3.34
788.627,0.31,3.33,0.25,3.34
788.649,0.36,3.33,0.30,3.35
788.671,0.28,3.30,0.31,3.36
788.693,0.17,3.25,0.29,3.32
788.715,0.24,3.13,0.27,3.27
788.737,0.19,3.28,0.25,3.26
788.759,0.27,3.32,0.23,3.26
788.781,0.19,3.34,0.21,3.26
788.803,0.18,3.35,0.21,3.28
788.825,0.21,3.21,0.21,3.30
788.847,0.11,3.18,0.19,3.28
788.869,0.04,3.28,0.15,3.27
788.891,0.20,3.16,0.15,3.24
788.913,0.28,3.37,0.17,3.24
788.935,0.24,3.34,0.17,3.27
788.957,0.29,3.35,0.21,3.30
788.979,0.26,3.42,0.25,3.33
789.001,0.24,3.34,0.26,3.36
789.023,0.44,3.58,0.29,3.41
789.045,0.24,3.39,0.29,3.42
789.067,0.28,3.37,0.29,3.42
789.089,0.32,3.42,0.30,3.42
789.111,0.35,3.35,0.33,3.42
789.133,0.24,3.35,0.29,3.38
789.155,0.28,3.38,0.29,3.37
789.177,0.09,3.31,0.26,3.36
789.199,0.25,3.26,0.24,3.33
789.221,0.27,3.43,0.23,3.35
789.244,0.26,3.23,0.23,3.32
789.266,0.42,3.20,0.26,3.29
789.288,0.29,3.30,0.30,3.28
789.310,0.43,3.15,0.33,3.26
789.332,0.45,3.15,0.37,3.21
789.354,0.31,3.30,0.38,3.22
789.376,0.22,3.28,0.34,3.24
789.398,0.28,3.38,0.34,3.25
789.420,0.32,3.36,0.32,3.29
789.442,0.21,3.25,0.27,3.31
789.464,0.29,3.31,0.26,3.32
789.486,0.32,3.32,0.28,3.32
789.508,0.17,3.36,0.26,3.32
789.530,0.36,3.64,0.27,3.38
789.552,0.29,3.46,0.29,3.42
789.574,0.31,3.44,0.29,3.44
789.596,0.36,3.48,0.30,3.48
789.618,0.36,3.54,0.34,3.51
789.640,0.43,3.29,0.35,3.44
789.662,0.43,3.46,0.38,3.44
789.684,0.29,3.32,0.37,3.42
789.706,0.27,3.29,0.36,3.38
789.728,0.35,3.38,0.35,3.35
789.750,0.33,3.36,0.33,3.36
789.772,0.13,3.42,0.27,3.35
789.794,0.21,3.60,0.26,3.41
789.816,0.20,3.59,0.24,3.47
789.838,0.31,3.44,0.24,3.48
789.860,0.41,3.40,0.25,3.49
789.882,0.43,3.46,0.31,3.50
789.904,0.40,3.39,0.35,3.46
789.926,0.43,3.49,0.40,3.44
789.948,0.38,3.51,0.41,3.45
789.970,0.28,3.42,0.38,3.45
789.992,0.40,3.36,0.38,3.43
790.014,0.35,3.37,0.37,3.43
790.036,0.36,3.34,0.35,3.40
790.058,0.33,3.30,0.34,3.36
790.080,0.34,3.25,0.36,3.32
790.102,0.47,3.31,0.37,3.31
790.124,0.49,3.26,0.40,3.29
790.146,0.38,3.22,0.40,3.27
790.168,0.34,3.32,0.40,3.27
790.190,0.35,3.43,0.41,3.31
790.212,0.24,3.29,0.36,3.30
790.234,0.13,3.32,0.29,3.32
790.256,0.17,3.40,0.25,3.35
790.278,0.09,3.39,0.20,3.37
790.300,0.24,3.32,0.17,3.34
790.322,0.13,3.44,0.15,3.37
790.344,0.01,3.32,0.13,3.37
790.366,0.28,3.30,0.15,3.35
790.388,0.26,3.34,0.18,3.34
790.410,0.30,3.27,0.20,3.33
790.432,0.39,3.37,0.25,3.32
790.454,0.40,3.33,0.33,3.32
790.476,0.46,3.47,0.36,3.36
790.498,0.32,3.37,0.37,3.36
790.520,0.36,3.48,0.39,3.40
790.542,0.33,3.43,0.37,3.42
790.564,0.18,3.50,0.33,3.45
790.586,0.14,3.41,0.27,3.44
790.608,0.20,3.43,0.24,3.45
790.630,0.35,3.46,0.24,3.45
790.652,0.36,3.37,0.25,3.43
790.674,0.39,3.37,0.29,3.41
790.696,0.35,3.44,0.33,3.41
790.718,0.29,3.31,0.35,3.39
790.740,0.16,3.43,0.31,3.38
790.762,0.13,3.32,0.26,3.37
790.784,0.24,3.46,0.23,3.39
790.806,0.22,3.34,0.21,3.37
790.828,0.43,3.26,0.24,3.36
790.850,0.38,3.38,0.28,3.35
790.872,0.46,3.26,0.35,3.34
790.894,0.30,3.31,0.36,3.31
790.916,0.29,3.37,0.37,3.32
790.938,0.34,3.34,0.35,3.33
790.960,0.26,3.38,0.33,3.33
790.982,0.18,3.36,0.27,3.35
791.004,0.26,3.32,0.27,3.35
791.026,0.43,3.28,0.29,3.34
791.048,0.34,3.25,0.29,3.32
791.070,0.37,3.29,0.32,3.30
791.092,0.48,3.48,0.38,3.32
791.114,0.44,3.43,0.41,3.35
791.136,0.36,3.42,0.40,3.37
791.158,0.35,3.30,0.40,3.38
791.180,0.46,3.37,0.42,3.40
791.202,0.23,3.34,0.37,3.37
791.224,0.38,3.32,0.36,3.35
791.246,0.32,3.37,0.35,3.34
791.268,0.35,3.34,0.35,3.35
791.290,0.34,3.30,0.32,3.33
791.312,0.23,3.40,0.32,3.35
791.334,0.37,3.56,0.32,3.39
791.356,0.21,3.35,0.30,3.39
791.378,0.26,3.27,0.28,3.38
791.400,0.16,3.40,0.25,3.40
791.422,0.25,3.24,0.25,3.36
791.444,0.43,3.29,0.26,3.31
791.466,0.34,3.38,0.29,3.32
791.488,0.27,3.51,0.29,3.36
791.510,0.19,3.57,0.30,3.40
791.532,0.41,3.39,0.33,3.43
791.554,0.53,3.32,0.35,3.43
791.576,0.41,3.20,0.36,3.40
791.598,0.35,3.30,0.38,3.36
791.620,0.14,3.31,0.37,3.30
791.642,0.31,3.26,0.35,3.28
791.664,0.38,3.34,0.32,3.28
791.686,0.33,3.19,0.30,3.28
791.708,0.22,3.37,0.28,3.29
791.730,0.28,3.33,0.30,3.30
791.752,0.27,3.38,0.30,3.32
791.774,0.37,3.24,0.29,3.30
791.796,0.28,3.36,0.28,3.34
791.818,0.33,3.38,0.31,3.34
791.840,0.33,3.39,0.32,3.35
791.862,0.44,3.35,0.35,3.34
791.884,0.40,3.36,0.36,3.37
791.906,0.25,3.33,0.35,3.36
791.928,0.37,3.38,0.36,3.36
791.951,0.30,3.45,0.35,3.37
791.973,0.26,3.29,0.32,3.36
791.995,0.29,3.26,0.29,3.34
792.017,0.33,3.29,0.31,3.33
792.039,0.33,3.31,0.30,3.32
792.061,0.30,3.32,0.30,3.29
792.083,0.33,3.43,0.32,3.32
792.105,0.18,3.38,0.29,3.35
792.127,0.29,3.38,0.29,3.36
792.149,0.27,3.42,0.27,3.39
792.171,0.20,3.23,0.25,3.37
792.193,0.12,3.30,0.21,3.34
792.215,0.28,3.23,0.23,3.31
792.237,0.27,3.27,0.23,3.29
792.259,0.25,3.19,0.22,3.24
792.281,0.59,3.24,0.30,3.25
792.303,0.47,3.22,0.37,3.23
792.325,0.40,3.34,0.40,3.25
792.347,0.43,3.35,0.43,3.27
792.369,0.32,3.34,0.44,3.30
792.391,0.24,3.33,0.37,3.32
792.413,0.12,3.34,0.30,3.34
792.435,0.26,3.33,0.27,3.34
792.457,0.36,3.22,0.26,3.31
792.479,0.27,3.19,0.25,3.28
792.501,0.38,3.17,0.28,3.25
792.523,0.34,3.27,0.32,3.24
792.545,0.22,3.31,0.31,3.23
792.567,0.37,3.41,0.32,3.27
792.589,0.39,3.50,0.34,3.33
792.611,0.47,3.19,0.36,3.34
792.633,0.53,3.34,0.40,3.35
792.655,0.40,3.39,0.43,3.37
792.677,0.41,3.64,0.44,3.41
792.699,0.36,3.41,0.43,3.39
792.721,0.35,3.58,0.41,3.47
792.743,0.33,3.42,0.37,3.49
792.765,0.29,3.49,0.35,3.51
792.787,0.41,3.53,0.35,3.49
792.809,0.29,3.34,0.33,3.47
792.831,0.48,3.37,0.36,3.43
792.853,0.38,3.27,0.37,3.40
792.875,0.42,3.24,0.40,3.35
792.897,0.34,3.29,0.38,3.30
792.919,0.43,3.21,0.41,3.28
792.941,0.33,3.25,0.38,3.25
792.963,0.18,3.22,0.34,3.24
792.985,0.23,3.20,0.30,3.23
793.007,0.29,3.39,0.29,3.25
793.029,0.35,3.34,0.28,3.28
793.051,0.32,3.39,0.27,3.31
793.073,0.22,3.38,0.28,3.34
793.095,0.36,3.40,0.31,3.38
793.117,0.31,3.46,0.31,3.39
793.139,0.26,3.27,0.29,3.38
793.161,0.30,3.20,0.29,3.34
793.183,0.40,3.14,0.33,3.29
793.205,0.25,3.24,0.30,3.26
793.227,0.34,3.34,0.31,3.24
793.249,0.25,3.29,0.31,3.24
793.271,0.30,3.19,0.31,3.24
793.293,0.17,3.30,0.26,3.27
793.315,0.18,3.22,0.25,3.27
793.337,0.26,3.40,0.23,3.28
793.359,0.29,3.38,0.24,3.30
793.381,0.24,3.44,0.23,3.35
793.403,0.09,3.46,0.21,3.38
793.425,0.15,3.51,0.21,3.44
793.447,0.21,3.39,0.20,3.44
793.469,0.21,3.45,0.18,3.45
793.491,0.32,3.49,0.20,3.46
793.513,0.30,3.39,0.24,3.45
793.535,0.24,3.26,0.26,3.40
793.557,0.12,3.36,0.24,3.39
793.579,0.22,3.26,0.24,3.35
793.601,0.30,3.37,0.24,3.33
793.623,0.21,3.30,0.22,3.31
793.645,0.27,3.14,0.22,3.29
793.667,0.40,3.06,0.28,3.23
793.689,0.37,3.30,0.31,3.23
793.711,0.26,3.26,0.30,3.21
793.733,0.31,3.31,0.32,3.21
793.755,0.40,3.40,0.35,3.27
793.777,0.22,3.15,0.31,3.28
793.799,0.16,3.13,0.27,3.25
793.821,0.11,3.30,0.24,3.26
793.843,0.27,3.07,0.23,3.21
793.865,0.21,3.19,0.19,3.17
793.887,0.28,3.15,0.21,3.17
793.909,0.26,3.29,0.23,3.20
793.931,0.25,3.38,0.25,3.22
793.953,0.15,3.29,0.23,3.26
793.975,0.29,3.33,0.25,3.29
793.997,0.18,3.33,0.23,3.32
794.019,0.15,3.36,0.20,3.34
794.041,0.09,3.56,0.17,3.37
794.063,0.18,3.41,0.18,3.40
794.085,0.26,3.30,0.17,3.39
794.107,0.19,3.23,0.17,3.37
794.129,0.37,3.15,0.22,3.33
794.151,0.34,3.30,0.27,3.28
794.173,0.29,3.24,0.29,3.24
794.195,0.40,3.16,0.32,3.22
794.217,0.35,3.22,0.35,3.21
794.239,0.22,3.28,0.32,3.24
794.261,0.18,3.34,0.29,3.25
794.283,0.15,3.29,0.26,3.26
794.305,0.20,3.33,0.22,3.29
794.327,0.22,3.29,0.19,3.31
794.349,0.14,3.23,0.18,3.30
794.371,0.45,3.48,0.23,3.32
794.393,0.41,3.47,0.28,3.36
794.415,0.45,3.38,0.33,3.37
794.437,0.34,3.49,0.36,3.41
794.459,0.18,3.41,0.37,3.45
794.481,0.20,3.46,0.32,3.44
794.503,0.20,3.44,0.27,3.44
794.525,0.31,3.31,0.25,3.42
794.547,0.32,3.30,0.24,3.38
794.569,0.35,3.26,0.28,3.35
794.591,0.32,3.25,0.30,3.31
794.613,0.34,3.35,0.33,3.29
794.635,0.37,3.23,0.34,3.28
794.657,0.26,3.37,0.33,3.29
794.679,0.29,3.28,0.32,3.30
794.701,0.34,3.30,0.32,3.31
794.723,0.33,3.23,0.32,3.28
794.745,0.43,3.27,0.33,3.29
794.767,0.35,3.36,0.35,3.29
794.789,0.36,3.31,0.36,3.29
794.811,0.47,3.37,0.39,3.31
794.833,0.39,3.28,0.40,3.32
794.855,0.35,3.08,0.38,3.28
794.877,0.23,3.08,0.36,3.22
794.899,0.31,3.03,0.35,3.17
794.921,0.19,3.08,0.29,3.11
794.943,0.36,3.06,0.29,3.07
794.965,0.42,3.13,0.30,3.08
794.987,0.39,3.15,0.33,3.09
795.009,0.45,3.45,0.36,3.17
795.031,0.34,3.58,0.39,3.27
795.053,0.32,3.50,0.38,3.36
795.075,0.39,3.49,0.38,3.43
795.097,0.30,3.44,0.36,3.49
795.119,0.22,3.25,0.31,3.45
795.141,0.33,3.35,0.31,3.41
795.163,0.23,3.51,0.29,3.41
795.185,0.37,3.44,0.29,3.40
795.207,0.30,3.43,0.29,3.40
795.229,0.37,3.36,0.32,3.42
795.251,0.35,3.44,0.32,3.44
795.273,0.36,3.28,0.35,3.39
795.295,0.42,3.32,0.36,3.37
795.317,0.26,3.31,0.35,3.34
795.339,0.17,3.45,0.31,3.36
795.361,0.19,3.39,0.28,3.35
795.383,0.05,3.21,0.22,3.34
795.405,0.20,3.31,0.17,3.33
795.427,0.34,3.32,0.19,3.34
795.449,0.28,3.24,0.21,3.29
795.471,0.38,3.18,0.25,3.25
795.493,0.44,3.18,0.33,3.25
795.515,0.41,3.23,0.37,3.23
795.537,0.40,3.27,0.38,3.22
795.559,0.30,3.45,0.39,3.26
795.581,0.27,3.38,0.36,3.30
795.603,0.13,3.25,0.30,3.32
795.625,0.26,3.27,0.27,3.32
795.647,0.22,3.13,0.24,3.30
795.669,0.16,3.30,0.21,3.27
795.691,0.17,3.28,0.19,3.25
795.713,0.33,3.10,0.23,3.22
795.735,0.29,3.24,0.23,3.21
795.757,0.15,3.18,0.22,3.22
795.779,0.28,3.23,0.24,3.21
795.801,0.32,3.26,0.27,3.20
795.823,0.33,3.49,0.27,3.28
795.845,0.27,3.25,0.27,3.28
795.867,0.26,3.30,0.29,3.31
795.889,0.36,3.51,0.31,3.36
795.911,0.32,3.34,0.31,3.38
795.933,0.20,3.34,0.28,3.35
795.955,0.15,3.47,0.26,3.39
795.977,0.21,3.45,0.25,3.42
795.999,0.29,3.34,0.23,3.39
796.021,0.22,3.33,0.21,3.39
796.043,0.23,3.31,0.22,3.38
796.065,0.35,3.29,0.26,3.34
796.087,0.21,3.35,0.26,3.32
796.109,0.38,3.24,0.28,3.30
796.131,0.30,3.15,0.29,3.27
796.153,0.35,3.37,0.32,3.28
796.175,0.25,3.32,0.30,3.29
796.197,0.27,3.20,0.31,3.26
796.219,0.24,3.14,0.28,3.24
796.241,0.36,3.23,0.29,3.25
796.263,0.44,3.10,0.31,3.20
796.285,0.29,3.21,0.32,3.18
796.307,0.38,3.41,0.34,3.22
796.329,0.42,3.43,0.38,3.28
796.351,0.33,3.33,0.37,3.30
796.373,0.42,3.36,0.37,3.35
796.395,0.42,3.46,0.39,3.40
796.417,0.51,3.43,0.42,3.40
796.439,0.50,3.33,0.44,3.38
796.461,0.39,3.34,0.45,3.38
796.483,0.42,3.23,0.45,3.36
796.505,0.25,3.34,0.41,3.33
796.527,0.19,3.41,0.35,3.33
796.549,0.32,3.49,0.31,3.36
796.571,0.30,3.37,0.30,3.37
796.593,0.38,3.29,0.29,3.38
796.615,0.36,3.24,0.31,3.36
796.637,0.21,3.60,0.31,3.40
796.659,0.31,3.47,0.31,3.39
796.681,0.32,3.37,0.32,3.39
796.703,0.28,3.40,0.30,3.42
796.725,0.24,3.23,0.27,3.41
796.747,0.28,3.16,0.29,3.33
796.769,0.17,3.15,0.26,3.26
796.791,0.29,3.32,0.25,3.25
796.813,0.23,3.26,0.24,3.22
796.835,0.36,3.28,0.27,3.23
796.857,0.32,3.24,0.27,3.25
796.879,0.18,3.17,0.28,3.25
796.901,0.13,3.26,0.24,3.24
796.923,0.08,3.34,0.21,3.26
796.945,0.14,3.34,0.17,3.27
796.967,0.22,3.36,0.15,3.29
796.989,0.29,3.45,0.17,3.35
797.011,0.33,3.35,0.21,3.37
797.033,0.37,3.14,0.27,3.33
797.055,0.35,3.15,0.31,3.29
797.077,0.32,3.22,0.33,3.26
797.099,0.37,3.27,0.35,3.23
797.121,0.37,3.34,0.36,3.22
797.143,0.18,3.20,0.32,3.24
797.165,0.32,3.33,0.31,3.27
797.187,0.24,3.34,0.30,3.30
797.209,0.28,3.18,0.28,3.28
797.231,0.34,3.25,0.27,3.26
797.253,0.38,3.41,0.31,3.30
797.275,0.43,3.54,0.33,3.34
797.297,0.28,3.55,0.34,3.39
797.319,0.30,3.34,0.35,3.42
797.341,0.35,3.48,0.35,3.46
797.363,0.33,3.54,0.34,3.49
797.385,0.29,3.58,0.31,3.50
797.407,0.36,3.42,0.33,3.47
797.429,0.23,3.43,0.31,3.49
797.451,0.30,3.26,0.30,3.45
797.473,0.34,3.28,0.30,3.39
797.495,0.32,3.16,0.31,3.31
797.517,0.38,3.06,0.31,3.24
797.539,0.33,3.19,0.33,3.19
797.561,0.36,3.27,0.35,3.19
797.583,0.28,3.26,0.33,3.19
797.605,0.18,3.05,0.31,3.17
797.627,0.09,3.19,0.25,3.19
797.649,0.17,3.18,0.22,3.19
797.671,0.27,3.37,0.20,3.21
797.693,0.47,3.20,0.24,3.20
797.715,0.30,3.23,0.26,3.23
797.737,0.21,3.45,0.28,3.29
797.759,0.27,3.52,0.30,3.35
797.781,0.34,3.54,0.32,3.39
797.803,0.30,3.46,0.28,3.44
797.825,0.51,3.31,0.33,3.46
797.847,0.47,3.38,0.38,3.44
797.869,0.37,3.32,0.40,3.40
797.891,0.47,3.32,0.42,3.36
797.913,0.49,3.15,0.46,3.30
797.935,0.40,3.16,0.44,3.27
797.957,0.32,3.26,0.41,3.24
797.979,0.35,3.40,0.41,3.26
798.001,0.23,3.39,0.36,3.27
798.023,0.35,3.31,0.33,3.30
798.045,0.30,3.49,0.31,3.37
798.067,0.29,3.45,0.30,3.41
798.089,0.38,3.40,0.31,3.41
798.111,0.45,3.29,0.35,3.39
798.133,0.26,3.37,0.34,3.40
798.155,0.19,3.44,0.31,3.39
798.177,0.32,3.48,0.32,3.40
798.199,0.36,3.45,0.32,3.41
798.221,0.38,3.24,0.30,3.40
798.243,0.27,3.37,0.30,3.40
798.265,0.27,3.41,0.32,3.39
798.287,0.15,3.24,0.29,3.34
798.309,0.19,3.28,0.25,3.31
798.331,0.14,3.28,0.20,3.32
798.353,0.28,3.28,0.21,3.30
798.375,0.34,3.35,0.22,3.29
798.397,0.16,3.44,0.22,3.33
798.419,0.24,3.41,0.23,3.35
798.441,0.26,3.21,0.26,3.34
798.463,0.34,3.28,0.27,3.34
798.485,0.22,3.37,0.24,3.34
798.507,0.26,3.33,0.26,3.32
798.529,0.42,3.54,0.30,3.35
798.551,0.40,3.52,0.33,3.41
798.573,0.40,3.62,0.34,3.48
798.595,0.35,3.57,0.37,3.52
798.617,0.27,3.64,0.37,3.58
798.639,0.38,3.53,0.36,3.58
798.661,0.33,3.45,0.35,3.56
798.683,0.40,3.37,0.35,3.51
798.705,0.50,3.35,0.38,3.47
798.727,0.47,3.38,0.42,3.42
798.749,0.44,3.59,0.43,3.43
798.771,0.31,3.39,0.42,3.42
798.793,0.28,3.34,0.40,3.41
798.815,0.19,3.24,0.34,3.39
798.837,0.26,3.24,0.30,3.36
798.859,0.47,3.16,0.30,3.27
798.881,0.46,3.20,0.33,3.24
798.903,0.49,3.34,0.37,3.24
798.925,0.38,3.29,0.41,3.25
798.947,0.19,3.45,0.40,3.29
798.969,0.15,3.31,0.33,3.32
798.991,0.13,3.32,0.27,3.34
799.013,0.33,3.34,0.24,3.34
799.035,0.30,3.19,0.22,3.32
799.057,0.12,3.43,0.21,3.32
799.079,0.29,3.36,0.23,3.33
799.101,0.32,3.36,0.27,3.34
799.123,0.34,3.35,0.27,3.34
799.145,0.37,3.39,0.29,3.38
799.167,0.47,3.40,0.36,3.37
799.189,0.42,3.31,0.38,3.36
799.211,0.32,3.31,0.38,3.35
799.233,0.35,3.19,0.39,3.32
799.255,0.30,3.20,0.37,3.28
799.277,0.40,3.38,0.36,3.28
799.299,0.11,3.32,0.30,3.28
799.321,0.16,3.46,0.26,3.31
799.343,0.29,3.36,0.25,3.34
799.365,0.28,3.30,0.25,3.36
799.387,0.35,3.42,0.24,3.37
799.409,0.34,3.41,0.28,3.39
799.431,0.41,3.48,0.33,3.39
799.453,0.34,3.46,0.34,3.41
799.475,0.30,3.62,0.35,3.48
799.497,0.30,3.49,0.34,3.49
799.519,0.32,3.38,0.33,3.49
799.541,0.28,3.26,0.31,3.44
799.563,0.18,3.26,0.28,3.40
799.585,0.33,3.51,0.28,3.38
799.607,0.43,3.39,0.31,3.36
799.629,0.22,3.32,0.29,3.35
799.651,0.16,3.45,0.26,3.39
799.673,0.26,3.39,0.28,3.41
799.695,0.36,3.12,0.29,3.33
799.717,0.34,3.33,0.27,3.32
799.739,0.24,3.47,0.27,3.35
799.761,0.14,3.50,0.27,3.36
799.783,0.01,3.38,0.22,3.36
799.805,0.14,3.35,0.17,3.41
799.827,0.33,3.40,0.17,3.42
799.849,0.39,3.35,0.20,3.40
799.871,0.32,3.27,0.24,3.35
799.893,0.42,3.20,0.32,3.31
799.915,0.18,3.39,0.33,3.32
799.937,0.31,3.31,0.32,3.30
799.959,0.26,3.29,0.30,3.29
799.981,0.33,3.22,0.30,3.28
800.003,0.35,3.31,0.29,3.30
800.025,0.29,3.35,0.31,3.30
800.047,0.32,3.34,0.31,3.30
800.069,0.34,3.16,0.33,3.28
800.091,0.22,3.40,0.30,3.31
800.113,0.24,3.40,0.28,3.33
800.135,0.20,3.62,0.26,3.38
800.157,0.15,3.64,0.23,3.44
800.179,0.35,3.54,0.23,3.52
800.201,0.31,3.47,0.25,3.53
800.223,0.28,3.43,0.26,3.54
800.245,0.29,3.53,0.28,3.52
800.267,0.30,3.51,0.31,3.50
800.289,0.21,3.47,0.28,3.48
800.311,0.22,3.38,0.26,3.46
800.333,0.25,3.27,0.25,3.43
800.355,0.15,3.15,0.23,3.36
800.377,0.12,3.15,0.19,3.28
800.399,0.28,3.22,0.20,3.23
800.421,0.24,3.45,0.21,3.25
800.443,0.39,3.33,0.24,3.26
800.465,0.39,3.45,0.28,3.32
800.487,0.43,3.42,0.35,3.37
800.509,0.22,3.34,0.33,3.40
800.531,0.27,3.28,0.34,3.36
800.553,0.38,3.20,0.34,3.34
800.575,0.21,3.40,0.30,3.33
800.597,0.22,3.28,0.26,3.30
800.619,0.22,3.34,0.26,3.30
800.641,0.25,3.36,0.26,3.32
800.663,0.40,3.33,0.26,3.34
800.685,0.20,3.25,0.26,3.31
800.707,0.16,3.37,0.25,3.33
800.729,0.22,3.46,0.25,3.35
800.751,0.34,3.42,0.26,3.37
800.773,0.20,3.25,0.22,3.35
800.795,0.32,3.42,0.25,3.38
800.817,0.19,3.48,0.25,3.41
800.839,0.30,3.59,0.27,3.43
800.861,0.29,3.45,0.26,3.44
800.883,0.21,3.41,0.26,3.47
800.905,0.37,3.41,0.27,3.47
800.927,0.43,3.30,0.32,3.43
800.949,0.36,3.40,0.33,3.39
800.971,0.30,3.25,0.33,3.35
800.993,0.51,3.20,0.39,3.31
801.015,0.27,3.31,0.37,3.29
801.037,0.32,3.30,0.35,3.29
801.059,0.42,3.31,0.36,3.27
801.081,0.26,3.29,0.36,3.28
801.103,0.36,3.45,0.33,3.33
801.125,0.25,3.42,0.32,3.35
801.147,0.43,3.31,0.34,3.36
801.169,0.34,3.29,0.33,3.35
801.191,0.35,3.28,0.35,3.35
801.213,0.20,3.44,0.31,3.35
801.235,0.25,3.23,0.31,3.31
801.257,0.25,3.31,0.28,3.31
801.279,0.31,3.39,0.27,3.33
801.301,0.20,3.21,0.24,3.32
801.323,0.31,3.14,0.26,3.26
801.345,0.30,3.09,0.27,3.23
801.367,0.42,2.97,0.31,3.16
801.389,0.39,3.14,0.32,3.11
801.411,0.41,3.25,0.37,3.12
801.433,0.43,3.29,0.39,3.15
801.455,0.37,3.37,0.40,3.20
801.477,0.43,3.42,0.41,3.29
801.499,0.32,3.44,0.39,3.35
801.521,0.35,3.26,0.38,3.36
801.543,0.31,3.14,0.36,3.33
801.565,0.23,3.20,0.33,3.29
801.587,0.24,3.11,0.29,3.23
801.609,0.29,3.23,0.28,3.19
801.631,0.37,3.22,0.29,3.18
801.653,0.20,3.19,0.27,3.19
801.675,0.22,3.27,0.26,3.20
801.697,0.36,3.12,0.29,3.21
801.719,0.25,3.29,0.28,3.22
801.741,0.35,3.11,0.28,3.20
801.763,0.27,3.19,0.29,3.20
801.785,0.28,3.24,0.30,3.19
801.807,0.32,3.29,0.29,3.22
801.829,0.35,3.43,0.31,3.25
801.851,0.39,3.33,0.32,3.30
801.873,0.61,3.50,0.39,3.36
801.895,0.50,3.53,0.43,3.42
801.917,0.36,3.36,0.44,3.43
801.939,0.35,3.34,0.44,3.41
801.961,0.34,3.26,0.43,3.40
801.983,0.15,3.18,0.34,3.33
802.005,0.22,3.30,0.28,3.29
802.027,0.22,3.50,0.26,3.32
802.049,0.14,3.55,0.21,3.36
802.071,0.23,3.51,0.19,3.41
802.093,0.39,3.44,0.24,3.46
802.115,0.22,3.39,0.24,3.48
802.137,0.33,3.34,0.26,3.45
802.159,0.25,3.24,0.28,3.38
802.181,0.31,3.37,0.30,3.36
802.203,0.24,3.42,0.27,3.35
802.225,0.28,3.43,0.28,3.36
802.247,0.35,3.29,0.29,3.35
802.269,0.38,3.35,0.31,3.37
802.291,0.32,3.27,0.31,3.35
802.313,0.26,3.33,0.32,3.33
802.335,0.20,3.39,0.30,3.33
802.357,0.19,3.56,0.27,3.38
802.379,0.24,3.49,0.24,3.41
802.401,0.22,3.42,0.22,3.44
802.423,0.24,3.41,0.22,3.45
802.445,0.23,3.52,0.22,3.48
802.467,0.14,3.46,0.21,3.46
802.489,0.33,3.41,0.23,3.44
802.511,0.29,3.51,0.25,3.46
802.533,0.28,3.35,0.25,3.45
802.555,0.23,3.27,0.25,3.40
802.577,0.21,3.25,0.27,3.36
802.599,0.17,3.22,0.24,3.32
802.621,0.21,3.12,0.22,3.24
802.643,0.29,3.25,0.22,3.22
802.665,0.38,3.26,0.25,3.22
802.687,0.37,3.34,0.28,3.24
802.709,0.28,3.34,0.31,3.26
802.731,0.33,3.24,0.33,3.29
802.753,0.28,3.38,0.33,3.31
802.775,0.34,3.40,0.32,3.34
802.797,0.16,3.21,0.28,3.31
802.819,0.23,3.20,0.27,3.29
802.841,0.22,3.30,0.25,3.30
802.863,0.33,3.35,0.26,3.29
802.885,0.31,3.32,0.25,3.28
802.907,0.34,3.31,0.29,3.30
802.929,0.44,3.37,0.33,3.33
802.951,0.46,3.41,0.38,3.35
802.973,0.44,3.39,0.40,3.36
802.995,0.38,3.42,0.41,3.38
803.017,0.20,3.27,0.38,3.37
803.039,0.13,3.44,0.32,3.39
803.061,0.34,3.20,0.30,3.34
803.083,0.22,3.15,0.25,3.30
803.105,0.31,3.29,0.24,3.27
803.127,0.39,3.48,0.28,3.31
803.149,0.38,3.41,0.33,3.31
803.171,0.21,3.36,0.30,3.34
803.193,0.38,3.43,0.33,3.39
803.215,0.35,3.61,0.34,3.46
803.237,0.27,3.45,0.32,3.45
803.259,0.20,3.40,0.28,3.45
803.281,0.31,3.34,0.30,3.45
803.303,0.23,3.30,0.27,3.42
803.325,0.25,3.21,0.25,3.34
803.347,0.20,3.24,0.24,3.30
803.369,0.07,3.19,0.21,3.26
803.391,0.32,3.24,0.21,3.24
803.413,0.36,3.31,0.24,3.24
803.435,0.42,3.40,0.27,3.28
803.457,0.44,3.42,0.32,3.31
803.479,0.32,3.42,0.37,3.36
803.501,0.30,3.44,0.37,3.40
803.523,0.21,3.40,0.34,3.42
803.545,0.24,3.49,0.30,3.43
803.567,0.28,3.38,0.27,3.43
803.589,0.30,3.28,0.27,3.40
803.611,0.20,3.30,0.25,3.37
803.633,0.28,3.30,0.26,3.35
803.655,0.28,3.26,0.27,3.30
803.677,0.31,3.29,0.27,3.29
803.699,0.38,3.42,0.29,3.31
803.721,0.40,3.46,0.33,3.35
803.743,0.28,3.55,0.33,3.40
803.765,0.28,3.46,0.33,3.44
803.787,0.15,3.37,0.30,3.45
803.809,0.30,3.29,0.28,3.43
803.831,0.33,3.31,0.27,3.40
803.853,0.32,3.42,0.28,3.37
803.875,0.46,3.35,0.31,3.35
803.897,0.38,3.35,0.36,3.34
803.919,0.37,3.38,0.37,3.36
803.941,0.40,3.28,0.39,3.36
803.963,0.32,3.35,0.39,3.34
803.985,0.29,3.24,0.35,3.32
804.007,0.19,3.40,0.31,3.33
804.029,0.14,3.39,0.27,3.33
804.051,0.19,3.25,0.23,3.33
804.073,0.32,3.27,0.23,3.31
804.095,0.34,3.26,0.24,3.31
804.117,0.41,3.34,0.28,3.30
804.139,0.18,3.25,0.29,3.27
804.161,0.23,3.16,0.30,3.26
804.183,0.34,3.32,0.30,3.27
804.205,0.40,3.39,0.31,3.29
804.227,0.23,3.23,0.28,3.27
804.249,0.36,3.21,0.31,3.26
804.271,0.31,3.31,0.33,3.29
804.293,0.30,3.11,0.32,3.25
804.315,0.31,3.22,0.30,3.22
804.337,0.44,3.35,0.34,3.24
804.359,0.33,3.40,0.34,3.28
804.381,0.47,3.47,0.37,3.31
804.403,0.39,3.31,0.39,3.35
804.425,0.33,3.17,0.39,3.34
804.447,0.45,3.18,0.39,3.31
804.469,0.29,3.15,0.39,3.26
804.491,0.28,3.37,0.35,3.24
804.513,0.24,3.36,0.32,3.25
804.535,0.29,3.15,0.31,3.24
804.557,0.26,3.30,0.27,3.27
804.579,0.18,3.31,0.25,3.30
804.601,0.40,3.31,0.27,3.29
804.623,0.32,3.30,0.29,3.27
804.645,0.32,3.23,0.30,3.29
804.667,0.42,3.23,0.33,3.28
804.689,0.22,3.17,0.34,3.25
804.711,0.34,3.24,0.32,3.23
804.733,0.23,3.07,0.31,3.19
804.755,0.25,3.18,0.29,3.18
804.777,0.44,3.46,0.30,3.22
804.799,0.42,3.43,0.34,3.28
804.821,0.25,3.37,0.32,3.30
804.843,0.46,3.44,0.36,3.38
804.865,0.32,3.39,0.38,3.42
804.887,0.34,3.21,0.36,3.37
804.909,0.26,3.34,0.33,3.35
804.931,0.15,3.23,0.31,3.32
804.953,0.19,3.25,0.25,3.28
804.975,0.26,3.18,0.24,3.24
804.997,0.29,3.37,0.23,3.27
805.019,0.28,3.21,0.23,3.25
805.041,0.28,3.30,0.26,3.26
805.063,0.45,3.24,0.31,3.26
805.085,0.41,3.34,0.34,3.29
805.107,0.37,3.40,0.36,3.30
805.129,0.36,3.51,0.37,3.36
805.151,0.39,3.34,0.40,3.37
805.173,0.35,3.22,0.38,3.36
805.195,0.37,3.16,0.37,3.33
805.217,0.24,3.30,0.34,3.31
805.239,0.18,3.40,0.31,3.28
805.261,0.26,3.46,0.28,3.31
805.283,0.29,3.42,0.27,3.35
805.305,0.38,3.22,0.27,3.36
805.327,0.35,3.32,0.29,3.36
805.349,0.39,3.29,0.33,3.34
805.371,0.27,3.15,0.34,3.28
805.393,0.36,3.17,0.35,3.23
805.415,0.37,3.06,0.35,3.20
805.437,0.49,3.04,0.38,3.14
805.459,0.44,3.16,0.39,3.12
805.481,0.41,3.15,0.41,3.12
805.503,0.40,3.16,0.42,3.11
805.525,0.32,3.39,0.41,3.18
805.547,0.29,3.23,0.37,3.22
805.569,0.31,3.32,0.35,3.25
805.591,0.32,3.37,0.33,3.29
805.613,0.19,3.39,0.29,3.34
805.635,0.17,3.43,0.26,3.35
805.657,0.24,3.44,0.25,3.39
805.679,0.22,3.46,0.23,3.42
805.701,0.29,3.38,0.22,3.42
805.723,0.32,3.26,0.25,3.39
805.745,0.34,3.28,0.28,3.36
805.767,0.23,3.38,0.28,3.35
805.789,0.38,3.56,0.31,3.37
805.811,0.26,3.62,0.31,3.42
805.833,0.25,3.52,0.29,3.47
805.855,0.12,3.52,0.25,3.52
805.877,0.18,3.48,0.24,3.54
805.899,0.11,3.49,0.18,3.53
805.921,0.29,3.40,0.19,3.48
805.943,0.37,3.55,0.21,3.49
805.965,0.27,3.49,0.24,3.48
805.987,0.43,3.50,0.29,3.49
806.009,0.35,3.56,0.34,3.50
806.031,0.35,3.50,0.35,3.52
806.053,0.49,3.47,0.38,3.50
806.075,0.55,3.36,0.43,3.48
806.097,0.46,3.49,0.44,3.48
806.119,0.45,3.38,0.46,3.44
806.141,0.53,3.33,0.50,3.41
806.163,0.41,3.34,0.48,3.38
806.185,0.36,3.40,0.44,3.39
806.207,0.30,3.44,0.41,3.38
806.229,0.22,3.33,0.36,3.37
806.251,0.35,3.45,0.33,3.39
806.273,0.12,3.35,0.27,3.39
806.295,0.26,3.48,0.25,3.41
806.317,0.22,3.55,0.23,3.43
806.339,0.24,3.40,0.24,3.45
806.361,0.22,3.41,0.21,3.44
806.383,0.26,3.13,0.24,3.39
806.405,0.41,3.16,0.27,3.33
806.427,0.30,3.19,0.29,3.26
806.449,0.32,3.41,0.30,3.26
806.471,0.19,3.38,0.30,3.25
806.493,0.14,3.50,0.27,3.33
806.515,0.29,3.49,0.25,3.39
806.537,0.35,3.41,0.26,3.44
806.559,0.36,3.38,0.27,3.43
806.581,0.39,3.57,0.31,3.47
806.603,0.32,3.47,0.34,3.46
806.625,0.30,3.34,0.34,3.43
806.647,0.39,3.32,0.35,3.42
806.669,0.23,3.44,0.33,3.43
806.691,0.28,3.38,0.30,3.39
806.713,0.40,3.32,0.32,3.36
806.735,0.30,3.34,0.32,3.36
806.757,0.33,3.30,0.31,3.36
806.779,0.36,3.50,0.33,3.37
806.801,0.27,3.32,0.33,3.36
806.823,0.27,3.48,0.31,3.39
806.845,0.14,3.29,0.27,3.38
806.867,0.08,3.35,0.22,3.39
806.889,0.21,3.43,0.19,3.37
806.911,0.41,3.44,0.22,3.40
806.933,0.30,3.44,0.23,3.39
806.955,0.28,3.31,0.26,3.39
806.977,0.45,3.48,0.33,3.42
806.999,0.34,3.46,0.36,3.43
807.021,0.46,3.41,0.37,3.42
807.043,0.33,3.39,0.37,3.41
807.065,0.23,3.22,0.36,3.39
807.087,0.23,3.25,0.32,3.35
807.109,0.33,3.23,0.32,3.30
807.131,0.29,3.22,0.28,3.26
807.153,0.43,3.15,0.30,3.21
807.175,0.43,3.18,0.34,3.21
807.197,0.40,3.25,0.38,3.21
807.219,0.45,3.24,0.40,3.21
807.241,0.47,3.27,0.44,3.22
807.263,0.40,3.27,0.43,3.24
807.285,0.26,3.20,0.40,3.25
807.307,0.35,3.12,0.39,3.22
807.329,0.21,3.28,0.34,3.23
807.351,0.29,3.24,0.30,3.22
807.373,0.32,3.27,0.29,3.22
807.395,0.26,3.26,0.29,3.23
807.417,0.36,3.26,0.29,3.26
807.439,0.33,3.27,0.31,3.26
807.461,0.35,3.35,0.32,3.28
807.483,0.47,3.38,0.35,3.30
807.505,0.44,3.25,0.39,3.30
807.527,0.50,3.36,0.42,3.32
807.549,0.48,3.16,0.45,3.30
807.571,0.36,3.21,0.45,3.27
807.593,0.33,3.28,0.42,3.25
807.615,0.22,3.47,0.38,3.30
807.637,0.25,3.31,0.33,3.29
807.659,0.18,3.43,0.27,3.34
807.681,0.42,3.43,0.28,3.38
807.703,0.21,3.61,0.26,3.45
807.725,0.25,3.57,0.26,3.47
807.747,0.38,3.44,0.29,3.50
807.769,0.36,3.28,0.32,3.47
807.791,0.38,3.32,0.32,3.44
807.813,0.33,3.32,0.34,3.39
807.835,0.36,3.22,0.36,3.32
807.857,0.31,3.21,0.35,3.27
807.879,0.17,3.30,0.31,3.27
807.901,0.27,3.20,0.29,3.25
807.923,0.32,3.28,0.29,3.24
807.945,0.32,3.35,0.28,3.27
807.967,0.32,3.30,0.28,3.29
807.989,0.19,3.17,0.28,3.26
808.011,0.14,3.26,0.26,3.27
808.033,0.14,3.32,0.22,3.28
808.055,0.01,3.20,0.16,3.25
808.077,0.11,3.15,0.12,3.22
808.099,0.29,3.40,0.14,3.27
808.121,0.24,3.39,0.16,3.29
808.143,0.11,3.21,0.15,3.27
808.165,0.35,3.16,0.22,3.26
808.187,0.18,3.19,0.23,3.27
808.209,0.32,3.39,0.24,3.27
808.231,0.44,3.33,0.28,3.26
808.253,0.38,3.40,0.33,3.29
808.275,0.29,3.34,0.32,3.33
808.297,0.34,3.41,0.35,3.37
808.319,0.31,3.25,0.35,3.35
808.341,0.38,3.28,0.34,3.34
808.363,0.25,3.39,0.31,3.33
808.385,0.45,3.27,0.35,3.32
808.407,0.28,3.53,0.33,3.34
808.429,0.38,3.41,0.35,3.38
808.451,0.38,3.51,0.35,3.42
808.473,0.39,3.55,0.38,3.45
808.495,0.36,3.58,0.36,3.52
808.517,0.28,3.45,0.36,3.50
808.539,0.28,3.48,0.34,3.51
808.561,0.21,3.40,0.30,3.49
808.583,0.14,3.44,0.25,3.47
808.605,0.23,3.38,0.23,3.43
808.627,0.24,3.46,0.22,3.43
808.649,0.35,3.42,0.23,3.42
808.671,0.38,3.36,0.27,3.41
808.693,0.42,3.35,0.32,3.39
808.715,0.37,3.34,0.35,3.39
808.737,0.28,3.30,0.36,3.35
808.759,0.31,3.46,0.35,3.36
808.781,0.35,3.37,0.35,3.36
808.803,0.17,3.44,0.30,3.38
808.825,0.19,3.60,0.26,3.43
808.847,0.17,3.47,0.24,3.47
808.869,0.15,3.36,0.21,3.45
808.891,0.31,3.33,0.20,3.44
808.913,0.30,3.37,0.22,3.43
808.935,0.42,3.41,0.27,3.39
808.957,0.29,3.34,0.29,3.36
808.979,0.39,3.33,0.34,3.36
809.001,0.28,3.29,0.34,3.35
809.023,0.32,3.31,0.34,3.34
809.045,0.35,3.27,0.33,3.31
809.067,0.36,3.19,0.34,3.28
809.089,0.40,3.26,0.34,3.26
809.111,0.49,3.46,0.38,3.30
809.133,0.38,3.31,0.40,3.30
809.155,0.37,3.43,0.40,3.33
809.177,0.43,3.32,0.41,3.36
809.199,0.32,3.40,0.40,3.38
809.221,0.37,3.42,0.37,3.38
809.243,0.31,3.30,0.36,3.37
809.265,0.34,3.27,0.35,3.34
809.287,0.33,3.26,0.33,3.33
809.309,0.27,3.26,0.32,3.30
809.331,0.34,3.17,0.32,3.25
809.353,0.45,3.26,0.35,3.24
809.375,0.42,3.40,0.36,3.27
809.397,0.21,3.26,0.34,3.27
809.419,0.21,3.31,0.33,3.28
809.441,0.31,3.29,0.32,3.30
809.463,0.23,3.38,0.28,3.33
809.485,0.29,3.42,0.25,3.33
809.507,0.19,3.47,0.25,3.37
809.529,0.21,3.54,0.25,3.42
809.551,0.32,3.56,0.25,3.47
809.573,0.26,3.47,0.25,3.49
809.595,0.28,3.48,0.25,3.50
809.617,0.16,3.53,0.25,3.52
809.639,0.36,3.43,0.28,3.49
809.661,0.46,3.54,0.30,3.49
809.683,0.33,3.44,0.32,3.48
809.705,0.29,3.44,0.32,3.48
809.727,0.38,3.37,0.36,3.44
809.749,0.33,3.44,0.36,3.45
809.771,0.33,3.38,0.33,3.41
809.793,0.30,3.57,0.33,3.44
809.815,0.17,3.43,0.30,3.44
809.837,0.08,3.46,0.24,3.46
809.859,0.24,3.48,0.22,3.46
809.881,0.35,3.28,0.23,3.44
809.903,0.34,3.46,0.24,3.42
809.925,0.32,3.30,0.27,3.40
809.947,0.37,3.34,0.32,3.37
809.969,0.36,3.35,0.35,3.35
809.991,0.25,3.46,0.33,3.38
810.013,0.30,3.39,0.32,3.37
810.035,0.33,3.35,0.32,3.38
810.057,0.27,3.22,0.30,3.35
810.079,0.33,3.36,0.30,3.36
810.101,0.17,3.35,0.28,3.33
810.123,0.12,3.31,0.24,3.32
810.145,0.32,3.27,0.24,3.30
810.167,0.30,3.33,0.25,3.32
810.189,0.32,3.49,0.25,3.35
810.211,0.39,3.46,0.29,3.37
810.233,0.29,3.33,0.32,3.38
810.255,0.19,3.31,0.30,3.38
810.277,0.24,3.22,0.29,3.36
810.299,0.17,3.33,0.26,3.33
810.321,0.21,3.22,0.22,3.28
810.343,0.22,3.21,0.21,3.26
810.365,0.14,3.20,0.20,3.24
810.387,0.18,3.36,0.18,3.26
810.409,0.17,3.27,0.18,3.25
810.431,0.15,3.28,0.17,3.26
810.453,0.12,3.24,0.15,3.27
810.475,0.15,3.35,0.15,3.30
810.497,0.25,3.33,0.17,3.29
810.519,0.25,3.31,0.18,3.30
810.541,0.37,3.22,0.23,3.29
810.563,0.43,3.26,0.29,3.29
810.585,0.23,3.19,0.31,3.26
810.607,0.34,3.16,0.32,3.23
810.629,0.48,3.22,0.37,3.21
810.651,0.53,3.28,0.40,3.22
810.673,0.53,3.38,0.42,3.25
810.695,0.38,3.42,0.45,3.29
810.717,0.34,3.22,0.45,3.30
810.739,0.25,3.32,0.41,3.32
810.761,0.29,3.32,0.36,3.33
810.783,0.37,3.47,0.33,3.35
810.805,0.20,3.36,0.29,3.34
810.827,0.34,3.48,0.29,3.39
810.849,0.40,3.46,0.32,3.42
810.871,0.40,3.38,0.34,3.43
810.893,0.21,3.33,0.31,3.40
810.915,0.27,3.22,0.32,3.37
810.937,0.34,3.33,0.32,3.34
810.959,0.38,3.26,0.32,3.30
810.981,0.21,3.22,0.28,3.27
811.003,0.38,3.20,0.32,3.25
811.025,0.37,3.31,0.34,3.26
811.047,0.34,3.27,0.34,3.25
811.069,0.27,3.31,0.31,3.26
811.091,0.34,3.27,0.34,3.27
811.113,0.35,3.28,0.33,3.29
811.135,0.22,3.36,0.30,3.30
811.157,0.25,3.48,0.29,3.34
811.179,0.34,3.42,0.30,3.36
811.201,0.30,3.40,0.29,3.39
811.223,0.36,3.46,0.29,3.42
811.245,0.33,3.29,0.32,3.41
811.267,0.32,3.30,0.33,3.37
811.289,0.40,3.07,0.34,3.30
811.311,0.42,3.27,0.37,3.28
811.333,0.43,3.25,0.38,3.24
811.355,0.41,3.37,0.40,3.25
811.377,0.28,3.38,0.39,3.27
811.399,0.16,3.35,0.34,3.32
811.421,0.18,3.31,0.29,3.33
811.443,0.31,3.32,0.27,3.35
811.465,0.46,3.42,0.28,3.36
811.487,0.54,3.28,0.33,3.34
811.509,0.45,3.42,0.39,3.35
811.531,0.33,3.30,0.42,3.35
811.553,0.48,3.22,0.45,3.33
811.575,0.54,3.46,0.47,3.34
811.597,0.47,3.37,0.45,3.35
811.619,0.43,3.17,0.45,3.30
811.641,0.35,3.29,0.45,3.30
811.663,0.23,3.24,0.40,3.31
811.685,0.35,3.37,0.37,3.29
811.707,0.26,3.27,0.32,3.27
811.729,0.27,3.52,0.29,3.34
811.751,0.29,3.25,0.28,3.33
811.773,0.13,3.32,0.26,3.35
811.795,0.12,3.35,0.21,3.34
811.817,0.19,3.40,0.20,3.37
811.839,0.34,3.40,0.21,3.34
811.861,0.34,3.32,0.22,3.36
811.883,0.44,3.30,0.29,3.35
811.905,0.46,3.24,0.35,3.33
811.927,0.28,3.28,0.37,3.31
811.949,0.21,3.16,0.35,3.26
811.971,0.14,3.34,0.31,3.26
811.993,0.22,3.27,0.26,3.26
812.015,0.29,3.30,0.23,3.27
812.037,0.34,3.25,0.24,3.26
812.059,0.18,3.50,0.23,3.33
812.081,0.28,3.26,0.26,3.32
812.103,0.20,3.47,0.26,3.36
812.125,0.24,3.51,0.25,3.40
812.147,0.29,3.31,0.24,3.41
812.169,0.13,3.47,0.23,3.40
812.191,0.19,3.52,0.21,3.46
812.213,0.28,3.39,0.23,3.44
812.235,0.43,3.45,0.26,3.43
812.257,0.32,3.36,0.27,3.44
812.279,0.28,3.20,0.30,3.38
812.301,0.27,3.31,0.32,3.34
812.323,0.37,3.30,0.33,3.32
812.345,0.17,3.38,0.28,3.31
812.367,0.26,3.58,0.27,3.35
812.389,0.30,3.38,0.27,3.39
812.411,0.23,3.44,0.27,3.42
812.433,0.31,3.43,0.25,3.44
812.455,0.29,3.40,0.28,3.45
812.477,0.33,3.50,0.29,3.43
812.499,0.23,3.34,0.28,3.42
812.521,0.25,3.13,0.28,3.36
812.543,0.27,3.19,0.27,3.31
812.565,0.26,3.27,0.27,3.29
812.587,0.54,3.29,0.31,3.24
812.609,0.53,3.26,0.37,3.23
812.631,0.37,3.22,0.39,3.25
812.653,0.36,3.20,0.41,3.25
812.675,0.43,3.23,0.45,3.24
812.697,0.31,3.28,0.40,3.24
812.719,0.35,3.23,0.36,3.23
812.741,0.24,3.23,0.34,3.23
812.763,0.39,3.54,0.34,3.30
812.785,0.26,3.52,0.31,3.36
812.807,0.16,3.33,0.28,3.37
812.829,0.29,3.34,0.27,3.39
812.851,0.38,3.38,0.30,3.42
812.873,0.49,3.35,0.32,3.38
812.895,0.46,3.34,0.36,3.35
812.917,0.35,3.34,0.39,3.35
812.939,0.31,3.36,0.40,3.35
812.961,0.21,3.52,0.36,3.38
812.983,0.27,3.64,0.32,3.44
813.005,0.27,3.33,0.28,3.44
813.027,0.21,3.35,0.25,3.44
813.049,0.27,3.50,0.25,3.47
813.071,0.16,3.41,0.24,3.45
813.093,0.21,3.23,0.22,3.36
813.115,0.35,3.23,0.24,3.34
813.137,0.20,3.32,0.24,3.34
813.159,0.27,3.29,0.24,3.30
813.181,0.19,3.44,0.24,3.30
813.203,0.26,3.47,0.25,3.35
813.225,0.32,3.40,0.25,3.38
813.247,0.45,3.44,0.30,3.41
813.269,0.32,3.28,0.31,3.41
813.291,0.35,3.32,0.34,3.38
813.313,0.18,3.27,0.32,3.34
813.335,0.28,3.35,0.32,3.33
813.357,0.26,3.20,0.28,3.28
813.379,0.28,3.26,0.27,3.28
813.401,0.24,3.35,0.25,3.29
813.423,0.12,3.17,0.24,3.27
813.445,0.24,3.30,0.23,3.26
813.467,0.32,3.38,0.24,3.29
813.489,0.21,3.35,0.23,3.31
813.511,0.18,3.33,0.21,3.31
813.533,0.24,3.27,0.24,3.33
813.555,0.35,3.29,0.26,3.32
813.577,0.30,3.40,0.26,3.33
813.599,0.21,3.42,0.26,3.34
813.621,0.16,3.34,0.25,3.34
813.643,0.24,3.48,0.25,3.39
813.665,0.26,3.46,0.23,3.42
813.687,0.15,3.40,0.20,3.42
813.709,0.15,3.32,0.19,3.40
813.731,0.25,3.22,0.21,3.38
813.753,0.32,3.31,0.23,3.34
813.775,0.24,3.35,0.22,3.32
813.797,0.37,3.25,0.27,3.29
813.819,0.37,3.25,0.31,3.28
813.841,0.31,3.23,0.32,3.28
813.863,0.32,3.24,0.32,3.26
813.885,0.37,3.23,0.35,3.24
813.907,0.28,3.34,0.33,3.26
813.929,0.28,3.46,0.31,3.30
813.951,0.23,3.57,0.30,3.37
813.973,0.18,3.52,0.27,3.42
813.995,0.38,3.46,0.27,3.47
814.017,0.32,3.49,0.28,3.50
814.039,0.37,3.39,0.30,3.49
814.061,0.50,3.40,0.35,3.45
814.083,0.55,3.36,0.42,3.42
814.105,0.48,3.40,0.44,3.41
814.127,0.39,3.31,0.46,3.37
814.149,0.21,3.26,0.43,3.35
814.171,0.38,3.50,0.40,3.37
814.193,0.22,3.46,0.34,3.39
814.215,0.36,3.41,0.31,3.39
814.237,0.35,3.34,0.30,3.39
814.259,0.42,3.28,0.35,3.40
814.281,0.49,3.51,0.37,3.40
814.303,0.40,3.41,0.40,3.39
814.325,0.32,3.37,0.40,3.38
814.347,0.35,3.28,0.40,3.37
814.369,0.28,3.28,0.37,3.37
814.391,0.34,3.40,0.34,3.35
814.413,0.30,3.44,0.32,3.35
814.435,0.35,3.51,0.32,3.38
814.457,0.27,3.36,0.31,3.40
814.479,0.22,3.44,0.30,3.43
814.501,0.28,3.33,0.28,3.42
814.523,0.36,3.32,0.30,3.39
814.545,0.36,3.41,0.30,3.37
814.567,0.36,3.26,0.32,3.35
814.589,0.41,3.30,0.35,3.32
814.611,0.30,3.26,0.36,3.31
814.633,0.26,3.49,0.34,3.34
814.655,0.25,3.55,0.32,3.37
814.677,0.38,3.35,0.32,3.39
814.699,0.32,3.47,0.30,3.42
814.721,0.34,3.43,0.31,3.46
814.743,0.27,3.40,0.31,3.44
814.765,0.37,3.16,0.34,3.36
814.787,0.35,3.25,0.33,3.34
814.809,0.38,3.26,0.34,3.30
814.831,0.34,3.33,0.34,3.28
814.853,0.35,3.49,0.36,3.30
814.875,0.40,3.39,0.36,3.34
814.897,0.30,3.36,0.35,3.37
814.919,0.33,3.58,0.34,3.43
814.941,0.37,3.59,0.35,3.48
814.963,0.52,3.41,0.38,3.47
814.985,0.42,3.38,0.39,3.46
815.007,0.20,3.49,0.37,3.49
815.029,0.24,3.49,0.35,3.47
815.051,0.28,3.50,0.33,3.45
815.073,0.29,3.48,0.29,3.47
815.095,0.35,3.38,0.27,3.47
815.117,0.41,3.27,0.31,3.42
815.139,0.31,3.35,0.33,3.40
815.161,0.40,3.17,0.35,3.33
815.183,0.47,3.22,0.39,3.28
815.205,0.34,3.24,0.39,3.25
815.227,0.39,3.27,0.38,3.25
815.249,0.37,3.15,0.39,3.21
815.271,0.27,3.12,0.37,3.20
815.293,0.30,3.33,0.33,3.22
815.315,0.38,3.43,0.34,3.26
815.337,0.31,3.50,0.33,3.31
815.359,0.30,3.49,0.31,3.37
815.381,0.33,3.16,0.32,3.38
815.403,0.37,3.48,0.34,3.41
815.425,0.20,3.41,0.30,3.41
815.447,0.31,3.17,0.30,3.34
815.469,0.43,3.41,0.33,3.33
815.491,0.47,3.39,0.36,3.37
815.513,0.38,3.44,0.36,3.36
815.535,0.27,3.40,0.37,3.36
815.557,0.32,3.42,0.37,3.41
815.579,0.24,3.54,0.34,3.44
815.601,0.17,3.27,0.28,3.41
815.623,0.17,3.18,0.23,3.36
815.645,0.23,3.26,0.23,3.33
815.667,0.28,3.37,0.22,3.32
815.689,0.23,3.41,0.22,3.30
815.711,0.31,3.36,0.24,3.32
815.733,0.53,3.33,0.32,3.35
815.755,0.33,3.25,0.34,3.34
815.777,0.35,3.29,0.35,3.33
815.799,0.27,3.41,0.36,3.33
815.821,0.26,3.59,0.35,3.37
815.843,0.23,3.51,0.29,3.41
815.865,0.19,3.46,0.26,3.45
815.887,0.39,3.38,0.27,3.47
815.909,0.30,3.39,0.27,3.47
815.931,0.43,3.37,0.31,3.42
815.953,0.27,3.33,0.32,3.39
815.975,0.20,3.24,0.32,3.34
815.997,0.13,3.13,0.27,3.29
816.019,0.27,3.27,0.26,3.27
816.041,0.22,3.26,0.22,3.25
816.063,0.35,3.27,0.23,3.23
816.085,0.39,3.32,0.27,3.25
816.107,0.30,3.34,0.31,3.29
816.129,0.22,3.35,0.30,3.31
816.151,0.27,3.48,0.31,3.35
816.173,0.24,3.46,0.28,3.39
816.195,0.19,3.48,0.24,3.42
816.217,0.28,3.50,0.24,3.45
816.239,0.47,3.54,0.29,3.49
816.261,0.33,3.48,0.30,3.49
816.283,0.24,3.41,0.30,3.48
816.305,0.13,3.68,0.29,3.52
816.327,0.21,3.59,0.28,3.54
816.349,0.38,3.54,0.26,3.54
816.371,0.40,3.51,0.27,3.55
816.393,0.52,3.51,0.33,3.57
816.415,0.60,3.43,0.42,3.52
816.437,0.51,3.30,0.48,3.46
816.459,0.30,3.39,0.47,3.43
816.481,0.48,3.51,0.48,3.43
816.503,0.54,3.42,0.49,3.41
816.525,0.33,3.40,0.43,3.40
816.547,0.36,3.41,0.40,3.43
816.569,0.39,3.32,0.42,3.41
816.591,0.36,3.41,0.40,3.39
816.613,0.36,3.46,0.36,3.40
816.635,0.39,3.49,0.37,3.42
816.657,0.29,3.65,0.36,3.47
816.679,0.27,3.65,0.33,3.53
816.701,0.30,3.40,0.32,3.53
816.723,0.33,3.40,0.32,3.52
816.745,0.18,3.29,0.27,3.48
816.767,0.19,3.34,0.25,3.42
816.789,0.25,3.50,0.25,3.39
816.811,0.40,3.39,0.27,3.38
816.833,0.25,3.33,0.25,3.37
816.855,0.26,3.19,0.27,3.35
816.877,0.40,3.33,0.31,3.35
816.899,0.42,3.38,0.35,3.32
816.921,0.45,3.26,0.36,3.30
816.943,0.37,3.27,0.38,3.29
816.965,0.40,3.31,0.41,3.31
816.987,0.42,3.38,0.41,3.32
817.009,0.43,3.41,0.41,3.33
817.031,0.29,3.35,0.38,3.34
817.053,0.34,3.36,0.38,3.36
817.075,0.34,3.49,0.36,3.40
817.097,0.29,3.47,0.34,3.42
817.119,0.32,3.38,0.32,3.41
817.141,0.29,3.53,0.32,3.45
817.163,0.31,3.24,0.31,3.42
817.185,0.25,3.41,0.29,3.41
817.207,0.26,3.29,0.29,3.37
817.229,0.33,3.25,0.29,3.34
817.251,0.40,3.21,0.31,3.28
817.273,0.42,3.22,0.33,3.28
817.295,0.36,3.32,0.35,3.26
817.317,0.30,3.19,0.36,3.24
817.339,0.34,3.34,0.36,3.26
817.361,0.28,3.38,0.34,3.29
817.383,0.26,3.37,0.31,3.32
817.405,0.21,3.44,0.28,3.34
817.427,0.19,3.45,0.26,3.40
817.449,0.17,3.56,0.22,3.44
817.471,0.24,3.67,0.21,3.50
817.493,0.35,3.48,0.23,3.52
817.515,0.37,3.40,0.26,3.51
817.537,0.33,3.52,0.29,3.53
817.559,0.29,3.36,0.32,3.49
817.581,0.17,3.35,0.30,3.42
817.603,0.35,3.20,0.30,3.37
817.625,0.38,3.30,0.30,3.35
817.647,0.38,3.31,0.31,3.30
817.669,0.40,3.23,0.34,3.28
817.691,0.38,3.34,0.38,3.28
817.713,0.31,3.46,0.37,3.33
817.735,0.41,3.28,0.38,3.32
817.757,0.24,3.34,0.35,3.33
817.779,0.26,3.20,0.32,3.32
817.801,0.25,3.19,0.29,3.29
817.823,0.18,3.27,0.27,3.26
817.845,0.08,3.27,0.20,3.25
817.867,0.33,3.35,0.22,3.26
817.889,0.26,3.31,0.22,3.28
817.911,0.43,3.29,0.26,3.30
817.933,0.50,3.41,0.32,3.33
817.955,0.37,3.46,0.38,3.36
817.977,0.40,3.44,0.39,3.38
817.999,0.49,3.62,0.44,3.44
818.021,0.31,3.41,0.41,3.47
818.043,0.24,3.36,0.36,3.46
818.065,0.14,3.42,0.32,3.45
818.087,0.18,3.53,0.27,3.47
818.109,0.12,3.35,0.20,3.41
818.131,0.30,3.36,0.20,3.40
818.153,0.39,3.39,0.23,3.41
818.175,0.37,3.37,0.27,3.40
818.197,0.35,3.35,0.31,3.36
818.219,0.35,3.55,0.35,3.40
818.241,0.31,3.57,0.35,3.45
818.263,0.44,3.51,0.36,3.47
818.285,0.43,3.45,0.38,3.49
818.307,0.35,3.49,0.38,3.51
818.329,0.13,3.44,0.33,3.49
818.351,0.24,3.29,0.32,3.44
818.373,0.39,3.43,0.31,3.42
818.395,0.30,3.54,0.28,3.44
818.417,0.27,3.56,0.27,3.45
818.439,0.37,3.40,0.31,3.44
818.461,0.26,3.46,0.32,3.48
818.483,0.26,3.35,0.29,3.46
818.505,0.28,3.26,0.29,3.41
818.527,0.31,3.15,0.30,3.32
818.549,0.41,3.17,0.30,3.28
818.571,0.39,3.21,0.33,3.23
818.593,0.33,3.30,0.34,3.22
818.615,0.42,3.25,0.37,3.22
818.637,0.26,3.25,0.36,3.24
818.659,0.27,3.32,0.33,3.27
818.681,0.16,3.37,0.29,3.30
818.703,0.32,3.39,0.29,3.32
818.725,0.34,3.35,0.27,3.34
818.747,0.36,3.41,0.29,3.37
818.769,0.31,3.44,0.30,3.39
818.791,0.23,3.36,0.31,3.39
818.813,0.37,3.45,0.32,3.40
818.835,0.33,3.52,0.32,3.44
818.857,0.29,3.56,0.31,3.47
818.879,0.16,3.57,0.28,3.49
818.901,0.08,3.43,0.25,3.51
818.923,0.05,3.31,0.18,3.48
818.945,0.17,3.40,0.15,3.45
818.967,0.25,3.45,0.14,3.43
818.989,0.15,3.41,0.14,3.40
819.011,0.18,3.19,0.16,3.35
819.033,0.28,3.30,0.21,3.35
819.055,0.30,3.33,0.23,3.34
819.077,0.29,3.40,0.24,3.33
819.099,0.13,3.48,0.24,3.34
819.121,0.22,3.30,0.24,3.36
819.143,0.24,3.37,0.24,3.38
819.165,0.25,3.42,0.23,3.39
819.187,0.34,3.34,0.24,3.38
819.209,0.26,3.37,0.26,3.36
819.231,0.22,3.32,0.26,3.36
819.253,0.28,3.40,0.27,3.37
819.275,0.25,3.44,0.27,3.37
819.297,0.16,3.31,0.23,3.37
819.319,0.18,3.29,0.22,3.35
819.341,0.22,3.22,0.22,3.33
819.363,0.30,3.19,0.22,3.29
819.385,0.18,3.30,0.21,3.26
819.407,0.22,3.26,0.22,3.25
819.429,0.16,3.21,0.22,3.24
819.451,0.15,3.25,0.20,3.24
819.473,0.29,3.40,0.20,3.28
819.495,0.23,3.29,0.21,3.28
819.517,0.17,3.39,0.20,3.31
819.539,0.24,3.36,0.22,3.34
819.561,0.28,3.30,0.24,3.35
819.583,0.27,3.47,0.24,3.36
819.605,0.32,3.42,0.26,3.39
819.627,0.36,3.34,0.29,3.38
819.649,0.28,3.31,0.30,3.37
819.671,0.33,3.28,0.31,3.36
819.693,0.28,3.48,0.31,3.37
819.715,0.24,3.56,0.30,3.39
819.737,0.25,3.43,0.28,3.41
819.759,0.35,3.41,0.29,3.43
819.781,0.36,3.21,0.30,3.42
819.803,0.38,3.25,0.32,3.37
819.825,0.21,3.34,0.31,3.33
819.847,0.28,3.38,0.32,3.32
819.869,0.23,3.54,0.29,3.34
819.891,0.13,3.53,0.25,3.41
819.913,0.18,3.48,0.21,3.45
819.935,0.20,3.32,0.20,3.45
819.957,0.23,3.28,0.19,3.43
819.979,0.35,3.28,0.22,3.38
820.001,0.36,3.22,0.26,3.32
820.023,0.30,3.24,0.29,3.27
820.045,0.23,3.33,0.29,3.27
820.067,0.28,3.32,0.30,3.28
820.089,0.39,3.17,0.31,3.26
820.111,0.24,3.32,0.29,3.28
820.133,0.24,3.13,0.28,3.25
820.155,0.26,3.08,0.28,3.20
820.177,0.43,3.41,0.31,3.22
820.199,0.36,3.16,0.31,3.22
820.221,0.33,3.37,0.32,3.23
820.243,0.36,3.34,0.35,3.27
820.265,0.37,3.29,0.37,3.31
820.287,0.49,3.21,0.38,3.27
820.309,0.56,3.28,0.42,3.30
820.331,0.41,3.27,0.44,3.28
820.353,0.35,3.17,0.44,3.24
820.375,0.36,3.45,0.43,3.28
820.397,0.41,3.41,0.42,3.32
820.419,0.43,3.34,0.39,3.33
820.441,0.49,3.28,0.41,3.33
820.463,0.49,3.31,0.44,3.36
820.485,0.37,3.41,0.44,3.35
820.507,0.48,3.35,0.45,3.34
820.529,0.47,3.30,0.46,3.33
820.551,0.40,3.25,0.44,3.32
820.573,0.29,3.29,0.40,3.32
820.595,0.30,3.33,0.39,3.30
820.617,0.32,3.40,0.36,3.31
820.639,0.25,3.48,0.31,3.35
820.661,0.32,3.32,0.30,3.36
820.683,0.36,3.33,0.31,3.37
820.705,0.29,3.29,0.31,3.36
820.727,0.38,3.21,0.32,3.33
820.749,0.42,3.33,0.35,3.30
820.771,0.25,3.47,0.34,3.33
820.793,0.42,3.27,0.35,3.31
820.815,0.31,3.12,0.36,3.28
820.837,0.27,3.07,0.33,3.25
820.859,0.33,3.12,0.32,3.21
820.881,0.36,3.30,0.34,3.18
820.903,0.39,3.36,0.33,3.19
820.925,0.31,3.28,0.33,3.23
820.947,0.29,3.32,0.34,3.28
820.969,0.23,3.33,0.32,3.32
820.991,0.28,3.31,0.30,3.32
821.013,0.39,3.31,0.30,3.31
821.035,0.30,3.24,0.30,3.30
821.057,0.14,3.40,0.27,3.32
821.079,0.14,3.35,0.25,3.32
821.101,0.23,3.39,0.24,3.34
821.123,0.35,3.24,0.23,3.32
821.145,0.45,3.37,0.26,3.35
821.167,0.32,3.44,0.30,3.36
821.189,0.28,3.31,0.33,3.35
821.211,0.21,3.20,0.32,3.31
821.233,0.21,3.28,0.29,3.32
821.255,0.26,3.17,0.26,3.28
821.277,0.21,3.25,0.23,3.24
821.299,0.11,3.23,0.20,3.23
821.321,0.28,3.22,0.21,3.23
821.343,0.19,3.18,0.21,3.21
821.365,0.29,3.26,0.22,3.23
821.387,0.37,3.26,0.25,3.23
821.409,0.33,3.20,0.29,3.22
821.431,0.32,3.40,0.30,3.26
821.453,0.35,3.34,0.33,3.29
821.475,0.37,3.35,0.35,3.31
821.497,0.32,3.43,0.34,3.34
821.519,0.28,3.39,0.33,3.38
821.541,0.31,3.41,0.33,3.38
821.563,0.27,3.39,0.31,3.39
821.585,0.35,3.22,0.31,3.37
821.607,0.36,3.36,0.31,3.35
821.629,0.24,3.31,0.31,3.34
821.651,0.29,3.31,0.30,3.32
821.673,0.30,3.40,0.31,3.32
821.695,0.23,3.39,0.28,3.35
821.717,0.38,3.36,0.29,3.35
821.739,0.43,3.44,0.33,3.38
821.761,0.36,3.36,0.34,3.39
821.783,0.50,3.33,0.38,3.38
821.805,0.39,3.21,0.41,3.34
821.827,0.30,3.49,0.40,3.37
821.849,0.03,3.43,0.32,3.36
821.871,0.15,3.47,0.27,3.39
821.893,0.15,3.34,0.20,3.39
821.915,0.22,3.31,0.17,3.41
821.937,0.23,3.29,0.16,3.37
821.959,0.24,3.50,0.20,3.38
821.981,0.29,3.37,0.23,3.36
822.003,0.21,3.32,0.24,3.36
822.025,0.23,3.49,0.24,3.39
822.047,0.36,3.46,0.27,3.43
822.069,0.47,3.38,0.31,3.40
822.091,0.36,3.35,0.33,3.40
822.113,0.40,3.28,0.36,3.39
822.135,0.46,3.22,0.41,3.34
822.157,0.34,3.28,0.41,3.30
822.179,0.31,3.35,0.37,3.30
822.201,0.20,3.39,0.34,3.30
822.223,0.04,3.34,0.27,3.32
822.245,0.25,3.19,0.23,3.31
822.267,0.40,3.23,0.24,3.30
822.289,0.30,3.31,0.24,3.29
822.311,0.39,3.36,0.28,3.29
822.333,0.40,3.40,0.35,3.30
822.355,0.48,3.43,0.39,3.35
822.377,0.37,3.49,0.39,3.40
822.399,0.36,3.33,0.40,3.40
822.421,0.29,3.35,0.38,3.40
822.443,0.51,3.42,0.40,3.40
822.465,0.53,3.21,0.41,3.36
822.487,0.39,3.41,0.42,3.34
822.509,0.41,3.30,0.43,3.34
822.531,0.40,3.22,0.45,3.31
822.553,0.20,3.25,0.39,3.28
822.575,0.33,3.19,0.35,3.27
822.597,0.47,3.34,0.36,3.26
822.619,0.44,3.35,0.37,3.27
822.641,0.42,3.34,0.37,3.29
822.663,0.36,3.35,0.40,3.31
822.685,0.33,3.49,0.40,3.37
822.707,0.30,3.44,0.37,3.39
822.729,0.38,3.32,0.36,3.39
822.751,0.32,3.40,0.34,3.40
822.773,0.35,3.42,0.34,3.41
822.795,0.35,3.33,0.34,3.38
822.817,0.40,3.22,0.36,3.34
822.839,0.28,3.12,0.34,3.30
822.861,0.21,3.24,0.32,3.27
822.883,0.11,3.31,0.27,3.24
822.905,0.17,3.52,0.23,3.28
822.927,0.26,3.53,0.21,3.34
822.949,0.39,3.39,0.23,3.40
822.971,0.39,3.43,0.26,3.44
822.993,0.34,3.36,0.31,3.45
823.015,0.45,3.38,0.37,3.42
823.037,0.39,3.34,0.39,3.38
823.059,0.28,3.17,0.37,3.34
823.081,0.36,3.41,0.36,3.33
823.103,0.48,3.39,0.39,3.34
823.125,0.40,3.45,0.38,3.35
823.147,0.38,3.26,0.38,3.34
823.169,0.31,3.27,0.39,3.36
823.191,0.28,3.37,0.37,3.35
823.213,0.36,3.46,0.35,3.36
823.235,0.28,3.28,0.32,3.33
823.257,0.29,3.21,0.30,3.32
823.279,0.31,3.29,0.30,3.32
823.301,0.20,3.19,0.29,3.29
823.323,0.27,3.35,0.27,3.26
823.345,0.30,3.40,0.27,3.29
823.367,0.24,3.36,0.26,3.32
823.389,0.23,3.34,0.25,3.33
823.411,0.16,3.34,0.24,3.36
823.433,0.17,3.21,0.22,3.33
823.455,0.35,3.17,0.23,3.28
823.477,0.47,3.26,0.28,3.26
823.499,0.46,3.36,0.32,3.27
823.521,0.34,3.43,0.36,3.29
823.543,0.33,3.26,0.39,3.30
823.565,0.26,3.40,0.37,3.34
823.587,0.34,3.44,0.35,3.38
823.609,0.27,3.49,0.31,3.40
823.631,0.08,3.57,0.26,3.43
823.653,0.12,3.39,0.21,3.46
823.675,0.26,3.36,0.21,3.45
823.697,0.32,3.12,0.21,3.39
823.719,0.28,3.10,0.21,3.31
823.741,0.14,3.17,0.22,3.23
823.763,0.24,3.22,0.25,3.19
823.785,0.18,3.18,0.23,3.16
823.807,0.29,3.27,0.23,3.19
823.829,0.37,3.26,0.24,3.22
823.851,0.44,3.30,0.30,3.25
823.873,0.31,3.45,0.32,3.29
823.895,0.14,3.53,0.31,3.36
823.917,0.17,3.40,0.29,3.39
823.939,0.38,3.28,0.29,3.39
823.961,0.28,3.31,0.26,3.39
823.983,0.23,3.29,0.24,3.36
824.005,0.31,3.16,0.27,3.29
824.027,0.46,3.18,0.33,3.24
824.049,0.30,3.19,0.32,3.23
824.071,0.21,3.22,0.30,3.21
824.093,0.40,3.21,0.34,3.19
824.115,0.33,3.25,0.34,3.21
824.137,0.28,3.29,0.30,3.23
824.159,0.29,3.42,0.30,3.28
824.181,0.07,3.45,0.27,3.32
824.203,0.14,3.46,0.22,3.37
824.225,0.24,3.40,0.20,3.40
824.247,0.37,3.30,0.22,3.41
824.269,0.31,3.49,0.23,3.42
824.291,0.37,3.36,0.29,3.40
824.313,0.24,3.28,0.31,3.37
824.335,0.32,3.23,0.32,3.33
824.357,0.39,3.36,0.33,3.34
824.379,0.31,3.20,0.33,3.29
824.401,0.21,3.26,0.29,3.27
824.423,0.23,3.31,0.29,3.27
824.445,0.23,3.40,0.27,3.31
824.467,0.32,3.27,0.26,3.29
824.489,0.48,3.28,0.29,3.30
824.511,0.50,3.36,0.35,3.32
824.533,0.40,3.43,0.39,3.35
824.555,0.43,3.33,0.43,3.33
824.577,0.25,3.45,0.41,3.37
824.599,0.29,3.52,0.37,3.42
824.621,0.32,3.30,0.34,3.41
824.643,0.35,3.55,0.33,3.43
824.665,0.41,3.57,0.32,3.48
824.687,0.28,3.59,0.33,3.51
824.709,0.19,3.43,0.31,3.49
824.731,0.27,3.25,0.30,3.48
824.753,0.06,3.39,0.24,3.45
824.775,0.15,3.39,0.19,3.41
824.797,0.16,3.31,0.17,3.35
824.819,0.30,3.44,0.19,3.36
824.841,0.34,3.70,0.20,3.45
824.863,0.29,3.57,0.25,3.48
824.885,0.29,3.44,0.28,3.49
824.907,0.34,3.34,0.31,3.50
824.929,0.25,3.39,0.30,3.49
824.951,0.20,3.41,0.27,3.43
824.973,0.13,3.46,0.24,3.41
824.995,0.29,3.44,0.24,3.41
825.017,0.16,3.47,0.21,3.43
825.039,0.10,3.39,0.18,3.43
825.061,0.35,3.21,0.21,3.39
825.083,0.33,3.33,0.25,3.37
825.105,0.46,3.38,0.28,3.36
825.127,0.39,3.33,0.33,3.33
825.149,0.53,3.41,0.41,3.33
825.171,0.43,3.22,0.43,3.33
825.193,0.38,3.42,0.44,3.35
825.215,0.40,3.23,0.43,3.32
825.237,0.46,3.40,0.44,3.34
825.259,0.33,3.46,0.40,3.35
825.281,0.17,3.47,0.35,3.40
825.303,0.19,3.42,0.31,3.40
825.325,0.12,3.16,0.25,3.38
825.347,0.24,3.23,0.21,3.35
825.369,0.25,3.17,0.19,3.29
825.391,0.36,3.21,0.23,3.24
825.413,0.39,3.33,0.27,3.22
825.435,0.27,3.38,0.30,3.26
825.457,0.30,3.32,0.31,3.28
825.479,0.35,3.27,0.33,3.30
825.501,0.36,3.40,0.33,3.34
825.523,0.33,3.42,0.32,3.36
825.545,0.30,3.39,0.33,3.36
825.567,0.34,3.29,0.34,3.35
825.589,0.40,3.25,0.35,3.35
825.611,0.32,3.33,0.34,3.34
825.633,0.37,3.25,0.35,3.30
825.655,0.29,3.23,0.34,3.27
825.677,0.31,3.16,0.34,3.24
825.699,0.22,3.22,0.30,3.24
825.721,0.13,3.21,0.26,3.21
825.743,-0.02,3.10,0.19,3.18
825.765,0.07,3.17,0.14,3.17
825.787,0.11,3.22,0.10,3.18
825.809,0.12,3.10,0.08,3.16
825.831,0.17,3.11,0.09,3.14
825.853,0.20,3.23,0.13,3.17
825.875,0.27,3.17,0.17,3.17
825.897,0.30,3.23,0.21,3.17
825.919,0.32,3.36,0.25,3.22
825.941,0.48,3.38,0.31,3.27
825.963,0.42,3.26,0.36,3.28
825.985,0.39,3.36,0.38,3.32
826.007,0.42,3.34,0.41,3.34
826.029,0.26,3.32,0.39,3.33
826.051,0.21,3.37,0.34,3.33
826.073,0.26,3.45,0.31,3.37
826.095,0.27,3.51,0.28,3.40
826.117,0.34,3.60,0.27,3.45
826.139,0.27,3.54,0.27,3.49
826.161,0.27,3.49,0.28,3.52
826.183,0.14,3.33,0.26,3.49
826.205,0.44,3.43,0.29,3.48
826.227,0.41,3.41,0.31,3.44
826.249,0.29,3.41,0.31,3.41
826.271,0.28,3.42,0.31,3.40
826.293,0.28,3.39,0.34,3.41
826.315,0.20,3.27,0.29,3.38
826.337,0.46,3.54,0.30,3.41
826.359,0.24,3.38,0.29,3.40
826.381,0.28,3.27,0.29,3.37
826.403,0.24,3.38,0.28,3.37
826.425,0.16,3.17,0.28,3.35
826.447,0.32,3.27,0.25,3.29
826.469,0.24,3.28,0.25,3.27
826.491,0.33,3.28,0.26,3.28
826.513,0.31,3.39,0.27,3.28
826.535,0.23,3.43,0.29,3.33
826.557,0.24,3.52,0.27,3.38
826.579,0.21,3.42,0.26,3.41
826.601,0.19,3.50,0.24,3.45
826.623,0.24,3.51,0.22,3.48
826.645,0.34,3.46,0.24,3.48
826.667,0.30,3.32,0.26,3.44
826.689,0.23,3.39,0.26,3.44
826.711,0.37,3.35,0.30,3.41
826.733,0.26,3.39,0.30,3.38
826.755,0.23,3.44,0.28,3.38
826.777,0.34,3.44,0.29,3.40
826.799,0.42,3.39,0.32,3.40
826.821,0.31,3.39,0.31,3.41
826.843,0.27,3.21,0.31,3.37
826.865,0.24,3.22,0.32,3.33
826.887,0.33,3.26,0.31,3.29
826.909,0.39,3.17,0.31,3.25
826.931,0.39,3.15,0.32,3.20
826.953,0.27,3.22,0.32,3.20
826.975,0.31,3.33,0.34,3.23
826.997,0.39,3.22,0.35,3.22
827.019,0.31,3.28,0.33,3.24
827.041,0.34,3.41,0.32,3.29
827.063,0.33,3.28,0.34,3.30
827.085,0.38,3.19,0.35,3.28
827.107,0.39,3.30,0.35,3.29
827.129,0.49,3.30,0.39,3.30
827.151,0.48,3.39,0.41,3.29
827.173,0.40,3.30,0.43,3.30
827.195,0.32,3.34,0.42,3.33
827.217,0.33,3.19,0.40,3.30
827.239,0.31,3.15,0.37,3.27
827.261,0.33,3.19,0.34,3.23
827.283,0.26,3.34,0.31,3.24
827.305,0.19,3.29,0.28,3.23
827.327,0.24,3.39,0.27,3.27
827.349,0.27,3.25,0.26,3.29
827.371,0.34,3.27,0.26,3.31
827.393,0.52,3.24,0.31,3.29
827.415,0.40,3.28,0.35,3.29
827.437,0.40,3.19,0.39,3.25
827.459,0.24,3.12,0.38,3.22
827.481,0.20,3.05,0.35,3.18
827.503,0.13,3.17,0.27,3.16
827.525,0.17,3.39,0.23,3.18
827.547,0.31,3.49,0.21,3.24
827.569,0.44,3.43,0.25,3.31
827.591,0.42,3.41,0.29,3.38
827.613,0.36,3.45,0.34,3.43
827.635,0.25,3.57,0.36,3.47
827.657,0.20,3.31,0.33,3.43
827.679,0.29,3.21,0.30,3.39
827.701,0.22,3.34,0.26,3.38
827.723,0.19,3.38,0.23,3.36
827.745,0.36,3.40,0.25,3.33
827.767,0.32,3.34,0.28,3.33
827.789,0.36,3.34,0.29,3.36
827.811,0.36,3.13,0.32,3.32
827.833,0.28,3.17,0.34,3.28
827.855,0.22,3.14,0.31,3.22
827.877,0.51,3.17,0.35,3.19
827.899,0.51,3.15,0.38,3.15
827.921,0.44,3.32,0.39,3.19
827.943,0.42,3.24,0.42,3.20
827.965,0.36,3.32,0.45,3.24
827.987,0.32,3.52,0.41,3.31
828.009,0.21,3.46,0.35,3.37
828.031,0.33,3.37,0.33,3.38
828.053,0.29,3.34,0.30,3.40
828.075,0.35,3.42,0.30,3.42
828.097,0.23,3.44,0.28,3.41
828.119,0.38,3.31,0.32,3.38
828.141,0.26,3.21,0.30,3.34
828.163,0.18,3.28,0.28,3.33
828.185,0.25,3.28,0.26,3.30
828.207,0.32,3.39,0.28,3.29
828.229,0.48,3.38,0.30,3.31
828.251,0.44,3.37,0.33,3.34
828.273,0.23,3.38,0.34,3.36
828.295,0.42,3.30,0.38,3.36
828.317,0.26,3.30,0.37,3.35
828.339,0.22,3.26,0.31,3.32
828.361,0.11,3.24,0.25,3.30
828.383,0.33,3.18,0.27,3.26
828.405,0.39,3.27,0.26,3.25
828.427,0.23,3.27,0.26,3.24
828.449,0.23,3.24,0.26,3.24
828.471,0.15,3.27,0.27,3.25
828.493,0.18,3.29,0.24,3.27
828.515,0.34,3.46,0.23,3.31
828.537,0.32,3.34,0.24,3.32
828.559,0.27,3.33,0.25,3.34
828.581,0.22,3.36,0.27,3.36
828.603,0.21,3.49,0.27,3.40
828.625,0.22,3.42,0.25,3.39
828.647,0.40,3.38,0.26,3.40
828.669,0.24,3.44,0.26,3.42
828.691,0.24,3.48,0.26,3.44
828.713,0.33,3.53,0.29,3.45
828.735,0.33,3.46,0.31,3.46
828.757,0.39,3.42,0.31,3.47
828.779,0.40,3.43,0.34,3.46
828.801,0.44,3.40,0.38,3.45
828.823,0.51,3.33,0.41,3.41
828.845,0.38,3.19,0.42,3.35
828.867,0.35,3.32,0.42,3.33
828.889,0.39,3.22,0.41,3.29
828.911,0.36,3.36,0.40,3.28
828.933,0.33,3.30,0.36,3.28
828.955,0.28,3.29,0.34,3.30
828.977,0.21,3.42,0.31,3.32
828.999,0.35,3.24,0.31,3.32
829.021,0.40,3.31,0.31,3.31
829.043,0.18,3.32,0.28,3.32
829.065,0.23,3.19,0.27,3.30
829.087,0.42,3.27,0.32,3.27
829.109,0.47,3.26,0.34,3.27
829.131,0.40,3.44,0.34,3.30
829.153,0.39,3.53,0.38,3.34
829.175,0.36,3.32,0.41,3.36
829.197,0.21,3.30,0.37,3.37
829.219,0.32,3.23,0.34,3.36
829.241,0.42,3.27,0.34,3.33
829.263,0.39,3.34,0.34,3.29
829.285,0.28,3.43,0.32,3.31
829.307,0.26,3.38,0.33,3.33
829.329,0.26,3.17,0.32,3.32
829.351,0.18,3.22,0.27,3.31
829.373,0.27,3.27,0.25,3.29
829.395,0.27,3.34,0.25,3.28
829.417,0.29,3.30,0.25,3.26
829.439,0.43,3.39,0.29,3.30
829.461,0.56,3.40,0.36,3.34
829.483,0.52,3.24,0.41,3.33
829.505,0.42,3.27,0.44,3.32
829.527,0.20,3.17,0.43,3.29
829.549,0.16,3.10,0.37,3.24
829.571,0.22,3.18,0.30,3.19
829.593,0.24,3.21,0.25,3.19
829.615,0.33,3.39,0.23,3.21
829.637,0.28,3.48,0.25,3.27
829.659,0.38,3.45,0.29,3.34
829.681,0.38,3.31,0.32,3.37
829.703,0.18,3.36,0.31,3.40
829.725,0.25,3.26,0.29,3.37
829.747,0.20,3.11,0.28,3.30
829.769,0.24,3.06,0.25,3.22
829.791,0.32,3.20,0.24,3.20
829.813,0.36,3.30,0.27,3.19
829.835,0.36,3.34,0.30,3.20
829.857,0.19,3.31,0.29,3.24
829.879,0.43,3.44,0.33,3.32
829.901,0.34,3.42,0.34,3.36
829.923,0.23,3.34,0.31,3.37
829.945,0.13,3.41,0.26,3.38
829.967,0.28,3.48,0.28,3.42
829.989,0.33,3.38,0.26,3.41
830.011,0.25,3.45,0.24,3.41
830.033,0.18,3.40,0.23,3.42
830.055,0.31,3.29,0.27,3.40
830.077,0.34,3.32,0.28,3.37
830.099,0.28,3.22,0.27,3.34
830.121,0.31,3.29,0.28,3.30
830.143,0.27,3.22,0.30,3.27
830.165,0.21,3.28,0.28,3.27
830.187,0.22,3.23,0.26,3.25
830.209,0.28,3.16,0.26,3.24
830.231,0.30,3.31,0.26,3.24
830.253,0.20,3.40,0.24,3.28
830.275,0.31,3.40,0.26,3.30
830.297,0.25,3.31,0.27,3.32
830.319,0.40,3.39,0.29,3.36
830.341,0.24,3.47,0.28,3.39
830.363,0.40,3.47,0.32,3.41
830.385,0.28,3.31,0.31,3.39
830.407,0.32,3.34,0.33,3.40
830.429,0.22,3.43,0.29,3.40
830.451,0.24,3.37,0.29,3.38
830.473,0.21,3.35,0.25,3.36
830.495,0.45,3.19,0.29,3.34
830.517,0.52,3.26,0.33,3.32
830.539,0.38,3.22,0.36,3.28
830.561,0.25,3.47,0.36,3.30
830.583,0.16,3.40,0.35,3.31
830.605,0.30,3.31,0.32,3.33
830.627,0.25,3.50,0.27,3.38
830.649,0.22,3.47,0.24,3.43
830.671,0.23,3.39,0.23,3.41
830.693,0.22,3.20,0.24,3.37
830.715,0.25,3.30,0.23,3.37
830.737,0.08,3.44,0.20,3.36
830.759,0.29,3.48,0.21,3.36
830.781,0.16,3.41,0.20,3.37
830.803,0.07,3.52,0.17,3.43
830.825,0.04,3.63,0.13,3.50
830.847,0.17,3.28,0.15,3.46
830.869,0.11,3.48,0.11,3.46
830.891,0.10,3.37,0.10,3.46
830.913,0.11,3.40,0.11,3.43
830.935,0.20,3.39,0.14,3.38
830.957,0.22,3.26,0.15,3.38
830.979,0.23,3.31,0.17,3.35
831.001,0.28,3.24,0.21,3.32
831.023,0.20,3.32,0.23,3.30
831.045,0.16,3.35,0.22,3.30
831.067,0.23,3.35,0.22,3.31
831.089,0.28,3.20,0.23,3.29
831.111,0.19,3.47,0.21,3.34
831.133,0.45,3.49,0.26,3.37
831.155,0.38,3.46,0.31,3.39
831.177,0.28,3.58,0.32,3.44
831.199,0.21,3.57,0.30,3.51
831.221,0.29,3.45,0.32,3.51
831.243,0.35,3.40,0.30,3.49
831.265,0.20,3.31,0.27,3.46
831.287,0.32,3.30,0.27,3.41
831.309,0.30,3.37,0.29,3.37
831.331,0.27,3.42,0.29,3.36
831.353,0.39,3.29,0.30,3.34
831.375,0.25,3.43,0.31,3.36
831.397,0.25,3.35,0.29,3.37
831.419,0.41,3.32,0.31,3.36
831.441,0.54,3.32,0.37,3.34
831.463,0.30,3.37,0.35,3.36
831.485,0.28,3.44,0.36,3.36
831.507,0.36,3.39,0.38,3.37
831.529,0.28,3.30,0.35,3.36
831.551,0.21,3.25,0.29,3.35
831.573,0.27,3.30,0.28,3.34
831.595,0.40,3.32,0.30,3.31
831.617,0.44,3.35,0.32,3.30
831.639,0.31,3.28,0.33,3.30
831.661,0.48,3.16,0.38,3.28
831.683,0.38,3.22,0.40,3.27
831.705,0.51,3.16,0.42,3.23
831.727,0.40,3.17,0.42,3.20
831.749,0.31,3.25,0.42,3.19
831.771,0.27,3.43,0.37,3.25
831.793,0.34,3.41,0.37,3.28
831.815,0.40,3.24,0.34,3.30
831.837,0.36,3.31,0.34,3.33
831.859,0.33,3.38,0.34,3.35
831.881,0.25,3.54,0.34,3.38
831.903,0.17,3.45,0.30,3.38
831.925,0.30,3.38,0.28,3.41
831.947,0.12,3.33,0.23,3.42
831.969,0.11,3.17,0.19,3.37
831.991,0.23,3.45,0.19,3.36
832.013,0.19,3.34,0.19,3.33
832.035,0.26,3.37,0.18,3.33
832.057,0.28,3.37,0.21,3.34
832.079,0.25,3.31,0.24,3.37
832.101,0.30,3.39,0.26,3.36
832.123,0.33,3.29,0.28,3.35
832.145,0.26,3.30,0.28,3.33
832.167,0.41,3.36,0.31,3.33
832.189,0.38,3.41,0.34,3.35
832.211,0.25,3.33,0.33,3.34
832.233,0.36,3.47,0.33,3.37
832.255,0.39,3.42,0.36,3.40
832.277,0.38,3.45,0.35,3.42
832.299,0.28,3.37,0.33,3.41
832.321,0.29,3.39,0.34,3.42
832.343,0.35,3.51,0.34,3.43
832.365,0.47,3.29,0.35,3.40
832.387,0.41,3.28,0.36,3.37
832.409,0.42,3.22,0.39,3.34
832.431,0.39,3.31,0.41,3.32
832.453,0.34,3.36,0.41,3.29
832.475,0.12,3.33,0.34,3.30
832.497,0.12,3.36,0.28,3.32
832.519,0.21,3.29,0.24,3.33
832.541,0.23,3.26,0.20,3.32
832.563,0.27,3.18,0.19,3.28
832.585,0.22,3.18,0.21,3.25
832.607,0.32,3.30,0.25,3.24
832.629,0.38,3.42,0.28,3.27
832.651,0.39,3.36,0.32,3.29
832.673,0.32,3.18,0.33,3.29
832.695,0.36,3.28,0.35,3.31
832.717,0.35,3.40,0.36,3.33
832.739,0.21,3.57,0.33,3.36
832.761,0.34,3.55,0.32,3.40
832.783,0.33,3.51,0.32,3.46
832.805,0.36,3.20,0.32,3.45
832.827,0.28,3.21,0.30,3.41
832.849,0.38,3.31,0.34,3.36
832.871,0.45,3.21,0.36,3.29
832.893,0.42,3.17,0.38,3.22
832.915,0.47,3.05,0.40,3.19
832.937,0.66,3.09,0.48,3.17
832.959,0.46,3.22,0.49,3.15
832.981,0.43,3.36,0.49,3.18
833.003,0.43,3.51,0.49,3.25
833.025,0.37,3.29,0.47,3.29
833.047,0.26,3.36,0.39,3.35
833.069,0.07,3.32,0.31,3.37
833.091,0.18,3.28,0.26,3.35
833.113,0.27,3.42,0.23,3.33
833.135,0.23,3.19,0.20,3.31
833.157,0.38,3.28,0.23,3.30
833.179,0.33,3.33,0.28,3.30
833.201,0.32,3.40,0.31,3.32
833.223,0.28,3.42,0.31,3.32
833.245,0.26,3.28,0.31,3.34
833.267,0.14,3.42,0.27,3.37
833.289,0.36,3.46,0.27,3.40
833.311,0.42,3.32,0.29,3.38
833.333,0.43,3.38,0.32,3.37
833.355,0.39,3.36,0.35,3.39
833.377,0.47,3.30,0.41,3.36
833.399,0.29,3.51,0.40,3.37
833.421,0.26,3.49,0.37,3.41
833.443,0.23,3.50,0.33,3.43
833.465,0.24,3.34,0.30,3.43
833.487,0.29,3.33,0.26,3.43
833.509,0.50,3.35,0.30,3.40
833.531,0.37,3.28,0.33,3.36
833.553,0.39,3.45,0.36,3.35
833.575,0.36,3.30,0.38,3.34
833.597,0.37,3.31,0.40,3.34
833.619,0.46,3.33,0.39,3.33
833.641,0.35,3.33,0.39,3.34
833.663,0.30,3.34,0.37,3.32
833.685,0.26,3.25,0.35,3.31
833.707,0.26,3.39,0.33,3.33
833.729,0.27,3.33,0.29,3.33
833.751,0.19,3.39,0.26,3.34
833.773,0.30,3.25,0.26,3.32
833.795,0.14,3.35,0.23,3.34
833.817,0.21,3.41,0.22,3.35
833.839,0.25,3.23,0.22,3.33
833.861,0.41,3.37,0.26,3.32
833.883,0.31,3.44,0.26,3.36
833.905,0.33,3.57,0.30,3.40
833.927,0.39,3.34,0.34,3.39
833.949,0.29,3.41,0.35,3.43
833.971,0.32,3.51,0.33,3.45
833.993,0.35,3.37,0.34,3.44
834.015,0.41,3.52,0.35,3.43
834.037,0.35,3.39,0.34,3.44
834.059,0.32,3.32,0.35,3.42
834.081,0.36,3.32,0.36,3.38
834.103,0.27,3.26,0.34,3.36
834.125,0.30,3.42,0.32,3.34
834.147,0.41,3.30,0.33,3.32
834.169,0.33,3.46,0.33,3.35
834.191,0.35,3.53,0.33,3.39
834.213,0.24,3.53,0.33,3.45
834.235,0.28,3.39,0.32,3.44
834.257,0.40,3.43,0.32,3.47
834.279,0.33,3.47,0.32,3.47
834.301,0.25,3.27,0.30,3.42
834.323,0.22,3.30,0.30,3.37
834.345,0.27,3.36,0.29,3.37
834.367,0.30,3.27,0.27,3.33
834.389,0.16,3.10,0.24,3.26
834.411,0.34,3.21,0.26,3.25
834.433,0.46,3.18,0.31,3.22
834.455,0.38,3.30,0.33,3.21
834.477,0.24,3.29,0.32,3.22
834.499,0.13,3.28,0.31,3.25
834.521,0.40,3.41,0.32,3.29
834.543,0.33,3.23,0.30,3.30
834.565,0.43,3.11,0.31,3.26
834.587,0.28,3.38,0.31,3.28
834.609,0.37,3.53,0.36,3.33
834.631,0.31,3.54,0.34,3.36
834.653,0.46,3.49,0.37,3.41
834.675,0.35,3.47,0.35,3.48
834.697,0.43,3.19,0.38,3.44
834.719,0.44,3.28,0.40,3.39
834.741,0.33,3.29,0.40,3.34
834.763,0.52,3.16,0.41,3.28
834.785,0.40,3.38,0.42,3.26
834.807,0.35,3.24,0.41,3.27
834.829,0.28,3.25,0.38,3.26
834.851,0.27,3.16,0.36,3.24
834.873,0.35,3.29,0.33,3.26
834.895,0.28,3.14,0.31,3.22
834.917,0.35,3.24,0.31,3.22
834.939,0.34,3.37,0.32,3.24
834.961,0.42,3.41,0.35,3.29
834.983,0.22,3.32,0.32,3.30
835.005,0.34,3.35,0.33,3.34
835.027,0.40,3.35,0.34,3.36
835.049,0.45,3.51,0.37,3.39
835.071,0.40,3.42,0.36,3.39
835.093,0.35,3.40,0.39,3.41
835.115,0.21,3.34,0.36,3.40
835.137,0.19,3.29,0.32,3.39
835.159,0.03,3.29,0.24,3.35
835.181,0.09,3.24,0.17,3.31
835.203,0.18,3.30,0.14,3.29
835.225,0.26,3.27,0.15,3.28
835.247,0.24,3.27,0.16,3.27
835.269,0.34,3.36,0.22,3.29
835.291,0.33,3.26,0.27,3.29
835.313,0.32,3.32,0.30,3.30
835.335,0.35,3.44,0.32,3.33
835.357,0.40,3.36,0.35,3.35
835.379,0.40,3.31,0.36,3.34
835.401,0.44,3.41,0.38,3.37
835.423,0.28,3.49,0.37,3.40
835.445,0.23,3.31,0.35,3.38
835.467,0.21,3.30,0.31,3.36
835.489,0.19,3.32,0.27,3.37
835.511,0.13,3.30,0.21,3.34
835.533,0.17,3.27,0.19,3.30
835.555,0.23,3.34,0.19,3.31
835.577,0.27,3.35,0.20,3.32
835.599,0.26,3.35,0.21,3.32
835.621,0.32,3.45,0.25,3.35
835.643,0.36,3.44,0.29,3.39
835.665,0.29,3.44,0.30,3.41
835.687,0.34,3.47,0.31,3.43
835.709,0.43,3.17,0.35,3.39
835.731,0.34,3.14,0.35,3.33
835.753,0.33,3.21,0.35,3.29
835.775,0.28,3.28,0.34,3.25
835.797,0.29,3.23,0.33,3.21
835.819,0.29,3.28,0.31,3.23
835.841,0.19,3.32,0.28,3.26
835.863,0.17,3.37,0.24,3.30
835.885,0.23,3.26,0.23,3.29
835.907,0.14,3.44,0.20,3.33
835.929,0.19,3.37,0.18,3.35
835.951,0.17,3.34,0.18,3.36
835.973,0.22,3.40,0.19,3.36
835.995,0.28,3.43,0.20,3.40
836.017,0.26,3.47,0.22,3.40
836.039,0.26,3.49,0.24,3.43
836.061,0.20,3.57,0.24,3.47
836.083,0.30,3.30,0.26,3.45
836.105,0.38,3.22,0.28,3.41
836.127,0.38,3.32,0.30,3.38
836.149,0.33,3.28,0.32,3.34
836.171,0.43,3.23,0.36,3.27
836.193,0.48,3.18,0.40,3.25
836.215,0.31,3.21,0.39,3.24
836.237,0.37,3.31,0.38,3.24
836.259,0.28,3.30,0.37,3.25
836.281,0.35,3.18,0.36,3.24
836.303,0.51,3.06,0.36,3.21
836.325,0.47,3.07,0.40,3.18
836.347,0.29,3.43,0.38,3.21
836.369,0.32,3.30,0.39,3.21
836.391,0.23,3.36,0.36,3.24
836.413,0.25,3.38,0.31,3.31
836.435,0.32,3.35,0.28,3.36
836.457,0.19,3.44,0.26,3.37
836.479,0.13,3.22,0.22,3.35
836.501,0.04,3.33,0.19,3.34
836.523,0.07,3.30,0.15,3.33
836.545,0.15,3.30,0.12,3.32
836.567,0.23,3.10,0.12,3.25
836.589,0.14,3.18,0.13,3.24
836.611,0.21,3.20,0.16,3.22
836.633,0.41,3.15,0.23,3.19
836.655,0.42,3.26,0.28,3.18
836.677,0.32,3.24,0.30,3.21
836.699,0.31,3.29,0.33,3.23
836.721,0.33,3.16,0.36,3.22
836.743,0.43,3.30,0.36,3.25
836.765,0.35,3.45,0.35,3.29
836.787,0.36,3.42,0.36,3.32
836.809,0.32,3.32,0.36,3.33
836.831,0.42,3.36,0.38,3.37
836.853,0.43,3.54,0.38,3.42
836.875,0.37,3.47,0.38,3.42
836.897,0.26,3.52,0.36,3.44
836.919,0.24,3.25,0.34,3.43
836.941,0.25,3.12,0.31,3.38
836.963,0.47,3.28,0.32,3.33
836.985,0.51,3.26,0.35,3.29
837.007,0.32,3.26,0.36,3.23
837.029,0.40,3.22,0.39,3.23
837.051,0.32,3.26,0.40,3.26
837.073,0.35,3.22,0.38,3.24
837.095,0.30,3.32,0.34,3.26
837.117,0.39,3.29,0.35,3.26
837.139,0.43,3.40,0.36,3.30
837.161,0.45,3.41,0.38,3.33
837.183,0.32,3.42,0.38,3.37
837.205,0.27,3.24,0.37,3.35
837.227,0.16,3.28,0.33,3.35
837.249,0.28,3.18,0.30,3.31
837.271,0.15,3.32,0.24,3.29
837.293,0.21,3.40,0.21,3.28
837.315,0.13,3.38,0.19,3.31
837.337,0.11,3.31,0.18,3.32
837.359,0.21,3.39,0.16,3.36
837.381,0.18,3.31,0.17,3.36
837.403,0.32,3.56,0.19,3.39
837.425,0.27,3.43,0.22,3.40
837.447,0.25,3.42,0.25,3.42
837.469,0.20,3.38,0.24,3.42
837.491,0.09,3.24,0.23,3.41
837.513,0.11,3.21,0.18,3.34
837.535,0.30,3.17,0.19,3.28
837.557,0.19,3.16,0.18,3.23
837.579,0.42,3.18,0.22,3.19
837.601,0.41,3.23,0.29,3.19
837.623,0.32,3.27,0.33,3.20
837.645,0.35,3.33,0.34,3.23
837.667,0.30,3.27,0.36,3.26
837.689,0.37,3.39,0.35,3.30
837.711,0.39,3.42,0.35,3.34
837.733,0.16,3.54,0.31,3.39
837.755,0.31,3.40,0.31,3.40
837.777,0.29,3.51,0.30,3.45
837.799,0.24,3.44,0.28,3.46
837.821,0.26,3.33,0.25,3.44
837.843,0.21,3.50,0.26,3.44
837.865,0.36,3.49,0.27,3.45
837.887,0.31,3.42,0.28,3.44
837.909,0.26,3.48,0.28,3.44
837.931,0.18,3.31,0.26,3.44
837.953,0.26,3.34,0.27,3.41
837.975,0.34,3.49,0.27,3.41
837.997,0.38,3.31,0.28,3.39
838.019,0.39,3.21,0.31,3.33
838.041,0.48,3.10,0.37,3.29
838.063,0.34,3.27,0.39,3.28
838.085,0.36,3.39,0.39,3.26
838.107,0.45,3.49,0.40,3.29
838.129,0.27,3.48,0.38,3.35
838.151,0.39,3.42,0.36,3.41
838.173,0.50,3.35,0.39,3.43
838.195,0.41,3.29,0.40,3.41
838.217,0.22,3.25,0.36,3.36
838.239,0.25,3.17,0.35,3.30
838.261,0.35,3.09,0.35,3.23
838.283,0.20,3.23,0.29,3.21
838.305,0.32,3.28,0.27,3.20
838.327,0.41,3.25,0.31,3.20
838.349,0.26,3.33,0.31,3.24
838.371,0.29,3.55,0.30,3.33
838.393,0.26,3.48,0.31,3.38
838.415,0.20,3.55,0.28,3.43
838.437,0.22,3.48,0.25,3.48
838.459,0.38,3.50,0.27,3.51
838.481,0.31,3.44,0.27,3.49
838.503,0.33,3.33,0.29,3.46
838.525,0.20,3.39,0.29,3.43
838.547,0.31,3.45,0.31,3.42
838.569,0.24,3.65,0.28,3.45
838.591,0.19,3.44,0.25,3.45
838.613,0.15,3.47,0.22,3.48
838.635,0.28,3.39,0.23,3.48
838.657,0.33,3.37,0.24,3.46
838.679,0.29,3.33,0.25,3.40
838.701,0.17,3.39,0.24,3.39
838.723,0.21,3.42,0.26,3.38
838.745,0.32,3.33,0.26,3.37
838.767,0.22,3.39,0.24,3.37
838.789,0.33,3.49,0.25,3.40
838.811,0.24,3.54,0.26,3.43
838.833,0.26,3.53,0.27,3.46
838.855,0.14,3.36,0.24,3.46
838.877,0.30,3.28,0.25,3.44
838.899,0.33,3.21,0.25,3.38
838.921,0.48,3.29,0.30,3.33
838.943,0.38,3.22,0.33,3.27
838.965,0.44,3.36,0.39,3.27
838.987,0.33,3.38,0.39,3.29
839.009,0.26,3.42,0.38,3.33
839.031,0.27,3.40,0.34,3.36
839.053,0.11,3.45,0.28,3.40
839.075,0.31,3.51,0.26,3.43
839.097,0.24,3.47,0.24,3.45
839.119,0.34,3.49,0.25,3.46
839.141,0.20,3.33,0.24,3.45
839.163,0.19,3.22,0.26,3.40
839.185,0.18,3.27,0.23,3.36
839.207,0.28,3.32,0.24,3.33
839.229,0.35,3.23,0.24,3.27
839.251,0.40,3.18,0.28,3.24
839.273,0.31,3.11,0.30,3.22
839.295,0.19,3.22,0.31,3.21
839.317,0.17,3.12,0.28,3.17
839.339,0.23,3.29,0.26,3.18
839.361,0.13,3.30,0.21,3.21
839.383,0.16,3.31,0.18,3.25
839.405,0.20,3.31,0.18,3.27
839.427,0.23,3.21,0.19,3.28
839.449,0.21,3.31,0.19,3.29
839.471,0.28,3.24,0.22,3.28
839.493,0.29,3.34,0.24,3.28
839.515,0.22,3.41,0.25,3.30
839.537,0.20,3.25,0.24,3.31
839.559,0.12,3.25,0.22,3.30
839.581,0.27,3.31,0.22,3.31
839.603,0.21,3.34,0.20,3.31
839.625,0.40,3.24,0.24,3.28
839.647,0.25,3.19,0.25,3.27
839.669,0.35,3.37,0.30,3.29
839.691,0.32,3.26,0.31,3.28
839.713,0.28,3.31,0.32,3.27
839.735,0.23,3.35,0.29,3.30
839.757,0.40,3.49,0.32,3.36
839.779,0.47,3.49,0.34,3.38
839.801,0.44,3.37,0.36,3.40
839.823,0.30,3.42,0.37,3.42
839.845,0.20,3.36,0.36,3.43
839.867,0.38,3.41,0.36,3.41
839.889,0.34,3.37,0.33,3.39
839.911,0.20,3.30,0.28,3.37
839.933,0.42,3.45,0.31,3.38
839.955,0.38,3.41,0.34,3.39
839.977,0.24,3.45,0.32,3.40
839.999,0.19,3.30,0.29,3.38
840.021,0.31,3.27,0.31,3.38
840.043,0.28,3.33,0.28,3.35
840.065,0.35,3.33,0.27,3.34
840.087,0.28,3.47,0.28,3.34
840.109,0.39,3.45,0.32,3.37
840.131,0.38,3.42,0.34,3.40
840.153,0.33,3.45,0.35,3.42
840.175,0.16,3.17,0.31,3.39
840.197,0.41,3.19,0.33,3.34
840.219,0.43,3.37,0.34,3.32
840.241,0.32,3.36,0.33,3.31
840.263,0.25,3.33,0.31,3.28
840.285,0.14,3.36,0.31,3.32
840.307,0.16,3.37,0.26,3.36
840.329,0.51,3.32,0.28,3.35
840.351,0.51,3.32,0.31,3.34
840.373,0.36,3.34,0.34,3.34
840.395,0.28,3.49,0.36,3.37
840.417,0.32,3.33,0.40,3.36
840.439,0.29,3.38,0.35,3.37
840.461,0.37,3.34,0.32,3.38
840.483,0.33,3.19,0.32,3.35
840.505,0.27,3.38,0.32,3.32
840.527,0.23,3.35,0.30,3.33
840.549,0.25,3.20,0.29,3.29
840.571,0.18,3.41,0.25,3.31
840.593,0.28,3.36,0.24,3.34
840.615,0.03,3.34,0.19,3.33
840.637,0.10,3.40,0.17,3.34
840.659,0.18,3.39,0.15,3.38
840.681,0.30,3.39,0.18,3.38
840.703,0.27,3.51,0.18,3.41
840.725,0.33,3.56,0.24,3.45
840.747,0.31,3.55,0.28,3.48
840.769,0.23,3.59,0.29,3.52
840.791,0.07,3.41,0.24,3.52
840.813,0.27,3.39,0.24,3.50
840.835,0.27,3.23,0.23,3.43
840.857,0.24,3.32,0.22,3.39
840.879,0.43,3.27,0.26,3.32
840.901,0.33,3.54,0.31,3.35
840.923,0.35,3.46,0.32,3.36
840.945,0.23,3.26,0.32,3.37
840.967,0.15,3.35,0.30,3.38
840.989,0.20,3.40,0.25,3.40
841.011,0.15,3.37,0.22,3.37
841.033,0.25,3.33,0.20,3.34
841.055,0.17,3.38,0.18,3.37
841.077,0.26,3.36,0.21,3.37
841.099,0.41,3.30,0.25,3.35
841.121,0.35,3.27,0.29,3.33
841.143,0.41,3.30,0.32,3.32
841.165,0.41,3.38,0.37,3.32
841.187,0.26,3.36,0.37,3.32
841.209,0.31,3.34,0.35,3.33
841.231,0.14,3.33,0.31,3.34
841.253,0.08,3.18,0.24,3.32
841.275,0.32,3.11,0.22,3.26
841.297,0.35,3.36,0.24,3.26
841.319,0.40,3.32,0.26,3.26
841.341,0.40,3.43,0.31,3.28
841.363,0.36,3.45,0.37,3.33
841.385,0.51,3.35,0.40,3.38
841.407,0.28,3.31,0.39,3.37
841.429,0.21,3.27,0.35,3.36
841.451,0.26,3.43,0.32,3.36
841.473,0.37,3.55,0.33,3.38
841.495,0.40,3.39,0.30,3.39
841.517,0.22,3.52,0.29,3.43
841.539,0.36,3.66,0.32,3.51
841.561,0.17,3.47,0.30,3.52
841.583,0.28,3.53,0.29,3.51
841.605,0.47,3.59,0.30,3.55
841.627,0.37,3.43,0.33,3.54
841.649,0.20,3.43,0.30,3.49
841.671,0.13,3.50,0.29,3.50
841.693,0.19,3.42,0.27,3.47
841.715,0.14,3.46,0.21,3.45
841.737,0.23,3.35,0.18,3.43
841.759,0.39,3.28,0.22,3.40
841.781,0.39,3.29,0.27,3.36
841.803,0.36,3.46,0.30,3.37
841.825,0.47,3.34,0.37,3.34
841.847,0.27,3.31,0.38,3.34
841.869,0.33,3.33,0.36,3.35
841.891,0.28,3.37,0.34,3.36
841.913,0.27,3.22,0.32,3.31
841.935,0.33,3.34,0.30,3.31
841.957,0.30,3.40,0.30,3.33
841.979,0.18,3.32,0.27,3.33
842.001,0.34,3.30,0.28,3.32
842.023,0.53,3.27,0.34,3.33
842.045,0.42,3.41,0.35,3.34
842.067,0.45,3.43,0.38,3.35
842.089,0.18,3.41,0.38,3.36
842.111,0.29,3.50,0.37,3.40
842.133,0.06,3.56,0.28,3.46
842.155,0.21,3.55,0.24,3.49
842.177,0.26,3.66,0.20,3.54
842.199,0.34,3.57,0.23,3.57
842.221,0.38,3.71,0.25,3.61
842.243,0.22,3.42,0.28,3.58
842.265,0.41,3.44,0.32,3.56
842.287,0.45,3.31,0.36,3.49
842.309,0.50,3.26,0.39,3.43
842.331,0.53,3.42,0.42,3.37
842.353,0.57,3.34,0.49,3.35
842.375,0.52,3.32,0.51,3.33
842.397,0.52,3.22,0.53,3.31
842.419,0.44,3.16,0.52,3.29
842.441,0.42,3.30,0.49,3.27
842.463,0.45,3.34,0.47,3.27
842.485,0.26,3.42,0.42,3.29
842.507,0.22,3.42,0.36,3.33
842.529,0.32,3.30,0.33,3.36
842.551,0.35,3.28,0.32,3.35
842.573,0.47,3.22,0.32,3.33
842.595,0.46,3.28,0.36,3.30
842.617,0.33,3.33,0.39,3.28
842.639,0.13,3.23,0.35,3.27
842.661,0.34,3.17,0.35,3.25
842.683,0.26,3.35,0.30,3.27
842.705,0.37,3.48,0.29,3.31
842.727,0.23,3.49,0.27,3.34
842.749,0.28,3.43,0.30,3.38
842.771,0.25,3.34,0.28,3.42
842.793,0.17,3.44,0.26,3.44
842.815,0.15,3.33,0.22,3.41
842.837,0.21,3.36,0.21,3.38
842.859,0.30,3.54,0.22,3.40
842.881,0.21,3.60,0.21,3.45
842.903,0.18,3.33,0.21,3.43
842.925,0.15,3.26,0.21,3.42
842.947,0.24,3.29,0.22,3.40
842.969,0.30,3.37,0.22,3.37
842.991,0.35,3.25,0.24,3.30
843.013,0.24,3.54,0.26,3.34
843.035,0.20,3.38,0.27,3.37
843.057,0.27,3.19,0.27,3.35
843.079,0.32,3.29,0.28,3.33
843.101,0.39,3.29,0.28,3.34
843.123,0.17,3.43,0.27,3.32
843.145,0.16,3.28,0.26,3.30
843.167,0.20,3.34,0.25,3.33
843.189,0.26,3.29,0.24,3.33
843.211,0.29,3.38,0.22,3.34
843.233,0.32,3.30,0.25,3.32
843.255,0.34,3.34,0.28,3.33
843.277,0.43,3.35,0.33,3.33
843.299,0.29,3.27,0.33,3.33
843.321,0.02,3.16,0.28,3.28
843.343,0.14,3.25,0.24,3.27
843.365,0.06,3.26,0.19,3.26
843.387,0.15,3.11,0.13,3.21
843.409,0.24,3.22,0.12,3.20
843.431,0.38,3.29,0.19,3.23
843.453,0.40,3.37,0.25,3.25
843.475,0.40,3.45,0.31,3.29
843.497,0.47,3.44,0.38,3.35
843.519,0.39,3.42,0.41,3.39
843.541,0.34,3.39,0.40,3.41
843.563,0.24,3.45,0.37,3.43
843.585,0.28,3.33,0.34,3.41
843.607,0.30,3.38,0.31,3.39
843.629,0.34,3.47,0.30,3.40
843.651,0.39,3.33,0.31,3.39
843.673,0.24,3.38,0.31,3.38
843.695,0.39,3.37,0.33,3.39
843.717,0.27,3.39,0.33,3.39
843.739,0.31,3.24,0.32,3.34
843.761,0.30,3.27,0.30,3.33
843.783,0.45,3.24,0.34,3.30
843.805,0.34,3.12,0.33,3.25
843.827,0.37,3.20,0.35,3.21
843.849,0.41,3.26,0.37,3.22
843.871,0.48,3.26,0.41,3.22
843.893,0.41,3.48,0.40,3.26
843.915,0.52,3.45,0.44,3.33
843.937,0.46,3.50,0.46,3.39
843.959,0.39,3.43,0.45,3.42
843.981,0.24,3.43,0.40,3.46
844.003,0.25,3.39,0.37,3.44
844.025,0.35,3.34,0.34,3.42
844.047,0.24,3.27,0.29,3.37
844.069,0.21,3.22,0.26,3.33
844.091,0.21,3.14,0.25,3.27
844.113,0.27,3.10,0.26,3.21
844.135,0.21,3.14,0.23,3.17
844.157,0.34,3.15,0.25,3.15
844.179,0.28,3.13,0.26,3.13
844.201,0.24,3.11,0.27,3.13
844.223,0.19,3.10,0.25,3.13
844.245,0.32,3.19,0.27,3.14
844.267,0.31,3.25,0.27,3.16
844.289,0.40,3.14,0.29,3.16
844.311,0.38,3.37,0.32,3.21
844.333,0.36,3.36,0.35,3.26
844.355,0.23,3.33,0.34,3.29
844.377,0.32,3.45,0.34,3.33
844.399,0.38,3.33,0.33,3.37
844.421,0.30,3.41,0.32,3.38
844.443,0.38,3.39,0.32,3.38
844.465,0.37,3.30,0.35,3.38
844.487,0.35,3.30,0.36,3.35
844.509,0.39,3.23,0.36,3.33
844.531,0.27,3.14,0.35,3.27
844.553,0.24,3.22,0.32,3.24
844.575,0.22,3.23,0.29,3.22
844.597,0.32,3.27,0.29,3.22
844.619,0.28,3.37,0.27,3.25
844.641,0.19,3.51,0.25,3.32
844.663,0.30,3.36,0.26,3.35
844.685,0.34,3.39,0.29,3.38
844.707,0.41,3.45,0.30,3.42
844.729,0.26,3.40,0.30,3.42
844.751,0.32,3.34,0.33,3.39
844.773,0.40,3.26,0.35,3.37
844.795,0.38,3.19,0.35,3.33
844.817,0.39,3.12,0.35,3.26
844.839,0.31,3.34,0.36,3.25
844.861,0.34,3.35,0.36,3.25
844.883,0.30,3.31,0.34,3.26
844.905,0.40,3.57,0.35,3.34
844.927,0.42,3.44,0.35,3.40
844.949,0.40,3.48,0.37,3.43
844.971,0.39,3.47,0.38,3.45
844.993,0.44,3.48,0.41,3.49
845.015,0.40,3.43,0.41,3.46
845.037,0.36,3.35,0.40,3.44
845.059,0.16,3.35,0.35,3.42
845.081,0.24,3.38,0.32,3.40
845.103,0.29,3.21,0.29,3.34
845.125,0.32,3.16,0.27,3.29
845.147,0.26,3.10,0.25,3.24
845.169,0.38,3.15,0.30,3.20
845.191,0.49,3.22,0.35,3.17
845.213,0.25,3.21,0.34,3.17
845.235,0.26,3.33,0.33,3.20
845.257,0.18,3.36,0.31,3.25
845.279,0.23,3.35,0.28,3.29
845.301,0.23,3.42,0.23,3.33
845.323,0.19,3.42,0.22,3.38
845.345,0.21,3.27,0.21,3.36
845.367,0.16,3.28,0.20,3.35
845.389,0.27,3.37,0.21,3.35
845.411,0.36,3.49,0.24,3.37
845.433,0.37,3.43,0.27,3.37
845.455,0.37,3.48,0.31,3.41
845.477,0.33,3.35,0.34,3.42
845.499,0.35,3.28,0.36,3.41
845.521,0.42,3.35,0.37,3.38
845.543,0.42,3.38,0.38,3.37
845.565,0.25,3.45,0.35,3.36
845.587,0.13,3.44,0.31,3.38
845.609,0.31,3.57,0.31,3.44
845.631,0.41,3.46,0.30,3.46
845.653,0.20,3.43,0.26,3.47
845.675,0.37,3.48,0.28,3.48
845.697,0.34,3.39,0.33,3.47
845.719,0.52,3.43,0.37,3.44
845.741,0.51,3.33,0.39,3.41
845.763,0.51,3.37,0.45,3.40
